player_name,match_type,match_id,runs,balls_faced,fours,sixes,not_outs,strike_rate,avg,power_play_impact,match_winning_impact,death_overs_efficiency,pressure_handling,boundary_consistency,confidence_interval,form_index
A Ashok,ODI,2026,55,0,0,0,0,36.0,55.0,14.4,49.5,10.799999999999999,27.5,0.0,0.53,55.0
A Athanaze,TEST,2024,448,796,50,2,0,28.14,24.88,100.0,64.704,18.442,12.44,19.597989949748744,0.4907,448.0
A Athanaze,TEST,2025,221,438,27,1,0,25.225,18.41,64.09,36.828,12.567499999999999,9.205,19.17808219178082,0.47612499999999996,314.4705882352941
A Athanaze,TEST,22-Nov-24,0,0,0,0,0,0.0,0.0,0.0,0.0,0.0,0.0,0.0,0.35,170.87671232876713
A Athanaze,TEST,25-Jan-25,0,0,0,0,0,0.0,0.0,0.0,0.0,0.0,0.0,0.0,0.35,103.41650217133834
A Athanaze,TEST,30-Nov-24,0,0,0,0,0,0.0,0.0,0.0,0.0,0.0,0.0,0.0,0.35,66.12376041253471
A Augastin,T20,2025,0,0,0,0,0,0.0,0.0,0.0,0.0,0.0,0.0,0.0,0.35,0.0
A Augastin,T20,2026,145,102,15,4,2,142.15,72.5,86.86000000000001,72.5,62.645,66.25,55.88235294117647,0.9392499999999999,85.29411764705883
A Balbirnie,ODI,02-Oct-24,0,0,0,0,0,0.0,0.0,0.0,0.0,0.0,0.0,0.0,0.35,0.0
A Balbirnie,ODI,14-Feb-25,0,0,0,0,0,0.0,0.0,0.0,0.0,0.0,0.0,0.0,0.35,0.0
A Balbirnie,ODI,2024,0,0,0,0,0,0.0,0.0,0.0,0.0,0.0,0.0,0.0,0.35,0.0
A Balbirnie,ODI,2025,190,267,15,5,0,35.58,38.0,44.232,49.400000000000006,35.674,19.0,22.471910112359552,0.5279,75.00986971969996
A Balbirnie,T20,2024,298,262,32,8,0,113.74,24.83,100.0,49.664,74.122,12.415,45.80152671755725,0.9187000000000001,298.0
A Balbirnie,TEST,11-Nov-25,0,0,0,0,0,0.0,0.0,0.0,0.0,0.0,0.0,0.0,0.35,0.0
A Balbirnie,TEST,19-Nov-25,0,0,0,0,0,0.0,0.0,0.0,0.0,0.0,0.0,0.0,0.35,0.0
A Balbirnie,TEST,2024,83,161,8,0,1,25.775,27.66,26.310000000000002,30.428,7.732499999999999,28.83,14.906832298136646,0.47887500000000005,37.89954337899543
A Balbirnie,TEST,2025,147,317,13,0,0,23.185,24.5,35.274,34.3,6.9555,12.25,12.302839116719243,0.46592500000000003,80.97118041847611
A Balbirnie,TEST,28-Feb-24,0,0,0,0,0,0.0,0.0,0.0,0.0,0.0,0.0,0.0,0.35,51.772384695827775
A Davidson Soler,T20,04-Aug-24,0,0,0,0,0,0.0,0.0,0.0,0.0,0.0,0.0,0.0,0.35,0.0
A Davidson Soler,T20,2024,0,0,0,0,0,0.0,0.0,0.0,0.0,0.0,0.0,0.0,0.35,0.0
A Davidson Soler,T20,22-Aug-24,0,0,0,0,0,0.0,0.0,0.0,0.0,0.0,0.0,0.0,0.35,0.0
A Dhabe,T20,2025,195,0,0,0,0,12.75,12.18,5.1000000000000005,29.244,3.8249999999999997,6.09,0.0,0.41375,195.0
A Dhabe,T20,2026,182,0,0,0,0,7.36,16.54,2.9440000000000004,31.432,2.208,8.27,0.0,0.3868,187.35294117647058
A Dizija,T20,2025,265,211,26,11,1,125.59,24.09,100.0,45.772000000000006,92.67699999999999,27.045,52.60663507109005,0.95,265.0
A Donovan,T20,2025,355,211,25,22,5,168.24,59.16,100.0,82.828,100.0,100.0,66.82464454976304,0.8088,355.0
A Dutt,ODI,2024,393,0,0,0,0,14.57,18.71,5.828,54.268,4.3709999999999996,9.355,0.0,0.42284999999999995,393.0
A Dutt,ODI,2025,255,0,0,0,0,30.0,23.18,12.0,44.044,9.0,11.59,0.0,0.5,311.82352941176464
A Dutt,ODI,21-Aug-24,0,0,0,0,0,0.0,0.0,0.0,0.0,0.0,0.0,0.0,0.35,169.43835616438352
A Govorko,T20,2024,0,0,0,0,0,0.0,0.0,0.0,0.0,0.0,0.0,0.0,0.35,0.0
A Harris,T20,12-Jun-25,0,0,0,0,0,0.0,0.0,0.0,0.0,0.0,0.0,0.0,0.35,0.0
A Ilaoa,T20,17-Aug-24,0,0,0,0,0,0.0,0.0,0.0,0.0,0.0,0.0,0.0,0.35,0.0
A Ilaoa,T20,2024,0,0,0,0,0,0.0,0.0,0.0,0.0,0.0,0.0,0.0,0.35,0.0
A Johnson,ODI,05-Mar-24,0,0,0,0,0,0.0,0.0,0.0,0.0,0.0,0.0,0.0,0.35,0.0
A Johnson,ODI,2024,319,326,38,19,0,48.925,21.26,95.57,48.908,100.0,10.63,52.45398773006135,0.594625,187.64705882352942
A Kirschbaum,T20,2026,159,137,11,3,1,116.05,31.8,68.42,41.34,49.815,30.9,30.656934306569344,0.93025,159.0
A Kumal,ODI,2026,59,109,6,0,0,54.12,29.5,33.647999999999996,29.5,16.235999999999997,14.75,16.51376146788991,0.6206,59.0
A Limdawala,T20,2024,0,0,0,0,0,0.0,0.0,0.0,0.0,0.0,0.0,0.0,0.35,0.0
A Limdawala,T20,2025,362,377,32,13,0,48.01,18.1,83.20400000000001,50.68000000000001,79.40299999999999,9.05,35.80901856763926,0.59005,212.94117647058823
A Limdawala,T20,2026,0,0,0,0,0,0.0,0.0,0.0,0.0,0.0,0.0,0.0,0.35,115.70776255707761
A Manepalli,T20,2025,0,0,0,0,0,0.0,0.0,0.0,0.0,0.0,0.0,0.0,0.35,0.0
A Manepalli,T20,25-Jul-25,0,0,0,0,0,0.0,0.0,0.0,0.0,0.0,0.0,0.0,0.35,0.0
A Mansale,T20,20-Aug-24,0,0,0,0,0,0.0,0.0,0.0,0.0,0.0,0.0,0.0,0.35,0.0
A Mundra,T20,13-Jul-24,0,0,0,0,0,0.0,0.0,0.0,0.0,0.0,0.0,0.0,0.35,0.0
A Mundra,T20,2024,0,0,0,0,0,0.0,0.0,0.0,0.0,0.0,0.0,0.0,0.35,0.0
A Mundra,T20,2025,0,0,0,0,0,0.0,0.0,0.0,0.0,0.0,0.0,0.0,0.35,0.0
A Mundra,T20,2026,231,120,21,17,0,64.16666666666667,33.0,67.66666666666667,49.5,100.0,16.5,95.0,0.6708333333333334,91.19621002763522
A Paul,T20,06-May-25,0,0,0,0,0,0.0,0.0,0.0,0.0,0.0,0.0,0.0,0.35,0.0
A Paul,T20,19-Jun-24,0,0,0,0,0,0.0,0.0,0.0,0.0,0.0,0.0,0.0,0.35,0.0
A Phillip,TEST,2025,526,320,9,0,2,34.22666666666667,63.85,31.690666666666665,100.0,10.267999999999999,61.925,8.4375,0.5211333333333333,526.0
A Prashar,T20,26-Jul-25,0,0,0,0,0,0.0,0.0,0.0,0.0,0.0,0.0,0.0,0.35,0.0
A Saud,ODI,18-Sep-24,0,0,0,0,0,0.0,0.0,0.0,0.0,0.0,0.0,0.0,0.35,0.0
A Saud,ODI,2024,0,0,0,0,0,0.0,0.0,0.0,0.0,0.0,0.0,0.0,0.35,0.0
A Saud,ODI,22-Sep-24,0,0,0,0,0,0.0,0.0,0.0,0.0,0.0,0.0,0.0,0.35,0.0
A Saud,T20,2026,0,0,0,0,0,0.0,0.0,0.0,0.0,0.0,0.0,0.0,0.35,0.0
A Shahi,T20,2026,0,0,0,0,0,0.0,0.0,0.0,0.0,0.0,0.0,0.0,0.35,0.0
A Sharafu,ODI,2024,90,114,14,2,0,78.94,18.0,59.576,23.4,33.682,9.0,42.10526315789473,0.7447,90.0
A Sharafu,ODI,2025,176,223,15,7,0,39.46,19.55,45.784,33.24,46.838,9.775,29.59641255605381,0.5473,140.58823529411765
A Sharafu,T20,13-Feb-26,0,0,0,0,0,0.0,0.0,0.0,0.0,0.0,0.0,0.0,0.35,0.0
A Sharafu,T20,2024,770,547,82,31,4,70.38,38.5,100.0,100.0,100.0,79.25,61.97440585009141,0.7019,452.94117647058823
A Sharafu,T20,2025,664,489,56,33,2,67.89,36.88,100.0,95.90400000000001,100.0,48.44,54.60122699386503,0.6894499999999999,549.3150684931506
A Sharafu,T20,2026,185,170,16,6,0,108.82,23.12,75.52799999999999,36.996,62.645999999999994,11.56,38.82352941176471,0.8941,405.487564153178
A Sharma,ODI,05-Nov-25,0,0,0,0,0,0.0,0.0,0.0,0.0,0.0,0.0,0.0,0.35,0.0
A Sharma,ODI,06-May-25,0,0,0,0,0,0.0,0.0,0.0,0.0,0.0,0.0,0.0,0.35,0.0
A Sharma,ODI,20-Sep-24,0,0,0,0,0,0.0,0.0,0.0,0.0,0.0,0.0,0.0,0.35,0.0
A Sharma,ODI,2024,0,0,0,0,0,0.0,0.0,0.0,0.0,0.0,0.0,0.0,0.35,0.0
A Sharma,ODI,2025,255,315,31,4,0,40.475,28.33,78.19,48.164,32.1425,14.165,33.33333333333333,0.552375,91.95485197071869
A Sharma,ODI,2026,206,247,22,5,0,41.7,51.5,60.68000000000001,61.800000000000004,37.51,25.75,32.79352226720648,0.5585,130.73028760663274
A Sharma,ODI,25-Apr-26,0,0,0,0,0,0.0,0.0,0.0,0.0,0.0,0.0,0.0,0.35,87.99147644891706
A Sharma,ODI,30-Oct-25,0,0,0,0,0,0.0,0.0,0.0,0.0,0.0,0.0,0.0,0.35,59.97918039097048
A Sharma,T20,2026,172,137,16,7,1,62.77,34.4,57.108000000000004,44.72,53.831,32.2,50.36496350364963,0.66385,172.0
A Sharma,T20,31-Jan-26,0,0,0,0,0,0.0,0.0,0.0,0.0,0.0,0.0,0.0,0.35,70.8235294117647
A Shirai-Patmore,T20,2024,0,0,0,0,0,0.0,0.0,0.0,0.0,0.0,0.0,0.0,0.35,0.0
A Shirai-Patmore,T20,2026,0,0,0,0,0,0.0,0.0,0.0,0.0,0.0,0.0,0.0,0.35,0.0
A Shukla,T20,2025,391,0,0,0,0,17.0,19.55,6.800000000000001,54.74,5.1,9.775,0.0,0.435,391.0
A Wright,T20,2026,78,0,0,0,0,12.6,7.8,5.04,14.04,3.78,3.9,0.0,0.413,78.0
A Zampa,ODI,2024,450,0,0,0,0,31.53,30.0,12.612000000000002,69.0,9.459,15.0,0.0,0.50765,450.0
A Zampa,ODI,2025,513,0,0,0,0,32.56,32.06,13.024000000000001,76.94800000000001,9.768,16.03,0.0,0.5128,487.05882352941177
A Zampa,T20,2024,602,0,0,0,0,13.37,17.2,5.348,73.96000000000001,4.010999999999999,8.6,0.0,0.41685,602.0
A Zampa,T20,2025,389,0,0,0,0,15.17,22.88,6.0680000000000005,57.20399999999999,4.551,11.44,0.0,0.42585,476.70588235294116
A Zampa,T20,2026,187,0,0,0,0,11.69,14.38,4.676,30.204,3.5069999999999997,7.19,0.0,0.40845,344.4200913242009
AA Jangoo,ODI,2024,104,83,6,4,1,125.3,0.0,62.120000000000005,10.4,57.589999999999996,15.0,36.144578313253014,0.95,104.0
AA Jangoo,T20,2025,0,0,0,0,0,0.0,0.0,0.0,0.0,0.0,0.0,0.0,0.35,0.0
AA Jangoo,T20,30-Sep-25,0,0,0,0,0,0.0,0.0,0.0,0.0,0.0,0.0,0.0,0.35,0.0
AA Rahayu,T20,2025,272,0,0,0,0,7.025,14.31,2.8100000000000005,38.647999999999996,2.1075,7.155,0.0,0.38512500000000005,272.0
AA Rahayu,T20,2026,0,0,0,0,0,0.0,0.0,0.0,0.0,0.0,0.0,0.0,0.35,111.99999999999999
AA Senn,T20,14-Mar-26,0,0,0,0,0,0.0,0.0,0.0,0.0,0.0,0.0,0.0,0.35,0.0
AA Senn,T20,2026,120,128,5,4,1,46.875,24.0,28.75,31.200000000000003,34.0625,27.0,21.09375,0.584375,70.58823529411765
AAP Atkinson,TEST,2024,1504,445,39,9,1,38.236666666666665,23.46,93.29466666666667,100.0,56.471,26.73,32.359550561797754,0.5411833333333333,1504.0
AAP Atkinson,TEST,2025,620,130,8,4,0,42.48333333333333,30.52,32.99333333333333,86.416,32.745,15.26,27.692307692307693,0.5624166666666666,984.0
AAP Atkinson,TEST,28-Nov-24,0,0,0,0,0,0.0,0.0,0.0,0.0,0.0,0.0,0.0,0.35,534.6849315068494
AAP Rivero,T20,2024,0,0,0,0,0,0.0,0.0,0.0,0.0,0.0,0.0,0.0,0.35,0.0
AAP Rivero,T20,2026,0,0,0,0,0,0.0,0.0,0.0,0.0,0.0,0.0,0.0,0.35,0.0
AD Mathews,TEST,2024,681,1401,63,6,1,24.3,40.05,100.0,100.0,37.29,35.025,14.775160599571734,0.4715,681.0
AD Mathews,TEST,2025,172,366,15,2,0,46.99,28.66,48.79600000000001,40.128,24.097,14.33,13.934426229508198,0.5849500000000001,381.5882352941177
AD Nath,ODI,2026,73,95,4,2,1,38.42,24.33,23.368000000000002,26.764,21.526,27.165,18.947368421052634,0.5421,73.0
ADS Fletcher,T20,2024,0,0,0,0,0,0.0,0.0,0.0,0.0,0.0,0.0,0.0,0.35,0.0
AG Cremer,T20,19-Feb-26,0,0,0,0,0,0.0,0.0,0.0,0.0,0.0,0.0,0.0,0.35,0.0
AG Cremer,T20,2026,0,0,0,0,0,0.0,0.0,0.0,0.0,0.0,0.0,0.0,0.35,0.0
AGS Gous,ODI,18-Sep-24,0,0,0,0,0,0.0,0.0,0.0,0.0,0.0,0.0,0.0,0.35,0.0
AGS Gous,ODI,2024,158,150,20,6,1,105.33,39.5,82.132,47.400000000000006,61.599,34.75,52.0,0.8766499999999999,92.94117647058823
AGS Gous,ODI,2025,247,330,22,5,0,37.42,27.44,58.968,46.652,36.226,13.72,24.545454545454547,0.5371,163.28767123287673
AGS Gous,T20,10-Feb-26,0,0,0,0,0,0.0,0.0,0.0,0.0,0.0,0.0,0.0,0.35,0.0
AGS Gous,T20,2024,692,475,59,38,1,145.68,32.95,100.0,95.56,100.0,31.475,61.26315789473684,0.9216,407.05882352941177
AGS Gous,T20,2026,0,0,0,0,0,0.0,0.0,0.0,0.0,0.0,0.0,0.0,0.35,221.18721461187215
AGS Gous,T20,23-Feb-25,0,0,0,0,0,0.0,0.0,0.0,0.0,0.0,0.0,0.0,0.35,133.86498223450454
AJ Hosein,ODI,2025,82,0,0,0,0,20.0,13.66,8.0,19.128,6.0,6.83,0.0,0.45,82.0
AJ Hosein,T20,2024,531,0,0,0,0,20.08,23.08,8.032,71.564,6.023999999999999,11.54,0.0,0.45039999999999997,531.0
AJ Hosein,T20,2025,551,0,0,0,0,19.13,23.95,7.652,74.26,5.739,11.975,0.0,0.44565,542.7647058823529
AJ Hosein,T20,2026,260,0,0,0,0,16.8,26.0,6.720000000000001,46.8,5.04,13.0,0.0,0.434,413.648401826484
AJ Mosca,T20,2026,209,137,13,16,1,76.275,34.83,56.510000000000005,48.763999999999996,100.0,32.415,63.503649635036496,0.731375,209.0
AJ Parmar,T20,2024,141,0,0,0,0,8.33,7.83,3.3320000000000003,20.364,2.499,3.915,0.0,0.39165,141.0
AJ Parmar,T20,2025,313,0,0,0,0,17.62,19.56,7.048000000000001,46.948,5.2860000000000005,9.78,0.0,0.43810000000000004,242.1764705882353
AK Markram,ODI,19-Dec-24,0,0,0,0,0,0.0,0.0,0.0,0.0,0.0,0.0,0.0,0.35,0.0
AK Markram,ODI,2024,167,213,10,4,1,39.2,33.4,35.68,43.42,31.759999999999998,31.7,19.71830985915493,0.546,98.23529411764706
AK Markram,ODI,2025,420,395,48,8,1,53.16,42.0,100.0,75.6,55.948,36.0,42.53164556962025,0.6158,245.15981735159818
AK Markram,T20,10-Jun-24,0,0,0,0,0,0.0,0.0,0.0,0.0,0.0,0.0,0.0,0.35,0.0
AK Markram,T20,2024,0,0,0,0,0,0.0,0.0,0.0,0.0,0.0,0.0,0.0,0.35,0.0
AK Markram,T20,2026,389,236,42,15,3,164.83,48.62,100.0,77.79599999999999,100.0,69.31,72.45762711864407,0.82585,177.6255707762557
AK Markram,TEST,03-Jan-24,0,0,0,0,0,0.0,0.0,0.0,0.0,0.0,0.0,0.0,0.35,0.0
AK Markram,TEST,03-Jan-25,0,0,0,0,0,0.0,0.0,0.0,0.0,0.0,0.0,0.0,0.35,0.0
AK Markram,TEST,05-Dec-24,0,0,0,0,0,0.0,0.0,0.0,0.0,0.0,0.0,0.0,0.35,0.0
AK Markram,TEST,07-Aug-24,0,0,0,0,0,0.0,0.0,0.0,0.0,0.0,0.0,0.0,0.35,0.0
AK Markram,TEST,14-Nov-25,0,0,0,0,0,0.0,0.0,0.0,0.0,0.0,0.0,0.0,0.35,0.0
AK Markram,TEST,20-Oct-25,0,0,0,0,0,0.0,0.0,0.0,0.0,0.0,0.0,0.0,0.35,0.0
AK Markram,TEST,2024,536,831,72,4,0,32.25,35.73,100.0,82.184,29.674999999999997,17.865,27.43682310469314,0.51125,175.23102870748482
AK Markram,TEST,2025,441,657,44,2,1,36.56666666666667,33.27,100.0,70.71600000000001,20.97,31.635,21.00456621004566,0.5328333333333333,259.8392135830265
AK Markram,TEST,22-Nov-25,0,0,0,0,0,0.0,0.0,0.0,0.0,0.0,0.0,0.0,0.35,178.60953914928123
AK Markram,TEST,26-Dec-24,0,0,0,0,0,0.0,0.0,0.0,0.0,0.0,0.0,0.0,0.35,123.46909637421103
AK Sah,ODI,02-Nov-24,0,0,0,0,0,0.0,0.0,0.0,0.0,0.0,0.0,0.0,0.35,0.0
AK Sah,ODI,2024,369,392,38,12,2,31.376666666666665,36.9,88.55066666666667,66.42,69.413,48.45,38.26530612244898,0.5068833333333334,217.05882352941177
AK Sah,ODI,2025,0,0,0,0,0,0.0,0.0,0.0,0.0,0.0,0.0,0.0,0.35,117.94520547945206
AK Sah,T20,17-Oct-24,0,0,0,0,0,0.0,0.0,0.0,0.0,0.0,0.0,0.0,0.35,0.0
AK Sah,T20,2024,0,0,0,0,0,0.0,0.0,0.0,0.0,0.0,0.0,0.0,0.35,0.0
AL Phehlukwayo,ODI,2024,152,0,0,0,0,30.0,25.33,12.0,35.464,9.0,12.665,0.0,0.5,152.0
AM Fernando,ODI,2024,326,0,0,0,0,30.5,27.16,12.200000000000001,54.328,9.15,13.58,0.0,0.5025,326.0
AM Fernando,ODI,2025,490,0,0,0,0,11.39,21.3,4.556,66.04,3.4170000000000003,10.65,0.0,0.40695,422.47058823529414
AM Fernando,ODI,2026,172,0,0,0,0,72.0,86.0,28.8,86.0,21.599999999999998,43.0,0.0,0.71,308.1004566210046
AM Fernando,TEST,2024,906,0,0,0,0,20.2,24.48,8.08,100.0,6.06,12.24,0.0,0.451,906.0
AM Fernando,TEST,2025,267,0,0,0,0,59.0,33.37,23.6,53.396,17.7,16.685,0.0,0.645,530.1176470588235
AM Ghazanfar,ODI,2024,285,0,0,0,0,20.09,13.57,8.036,39.356,6.027,6.785,0.0,0.45045,285.0
AM Ghazanfar,TEST,2024,161,0,0,0,0,54.5,40.25,21.8,48.300000000000004,16.349999999999998,20.125,0.0,0.6225,161.0
AM Hardie,ODI,2024,131,153,12,2,0,42.81,18.71,41.124,28.068,22.843,9.355,27.45098039215686,0.56405,131.0
AM Hardie,ODI,21-Sep-24,0,0,0,0,0,0.0,0.0,0.0,0.0,0.0,0.0,0.0,0.35,53.94117647058823
AM Kimote,T20,2025,280,0,0,0,0,10.57,13.33,4.228000000000001,38.664,3.171,6.665,0.0,0.40285,280.0
AM Kimote,T20,22-Sep-24,0,0,0,0,0,0.0,0.0,0.0,0.0,0.0,0.0,0.0,0.35,115.29411764705883
AM Tribe,T20,16-Jun-24,0,0,0,0,0,0.0,0.0,0.0,0.0,0.0,0.0,0.0,0.35,0.0
AN Lascu,T20,2025,0,0,0,0,0,0.0,0.0,0.0,0.0,0.0,0.0,0.0,0.35,0.0
AN Toube,T20,2024,0,0,0,0,0,0.0,0.0,0.0,0.0,0.0,0.0,0.0,0.35,0.0
AP Rajeevan,T20,2024,0,0,0,0,0,0.0,0.0,0.0,0.0,0.0,0.0,0.0,0.35,0.0
AP Rajeevan,T20,2025,0,0,0,0,0,0.0,0.0,0.0,0.0,0.0,0.0,0.0,0.35,0.0
AP Rajeevan,T20,28-Sep-25,0,0,0,0,0,0.0,0.0,0.0,0.0,0.0,0.0,0.0,0.35,0.0
AP Yadav,T20,04-Feb-24,0,0,0,0,0,0.0,0.0,0.0,0.0,0.0,0.0,0.0,0.35,0.0
AP Yadav,T20,07-May-25,0,0,0,0,0,0.0,0.0,0.0,0.0,0.0,0.0,0.0,0.35,0.0
AP Yadav,T20,09-May-25,0,0,0,0,0,0.0,0.0,0.0,0.0,0.0,0.0,0.0,0.35,0.0
AP Yadav,T20,12-Feb-24,0,0,0,0,0,0.0,0.0,0.0,0.0,0.0,0.0,0.0,0.35,0.0
AP Yadav,T20,2024,587,498,68,12,3,58.935,29.35,100.0,82.18,77.6805,59.675,48.19277108433735,0.644675,211.67646316396812
AP Yadav,T20,2025,275,301,22,6,2,45.68,34.37,62.272000000000006,54.995999999999995,43.704,47.185,27.906976744186046,0.5784,233.20651305432875
AP Yadav,T20,2026,0,0,0,0,0,0.0,0.0,0.0,0.0,0.0,0.0,0.0,0.35,156.9658093532177
AP Yadav,T20,26-Apr-25,0,0,0,0,0,0.0,0.0,0.0,0.0,0.0,0.0,0.0,0.35,106.99537016948413
AR Bisht,ODI,2026,133,84,7,2,0,36.983333333333334,32.5,28.793333333333337,39.3,21.095,16.25,32.14285714285714,0.5349166666666667,133.0
AR McBrine,TEST,2024,256,201,12,0,1,55.805,60.5,46.322,74.0,16.7415,45.25,17.91044776119403,0.6290250000000001,256.0
AR McBrine,TEST,2025,644,363,21,0,1,61.045,38.33,66.418,95.06400000000001,18.3135,34.165,17.355371900826448,0.6552250000000001,484.2352941176471
AR Odedara,ODI,2024,126,278,12,2,1,45.32,42.0,42.128,46.2,23.596,36.0,15.107913669064748,0.5766,126.0
AR Odedara,ODI,2026,106,150,11,4,0,35.33,21.2,36.132,27.560000000000002,30.598999999999997,10.6,30.0,0.52665,114.23529411764706
AR Patel,ODI,2025,667,328,26,4,2,44.803333333333335,36.25,69.92133333333334,95.7,33.441,48.125,27.4390243902439,0.5740166666666667,667.0
AR Patel,T20,12-Feb-26,0,0,0,0,0,0.0,0.0,0.0,0.0,0.0,0.0,0.0,0.35,0.0
AR Patel,T20,2024,326,0,0,0,0,6.9,16.3,2.7600000000000002,45.64,2.07,8.15,0.0,0.3845,191.76470588235296
AR Patel,T20,2025,326,0,0,0,0,16.58,19.17,6.632,47.93600000000001,4.973999999999999,9.585,0.0,0.4329,253.05936073059362
AR Patel,T20,2026,280,0,0,0,0,6.5,18.66,2.6,42.928,1.95,9.33,0.0,0.3825,263.6952230556652
AR Patel,TEST,2024,339,277,20,1,0,52.205,41.2,60.882000000000005,66.86,20.661499999999997,20.6,22.743682310469314,0.611025,339.0
AR Patwa,T20,04-Oct-25,0,0,0,0,0,0.0,0.0,0.0,0.0,0.0,0.0,0.0,0.35,0.0
AR Ramjani,T20,2024,297,0,0,0,0,14.28,10.6,5.712,38.18,4.284,5.3,0.0,0.4214,297.0
ARI Umeed,ODI,2024,138,139,18,3,1,99.28,46.0,75.712,50.60000000000001,44.784,38.0,45.32374100719424,0.8464,138.0
AS Joseph,ODI,2024,415,0,0,0,0,26.86,27.66,10.744,63.628,8.058,13.83,0.0,0.4843,415.0
AS Joseph,ODI,2025,240,0,0,0,0,25.8,24.0,10.32,43.2,7.74,12.0,0.0,0.479,312.05882352941177
AS Joseph,T20,2024,579,0,0,0,0,18.4,26.31,7.359999999999999,78.94800000000001,5.52,13.155,0.0,0.442,579.0
AS Joseph,TEST,2024,1021,226,23,0,0,36.21666666666667,33.61,60.486666666666665,100.0,10.865,16.805,30.530973451327434,0.5310833333333334,1021.0
AS Joseph,TEST,2025,334,113,3,5,2,48.835,20.38,25.534000000000002,49.70399999999999,39.6505,40.19,21.238938053097346,0.594175,616.8823529411764
AS Samra,T20,2025,261,154,15,21,0,169.48,32.62,97.792,52.196,100.0,16.31,70.12987012987013,0.8026000000000001,261.0
AT Carey,ODI,12-Feb-25,0,0,0,0,0,0.0,0.0,0.0,0.0,0.0,0.0,0.0,0.35,0.0
AT Carey,ODI,2024,164,154,15,4,1,53.245,82.0,51.298,82.0,35.9735,56.0,37.01298701298701,0.616225,96.47058823529412
AT Carey,ODI,2025,267,270,30,2,1,32.96,38.14,73.184,57.212,19.887999999999998,34.07,35.55555555555556,0.5148,174.337899543379
AT Carey,ODI,21-Sep-24,0,0,0,0,0,0.0,0.0,0.0,0.0,0.0,0.0,0.0,0.35,105.51125148045796
AT Carey,ODI,22-Feb-25,0,0,0,0,0,0.0,0.0,0.0,0.0,0.0,0.0,0.0,0.35,67.46312790739606
AT Carey,T20,2025,0,0,0,0,0,0.0,0.0,0.0,0.0,0.0,0.0,0.0,0.35,0.0
AT Carey,TEST,03-Jan-24,0,0,0,0,0,0.0,0.0,0.0,0.0,0.0,0.0,0.0,0.35,0.0
AT Carey,TEST,03-Jan-25,0,0,0,0,0,0.0,0.0,0.0,0.0,0.0,0.0,0.0,0.35,0.0
AT Carey,TEST,03-Jul-25,0,0,0,0,0,0.0,0.0,0.0,0.0,0.0,0.0,0.0,0.35,0.0
AT Carey,TEST,04-Dec-25,0,0,0,0,0,0.0,0.0,0.0,0.0,0.0,0.0,0.0,0.35,0.0
AT Carey,TEST,04-Jan-26,0,0,0,0,0,0.0,0.0,0.0,0.0,0.0,0.0,0.0,0.35,0.0
AT Carey,TEST,06-Dec-24,0,0,0,0,0,0.0,0.0,0.0,0.0,0.0,0.0,0.0,0.35,0.0
AT Carey,TEST,06-Feb-25,0,0,0,0,0,0.0,0.0,0.0,0.0,0.0,0.0,0.0,0.35,0.0
AT Carey,TEST,08-Mar-24,0,0,0,0,0,0.0,0.0,0.0,0.0,0.0,0.0,0.0,0.35,0.0
AT Carey,TEST,11-Jun-25,0,0,0,0,0,0.0,0.0,0.0,0.0,0.0,0.0,0.0,0.35,0.0
AT Carey,TEST,12-Jul-25,0,0,0,0,0,0.0,0.0,0.0,0.0,0.0,0.0,0.0,0.35,0.0
AT Carey,TEST,14-Dec-24,0,0,0,0,0,0.0,0.0,0.0,0.0,0.0,0.0,0.0,0.35,0.0
AT Carey,TEST,17-Dec-25,0,0,0,0,0,0.0,0.0,0.0,0.0,0.0,0.0,0.0,0.35,0.0
AT Carey,TEST,17-Jan-24,0,0,0,0,0,0.0,0.0,0.0,0.0,0.0,0.0,0.0,0.35,0.0
AT Carey,TEST,2024,440,605,45,4,2,36.36,33.84,100.0,71.072,30.908,46.92,24.297520661157023,0.5318,132.9013677401456
AT Carey,TEST,2025,767,1010,78,7,1,37.97,47.93,100.0,100.0,46.391,38.965,25.24752475247525,0.5398499999999999,324.03839219854564
AT Carey,TEST,2026,32,40,4,0,1,26.666666666666668,32.0,18.666666666666668,28.8,8.0,31.0,30.0,0.48333333333333334,236.13474495842738
AT Carey,TEST,21-Nov-25,0,0,0,0,0,0.0,0.0,0.0,0.0,0.0,0.0,0.0,0.35,165.12914076891335
AT Carey,TEST,22-Nov-24,0,0,0,0,0,0.0,0.0,0.0,0.0,0.0,0.0,0.0,0.35,115.50959739909382
AT Carey,TEST,25-Jan-24,0,0,0,0,0,0.0,0.0,0.0,0.0,0.0,0.0,0.0,0.35,80.81717264801928
AT Carey,TEST,25-Jun-25,0,0,0,0,0,0.0,0.0,0.0,0.0,0.0,0.0,0.0,0.35,56.55265964878532
AT Carey,TEST,26-Dec-24,0,0,0,0,0,0.0,0.0,0.0,0.0,0.0,0.0,0.0,0.35,39.577380282067786
AT Carey,TEST,26-Dec-25,0,0,0,0,0,0.0,0.0,0.0,0.0,0.0,0.0,0.0,0.35,27.699522167480602
AT Carey,TEST,29-Feb-24,0,0,0,0,0,0.0,0.0,0.0,0.0,0.0,0.0,0.0,0.35,19.387390590946662
AT Carey,TEST,29-Jan-25,0,0,0,0,0,0.0,0.0,0.0,0.0,0.0,0.0,0.0,0.35,13.570058922098195
AT Nidamanuru,ODI,06-Jun-25,0,0,0,0,0,0.0,0.0,0.0,0.0,0.0,0.0,0.0,0.35,0.0
AT Nidamanuru,ODI,2025,180,212,9,8,0,42.45,22.5,34.980000000000004,36.0,52.735,11.25,24.056603773584904,0.56225,105.88235294117648
AU Rashid,ODI,2024,346,0,0,0,0,64.33,57.66,25.732,80.72800000000001,19.299,28.83,0.0,0.67165,346.0
AU Rashid,ODI,2025,709,0,0,0,0,12.065,23.63,4.8260000000000005,89.804,3.6194999999999995,11.815,0.0,0.410325,559.529411764706
AU Rashid,ODI,2026,139,0,0,0,0,12.855,19.85,5.142,29.78,3.8565,9.925,0.0,0.414275,367.5068493150685
AU Rashid,ODI,22-Jan-26,0,0,0,0,0,0.0,0.0,0.0,0.0,0.0,0.0,0.0,0.35,222.41926569285434
AU Rashid,ODI,24-Jan-26,0,0,0,0,0,0.0,0.0,0.0,0.0,0.0,0.0,0.0,0.35,142.21326313511955
AU Rashid,T20,2024,360,0,0,0,0,16.1,18.94,6.440000000000001,51.152,4.83,9.47,0.0,0.4305,360.0
AU Rashid,T20,2025,412,0,0,0,0,14.84,21.68,5.936,58.544000000000004,4.452,10.84,0.0,0.4242,390.5882352941177
AU Rashid,T20,2026,319,0,0,0,0,14.22,17.72,5.688000000000001,46.076,4.266,8.86,0.0,0.4211,357.8995433789954
AU Rashid,T20,28-Jan-25,0,0,0,0,0,0.0,0.0,0.0,0.0,0.0,0.0,0.0,0.35,216.60481642321358
AUKDS Kalugala,T20,14-Mar-26,0,0,0,0,0,0.0,0.0,0.0,0.0,0.0,0.0,0.0,0.35,0.0
AUKDS Kalugala,T20,2026,0,0,0,0,0,0.0,0.0,0.0,0.0,0.0,0.0,0.0,0.35,0.0
AV Lazarus,T20,2024,532,442,42,23,4,60.18,29.55,100.0,76.84,100.0,74.775,44.11764705882353,0.6509,532.0
AV Lazarus,T20,2025,0,0,0,0,0,0.0,0.0,0.0,0.0,0.0,0.0,0.0,0.35,219.05882352941177
AWJ Auguste,ODI,2025,0,0,0,0,0,0.0,0.0,0.0,0.0,0.0,0.0,0.0,0.35,0.0
AWJ Auguste,ODI,23-Oct-25,0,0,0,0,0,0.0,0.0,0.0,0.0,0.0,0.0,0.0,0.35,0.0
AY Patel,TEST,16-Oct-24,0,0,0,0,0,0.0,0.0,0.0,0.0,0.0,0.0,0.0,0.35,0.0
AY Patel,TEST,2024,704,177,6,3,1,26.293333333333333,27.91,22.517333333333333,92.72800000000001,22.887999999999998,28.955,15.254237288135593,0.4814666666666667,414.11764705882354
AY Patel,TEST,2025,136,0,0,0,0,73.0,22.66,29.200000000000003,31.728,21.9,11.33,0.0,0.715,287.12328767123284
Aamer Jamal,TEST,07-Oct-24,0,0,0,0,0,0.0,0.0,0.0,0.0,0.0,0.0,0.0,0.35,0.0
Aamer Jamal,TEST,2024,563,425,27,5,1,34.723333333333336,33.66,67.88933333333334,83.228,35.417,31.83,22.588235294117645,0.5236166666666666,331.1764705882353
Aamer Jamal,TEST,2025,49,79,9,0,0,62.02,24.5,42.80800000000001,24.5,18.606,12.25,34.177215189873415,0.6601,202.32876712328766
Aamir Kaleem,ODI,12-Feb-25,0,0,0,0,0,0.0,0.0,0.0,0.0,0.0,0.0,0.0,0.35,0.0
Aamir Kaleem,ODI,2024,87,0,1,0,0,27.85,12.42,13.14,18.636,8.355,6.21,100.0,0.48924999999999996,51.1764705882353
Aamir Kaleem,ODI,2025,240,0,0,0,0,21.33,26.66,8.532,45.328,6.398999999999999,13.33,0.0,0.45665,137.3972602739726
Aamir Kaleem,ODI,21-May-25,0,0,0,0,0,0.0,0.0,0.0,0.0,0.0,0.0,0.0,0.35,83.15436241610738
Aarif Sheikh,ODI,04-Jun-25,0,0,0,0,0,0.0,0.0,0.0,0.0,0.0,0.0,0.0,0.35,0.0
Aarif Sheikh,ODI,05-May-26,0,0,0,0,0,0.0,0.0,0.0,0.0,0.0,0.0,0.0,0.35,0.0
Aarif Sheikh,ODI,2024,214,321,16,3,1,33.33,35.66,45.332,49.928,24.999,32.83,17.757009345794394,0.5166499999999999,97.71689497716895
Aarif Sheikh,ODI,2025,287,385,25,4,0,37.27,35.87,64.908,57.396,31.181,17.935,22.597402597402596,0.5363500000000001,172.4437425977102
Aarif Sheikh,ODI,2026,83,93,3,4,0,44.62,20.75,23.848,24.900000000000002,33.385999999999996,10.375,22.580645161290324,0.5731,140.1896794201435
Aarif Sheikh,ODI,29-Oct-24,0,0,0,0,0,0.0,0.0,0.0,0.0,0.0,0.0,0.0,0.35,92.52508355518381
Aaron Jones,ODI,2024,146,181,17,1,0,80.66,29.2,66.26400000000001,37.96,29.197999999999997,14.6,29.834254143646408,0.7533,146.0
Aaron Jones,T20,2024,332,286,17,23,3,116.08,20.75,80.432,49.800000000000004,100.0,55.375,41.95804195804196,0.9303999999999999,332.0
Aasif Sheikh,ODI,02-Jun-25,0,0,0,0,0,0.0,0.0,0.0,0.0,0.0,0.0,0.0,0.35,0.0
Aasif Sheikh,ODI,05-Nov-25,0,0,0,0,0,0.0,0.0,0.0,0.0,0.0,0.0,0.0,0.35,0.0
Aasif Sheikh,ODI,10-Feb-24,0,0,0,0,0,0.0,0.0,0.0,0.0,0.0,0.0,0.0,0.35,0.0
Aasif Sheikh,ODI,15-Feb-24,0,0,0,0,0,0.0,0.0,0.0,0.0,0.0,0.0,0.0,0.35,0.0
Aasif Sheikh,ODI,17-Feb-24,0,0,0,0,0,0.0,0.0,0.0,0.0,0.0,0.0,0.0,0.35,0.0
Aasif Sheikh,ODI,2024,272,362,36,4,2,37.565,24.72,87.026,46.976,31.2695,42.36,33.14917127071823,0.537825,92.48020345644761
Aasif Sheikh,ODI,2025,155,200,18,1,0,38.75,22.14,51.5,33.212,16.625,11.07,28.5,0.54375,112.91939797680085
Aasif Sheikh,ODI,2026,120,128,10,5,0,46.875,40.0,38.75,44.0,39.0625,20.0,35.15625,0.584375,115.17352449162865
Aasif Sheikh,ODI,21-Feb-24,0,0,0,0,0,0.0,0.0,0.0,0.0,0.0,0.0,0.0,0.35,79.16853598802616
Aasif Sheikh,ODI,25-Apr-26,0,0,0,0,0,0.0,0.0,0.0,0.0,0.0,0.0,0.0,0.35,54.72757864036028
Aasif Sheikh,ODI,25-Feb-24,0,0,0,0,0,0.0,0.0,0.0,0.0,0.0,0.0,0.0,0.35,37.978113392598715
Aasif Sheikh,ODI,29-Apr-26,0,0,0,0,0,0.0,0.0,0.0,0.0,0.0,0.0,0.0,0.35,26.424766177887406
Aasif Sheikh,T20,08-Feb-26,0,0,0,0,0,0.0,0.0,0.0,0.0,0.0,0.0,0.0,0.35,0.0
Aasif Sheikh,T20,13-Apr-25,0,0,0,0,0,0.0,0.0,0.0,0.0,0.0,0.0,0.0,0.35,0.0
Aasif Sheikh,T20,19-Jun-25,0,0,0,0,0,0.0,0.0,0.0,0.0,0.0,0.0,0.0,0.35,0.0
Aasif Sheikh,T20,2024,457,411,42,16,0,55.595,21.76,100.0,63.108000000000004,96.6785,10.88,42.33576642335766,0.627975,180.41847611527834
Aasif Sheikh,T20,2025,394,282,30,22,1,69.855,32.83,87.94200000000001,65.664,100.0,31.415,55.31914893617021,0.6992750000000001,257.4375247917493
Aasif Sheikh,T20,2026,0,0,0,0,0,0.0,0.0,0.0,0.0,0.0,0.0,0.0,0.35,169.90857379886236
Aayan Afzal Khan,ODI,2024,440,226,8,3,1,49.41,27.72,35.763999999999996,66.176,29.823,28.86,14.601769911504425,0.59705,440.0
Aayan Afzal Khan,ODI,2025,178,0,0,0,0,26.42,25.42,10.568000000000001,38.136,7.926,12.71,0.0,0.48210000000000003,285.88235294117646
Aayan Afzal Khan,T20,2024,288,0,0,0,0,15.78,15.15,6.312,40.92,4.734,7.575,0.0,0.4289,288.0
Abbas Afridi,T20,2024,449,0,0,0,0,10.73,14.96,4.292000000000001,56.868,3.219,7.48,0.0,0.40365,449.0
Abbas Ghani,T20,2025,459,286,46,22,0,80.24,28.68,100.0,68.844,100.0,14.34,71.32867132867133,0.7512000000000001,459.0
Abbas Ghani,T20,21-Jun-25,0,0,0,0,0,0.0,0.0,0.0,0.0,0.0,0.0,0.0,0.35,188.99999999999997
Abdul Hashmi,T20,2025,0,0,0,0,0,0.0,0.0,0.0,0.0,0.0,0.0,0.0,0.35,0.0
Abdul Majid,T20,2025,675,0,0,0,0,10.89,17.76,4.356000000000001,81.708,3.267,8.88,0.0,0.40445,675.0
Abdul Malik,ODI,2024,122,186,16,1,0,65.59,40.66,58.236000000000004,44.727999999999994,24.677,20.33,27.41935483870968,0.67795,122.0
Abdul Malik,TEST,02-Jan-25,0,0,0,0,0,0.0,0.0,0.0,0.0,0.0,0.0,0.0,0.35,0.0
Abdul Malik,TEST,2025,50,92,3,0,0,27.17,12.5,16.868000000000002,15.0,8.151,6.25,9.782608695652174,0.48585,29.411764705882355
Abdul Samad,ODI,13-Mar-26,0,0,0,0,0,0.0,0.0,0.0,0.0,0.0,0.0,0.0,0.35,0.0
Abdul Samad,ODI,2026,45,58,5,1,0,38.79,15.0,25.516,16.5,16.637,7.5,31.03448275862069,0.5439499999999999,26.47058823529412
Abdul Waheed,T20,16-Feb-24,0,0,0,0,0,0.0,0.0,0.0,0.0,0.0,0.0,0.0,0.35,0.0
Abdul Waheed,T20,2024,687,497,66,27,4,69.11,40.41,100.0,100.0,100.0,80.205,56.13682092555332,0.6955500000000001,404.11764705882354
Abdul Waheed,T20,2025,393,276,38,15,0,142.39,32.75,100.0,65.5,100.0,16.375,57.608695652173914,0.93805,399.041095890411
Abdullah Fazal,TEST,08-May-26,0,0,0,0,0,0.0,0.0,0.0,0.0,0.0,0.0,0.0,0.35,0.0
Abdullah Fazal,TEST,2026,60,120,7,1,0,25.0,60.0,24.0,54.0,12.5,30.0,20.0,0.475,35.294117647058826
Abdullah Mohd Yousaf,T20,15-Feb-26,0,0,0,0,0,0.0,0.0,0.0,0.0,0.0,0.0,0.0,0.35,0.0
Abdullah Shafique,ODI,2024,196,276,15,5,2,35.505,28.0,44.202,42.0,35.6515,44.0,21.73913043478261,0.527525,196.0
Abdullah Shafique,ODI,2025,125,197,13,2,0,31.725,20.83,38.69,29.163999999999998,19.5175,10.415,22.842639593908633,0.508625,154.23529411764704
Abdullah Shafique,ODI,28-Nov-24,0,0,0,0,0,0.0,0.0,0.0,0.0,0.0,0.0,0.0,0.35,83.80821917808218
Abdullah Shafique,TEST,15-Oct-24,0,0,0,0,0,0.0,0.0,0.0,0.0,0.0,0.0,0.0,0.35,0.0
Abdullah Shafique,TEST,2024,174,392,15,2,1,22.19,15.81,38.876000000000005,30.048000000000002,16.657,22.905,13.010204081632653,0.46094999999999997,102.3529411764706
Abdullah Shafique,TEST,2025,106,241,10,0,0,43.98,26.5,37.592,31.800000000000004,13.193999999999999,13.25,12.448132780082988,0.5699,104.01826484018265
Abhishek Anand,T20,2026,0,0,0,0,0,0.0,0.0,0.0,0.0,0.0,0.0,0.0,0.35,0.0
Abhishek Sharma,T20,2025,859,444,85,54,1,96.73,42.95,100.0,100.0,100.0,36.475,93.91891891891892,0.8336500000000001,859.0
Abhishek Sharma,T20,2026,323,162,32,23,1,99.69,26.91,100.0,53.828,100.0,28.455,100.0,0.84845,543.7058823529412
Abhishek Sharma,T20,21-Jan-26,0,0,0,0,0,0.0,0.0,0.0,0.0,0.0,0.0,0.0,0.35,295.43835616438355
Abhishek Sharma,T20,28-Jan-25,0,0,0,0,0,0.0,0.0,0.0,0.0,0.0,0.0,0.0,0.35,178.80260560600078
Abrar Ahmed,ODI,14-Feb-25,0,0,0,0,0,0.0,0.0,0.0,0.0,0.0,0.0,0.0,0.35,0.0
Abrar Ahmed,ODI,2024,158,0,1,0,0,21.6,15.8,10.64,28.44,6.48,7.9,100.0,0.45799999999999996,92.94117647058823
Abrar Ahmed,ODI,2025,424,0,0,0,0,15.83,23.55,6.332000000000001,61.239999999999995,4.749,11.775,0.0,0.42915,244.10958904109592
Abrar Ahmed,ODI,2026,74,0,0,0,0,78.0,74.0,31.200000000000003,66.60000000000001,23.4,37.0,0.0,0.74,176.9522305566522
Abrar Ahmed,T20,2025,539,0,0,0,0,17.53,19.25,7.0120000000000005,69.3,5.259,9.625,0.0,0.43765,539.0
Abrar Ahmed,T20,2026,203,0,0,0,0,12.4,13.53,4.960000000000001,31.124000000000002,3.7199999999999998,6.765,0.0,0.41200000000000003,341.35294117647055
Abrar Ahmed,TEST,2025,102,0,0,0,0,29.0,14.57,11.600000000000001,21.856,8.7,7.285,0.0,0.495,102.0
Abrar Bilal,T20,09-Jun-24,0,0,0,0,0,0.0,0.0,0.0,0.0,0.0,0.0,0.0,0.35,0.0
Abrar Bilal,T20,12-Jun-24,0,0,0,0,0,0.0,0.0,0.0,0.0,0.0,0.0,0.0,0.35,0.0
Abrar Bilal,T20,2024,0,0,0,0,0,0.0,0.0,0.0,0.0,0.0,0.0,0.0,0.35,0.0
Adeeb Usmani,ODI,01-May-26,0,0,0,0,0,0.0,0.0,0.0,0.0,0.0,0.0,0.0,0.35,0.0
Adeeb Usmani,ODI,03-May-26,0,0,0,0,0,0.0,0.0,0.0,0.0,0.0,0.0,0.0,0.35,0.0
Adeeb Usmani,ODI,2026,151,177,10,6,0,28.436666666666667,37.75,31.37466666666667,45.300000000000004,38.531,18.875,27.11864406779661,0.49218333333333336,68.94977168949772
Adeeb Usmani,ODI,25-Apr-26,0,0,0,0,0,0.0,0.0,0.0,0.0,0.0,0.0,0.0,0.35,41.72917489143308
Adeeb Usmani,ODI,27-Apr-26,0,0,0,0,0,0.0,0.0,0.0,0.0,0.0,0.0,0.0,0.35,26.68133136201363
Adeeb Usmani,T20,2026,0,0,0,0,0,0.0,0.0,0.0,0.0,0.0,0.0,0.0,0.35,0.0
Adeshlie Alias,T20,02-May-26,0,0,0,0,0,0.0,0.0,0.0,0.0,0.0,0.0,0.0,0.35,0.0
Adeshlie Alias,T20,2026,0,0,0,0,0,0.0,0.0,0.0,0.0,0.0,0.0,0.0,0.35,0.0
Adil Butt,T20,2024,356,228,38,17,1,156.14,39.55,100.0,67.24000000000001,100.0,34.775,72.36842105263158,0.8693000000000001,356.0
Adnan Idrees,T20,2024,387,0,0,0,0,17.05,20.36,6.82,54.988,5.115,10.18,0.0,0.43524999999999997,387.0
Afif Hossain,ODI,11-Mar-26,0,0,0,0,0,0.0,0.0,0.0,0.0,0.0,0.0,0.0,0.35,0.0
Afif Hossain,ODI,13-Mar-26,0,0,0,0,0,0.0,0.0,0.0,0.0,0.0,0.0,0.0,0.35,0.0
Afif Hossain,ODI,2026,46,72,2,0,1,31.94,23.0,16.776000000000003,23.0,9.582,26.5,8.333333333333332,0.5097,21.004566210045663
Afsar Zazai,TEST,02-Jan-25,0,0,0,0,0,0.0,0.0,0.0,0.0,0.0,0.0,0.0,0.35,0.0
Afsar Zazai,TEST,2024,113,169,5,3,0,33.43,113.0,23.372,100.0,25.029,56.5,14.201183431952662,0.51715,66.47058823529412
Afsar Zazai,TEST,2025,0,0,0,0,0,0.0,0.0,0.0,0.0,0.0,0.0,0.0,0.35,36.118721461187214
Afsar Zazai,TEST,26-Dec-24,0,0,0,0,0,0.0,0.0,0.0,0.0,0.0,0.0,0.0,0.35,21.859455191472563
Ahmad Ramdoni,T20,02-May-24,0,0,0,0,0,0.0,0.0,0.0,0.0,0.0,0.0,0.0,0.35,0.0
Ahmad Ramdoni,T20,05-Feb-24,0,0,0,0,0,0.0,0.0,0.0,0.0,0.0,0.0,0.0,0.35,0.0
Ahmad Ramdoni,T20,05-May-24,0,0,0,0,0,0.0,0.0,0.0,0.0,0.0,0.0,0.0,0.35,0.0
Ahmad Ramdoni,T20,07-Jul-25,0,0,0,0,0,0.0,0.0,0.0,0.0,0.0,0.0,0.0,0.35,0.0
Ahmad Ramdoni,T20,08-Jul-25,0,0,0,0,0,0.0,0.0,0.0,0.0,0.0,0.0,0.0,0.35,0.0
Ahmad Ramdoni,T20,09-Dec-25,0,0,0,0,0,0.0,0.0,0.0,0.0,0.0,0.0,0.0,0.35,0.0
Ahmad Ramdoni,T20,14-Jun-25,0,0,0,0,0,0.0,0.0,0.0,0.0,0.0,0.0,0.0,0.35,0.0
Ahmad Ramdoni,T20,2024,327,415,25,11,7,39.395,20.43,65.75800000000001,49.044000000000004,66.8185,100.0,26.02409638554217,0.5469750000000001,104.10122867146491
Ahmad Ramdoni,T20,2025,399,416,29,16,5,47.955,19.95,77.182,55.86,94.3865,84.975,32.45192307692308,0.5897749999999999,196.2910519687641
Ahmed Faiz,T20,2025,332,267,22,14,3,124.34,23.71,93.736,52.168000000000006,100.0,56.855000000000004,40.44943820224719,0.95,332.0
Ahmed Hassan,T20,03-Aug-25,0,0,0,0,0,0.0,0.0,0.0,0.0,0.0,0.0,0.0,0.35,0.0
Ahmed Hassan,T20,2024,0,0,0,0,0,0.0,0.0,0.0,0.0,0.0,0.0,0.0,0.35,0.0
Ahmed Hassan,T20,2025,331,259,20,21,1,63.895,27.58,65.558,55.164,100.0,28.79,47.49034749034749,0.669475,151.14155251141554
Ahmer Bin,T20,13-Dec-25,0,0,0,0,0,0.0,0.0,0.0,0.0,0.0,0.0,0.0,0.35,0.0
Ahmer Bin,T20,2024,384,312,31,8,3,123.07,25.6,100.0,58.88,76.92099999999999,57.8,37.5,0.95,225.88235294117646
Ahmer Bin,T20,2025,487,350,30,27,10,69.57,30.43,87.828,73.04400000000001,100.0,100.0,48.85714285714286,0.69785,345.11415525114154
Ahmer Bin,T20,2026,274,206,32,7,4,66.5,39.14,90.6,58.712,54.95,79.57,56.79611650485437,0.6825,317.03908409001184
Ahmer Bin,T20,25-Jul-25,0,0,0,0,0,0.0,0.0,0.0,0.0,0.0,0.0,0.0,0.35,202.71248782950488
Ainool Hafizs,T20,02-May-25,0,0,0,0,0,0.0,0.0,0.0,0.0,0.0,0.0,0.0,0.35,0.0
Ainool Hafizs,T20,2024,0,0,0,0,0,0.0,0.0,0.0,0.0,0.0,0.0,0.0,0.35,0.0
Ainool Hafizs,T20,2025,0,0,0,0,0,0.0,0.0,0.0,0.0,0.0,0.0,0.0,0.35,0.0
Ainool Hafizs,T20,24-Apr-25,0,0,0,0,0,0.0,0.0,0.0,0.0,0.0,0.0,0.0,0.35,0.0
Aizaz Khan,T20,2024,739,239,17,14,3,69.68,22.1,61.872,91.58000000000001,90.904,56.05,38.912133891213394,0.6984,739.0
Ajay Kumar,ODI,2026,172,9,0,0,1,26.71,15.36,10.684000000000001,29.488,8.013,22.68,0.0,0.48355000000000004,172.0
Ajin Soman,T20,2026,112,0,0,0,0,12.0,14.0,4.800000000000001,22.4,3.5999999999999996,7.0,0.0,0.41,112.0
Akash Deep,TEST,2024,611,168,7,5,0,54.065,35.2,35.626000000000005,89.26,41.2195,17.6,21.428571428571427,0.620325,611.0
Akash Deep,TEST,2025,554,135,13,1,1,54.815,36.46,47.926,84.568,21.444499999999998,33.230000000000004,31.11111111111111,0.6240749999999999,577.4705882352941
Akif Javed,ODI,2025,165,0,0,0,0,24.0,23.57,9.600000000000001,35.356,7.199999999999999,11.785,0.0,0.47,165.0
Ali Dawood,T20,09-Mar-24,0,0,0,0,0,0.0,0.0,0.0,0.0,0.0,0.0,0.0,0.35,0.0
Ali Dawood,T20,15-Feb-26,0,0,0,0,0,0.0,0.0,0.0,0.0,0.0,0.0,0.0,0.35,0.0
Ali Dawood,T20,2024,370,0,0,0,0,14.72,14.8,5.888000000000001,48.84,4.416,7.4,0.0,0.4236,168.9497716894977
Ali Dawood,T20,2025,711,0,0,0,0,6.18,11.28,2.472,80.124,1.8539999999999999,5.64,0.0,0.3809,382.9451243584682
Ali Dawood,T20,2026,329,0,0,0,0,7.305,18.27,2.922,47.516,2.1915,9.135,0.0,0.386525,363.4921207313115
Ali Naseer,ODI,2024,440,189,18,10,1,63.989999999999995,27.42,61.596000000000004,65.936,69.197,28.71,44.44444444444444,0.66995,440.0
Ali Naseer,T20,2024,525,0,0,0,0,7.885,19.44,3.154,68.052,2.3655,9.72,0.0,0.389425,525.0
Ali Raza,T20,01-Jun-25,0,0,0,0,0,0.0,0.0,0.0,0.0,0.0,0.0,0.0,0.35,0.0
Ali Raza,T20,12-May-24,0,0,0,0,0,0.0,0.0,0.0,0.0,0.0,0.0,0.0,0.35,0.0
Ali Raza,T20,2024,0,0,0,0,0,0.0,0.0,0.0,0.0,0.0,0.0,0.0,0.35,0.0
Ali Raza,T20,2025,0,0,0,0,0,0.0,0.0,0.0,0.0,0.0,0.0,0.0,0.35,0.0
Ali Raza,T20,30-May-25,0,0,0,0,0,0.0,0.0,0.0,0.0,0.0,0.0,0.0,0.35,0.0
Aman Desai,T20,02-Feb-24,0,0,0,0,0,0.0,0.0,0.0,0.0,0.0,0.0,0.0,0.35,0.0
Aman Desai,T20,04-Feb-24,0,0,0,0,0,0.0,0.0,0.0,0.0,0.0,0.0,0.0,0.35,0.0
Aman Desai,T20,2024,0,0,0,0,0,0.0,0.0,0.0,0.0,0.0,0.0,0.0,0.35,0.0
Aman Desai,T20,2025,0,0,0,0,0,0.0,0.0,0.0,0.0,0.0,0.0,0.0,0.35,0.0
Amar Naeem,T20,02-May-26,0,0,0,0,0,0.0,0.0,0.0,0.0,0.0,0.0,0.0,0.35,0.0
Amar Naeem,T20,18-Oct-25,0,0,0,0,0,0.0,0.0,0.0,0.0,0.0,0.0,0.0,0.35,0.0
Amar Naeem,T20,2025,0,0,0,0,0,0.0,0.0,0.0,0.0,0.0,0.0,0.0,0.35,0.0
Amar Naeem,T20,2026,0,0,0,0,0,0.0,0.0,0.0,0.0,0.0,0.0,0.0,0.35,0.0
Amir Butt,T20,2026,406,169,9,15,0,72.715,24.0,47.086,59.800000000000004,96.8145,12.0,42.60355029585799,0.7135750000000001,406.0
Amir Farooq,T20,2024,434,0,0,0,0,16.75,21.7,6.7,60.76,5.0249999999999995,10.85,0.0,0.43375,434.0
Amjad Sher,T20,2026,61,0,0,0,0,10.0,6.77,4.0,11.516,3.0,3.385,0.0,0.4,61.0
Anamul Haque,TEST,2025,62,139,6,1,0,22.3,12.4,20.92,16.12,11.690000000000001,6.2,15.107913669064748,0.46149999999999997,62.0
Anamul Haque,TEST,25-Jun-25,0,0,0,0,0,0.0,0.0,0.0,0.0,0.0,0.0,0.0,0.35,25.52941176470588
Anjar Tadarus,T20,09-Jul-25,0,0,0,0,0,0.0,0.0,0.0,0.0,0.0,0.0,0.0,0.35,0.0
Anjar Tadarus,T20,12-Nov-24,0,0,0,0,0,0.0,0.0,0.0,0.0,0.0,0.0,0.0,0.35,0.0
Anjar Tadarus,T20,2024,0,0,0,0,0,0.0,0.0,0.0,0.0,0.0,0.0,0.0,0.35,0.0
Anjar Tadarus,T20,2025,448,0,0,0,0,7.81,18.66,3.124,59.727999999999994,2.343,9.33,0.0,0.38905,176.86537702329255
Anop Santosh,ODI,2025,0,0,0,0,0,0.0,0.0,0.0,0.0,0.0,0.0,0.0,0.35,0.0
Anop Santosh,ODI,25-May-25,0,0,0,0,0,0.0,0.0,0.0,0.0,0.0,0.0,0.0,0.35,0.0
Anshuman Rath,T20,14-Apr-24,0,0,0,0,0,0.0,0.0,0.0,0.0,0.0,0.0,0.0,0.35,0.0
Anshuman Rath,T20,2024,447,355,42,10,4,62.955,24.83,100.0,64.56400000000001,68.8865,72.41499999999999,43.943661971830984,0.6647749999999999,262.94117647058823
Anshuman Rath,T20,2025,814,601,84,18,1,135.44,40.7,100.0,100.0,100.0,35.35,50.91514143094842,0.95,514.5662100456622
Aqeel Wahid,T20,2024,308,231,18,13,5,133.33,38.5,89.33200000000001,61.6,100.0,94.25,40.25974025974026,0.95,308.0
Aqib Ilyas,ODI,2024,230,390,20,5,0,58.97,32.85,63.588,49.28,42.691,16.425,19.23076923076923,0.64485,230.0
Aqib Ilyas,T20,2024,944,454,41,18,2,42.76333333333333,27.26,99.10533333333333,100.0,100.0,43.63,38.986784140969164,0.5638166666666666,944.0
Aqib Iqbal,T20,2025,1495,510,48,24,7,46.61333333333334,27.17,100.0,100.0,100.0,100.0,42.35294117647059,0.5830666666666667,1495.0
Aqib Iqbal,T20,29-Jun-25,0,0,0,0,0,0.0,0.0,0.0,0.0,0.0,0.0,0.0,0.35,615.5882352941177
Aritra Dutta,T20,2024,273,173,30,16,0,157.8,30.33,100.0,51.564,100.0,15.165,79.76878612716763,0.861,273.0
Arshdeep Singh,ODI,2025,259,0,0,0,0,27.8,25.9,11.120000000000001,46.62,8.34,12.95,0.0,0.489,259.0
Arshdeep Singh,ODI,2026,67,2,1,0,1,110.0,21.0,46.0,23.5,33.0,25.5,100.0,0.9,146.05882352941177
Arshdeep Singh,T20,2024,486,0,0,0,0,10.8,13.5,4.32,59.400000000000006,3.24,6.75,0.0,0.40399999999999997,486.0
Arshdeep Singh,T20,2026,422,0,0,0,0,16.23,24.82,6.492000000000001,62.056000000000004,4.869,12.41,0.0,0.43115000000000003,448.3529411764706
Arslan Amjad,T20,02-Aug-25,0,0,0,0,0,0.0,0.0,0.0,0.0,0.0,0.0,0.0,0.35,0.0
Arslan Amjad,T20,2024,0,0,0,0,0,0.0,0.0,0.0,0.0,0.0,0.0,0.0,0.35,0.0
Arslan Amjad,T20,2025,0,0,0,0,0,0.0,0.0,0.0,0.0,0.0,0.0,0.0,0.35,0.0
Arun Yadav,T20,2025,421,274,48,19,1,153.64,42.1,100.0,75.78,100.0,36.05,73.35766423357664,0.8818,421.0
Aryan Lakra,T20,02-Jan-24,0,0,0,0,0,0.0,0.0,0.0,0.0,0.0,0.0,0.0,0.35,0.0
Ashish Bam,T20,08-May-26,0,0,0,0,0,0.0,0.0,0.0,0.0,0.0,0.0,0.0,0.35,0.0
Ashish Bam,T20,2025,0,0,0,0,0,0.0,0.0,0.0,0.0,0.0,0.0,0.0,0.35,0.0
Ashish Bam,T20,2026,0,0,0,0,0,0.0,0.0,0.0,0.0,0.0,0.0,0.0,0.35,0.0
Asif Afridi,TEST,2025,94,0,0,0,0,38.5,15.66,15.4,21.928,11.549999999999999,7.83,0.0,0.5425,94.0
Asif Ali,T20,2025,1318,629,89,56,3,56.79,35.37,100.0,100.0,100.0,62.685,69.15739268680444,0.63395,1318.0
Asif Ali,T20,2026,135,120,9,11,1,112.5,12.27,63.0,23.316000000000003,88.75,21.134999999999998,50.0,0.9125,622.1176470588235
Asif Khan,ODI,2024,106,163,14,1,0,65.03,21.2,54.012,27.560000000000002,24.509,10.6,27.607361963190183,0.67515,106.0
Asif Khan,T20,2024,719,506,47,45,4,142.09,39.94,100.0,100.0,100.0,79.97,54.54545454545455,0.93955,719.0
Asif Khan,T20,2025,298,191,17,24,4,156.02,24.83,96.40800000000002,49.664,100.0,72.41499999999999,64.3979057591623,0.8698999999999999,471.35294117647055
Aslam Khan,T20,2025,328,187,37,23,1,175.4,23.42,100.0,51.536,100.0,26.71,96.25668449197862,0.773,328.0
Ateeq Iqbal,T20,2025,373,0,0,0,0,18.88,21.94,7.552,54.852000000000004,5.664,10.97,0.0,0.44439999999999996,373.0
Ayaan Khan,ODI,18-Sep-24,0,0,0,0,0,0.0,0.0,0.0,0.0,0.0,0.0,0.0,0.35,0.0
Ayaan Khan,ODI,2024,0,0,0,0,0,0.0,0.0,0.0,0.0,0.0,0.0,0.0,0.35,0.0
Ayaan Khan,T20,02-Apr-24,0,0,0,0,0,0.0,0.0,0.0,0.0,0.0,0.0,0.0,0.35,0.0
Ayaan Khan,T20,2024,0,0,0,0,0,0.0,0.0,0.0,0.0,0.0,0.0,0.0,0.35,0.0
Azan Awais,TEST,08-May-26,0,0,0,0,0,0.0,0.0,0.0,0.0,0.0,0.0,0.0,0.35,0.0
Azan Awais,TEST,2026,103,165,14,0,0,31.21,103.0,40.484,92.7,9.363,51.5,25.454545454545457,0.50605,60.58823529411765
Azmatullah Omarzai,ODI,2024,765,395,27,20,4,43.53666666666667,52.12,71.41466666666668,100.0,100.0,86.06,35.69620253164557,0.5676833333333333,765.0
Azmatullah Omarzai,ODI,2025,413,189,14,9,0,58.379999999999995,31.0,51.352000000000004,66.1,62.513999999999996,15.5,36.507936507936506,0.6419,557.9411764705883
Azmatullah Omarzai,T20,2024,0,0,0,0,0,0.0,0.0,0.0,0.0,0.0,0.0,0.0,0.35,0.0
Azmatullah Omarzai,T20,2026,146,0,0,0,0,10.81,13.27,4.324000000000001,25.216,3.243,6.635,0.0,0.40405,85.88235294117648
Azyan Farhath,T20,2024,559,594,43,9,6,94.1,50.81,100.0,96.548,73.22999999999999,100.0,26.262626262626263,0.8205,559.0
B Bhandari,ODI,01-May-26,0,0,0,0,0,0.0,0.0,0.0,0.0,0.0,0.0,0.0,0.35,0.0
B Bhandari,ODI,05-May-26,0,0,0,0,0,0.0,0.0,0.0,0.0,0.0,0.0,0.0,0.35,0.0
B Bhandari,ODI,2026,56,80,7,0,0,23.333333333333332,28.0,23.333333333333336,28.0,6.999999999999999,14.0,26.25,0.4666666666666666,25.570776255707763
B Doggett,TEST,2025,215,0,0,0,0,41.42,30.71,16.568,46.068,12.426,15.355,0.0,0.5571,215.0
B Evans,T20,2025,454,0,0,0,0,5.865,15.13,2.346,57.504,1.7595,7.565,0.0,0.37932499999999997,454.0
B Evans,T20,2026,196,0,0,0,0,12.8,19.6,5.120000000000001,35.28,3.84,9.8,0.0,0.414,302.235294117647
B Evans,TEST,2025,50,0,0,0,0,18.6,10.0,7.440000000000001,13.0,5.58,5.0,0.0,0.44299999999999995,50.0
B Ito-Davis,T20,08-May-24,0,0,0,0,0,0.0,0.0,0.0,0.0,0.0,0.0,0.0,0.35,0.0
B Khumalo,T20,2024,0,0,0,0,0,0.0,0.0,0.0,0.0,0.0,0.0,0.0,0.35,0.0
B Kohler-Cadmore,T20,2026,162,68,21,8,1,238.23,54.0,100.0,59.400000000000006,100.0,42.0,100.0,0.45885000000000004,162.0
B McMullen,ODI,08-Apr-26,0,0,0,0,0,0.0,0.0,0.0,0.0,0.0,0.0,0.0,0.35,0.0
B McMullen,ODI,12-Apr-26,0,0,0,0,0,0.0,0.0,0.0,0.0,0.0,0.0,0.0,0.35,0.0
B McMullen,ODI,20-Jul-24,0,0,0,0,0,0.0,0.0,0.0,0.0,0.0,0.0,0.0,0.35,0.0
B McMullen,ODI,2024,573,399,32,9,1,38.54,43.5,79.416,92.1,56.562,36.75,30.82706766917293,0.5427,226.21397552309514
B McMullen,ODI,2025,826,330,29,9,1,42.03,31.4,74.812,100.0,57.609,30.7,34.54545454545455,0.56015,442.5011719736035
B McMullen,ODI,2026,192,104,10,6,1,48.1,122.0,39.24,100.0,44.43,76.0,46.15384615384615,0.5905,357.33058612728945
B McMullen,T20,09-Feb-26,0,0,0,0,0,0.0,0.0,0.0,0.0,0.0,0.0,0.0,0.35,0.0
B McMullen,T20,2024,285,197,24,15,1,144.67,35.62,100.0,56.995999999999995,100.0,32.81,59.39086294416244,0.9266500000000001,167.64705882352942
B McMullen,T20,2026,158,116,7,9,2,68.1,31.6,41.239999999999995,41.08,65.42999999999999,45.8,41.37931034482759,0.6905,163.2420091324201
B Muzarabani,ODI,2024,246,0,0,0,0,46.0,41.0,18.400000000000002,57.400000000000006,13.799999999999999,20.5,0.0,0.58,246.0
B Muzarabani,ODI,2025,268,0,0,0,0,40.71,38.28,16.284000000000002,57.42400000000001,12.213,19.14,0.0,0.55355,258.94117647058823
B Muzarabani,T20,2024,528,0,0,0,0,17.89,18.85,7.156000000000001,67.88,5.367,9.425,0.0,0.43945,528.0
B Muzarabani,T20,2026,188,0,0,0,0,11.0,14.46,4.4,30.368000000000002,3.3,7.23,0.0,0.405,327.99999999999994
B Muzarabani,TEST,02-Jan-25,0,0,0,0,0,0.0,0.0,0.0,0.0,0.0,0.0,0.0,0.35,0.0
B Muzarabani,TEST,2024,157,0,0,0,0,58.0,26.16,23.200000000000003,36.628,17.4,13.08,0.0,0.64,92.3529411764706
B Muzarabani,TEST,2025,1289,293,18,5,5,49.215,26.8,55.68600000000001,100.0,39.7645,88.4,23.549488054607508,0.596075,638.7671232876713
B Niaz,T20,2024,402,243,26,28,2,165.43,30.92,100.0,64.936,100.0,45.46,66.66666666666666,0.82285,402.0
B Sai Sudharsan,TEST,2025,302,780,38,0,0,19.355,27.45,83.742,52.16,5.8065,13.725,14.615384615384615,0.44677500000000003,302.0
B Sharki,ODI,2024,244,376,25,2,1,32.445,30.5,62.978,48.8,19.7335,30.25,21.542553191489365,0.5122249999999999,244.0
B Sharki,ODI,2025,282,386,28,1,0,36.525,35.25,70.61,56.400000000000006,15.9575,17.625,22.538860103626945,0.532625,266.35294117647055
B Sharki,ODI,2026,38,74,5,0,0,25.675,12.66,20.270000000000003,13.928,7.7025,6.33,20.27027027027027,0.478375,162.0821917808219
B Shikongo,ODI,2024,244,0,1,0,0,15.0,27.11,8.0,46.088,4.5,13.555,100.0,0.425,244.0
B Siddharth,ODI,2026,123,5,0,0,1,31.5,61.0,12.600000000000001,61.10000000000001,9.45,45.5,0.0,0.5075,123.0
B Ward,T20,2024,168,0,0,0,0,9.59,7.63,3.8360000000000003,22.904,2.877,3.815,0.0,0.39795,168.0
B Ward,T20,22-Jun-24,0,0,0,0,0,0.0,0.0,0.0,0.0,0.0,0.0,0.0,0.35,69.17647058823529
BA Carse,ODI,2024,244,0,0,0,0,13.5,30.5,5.4,48.8,4.05,15.25,0.0,0.4175,244.0
BA Carse,ODI,2025,549,0,0,0,0,22.68,49.9,9.072000000000001,94.82,6.803999999999999,24.95,0.0,0.46340000000000003,423.4117647058823
BA Carse,ODI,24-Sep-24,0,0,0,0,0,0.0,0.0,0.0,0.0,0.0,0.0,0.0,0.35,230.07305936073058
BA Carse,T20,31-Jan-25,0,0,0,0,0,0.0,0.0,0.0,0.0,0.0,0.0,0.0,0.35,0.0
BA Carse,TEST,04-Jan-26,0,0,0,0,0,0.0,0.0,0.0,0.0,0.0,0.0,0.0,0.35,0.0
BA Carse,TEST,14-Dec-24,0,0,0,0,0,0.0,0.0,0.0,0.0,0.0,0.0,0.0,0.35,0.0
BA Carse,TEST,17-Dec-25,0,0,0,0,0,0.0,0.0,0.0,0.0,0.0,0.0,0.0,0.35,0.0
BA Carse,TEST,2024,630,119,5,8,2,37.89666666666667,19.85,25.15866666666667,78.88,51.369,39.925,32.773109243697476,0.5394833333333334,248.71693643900514
BA Carse,TEST,2025,1280,346,24,7,1,42.17,36.92,64.868,100.0,47.650999999999996,33.46,26.878612716763005,0.56085,620.6050989866936
BA Carse,TEST,2026,198,26,3,0,0,45.126666666666665,60.33,24.050666666666668,68.06400000000001,13.537999999999998,30.165,34.61538461538462,0.5756333333333333,476.9190492219084
BA Carse,TEST,21-Nov-25,0,0,0,0,0,0.0,0.0,0.0,0.0,0.0,0.0,0.0,0.35,321.0029753313289
BA King,ODI,12-Dec-24,0,0,0,0,0,0.0,0.0,0.0,0.0,0.0,0.0,0.0,0.35,0.0
BA King,ODI,2024,291,348,36,5,0,41.81,32.33,88.724,54.964,37.543,16.165,35.3448275862069,0.55905,171.1764705882353
BA King,ODI,2025,185,239,28,2,0,38.7,15.41,71.48,30.828000000000003,21.61,7.705,37.65690376569037,0.5435,177.48858447488584
BA King,ODI,21-May-25,0,0,0,0,0,0.0,0.0,0.0,0.0,0.0,0.0,0.0,0.35,107.41808132649032
BA King,T20,2024,407,289,47,18,1,70.415,23.94,100.0,59.852000000000004,100.0,26.97,67.47404844290658,0.7020750000000001,407.0
BA King,T20,2026,269,205,28,13,0,131.21,24.45,100.0,46.46,100.0,12.225,60.0,0.95,325.8235294117647
BA King,TEST,12-Jul-25,0,0,0,0,0,0.0,0.0,0.0,0.0,0.0,0.0,0.0,0.35,0.0
BA King,TEST,2025,332,550,53,4,0,60.36,27.66,100.0,55.328,38.108000000000004,13.83,31.09090909090909,0.6518,195.29411764705884
BA Stokes,TEST,02-Feb-24,0,0,0,0,0,0.0,0.0,0.0,0.0,0.0,0.0,0.0,0.35,0.0
BA Stokes,TEST,04-Jan-26,0,0,0,0,0,0.0,0.0,0.0,0.0,0.0,0.0,0.0,0.35,0.0
BA Stokes,TEST,15-Oct-24,0,0,0,0,0,0.0,0.0,0.0,0.0,0.0,0.0,0.0,0.35,0.0
BA Stokes,TEST,2024,1081,916,62,9,2,41.93,36.84,100.0,100.0,57.579,48.42,23.253275109170307,0.55965,426.76667982629294
BA Stokes,TEST,2025,1259,1081,50,3,0,28.916666666666668,31.0,100.0,100.0,23.675,15.5,14.708603145235893,0.4945833333333334,726.8760592838339
BA Stokes,TEST,2026,96,16,0,0,0,29.75,47.5,11.9,47.6,8.924999999999999,23.75,0.0,0.49875,512.3777272309999
BAD Manenti,T20,09-Jul-25,0,0,0,0,0,0.0,0.0,0.0,0.0,0.0,0.0,0.0,0.35,0.0
BAD Manenti,T20,2026,138,77,11,8,0,179.22,46.0,93.688,50.60000000000001,93.76599999999999,23.0,74.02597402597402,0.7539,81.17647058823529
BC Fortuin,ODI,2024,318,0,0,0,0,41.6,31.8,16.64,57.24,12.48,15.9,0.0,0.5579999999999999,318.0
BF Calitz,T20,2026,0,0,0,0,0,0.0,0.0,0.0,0.0,0.0,0.0,0.0,0.35,0.0
BF Calitz,T20,25-Jan-26,0,0,0,0,0,0.0,0.0,0.0,0.0,0.0,0.0,0.0,0.35,0.0
BFW de Leede,ODI,13-Mar-25,0,0,0,0,0,0.0,0.0,0.0,0.0,0.0,0.0,0.0,0.35,0.0
BFW de Leede,ODI,2024,207,317,16,5,1,32.645,34.5,45.058,48.3,34.7935,32.25,19.873817034700316,0.513225,121.76470588235294
BFW de Leede,ODI,2025,128,124,11,4,3,103.22,64.0,63.288000000000004,64.0,50.965999999999994,77.0,36.29032258064516,0.8661,124.61187214611871
BFW de Leede,T20,2026,158,113,13,6,1,139.82,52.66,81.928,57.928,71.946,41.33,50.442477876106196,0.95,158.0
BG Lister,ODI,2026,64,7,0,0,1,29.285,31.0,11.714,31.200000000000003,8.785499999999999,30.5,0.0,0.496425,64.0
BI Dilruksha,T20,01-Oct-24,0,0,0,0,0,0.0,0.0,0.0,0.0,0.0,0.0,0.0,0.35,0.0
BI Dilruksha,T20,08-Jul-25,0,0,0,0,0,0.0,0.0,0.0,0.0,0.0,0.0,0.0,0.35,0.0
BI Dilruksha,T20,09-Jul-25,0,0,0,0,0,0.0,0.0,0.0,0.0,0.0,0.0,0.0,0.35,0.0
BI Dilruksha,T20,12-Jul-25,0,0,0,0,0,0.0,0.0,0.0,0.0,0.0,0.0,0.0,0.35,0.0
BI Dilruksha,T20,2024,0,0,0,0,0,0.0,0.0,0.0,0.0,0.0,0.0,0.0,0.35,0.0
BI Dilruksha,T20,2025,0,0,0,0,0,0.0,0.0,0.0,0.0,0.0,0.0,0.0,0.35,0.0
BJ Bennett,ODI,2024,0,0,0,0,0,0.0,0.0,0.0,0.0,0.0,0.0,0.0,0.35,0.0
BJ Bennett,ODI,2025,268,275,34,3,0,97.45,53.6,100.0,69.68,44.235,26.8,40.36363636363637,0.8372499999999999,157.64705882352942
BJ Bennett,T20,2024,632,440,73,23,2,143.63,28.72,100.0,86.176,100.0,44.36,65.45454545454545,0.9318500000000001,632.0
BJ Bennett,T20,2025,936,633,109,26,0,73.93,37.44,100.0,100.0,100.0,18.72,63.981042654028435,0.71965,810.8235294117648
BJ Bennett,T20,2026,292,217,32,7,4,134.56,146.0,100.0,100.0,75.368,100.0,53.91705069124424,0.95,573.9178082191781
BJ Bennett,TEST,02-Jan-25,0,0,0,0,0,0.0,0.0,0.0,0.0,0.0,0.0,0.0,0.35,0.0
BJ Bennett,TEST,06-Feb-25,0,0,0,0,0,0.0,0.0,0.0,0.0,0.0,0.0,0.0,0.35,0.0
BJ Bennett,TEST,20-Apr-25,0,0,0,0,0,0.0,0.0,0.0,0.0,0.0,0.0,0.0,0.35,0.0
BJ Bennett,TEST,2024,223,170,7,4,1,54.44500000000001,64.0,35.778000000000006,73.5,36.3335,47.0,19.411764705882355,0.622225,88.03789972364785
BJ Bennett,TEST,2025,381,542,63,1,1,35.145,25.4,100.0,58.42,15.5435,27.7,35.42435424354243,0.525725,193.68216075871769
BJ Bennett,TEST,28-Jun-25,0,0,0,0,0,0.0,0.0,0.0,0.0,0.0,0.0,0.0,0.35,127.8300812261787
BJ Bennett,TEST,30-Jul-25,0,0,0,0,0,0.0,0.0,0.0,0.0,0.0,0.0,0.0,0.35,86.0394158660581
BJ Curran,ODI,2025,313,395,35,0,1,79.24,78.25,100.0,93.9,23.772,54.125,26.582278481012658,0.7462000000000001,313.0
BJ Curran,TEST,02-Jan-25,0,0,0,0,0,0.0,0.0,0.0,0.0,0.0,0.0,0.0,0.35,0.0
BJ Curran,TEST,2024,109,135,17,0,0,40.37,54.5,50.147999999999996,54.5,12.110999999999999,27.25,37.77777777777777,0.5518500000000001,64.11764705882354
BJ Curran,TEST,2025,386,820,44,1,0,23.535,29.69,97.414,62.352000000000004,12.060500000000001,14.845,16.463414634146343,0.467675,211.0958904109589
BJ Curran,TEST,22-May-25,0,0,0,0,0,0.0,0.0,0.0,0.0,0.0,0.0,0.0,0.35,127.75759968416895
BJ Currie,ODI,14-May-25,0,0,0,0,0,0.0,0.0,0.0,0.0,0.0,0.0,0.0,0.35,0.0
BJ Currie,ODI,2024,242,0,1,0,0,24.75,15.12,11.9,36.296,7.425,7.56,100.0,0.47375,142.35294117647058
BJ Currie,ODI,2025,168,0,0,0,0,7.655,10.5,3.0620000000000003,25.200000000000003,2.2965,5.25,0.0,0.388275,154.06392694063925
BJ Dwarshuis,ODI,2025,252,0,0,0,0,27.0,25.2,10.8,45.36,8.1,12.6,0.0,0.485,252.0
BJ Jacobs,T20,2026,119,75,8,7,1,79.33,23.8,47.732,30.940000000000005,58.799,26.9,60.0,0.7466499999999999,119.0
BJ Jacobs,T20,31-Jan-26,0,0,0,0,0,0.0,0.0,0.0,0.0,0.0,0.0,0.0,0.35,49.0
BJ McCarthy,ODI,2025,200,0,0,0,0,18.11,22.22,7.244,37.775999999999996,5.433,11.11,0.0,0.44055,200.0
BJ McCarthy,T20,2026,265,0,0,0,0,13.66,22.08,5.464,44.164,4.098,11.04,0.0,0.4183,265.0
BJ McCarthy,TEST,2024,151,0,0,0,0,45.37,18.87,18.148,30.196,13.610999999999999,9.435,0.0,0.57685,151.0
BJ McCarthy,TEST,2025,236,128,6,1,0,43.795,21.12,29.518,40.496,18.1385,10.56,16.40625,0.568975,201.0
BJ Webster,TEST,03-Jan-25,0,0,0,0,0,0.0,0.0,0.0,0.0,0.0,0.0,0.0,0.35,0.0
BJ Webster,TEST,04-Jan-26,0,0,0,0,0,0.0,0.0,0.0,0.0,0.0,0.0,0.0,0.35,0.0
BJ Webster,TEST,06-Feb-25,0,0,0,0,0,0.0,0.0,0.0,0.0,0.0,0.0,0.0,0.35,0.0
BJ Webster,TEST,2025,567,646,44,1,1,34.696666666666665,34.63,100.0,84.40400000000001,15.408999999999999,32.315,20.897832817337463,0.5234833333333333,223.84524279510464
BJ Webster,TEST,2026,155,87,7,0,1,41.199999999999996,28.0,30.48,37.900000000000006,12.359999999999998,29.0,24.137931034482758,0.5559999999999999,199.0191482456457
BJ Webster,TEST,25-Jun-25,0,0,0,0,0,0.0,0.0,0.0,0.0,0.0,0.0,0.0,0.35,131.35248897547578
BKG Mendis,ODI,02-Aug-24,0,0,0,0,0,0.0,0.0,0.0,0.0,0.0,0.0,0.0,0.35,0.0
BKG Mendis,ODI,02-Jul-25,0,0,0,0,0,0.0,0.0,0.0,0.0,0.0,0.0,0.0,0.35,0.0
BKG Mendis,ODI,07-Aug-24,0,0,0,0,0,0.0,0.0,0.0,0.0,0.0,0.0,0.0,0.35,0.0
BKG Mendis,ODI,08-Jan-24,0,0,0,0,0,0.0,0.0,0.0,0.0,0.0,0.0,0.0,0.35,0.0
BKG Mendis,ODI,08-Jul-25,0,0,0,0,0,0.0,0.0,0.0,0.0,0.0,0.0,0.0,0.35,0.0
BKG Mendis,ODI,09-Feb-24,0,0,0,0,0,0.0,0.0,0.0,0.0,0.0,0.0,0.0,0.35,0.0
BKG Mendis,ODI,11-Feb-24,0,0,0,0,0,0.0,0.0,0.0,0.0,0.0,0.0,0.0,0.35,0.0
BKG Mendis,ODI,11-Jan-24,0,0,0,0,0,0.0,0.0,0.0,0.0,0.0,0.0,0.0,0.35,0.0
BKG Mendis,ODI,11-Jan-25,0,0,0,0,0,0.0,0.0,0.0,0.0,0.0,0.0,0.0,0.35,0.0
BKG Mendis,ODI,15-Mar-24,0,0,0,0,0,0.0,0.0,0.0,0.0,0.0,0.0,0.0,0.35,0.0
BKG Mendis,ODI,17-Nov-24,0,0,0,0,0,0.0,0.0,0.0,0.0,0.0,0.0,0.0,0.35,0.0
BKG Mendis,ODI,18-Mar-24,0,0,0,0,0,0.0,0.0,0.0,0.0,0.0,0.0,0.0,0.35,0.0
BKG Mendis,ODI,2024,742,819,78,10,3,45.295,53.0,100.0,100.0,63.588499999999996,71.5,32.234432234432234,0.576475,224.77785034816466
BKG Mendis,ODI,2025,500,536,61,4,0,46.64,38.46,100.0,80.768,33.992,19.23,36.38059701492537,0.5832,307.90830516887365
BKG Mendis,ODI,2026,139,171,16,1,1,40.64,69.5,48.256,69.5,17.192,49.75,29.82456140350877,0.5532,256.9940952750103
BKG Mendis,ODI,22-Jan-26,0,0,0,0,0,0.0,0.0,0.0,0.0,0.0,0.0,0.0,0.35,179.63879235138208
BKG Mendis,ODI,24-Jan-26,0,0,0,0,0,0.0,0.0,0.0,0.0,0.0,0.0,0.0,0.35,125.62149392700081
BKG Mendis,ODI,27-Jan-26,0,0,0,0,0,0.0,0.0,0.0,0.0,0.0,0.0,0.0,0.35,87.87357652691347
BKG Mendis,T20,01-Feb-26,0,0,0,0,0,0.0,0.0,0.0,0.0,0.0,0.0,0.0,0.35,0.0
BKG Mendis,T20,03-Feb-26,0,0,0,0,0,0.0,0.0,0.0,0.0,0.0,0.0,0.0,0.35,0.0
BKG Mendis,T20,04-Mar-24,0,0,0,0,0,0.0,0.0,0.0,0.0,0.0,0.0,0.0,0.35,0.0
BKG Mendis,T20,07-Jan-26,0,0,0,0,0,0.0,0.0,0.0,0.0,0.0,0.0,0.0,0.35,0.0
BKG Mendis,T20,08-Feb-26,0,0,0,0,0,0.0,0.0,0.0,0.0,0.0,0.0,0.0,0.35,0.0
BKG Mendis,T20,09-Nov-24,0,0,0,0,0,0.0,0.0,0.0,0.0,0.0,0.0,0.0,0.35,0.0
BKG Mendis,T20,12-Feb-26,0,0,0,0,0,0.0,0.0,0.0,0.0,0.0,0.0,0.0,0.35,0.0
BKG Mendis,T20,19-Feb-24,0,0,0,0,0,0.0,0.0,0.0,0.0,0.0,0.0,0.0,0.35,0.0
BKG Mendis,T20,2024,628,492,63,21,1,63.82,29.9,100.0,86.72,100.0,29.95,51.21951219512196,0.6690999999999999,196.32231348365005
BKG Mendis,T20,2025,388,314,37,10,2,61.78,24.25,98.712,58.2,68.53399999999999,42.125,44.904458598726116,0.6589,255.4971624584237
BKG Mendis,T20,2026,336,266,36,6,1,63.155,33.6,97.262,60.480000000000004,48.9465,31.8,47.368421052631575,0.665775,280.135187988653
BKG Mendis,T20,28-Dec-24,0,0,0,0,0,0.0,0.0,0.0,0.0,0.0,0.0,0.0,0.35,194.91507554035874
BKG Mendis,TEST,05-Dec-24,0,0,0,0,0,0.0,0.0,0.0,0.0,0.0,0.0,0.0,0.35,0.0
BKG Mendis,TEST,06-Feb-25,0,0,0,0,0,0.0,0.0,0.0,0.0,0.0,0.0,0.0,0.35,0.0
BKG Mendis,TEST,17-Jun-25,0,0,0,0,0,0.0,0.0,0.0,0.0,0.0,0.0,0.0,0.35,0.0
BKG Mendis,TEST,18-Sep-24,0,0,0,0,0,0.0,0.0,0.0,0.0,0.0,0.0,0.0,0.35,0.0
BKG Mendis,TEST,2024,490,729,59,6,1,22.403333333333332,32.66,100.0,75.128,36.721,31.33,26.74897119341564,0.4620166666666667,176.697558688832
BKG Mendis,TEST,2025,279,384,29,5,1,36.325,55.8,72.53,72.53999999999999,35.8975,42.9,26.5625,0.531625,211.48046525702358
BKG Mendis,TEST,21-Aug-24,0,0,0,0,0,0.0,0.0,0.0,0.0,0.0,0.0,0.0,0.35,142.34251846872928
BKG Mendis,TEST,22-Mar-24,0,0,0,0,0,0.0,0.0,0.0,0.0,0.0,0.0,0.0,0.35,97.02743875990541
BKG Mendis,TEST,25-Jun-25,0,0,0,0,0,0.0,0.0,0.0,0.0,0.0,0.0,0.0,0.35,66.69519154853947
BKG Mendis,TEST,26-Sep-24,0,0,0,0,0,0.0,0.0,0.0,0.0,0.0,0.0,0.0,0.35,46.10501248827741
BKG Mendis,TEST,29-Jan-25,0,0,0,0,0,0.0,0.0,0.0,0.0,0.0,0.0,0.0,0.35,31.994497760507027
BKG Mendis,TEST,30-Mar-24,0,0,0,0,0,0.0,0.0,0.0,0.0,0.0,0.0,0.0,0.35,22.261430249589587
BM Duckett,ODI,2024,305,278,35,4,0,109.71,61.0,100.0,79.30000000000001,52.913,30.5,42.086330935251794,0.8985499999999998,305.0
BM Duckett,ODI,2025,537,508,68,8,0,105.7,35.8,100.0,82.34,71.71000000000001,17.9,44.88188976377953,0.8785,441.47058823529414
BM Duckett,ODI,2026,108,145,7,2,0,37.24,36.0,28.896,39.6,21.172,18.0,18.620689655172413,0.5362,289.20091324200916
BM Duckett,ODI,24-Jan-26,0,0,0,0,0,0.0,0.0,0.0,0.0,0.0,0.0,0.0,0.35,175.0276352151599
BM Duckett,ODI,27-Jan-26,0,0,0,0,0,0.0,0.0,0.0,0.0,0.0,0.0,0.0,0.35,111.91139879557174
BM Duckett,T20,06-Jun-25,0,0,0,0,0,0.0,0.0,0.0,0.0,0.0,0.0,0.0,0.35,0.0
BM Duckett,TEST,02-Jul-25,0,0,0,0,0,0.0,0.0,0.0,0.0,0.0,0.0,0.0,0.35,0.0
BM Duckett,TEST,04-Jan-26,0,0,0,0,0,0.0,0.0,0.0,0.0,0.0,0.0,0.0,0.35,0.0
BM Duckett,TEST,10-Jul-24,0,0,0,0,0,0.0,0.0,0.0,0.0,0.0,0.0,0.0,0.35,0.0
BM Duckett,TEST,2024,1149,1320,153,7,1,43.52,37.06,100.0,100.0,48.056,33.53,36.36363636363637,0.5676000000000001,453.61231741018554
BM Duckett,TEST,2025,735,833,100,6,0,44.115,40.83,100.0,100.0,43.2345,20.415,38.175270108043215,0.570575,555.0827593667736
BM Duckett,TEST,2026,69,79,11,0,0,43.67,34.5,39.468,34.5,13.101,17.25,41.77215189873417,0.56835,389.81425759136675
BM Pecic,T20,2024,0,0,0,0,0,0.0,0.0,0.0,0.0,0.0,0.0,0.0,0.35,0.0
BM Pecic,T20,2025,295,224,24,14,1,65.845,26.81,74.338,50.948,89.7535,28.405,50.892857142857146,0.679225,173.52941176470588
BM Pecic,T20,29-Jun-24,0,0,0,0,0,0.0,0.0,0.0,0.0,0.0,0.0,0.0,0.35,94.29223744292237
BM Pecic,T20,31-Oct-25,0,0,0,0,0,0.0,0.0,0.0,0.0,0.0,0.0,0.0,0.35,57.06671930517173
BM Scholtz,ODI,2024,485,99,9,2,2,68.575,28.42,45.43000000000001,71.236,30.5725,44.21,33.33333333333333,0.6928749999999999,485.0
BM Scholtz,ODI,2025,310,0,0,0,0,20.0,10.33,8.0,39.264,6.0,5.165,0.0,0.45,382.05882352941177
BM Scholtz,ODI,2026,137,13,0,0,2,115.61500000000001,128.0,46.24600000000001,100.0,34.6845,94.0,0.0,0.9280750000000001,270.1598173515982
BM Tickner,ODI,2025,159,0,0,0,0,16.0,17.66,6.4,30.028,4.8,8.83,0.0,0.43,159.0
BM Tickner,ODI,2026,94,21,2,0,0,37.656666666666666,18.75,19.062666666666665,24.4,11.296999999999999,9.375,28.57142857142857,0.5382833333333333,120.76470588235296
BM Tickner,TEST,2025,32,0,0,0,0,24.0,8.0,9.600000000000001,9.600000000000001,7.199999999999999,4.0,0.0,0.47,32.0
BRM Taylor,ODI,2025,0,0,0,0,0,0.0,0.0,0.0,0.0,0.0,0.0,0.0,0.35,0.0
BRM Taylor,T20,09-Feb-26,0,0,0,0,0,0.0,0.0,0.0,0.0,0.0,0.0,0.0,0.35,0.0
BRM Taylor,T20,2025,0,0,0,0,0,0.0,0.0,0.0,0.0,0.0,0.0,0.0,0.35,0.0
BRM Taylor,T20,2026,0,0,0,0,0,0.0,0.0,0.0,0.0,0.0,0.0,0.0,0.35,0.0
BRM Taylor,TEST,2025,83,162,13,0,0,51.23,27.66,46.492000000000004,30.428,15.368999999999998,13.83,24.074074074074073,0.60615,83.0
BT Foakes,TEST,02-Feb-24,0,0,0,0,0,0.0,0.0,0.0,0.0,0.0,0.0,0.0,0.35,0.0
BT Foakes,TEST,07-Mar-24,0,0,0,0,0,0.0,0.0,0.0,0.0,0.0,0.0,0.0,0.35,0.0
BT Foakes,TEST,15-Feb-24,0,0,0,0,0,0.0,0.0,0.0,0.0,0.0,0.0,0.0,0.35,0.0
BT Foakes,TEST,2024,205,521,18,2,0,19.67,20.5,43.868,36.900000000000006,15.901,10.25,11.516314779270633,0.44835,80.93170153967628
BT Foakes,TEST,23-Feb-24,0,0,0,0,0,0.0,0.0,0.0,0.0,0.0,0.0,0.0,0.35,51.74714218744366
BT Foakes,TEST,25-Jan-24,0,0,0,0,0,0.0,0.0,0.0,0.0,0.0,0.0,0.0,0.35,34.15307513676531
BTJ Wheal,T20,14-Feb-26,0,0,0,0,0,0.0,0.0,0.0,0.0,0.0,0.0,0.0,0.35,0.0
BV Sears,ODI,2025,197,0,0,0,0,20.6,19.7,8.24,35.46,6.180000000000001,9.85,0.0,0.45299999999999996,197.0
BV Sears,T20,2026,128,0,0,0,0,12.2,12.8,4.88,23.040000000000003,3.6599999999999997,6.4,0.0,0.41100000000000003,128.0
BV Sears,TEST,2024,161,0,0,0,0,39.6,32.2,15.840000000000002,41.86000000000001,11.88,16.1,0.0,0.5479999999999999,161.0
Babar Azam,ODI,08-Aug-25,0,0,0,0,0,0.0,0.0,0.0,0.0,0.0,0.0,0.0,0.35,0.0
Babar Azam,ODI,2024,228,298,25,1,2,76.51,57.0,80.604,68.4,27.953,58.5,26.174496644295303,0.7325499999999999,134.11764705882354
Babar Azam,ODI,2025,544,705,56,7,1,38.58,34.0,100.0,81.6,46.574,32.0,26.808510638297875,0.5428999999999999,321.2785388127854
Babar Azam,ODI,29-Mar-25,0,0,0,0,0,0.0,0.0,0.0,0.0,0.0,0.0,0.0,0.35,194.44137386498227
Babar Azam,T20,2024,738,554,76,20,1,66.605,33.54,100.0,100.0,100.0,31.77,51.985559566787,0.6830250000000001,738.0
Babar Azam,T20,2025,0,0,0,0,0,0.0,0.0,0.0,0.0,0.0,0.0,0.0,0.35,303.88235294117646
Babar Azam,T20,2026,167,142,11,3,1,58.8,27.83,45.519999999999996,38.964,32.64,28.915,29.577464788732392,0.644,241.3789954337899
Babar Azam,T20,29-Jan-26,0,0,0,0,0,0.0,0.0,0.0,0.0,0.0,0.0,0.0,0.35,146.08527437820763
Babar Azam,T20,29-Nov-25,0,0,0,0,0,0.0,0.0,0.0,0.0,0.0,0.0,0.0,0.35,93.40586347409035
Babar Azam,T20,31-Jan-26,0,0,0,0,0,0.0,0.0,0.0,0.0,0.0,0.0,0.0,0.35,61.64780002516005
Babar Azam,TEST,03-Jan-24,0,0,0,0,0,0.0,0.0,0.0,0.0,0.0,0.0,0.0,0.35,0.0
Babar Azam,TEST,2024,202,421,27,0,0,23.99,20.2,63.596000000000004,36.36,7.196999999999999,10.1,19.239904988123516,0.46995,118.82352941176471
Babar Azam,TEST,2025,315,583,38,0,0,27.015,31.5,86.806,56.7,8.1045,15.75,19.554030874785592,0.485075,208.40182648401827
Babar Azam,TEST,25-Jan-25,0,0,0,0,0,0.0,0.0,0.0,0.0,0.0,0.0,0.0,0.35,126.1271219897355
Babar Hayat,T20,17-Feb-24,0,0,0,0,0,0.0,0.0,0.0,0.0,0.0,0.0,0.0,0.35,0.0
Babar Hayat,T20,2024,651,474,31,50,2,68.67,31.0,89.468,89.89999999999999,100.0,45.5,51.265822784810126,0.6933500000000001,382.94117647058823
Babar Hayat,T20,2025,370,324,19,21,3,57.095,20.55,60.838,53.44,100.0,55.275,37.03703703703704,0.635475,377.0319634703197
Babar Hayat,T20,2026,0,0,0,0,0,0.0,0.0,0.0,0.0,0.0,0.0,0.0,0.35,228.18397157520727
Babar Hayat,T20,24-Jul-25,0,0,0,0,0,0.0,0.0,0.0,0.0,0.0,0.0,0.0,0.35,145.89917420936857
Baseer Khan,T20,2025,0,0,0,0,0,0.0,0.0,0.0,0.0,0.0,0.0,0.0,0.35,0.0
Basil Hameed,ODI,20-Sep-24,0,0,0,0,0,0.0,0.0,0.0,0.0,0.0,0.0,0.0,0.35,0.0
Basil Hameed,ODI,2024,515,304,16,11,1,43.083333333333336,40.14,49.233333333333334,83.612,67.925,35.07,26.644736842105264,0.5654166666666667,302.94117647058823
Basil Hameed,T20,08-Oct-25,0,0,0,0,0,0.0,0.0,0.0,0.0,0.0,0.0,0.0,0.35,0.0
Basil Hameed,T20,2024,240,0,0,0,0,11.25,12.0,4.5,33.6,3.375,6.0,0.0,0.40625,141.1764705882353
Basir Ahamad,ODI,2026,21,45,3,0,0,23.33,10.5,15.331999999999999,10.5,6.999,5.25,20.0,0.46665,21.0
Basir Ahamad,ODI,25-Apr-26,0,0,0,0,0,0.0,0.0,0.0,0.0,0.0,0.0,0.0,0.35,8.647058823529411
Bilal Khan,ODI,2024,149,0,0,0,0,27.33,24.83,10.932,34.764,8.199,12.415,0.0,0.48664999999999997,149.0
Bilal Tahir,T20,12-Apr-25,0,0,0,0,0,0.0,0.0,0.0,0.0,0.0,0.0,0.0,0.35,0.0
Bilal Zalmai,T20,2025,1989,650,103,57,3,59.336666666666666,31.5,100.0,100.0,100.0,60.75,73.84615384615385,0.6466833333333334,1989.0
Bilal Zalmai,T20,2026,150,80,15,11,1,93.75,25.0,67.5,35.0,83.125,27.5,97.5,0.81875,907.2352941176471
C Bosch,ODI,2025,817,204,24,5,3,54.51333333333333,58.7,69.80533333333334,100.0,41.354,74.35,42.64705882352941,0.6225666666666666,817.0
C Bosch,T20,2025,350,0,0,0,0,13.2,17.5,5.28,49.0,3.9599999999999995,8.75,0.0,0.41600000000000004,350.0
C Bosch,T20,2026,242,0,0,0,0,14.3,18.61,5.720000000000001,39.088,4.29,9.305,0.0,0.4215,286.47058823529414
C Bosch,TEST,2024,198,94,15,0,1,59.085,81.0,53.634,84.6,17.7255,55.5,47.87234042553192,0.645425,198.0
C Bosch,TEST,2025,349,225,16,1,1,35.199999999999996,54.66,46.08,78.628,15.559999999999999,42.33,22.666666666666668,0.5259999999999999,286.82352941176475
C Campher,ODI,2024,123,168,14,3,0,36.605,24.6,42.641999999999996,31.980000000000004,25.981499999999997,12.3,30.357142857142858,0.533025,123.0
C Campher,T20,2024,0,0,0,0,0,0.0,0.0,0.0,0.0,0.0,0.0,0.0,0.35,0.0
C Campher,T20,31-Jan-26,0,0,0,0,0,0.0,0.0,0.0,0.0,0.0,0.0,0.0,0.35,0.0
C Campher,TEST,2025,165,484,16,4,1,17.045,33.0,38.818,42.900000000000006,25.113500000000002,31.5,12.396694214876034,0.43522500000000003,165.0
C Carmichael,TEST,2025,100,213,11,0,0,46.94,25.0,40.775999999999996,30.0,14.081999999999999,12.5,15.492957746478874,0.5847,100.0
C Cassell,ODI,2024,50,0,0,0,0,10.0,7.14,4.0,10.712,3.0,3.57,0.0,0.4,50.0
C Chatphaisan,T20,08-May-25,0,0,0,0,0,0.0,0.0,0.0,0.0,0.0,0.0,0.0,0.35,0.0
C Chatphaisan,T20,2024,417,378,44,11,2,55.155,19.85,100.0,57.580000000000005,71.5465,39.925,43.650793650793645,0.625775,245.29411764705884
C Chatphaisan,T20,2025,0,0,0,0,0,0.0,0.0,0.0,0.0,0.0,0.0,0.0,0.35,133.28767123287673
C Chatphaisan,T20,24-Apr-25,0,0,0,0,0,0.0,0.0,0.0,0.0,0.0,0.0,0.0,0.35,80.66719305171733
C De Freitas,T20,2026,267,145,27,12,0,184.13,44.5,100.0,62.3,100.0,22.25,80.6896551724138,0.72935,267.0
C Esterhuizen,T20,15-Mar-26,0,0,0,0,0,0.0,0.0,0.0,0.0,0.0,0.0,0.0,0.35,0.0
C Esterhuizen,T20,17-Mar-26,0,0,0,0,0,0.0,0.0,0.0,0.0,0.0,0.0,0.0,0.35,0.0
C Esterhuizen,T20,2026,200,137,16,13,1,72.99,50.0,61.196,60.0,86.89699999999999,40.0,63.503649635036496,0.7149500000000001,91.32420091324201
C Esterhuizen,T20,22-Mar-26,0,0,0,0,0,0.0,0.0,0.0,0.0,0.0,0.0,0.0,0.35,55.27043031977892
C Esterhuizen,T20,25-Mar-26,0,0,0,0,0,0.0,0.0,0.0,0.0,0.0,0.0,0.0,0.35,35.339511737766394
C Fortuin,TEST,04-Feb-24,0,0,0,0,0,0.0,0.0,0.0,0.0,0.0,0.0,0.0,0.35,0.0
C Fortuin,TEST,13-Feb-24,0,0,0,0,0,0.0,0.0,0.0,0.0,0.0,0.0,0.0,0.35,0.0
C Fortuin,TEST,2024,0,0,0,0,0,0.0,0.0,0.0,0.0,0.0,0.0,0.0,0.35,0.0
C Green,ODI,19-Aug-25,0,0,0,0,0,0.0,0.0,0.0,0.0,0.0,0.0,0.0,0.35,0.0
C Green,ODI,19-Sep-24,0,0,0,0,0,0.0,0.0,0.0,0.0,0.0,0.0,0.0,0.35,0.0
C Green,ODI,2024,184,226,18,3,1,40.705,61.33,52.282,67.464,27.2115,45.665,27.876106194690266,0.553525,84.01826484018265
C Green,ODI,2025,156,117,9,8,1,66.665,78.0,44.666000000000004,78.0,59.9995,54.0,43.58974358974359,0.6833250000000001,112.43584682195026
C Green,ODI,22-Aug-25,0,0,0,0,0,0.0,0.0,0.0,0.0,0.0,0.0,0.0,0.35,71.89066387797051
C Green,ODI,24-Aug-25,0,0,0,0,0,0.0,0.0,0.0,0.0,0.0,0.0,0.0,0.35,47.44778438512565
C Green,T20,01-Feb-26,0,0,0,0,0,0.0,0.0,0.0,0.0,0.0,0.0,0.0,0.35,0.0
C Green,T20,11-Feb-26,0,0,0,0,0,0.0,0.0,0.0,0.0,0.0,0.0,0.0,0.35,0.0
C Green,T20,2025,258,153,21,15,2,84.31,43.0,75.724,60.2,100.0,51.5,70.58823529411765,0.77155,117.8082191780822
C Green,T20,2026,117,95,7,5,0,61.575,19.5,38.63,27.3,43.4725,9.75,37.89473684210527,0.657875,117.48914330833006
C Green,T20,22-Jul-25,0,0,0,0,0,0.0,0.0,0.0,0.0,0.0,0.0,0.0,0.35,75.12170495113773
C Green,T20,29-Jan-26,0,0,0,0,0,0.0,0.0,0.0,0.0,0.0,0.0,0.0,0.35,49.58026907659198
C Green,TEST,03-Jul-25,0,0,0,0,0,0.0,0.0,0.0,0.0,0.0,0.0,0.0,0.35,0.0
C Green,TEST,04-Jan-26,0,0,0,0,0,0.0,0.0,0.0,0.0,0.0,0.0,0.0,0.35,0.0
C Green,TEST,17-Jan-24,0,0,0,0,0,0.0,0.0,0.0,0.0,0.0,0.0,0.0,0.35,0.0
C Green,TEST,2024,457,530,40,6,1,35.79333333333333,50.33,94.31733333333334,85.964,40.738,40.165,26.037735849056602,0.5289666666666666,180.41847611527834
C Green,TEST,2025,458,586,38,0,0,42.28333333333333,52.66,92.91333333333333,87.928,12.684999999999999,26.33,19.453924914675767,0.5614166666666667,280.51638960008654
C Green,TEST,2026,184,91,6,1,1,69.61,125.0,39.844,100.0,25.883,77.5,23.076923076923077,0.6980500000000001,247.7007449416389
C Green,TEST,29-Feb-24,0,0,0,0,0,0.0,0.0,0.0,0.0,0.0,0.0,0.0,0.35,166.7215353376581
C Hinze,T20,2024,290,0,0,0,0,14.66,12.08,5.864000000000001,38.664,4.398,6.04,0.0,0.4233,290.0
C Kyewuta,T20,2024,334,0,0,0,0,12.03,12.84,4.812,43.672,3.6089999999999995,6.42,0.0,0.41015,334.0
C Madande,ODI,06-Jan-24,0,0,0,0,0,0.0,0.0,0.0,0.0,0.0,0.0,0.0,0.35,0.0
C Madande,ODI,2024,0,0,0,0,0,0.0,0.0,0.0,0.0,0.0,0.0,0.0,0.35,0.0
C Madande,ODI,2025,0,0,0,0,0,0.0,0.0,0.0,0.0,0.0,0.0,0.0,0.35,0.0
C Madande,ODI,28-Nov-24,0,0,0,0,0,0.0,0.0,0.0,0.0,0.0,0.0,0.0,0.35,0.0
C Madande,T20,2024,279,226,24,11,3,61.725,21.46,72.69,45.068,73.5175,55.730000000000004,46.46017699115044,0.658625,279.0
C Madande,TEST,2024,0,0,0,0,0,0.0,0.0,0.0,0.0,0.0,0.0,0.0,0.35,0.0
C Madande,TEST,25-Jul-24,0,0,0,0,0,0.0,0.0,0.0,0.0,0.0,0.0,0.0,0.35,0.0
C Munoz-Mills,T20,14-Apr-24,0,0,0,0,0,0.0,0.0,0.0,0.0,0.0,0.0,0.0,0.35,0.0
C Munoz-Mills,T20,2024,0,0,0,0,0,0.0,0.0,0.0,0.0,0.0,0.0,0.0,0.35,0.0
C Munoz-Mills,T20,25-Aug-24,0,0,0,0,0,0.0,0.0,0.0,0.0,0.0,0.0,0.0,0.35,0.0
C Nunes,T20,09-Apr-26,0,0,0,0,0,0.0,0.0,0.0,0.0,0.0,0.0,0.0,0.35,0.0
C Nunes,T20,2025,0,0,0,0,0,0.0,0.0,0.0,0.0,0.0,0.0,0.0,0.35,0.0
C Nunes,T20,2026,0,0,0,0,0,0.0,0.0,0.0,0.0,0.0,0.0,0.0,0.35,0.0
C Nunes,T20,30-May-25,0,0,0,0,0,0.0,0.0,0.0,0.0,0.0,0.0,0.0,0.35,0.0
C Pyle,T20,07-May-26,0,0,0,0,0,0.0,0.0,0.0,0.0,0.0,0.0,0.0,0.35,0.0
C Pyle,T20,08-May-26,0,0,0,0,0,0.0,0.0,0.0,0.0,0.0,0.0,0.0,0.35,0.0
C Pyle,T20,09-May-26,0,0,0,0,0,0.0,0.0,0.0,0.0,0.0,0.0,0.0,0.35,0.0
C Pyle,T20,2024,0,0,0,0,0,0.0,0.0,0.0,0.0,0.0,0.0,0.0,0.35,0.0
C Pyle,T20,2026,0,0,0,0,0,0.0,0.0,0.0,0.0,0.0,0.0,0.0,0.35,0.0
C Roberts,T20,2026,195,179,12,1,2,108.93,39.0,67.572,50.7,37.679,49.5,21.787709497206706,0.8946500000000001,195.0
C Rumistrzewicz,T20,2024,148,0,0,0,0,9.22,8.22,3.6880000000000006,21.376,2.766,4.11,0.0,0.3961,148.0
C Stephenson,T20,2024,0,0,0,0,0,0.0,0.0,0.0,0.0,0.0,0.0,0.0,0.35,0.0
C Sudarsanan,T20,2024,0,0,0,0,0,0.0,0.0,0.0,0.0,0.0,0.0,0.0,0.35,0.0
C Sudarsanan,T20,2025,0,0,0,0,0,0.0,0.0,0.0,0.0,0.0,0.0,0.0,0.35,0.0
C Sudarsanan,T20,28-Aug-24,0,0,0,0,0,0.0,0.0,0.0,0.0,0.0,0.0,0.0,0.35,0.0
C Tear,ODI,04-Sep-25,0,0,0,0,0,0.0,0.0,0.0,0.0,0.0,0.0,0.0,0.35,0.0
C Tear,ODI,2024,237,347,18,5,3,68.29,39.5,63.316,55.3,45.487,64.75,19.88472622478386,0.6914500000000001,139.41176470588235
C Tear,ODI,2025,252,281,33,2,0,44.835,25.2,83.934,45.36,23.450499999999998,12.6,37.36654804270463,0.574175,190.82191780821918
C Tear,T20,14-Mar-24,0,0,0,0,0,0.0,0.0,0.0,0.0,0.0,0.0,0.0,0.35,0.0
C Tommy,T20,08-May-26,0,0,0,0,0,0.0,0.0,0.0,0.0,0.0,0.0,0.0,0.35,0.0
C Tommy,T20,2026,0,0,0,0,0,0.0,0.0,0.0,0.0,0.0,0.0,0.0,0.35,0.0
C Wickramasinghe,ODI,08-Jan-25,0,0,0,0,0,0.0,0.0,0.0,0.0,0.0,0.0,0.0,0.35,0.0
CA Young,ODI,2024,223,0,0,0,0,28.5,27.87,11.4,44.596000000000004,8.549999999999999,13.935,0.0,0.4925,223.0
CA Young,TEST,2024,132,0,0,0,0,34.25,16.5,13.700000000000001,26.4,10.275,8.25,0.0,0.52125,132.0
CAK Rajitha,TEST,2024,171,0,0,0,0,30.0,17.1,12.0,30.78,9.0,8.55,0.0,0.5,171.0
CB Sole,T20,22-May-24,0,0,0,0,0,0.0,0.0,0.0,0.0,0.0,0.0,0.0,0.35,0.0
CBRLS Kumara,TEST,2024,717,0,0,0,0,18.55,23.9,7.420000000000001,90.82000000000001,5.565,11.95,0.0,0.44275,717.0
CC Machado,T20,03-Apr-26,0,0,0,0,0,0.0,0.0,0.0,0.0,0.0,0.0,0.0,0.35,0.0
CC Machado,T20,05-Apr-26,0,0,0,0,0,0.0,0.0,0.0,0.0,0.0,0.0,0.0,0.35,0.0
CC Machado,T20,2026,0,0,0,0,0,0.0,0.0,0.0,0.0,0.0,0.0,0.0,0.35,0.0
CF Tlali,T20,13-Mar-26,0,0,0,0,0,0.0,0.0,0.0,0.0,0.0,0.0,0.0,0.35,0.0
CF Tlali,T20,2024,0,0,0,0,0,0.0,0.0,0.0,0.0,0.0,0.0,0.0,0.35,0.0
CF Tlali,T20,2026,0,0,0,0,0,0.0,0.0,0.0,0.0,0.0,0.0,0.0,0.35,0.0
CF Tlali,T20,31-Mar-24,0,0,0,0,0,0.0,0.0,0.0,0.0,0.0,0.0,0.0,0.35,0.0
CJ Stamp,T20,13-Jul-25,0,0,0,0,0,0.0,0.0,0.0,0.0,0.0,0.0,0.0,0.35,0.0
CJ Stamp,T20,2025,0,0,0,0,0,0.0,0.0,0.0,0.0,0.0,0.0,0.0,0.35,0.0
CJPF Kalugamage,T20,2026,194,0,0,0,0,13.63,17.63,5.452000000000001,33.504,4.089,8.815,0.0,0.41814999999999997,194.0
CK Jasmat,T20,24-Aug-24,0,0,0,0,0,0.0,0.0,0.0,0.0,0.0,0.0,0.0,0.35,0.0
CM McBride,ODI,12-Apr-26,0,0,0,0,0,0.0,0.0,0.0,0.0,0.0,0.0,0.0,0.35,0.0
CM McBride,ODI,2026,12,8,0,1,0,75.0,12.0,30.0,10.8,27.5,6.0,37.5,0.725,7.0588235294117645
CN Ackermann,ODI,2024,63,0,1,0,0,21.6,12.6,10.64,16.38,6.48,6.3,100.0,0.45799999999999996,63.0
CN Greaves,ODI,22-Jul-24,0,0,0,0,0,0.0,0.0,0.0,0.0,0.0,0.0,0.0,0.35,0.0
CN Kakuru,T20,2025,0,0,0,0,0,0.0,0.0,0.0,0.0,0.0,0.0,0.0,0.35,0.0
CPL Connolly,ODI,2025,106,0,0,0,0,22.0,17.66,8.8,24.728,6.6,8.83,0.0,0.46,106.0
CPL Connolly,T20,11-Feb-26,0,0,0,0,0,0.0,0.0,0.0,0.0,0.0,0.0,0.0,0.35,0.0
CR Ervine,ODI,06-Jan-24,0,0,0,0,0,0.0,0.0,0.0,0.0,0.0,0.0,0.0,0.35,0.0
CR Ervine,ODI,08-Jan-24,0,0,0,0,0,0.0,0.0,0.0,0.0,0.0,0.0,0.0,0.35,0.0
CR Ervine,ODI,2024,167,241,18,2,1,34.645,20.87,49.858000000000004,33.396,20.393500000000003,25.435000000000002,24.896265560165975,0.523225,76.25570776255708
CR Ervine,ODI,2025,139,130,8,7,1,106.92,69.5,58.768,69.5,67.076,49.75,34.61538461538462,0.8846,101.02645084879589
CR Ervine,TEST,02-Jan-25,0,0,0,0,0,0.0,0.0,0.0,0.0,0.0,0.0,0.0,0.35,0.0
CR Ervine,TEST,20-Apr-25,0,0,0,0,0,0.0,0.0,0.0,0.0,0.0,0.0,0.0,0.35,0.0
CR Ervine,TEST,20-Oct-25,0,0,0,0,0,0.0,0.0,0.0,0.0,0.0,0.0,0.0,0.35,0.0
CR Ervine,TEST,2024,138,256,12,0,1,53.9,46.0,45.56,50.60000000000001,16.169999999999998,38.0,14.0625,0.6195,54.48085274378208
CR Ervine,TEST,2025,461,1029,51,3,0,22.4,27.11,100.0,67.78800000000001,21.72,13.555,15.743440233236152,0.462,201.07460964263822
CR Ervine,TEST,28-Jun-25,0,0,0,0,0,0.0,0.0,0.0,0.0,0.0,0.0,0.0,0.35,132.70909196000233
CR Woakes,TEST,2024,987,382,25,0,2,35.13666666666666,24.09,64.05466666666666,100.0,10.540999999999999,42.045,19.63350785340314,0.5256833333333333,987.0
CR Woakes,TEST,2025,638,155,6,2,1,70.005,52.18,40.001999999999995,100.0,31.001499999999997,41.09,15.483870967741936,0.700025,781.7058823529412
CV Anto,T20,01-Mar-26,0,0,0,0,0,0.0,0.0,0.0,0.0,0.0,0.0,0.0,0.35,0.0
CV Anto,T20,2024,529,326,35,40,4,162.26,26.45,100.0,74.06,100.0,73.225,69.01840490797547,0.8387,311.1764705882353
CV Anto,T20,2025,259,172,20,18,0,150.58,32.37,100.0,51.796,100.0,16.185,66.27906976744187,0.8970999999999999,287.351598173516
CV Anto,T20,2026,0,0,0,0,0,0.0,0.0,0.0,0.0,0.0,0.0,0.0,0.35,173.90840900118437
CV Varun,ODI,2025,190,0,0,0,0,24.0,19.0,9.600000000000001,34.2,7.199999999999999,9.5,0.0,0.47,190.0
CV Varun,T20,2025,475,0,0,0,0,11.16,13.19,4.464,58.052,3.348,6.595,0.0,0.4058,475.0
CV Varun,T20,2026,395,0,0,0,0,14.33,21.94,5.732,57.05200000000001,4.2989999999999995,10.97,0.0,0.42164999999999997,427.94117647058823
Chaudhary Akram,T20,2026,0,0,0,0,0,0.0,0.0,0.0,0.0,0.0,0.0,0.0,0.35,0.0
Codi Yusuf,TEST,2025,122,0,0,0,0,14.1,12.2,5.640000000000001,21.96,4.2299999999999995,6.1,0.0,0.4205,122.0
D Brevis,ODI,2025,230,160,10,20,1,71.875,28.75,48.75,46.0,100.0,29.375,56.25,0.709375,230.0
D Brevis,T20,2025,464,263,27,39,2,176.42,30.93,100.0,71.144,100.0,45.465,75.2851711026616,0.7679,464.0
D Brevis,T20,2026,228,157,12,16,0,72.61,25.33,53.044,43.064,100.0,12.665,53.503184713375795,0.7130500000000001,325.1764705882353
D Brevis,TEST,06-Jul-25,0,0,0,0,0,0.0,0.0,0.0,0.0,0.0,0.0,0.0,0.35,0.0
D Brevis,TEST,2025,138,144,13,6,0,47.915,23.0,45.166,32.2,44.3745,11.5,39.583333333333336,0.589575,81.17647058823529
D Doyle-Calle,T20,2024,0,0,0,0,0,0.0,0.0,0.0,0.0,0.0,0.0,0.0,0.35,0.0
D Ebersohn,T20,2026,0,0,0,0,0,0.0,0.0,0.0,0.0,0.0,0.0,0.0,0.35,0.0
D Ferreira,ODI,2025,0,0,0,0,0,0.0,0.0,0.0,0.0,0.0,0.0,0.0,0.35,0.0
D Foxcroft,ODI,20-Apr-26,0,0,0,0,0,0.0,0.0,0.0,0.0,0.0,0.0,0.0,0.35,0.0
D Foxcroft,ODI,2026,235,165,8,7,0,47.6,49.66,35.040000000000006,63.228,49.28,24.83,27.272727272727273,0.588,138.23529411764707
D Gumyusenge,T20,10-Oct-24,0,0,0,0,0,0.0,0.0,0.0,0.0,0.0,0.0,0.0,0.35,0.0
D Gumyusenge,T20,2024,0,0,0,0,0,0.0,0.0,0.0,0.0,0.0,0.0,0.0,0.35,0.0
D Gumyusenge,T20,2025,277,254,23,12,1,54.525,17.31,67.81,41.548,76.3575,23.655,41.338582677165356,0.622625,126.48401826484019
D Heyliger,ODI,2024,745,154,18,7,2,67.68,23.85,63.072,93.58,55.304,41.925,48.701298701298704,0.6884,745.0
D Heyliger,ODI,2025,261,0,0,0,0,26.4,26.1,10.56,46.980000000000004,7.919999999999999,13.05,0.0,0.48200000000000004,460.29411764705884
D Jakiel,T20,2024,348,0,0,0,0,17.22,19.33,6.888,50.263999999999996,5.1659999999999995,9.665,0.0,0.4361,348.0
D Jakiel,T20,2026,72,0,0,0,0,10.5,9.0,4.2,14.4,3.15,4.5,0.0,0.4025,185.64705882352942
D Jansen,T20,2026,0,0,0,0,0,0.0,0.0,0.0,0.0,0.0,0.0,0.0,0.35,0.0
D Johnson,T20,23-Apr-25,0,0,0,0,0,0.0,0.0,0.0,0.0,0.0,0.0,0.0,0.35,0.0
D Kansonkho,T20,2024,0,0,0,0,0,0.0,0.0,0.0,0.0,0.0,0.0,0.0,0.35,0.0
D Khanal,ODI,2024,0,0,0,0,0,0.0,0.0,0.0,0.0,0.0,0.0,0.0,0.35,0.0
D Madushanka,ODI,2024,386,0,0,0,0,13.21,27.57,5.284000000000001,60.656000000000006,3.963,13.785,0.0,0.41605000000000003,386.0
D Maisuria,T20,2026,23,0,0,0,0,3.56,2.87,1.4240000000000002,4.596,1.068,1.435,0.0,0.3678,23.0
D Myers,T20,09-Feb-26,0,0,0,0,0,0.0,0.0,0.0,0.0,0.0,0.0,0.0,0.35,0.0
D Myers,T20,2024,340,265,32,12,2,128.3,24.28,100.0,53.42400000000001,98.49000000000001,42.14,49.81132075471698,0.95,200.0
D Myers,TEST,02-Jan-25,0,0,0,0,0,0.0,0.0,0.0,0.0,0.0,0.0,0.0,0.35,0.0
D Myers,TEST,2024,98,217,10,0,0,45.16,24.5,38.064,29.400000000000002,13.547999999999998,12.25,13.824884792626728,0.5758,57.64705882352941
D Ndikubwimana,T20,13-Dec-24,0,0,0,0,0,0.0,0.0,0.0,0.0,0.0,0.0,0.0,0.35,0.0
D Ndikubwimana,T20,2024,524,578,59,9,3,45.325,24.95,100.0,72.36,58.5975,57.475,35.294117647058826,0.576625,308.2352941176471
D Ndikubwimana,T20,2025,411,413,43,5,1,49.755,27.4,100.0,63.02,39.926500000000004,28.7,34.86682808716707,0.598775,355.1598173515982
D Norotam,T20,2025,0,0,0,0,0,0.0,0.0,0.0,0.0,0.0,0.0,0.0,0.35,0.0
D Norotam,T20,2026,165,119,18,4,0,138.65,27.5,91.46000000000001,38.5,61.595,13.75,55.46218487394958,0.95,97.05882352941177
D Padikkal,TEST,07-Mar-24,0,0,0,0,0,0.0,0.0,0.0,0.0,0.0,0.0,0.0,0.35,0.0
D Padikkal,TEST,2024,90,197,12,1,0,45.68,30.0,42.272000000000006,33.0,18.704,15.0,19.796954314720814,0.5784,52.94117647058824
D Panda,T20,2026,391,165,12,4,2,65.11500000000001,26.5,50.04600000000001,60.300000000000004,39.5345,43.25,29.09090909090909,0.675575,391.0
D Parashar,ODI,2024,93,0,0,0,0,38.4,18.6,15.36,24.180000000000003,11.52,9.3,0.0,0.542,93.0
D Parashar,ODI,2025,134,223,9,2,3,60.08,26.8,42.032,34.84,28.023999999999997,58.4,14.798206278026905,0.6503999999999999,117.11764705882354
D Parashar,T20,2024,245,0,0,0,0,7.5,13.61,3.0,35.388,2.25,6.805,0.0,0.3875,245.0
D Parashar,T20,2025,0,0,0,0,0,0.0,0.0,0.0,0.0,0.0,0.0,0.0,0.35,100.88235294117648
D Paterson,TEST,2024,490,0,0,0,0,46.28,23.33,18.512,67.664,13.884,11.665,0.0,0.5814,490.0
D Sabir,T20,2024,0,0,0,0,0,0.0,0.0,0.0,0.0,0.0,0.0,0.0,0.35,0.0
D Sabir,T20,2025,197,0,0,0,0,11.7,11.58,4.68,28.964,3.51,5.79,0.0,0.40850000000000003,115.88235294117648
D Suzuki,T20,2024,0,0,0,0,0,0.0,0.0,0.0,0.0,0.0,0.0,0.0,0.35,0.0
D Visser,T20,2025,313,248,44,6,2,126.2,34.77,100.0,59.116,67.86,47.385000000000005,60.48387096774193,0.95,313.0
D Visser,T20,24-Aug-24,0,0,0,0,0,0.0,0.0,0.0,0.0,0.0,0.0,0.0,0.35,128.88235294117646
DA Miller,ODI,19-Dec-24,0,0,0,0,0,0.0,0.0,0.0,0.0,0.0,0.0,0.0,0.35,0.0
DA Miller,ODI,2024,0,0,0,0,0,0.0,0.0,0.0,0.0,0.0,0.0,0.0,0.35,0.0
DA Miller,ODI,22-Dec-24,0,0,0,0,0,0.0,0.0,0.0,0.0,0.0,0.0,0.0,0.35,0.0
DA Miller,T20,2024,323,273,18,21,2,118.31,29.36,83.32400000000001,55.788,100.0,44.68,42.857142857142854,0.94155,323.0
DA Miller,T20,2026,174,112,12,10,3,155.35,58.0,86.14,63.800000000000004,96.60499999999999,74.0,58.92857142857143,0.8732500000000001,235.3529411764706
DA Warner,T20,2024,383,252,42,17,1,151.98,38.3,100.0,68.94,100.0,34.15,70.23809523809524,0.8901,383.0
DA Warner,TEST,03-Jan-24,0,0,0,0,0,0.0,0.0,0.0,0.0,0.0,0.0,0.0,0.35,0.0
DA Warner,TEST,2024,91,143,11,0,0,63.63,45.5,47.452,45.5,19.089,22.75,23.076923076923077,0.66815,53.529411764705884
DAM Louis,T20,2025,240,0,0,0,0,6.0,14.11,2.4000000000000004,35.288,1.7999999999999998,7.055,0.0,0.38,240.0
DC Jurel,T20,28-Jan-25,0,0,0,0,0,0.0,0.0,0.0,0.0,0.0,0.0,0.0,0.35,0.0
DC Jurel,TEST,02-Oct-25,0,0,0,0,0,0.0,0.0,0.0,0.0,0.0,0.0,0.0,0.35,0.0
DC Jurel,TEST,07-Mar-24,0,0,0,0,0,0.0,0.0,0.0,0.0,0.0,0.0,0.0,0.35,0.0
DC Jurel,TEST,10-Oct-25,0,0,0,0,0,0.0,0.0,0.0,0.0,0.0,0.0,0.0,0.35,0.0
DC Jurel,TEST,14-Nov-25,0,0,0,0,0,0.0,0.0,0.0,0.0,0.0,0.0,0.0,0.35,0.0
DC Jurel,TEST,15-Feb-24,0,0,0,0,0,0.0,0.0,0.0,0.0,0.0,0.0,0.0,0.35,0.0
DC Jurel,TEST,2024,202,380,14,7,1,26.575,40.4,38.63,52.519999999999996,42.9725,35.2,16.57894736842105,0.482875,68.68015109633242
DC Jurel,TEST,2025,257,443,33,3,1,19.336666666666666,32.12,73.73466666666667,51.396,20.801,31.06,24.37923250564334,0.4466833333333334,130.24634671093648
DC Jurel,TEST,23-Feb-24,0,0,0,0,0,0.0,0.0,0.0,0.0,0.0,0.0,0.0,0.35,88.78211208531539
DC Jurel,TEST,31-Jul-25,0,0,0,0,0,0.0,0.0,0.0,0.0,0.0,0.0,0.0,0.35,61.0274788997201
DG Bedingham,TEST,03-Jan-25,0,0,0,0,0,0.0,0.0,0.0,0.0,0.0,0.0,0.0,0.35,0.0
DG Bedingham,TEST,11-Jun-25,0,0,0,0,0,0.0,0.0,0.0,0.0,0.0,0.0,0.0,0.35,0.0
DG Bedingham,TEST,2024,540,789,62,12,1,34.22,31.76,100.0,79.408,70.266,30.880000000000003,28.136882129277566,0.5211,246.57534246575344
DG Bedingham,TEST,2025,232,352,22,3,2,32.95,46.4,57.18,60.31999999999999,24.884999999999998,53.2,21.306818181818183,0.51475,240.82116067903672
DG Bedingham,TEST,27-Nov-24,0,0,0,0,0,0.0,0.0,0.0,0.0,0.0,0.0,0.0,0.35,153.97930114312504
DJ Hawoe,T20,2024,516,0,0,0,0,10.165,21.5,4.066,68.8,3.0494999999999997,10.75,0.0,0.400825,516.0
DJ Hawoe,T20,2025,820,0,0,0,0,10.56,26.45,4.224,100.0,3.168,13.225,0.0,0.4028,694.8235294117648
DJ Hawoe,T20,2026,469,99,3,10,3,44.72666666666667,23.46,23.890666666666668,65.668,63.418,56.730000000000004,39.3939393939394,0.5736333333333333,591.7077625570777
DJ Hawoe,T20,28-Sep-24,0,0,0,0,0,0.0,0.0,0.0,0.0,0.0,0.0,0.0,0.35,358.1081721279116
DJ Mitchell,ODI,02-Apr-25,0,0,0,0,0,0.0,0.0,0.0,0.0,0.0,0.0,0.0,0.35,0.0
DJ Mitchell,ODI,08-Jan-25,0,0,0,0,0,0.0,0.0,0.0,0.0,0.0,0.0,0.0,0.35,0.0
DJ Mitchell,ODI,14-Jan-26,0,0,0,0,0,0.0,0.0,0.0,0.0,0.0,0.0,0.0,0.35,0.0
DJ Mitchell,ODI,18-Jan-26,0,0,0,0,0,0.0,0.0,0.0,0.0,0.0,0.0,0.0,0.35,0.0
DJ Mitchell,ODI,2025,761,883,57,19,2,43.09,54.35,100.0,100.0,100.0,57.175,25.82106455266138,0.56545,274.422126861635
DJ Mitchell,ODI,2026,352,319,31,8,1,55.17,176.0,84.068,100.0,56.551,100.0,36.677115987460816,0.62585,300.79866175705587
DJ Mitchell,ODI,29-Mar-25,0,0,0,0,0,0.0,0.0,0.0,0.0,0.0,0.0,0.0,0.35,202.46049210495946
DJ Mitchell,T20,14-Feb-26,0,0,0,0,0,0.0,0.0,0.0,0.0,0.0,0.0,0.0,0.35,0.0
DJ Mitchell,T20,17-Jun-24,0,0,0,0,0,0.0,0.0,0.0,0.0,0.0,0.0,0.0,0.35,0.0
DJ Mitchell,T20,2024,274,173,24,9,2,158.38,39.14,100.0,58.712,92.514,49.57,57.22543352601156,0.8581,125.11415525114155
DJ Mitchell,T20,2025,298,210,17,13,5,70.95,29.8,62.38,53.64,86.285,89.9,42.857142857142854,0.70475,193.36754836162652
DJ Mitchell,T20,2026,205,131,15,10,2,78.24,25.62,61.296,40.996,73.472,42.81,57.25190839694657,0.7412000000000001,197.56229490461936
DJ Mitchell,T20,26-Jul-25,0,0,0,0,0,0.0,0.0,0.0,0.0,0.0,0.0,0.0,0.35,130.3909668601271
DJ Mitchell,TEST,01-Nov-24,0,0,0,0,0,0.0,0.0,0.0,0.0,0.0,0.0,0.0,0.35,0.0
DJ Mitchell,TEST,18-Sep-24,0,0,0,0,0,0.0,0.0,0.0,0.0,0.0,0.0,0.0,0.35,0.0
DJ Mitchell,TEST,2024,607,1213,58,11,1,25.02,30.35,100.0,84.98,62.506,30.175,17.06512778235779,0.47509999999999997,277.1689497716895
DJ Mitchell,TEST,2025,116,201,6,3,0,28.855,38.66,23.542,42.528,23.6565,19.33,13.432835820895521,0.494275,213.54125542834583
DJ Mitchell,TEST,24-Oct-24,0,0,0,0,0,0.0,0.0,0.0,0.0,0.0,0.0,0.0,0.35,136.5367278496989
DK Kesuma,T20,11-Apr-26,0,0,0,0,0,0.0,0.0,0.0,0.0,0.0,0.0,0.0,0.35,0.0
DK Kesuma,T20,2024,397,345,47,13,1,57.535,22.05,100.0,57.34,82.2605,26.025,52.17391304347826,0.637675,233.52941176470588
DK Kesuma,T20,2025,670,589,69,25,7,56.875,21.61,100.0,84.288,100.0,100.0,47.87775891341256,0.634375,432.8310502283105
DK Kesuma,T20,2026,0,0,0,0,0,0.0,0.0,0.0,0.0,0.0,0.0,0.0,0.35,261.9542045005922
DK Kesuma,T20,29-Dec-25,0,0,0,0,0,0.0,0.0,0.0,0.0,0.0,0.0,0.0,0.35,167.49161588114384
DK Shetty,T20,2025,277,0,0,0,0,15.75,17.31,6.300000000000001,41.548,4.725,8.655,0.0,0.42875,277.0
DL Piedt,TEST,2024,429,181,7,1,2,50.33,31.45,34.132000000000005,68.06,20.098999999999997,45.725,13.259668508287293,0.60165,429.0
DM de Silva,ODI,2026,163,96,5,0,0,30.483333333333334,26.0,22.193333333333335,37.1,9.145,13.0,15.625,0.5024166666666666,163.0
DM de Silva,ODI,22-Jan-26,0,0,0,0,0,0.0,0.0,0.0,0.0,0.0,0.0,0.0,0.35,67.11764705882352
DM de Silva,T20,18-Jan-24,0,0,0,0,0,0.0,0.0,0.0,0.0,0.0,0.0,0.0,0.35,0.0
DM de Silva,TEST,02-Feb-24,0,0,0,0,0,0.0,0.0,0.0,0.0,0.0,0.0,0.0,0.35,0.0
DM de Silva,TEST,17-Jun-25,0,0,0,0,0,0.0,0.0,0.0,0.0,0.0,0.0,0.0,0.35,0.0
DM de Silva,TEST,2024,983,1116,81,7,0,47.54,45.5,100.0,100.0,49.262,22.75,23.65591397849462,0.5877,448.8584474885845
DM de Silva,TEST,2025,202,207,19,1,1,36.31,26.66,52.524,41.528000000000006,15.893,28.33,28.985507246376812,0.53155,351.4015001973944
DM de Silva,TEST,22-Mar-24,0,0,0,0,0,0.0,0.0,0.0,0.0,0.0,0.0,0.0,0.35,224.68356712704193
DM de Silva,TEST,26-Sep-24,0,0,0,0,0,0.0,0.0,0.0,0.0,0.0,0.0,0.0,0.35,148.29098624016973
DMW Rawlins,T20,2025,393,288,22,25,2,68.225,39.3,71.28999999999999,70.74,100.0,49.65,48.958333333333336,0.691125,393.0
DMW Rawlins,T20,23-Apr-25,0,0,0,0,0,0.0,0.0,0.0,0.0,0.0,0.0,0.0,0.35,161.8235294117647
DN Wellalage,ODI,2024,466,164,11,4,2,42.29333333333333,35.5,38.91733333333333,75.0,32.688,47.75,27.4390243902439,0.5614666666666666,466.0
DN Wellalage,ODI,2025,133,0,0,0,0,22.75,16.62,9.1,26.596000000000004,6.825,8.31,0.0,0.46375,270.11764705882354
DN Wellalage,ODI,2026,207,55,6,2,1,70.60333333333334,70.0,40.24133333333334,76.7,31.181,50.0,43.63636363636363,0.7030166666666667,241.29680365296807
DN Wellalage,ODI,22-Jan-26,0,0,0,0,0,0.0,0.0,0.0,0.0,0.0,0.0,0.0,0.35,146.03553099091988
DN Wellalage,ODI,27-Jan-26,0,0,0,0,0,0.0,0.0,0.0,0.0,0.0,0.0,0.0,0.35,93.37405791352639
DN Wellalage,T20,2026,253,0,0,0,0,20.4,25.3,8.16,45.540000000000006,6.119999999999999,12.65,0.0,0.452,253.0
DO Leicher,ODI,04-Apr-26,0,0,0,0,0,0.0,0.0,0.0,0.0,0.0,0.0,0.0,0.35,0.0
DO Leicher,ODI,2026,81,44,3,1,1,44.57333333333333,38.0,23.829333333333334,38.5,18.372,34.0,27.272727272727273,0.5728666666666666,47.64705882352941
DP Conway,ODI,2025,369,446,46,5,0,82.73,46.12,100.0,73.79599999999999,49.819,23.06,34.30493273542601,0.76365,369.0
DP Conway,ODI,2026,77,92,10,1,0,83.69,25.66,53.476,28.228,30.107,12.83,35.869565217391305,0.76845,197.23529411764707
DP Conway,T20,12-Jan-24,0,0,0,0,0,0.0,0.0,0.0,0.0,0.0,0.0,0.0,0.35,0.0
DP Conway,T20,12-Jun-24,0,0,0,0,0,0.0,0.0,0.0,0.0,0.0,0.0,0.0,0.35,0.0
DP Conway,T20,13-Nov-25,0,0,0,0,0,0.0,0.0,0.0,0.0,0.0,0.0,0.0,0.35,0.0
DP Conway,T20,14-Jan-24,0,0,0,0,0,0.0,0.0,0.0,0.0,0.0,0.0,0.0,0.35,0.0
DP Conway,T20,2024,0,0,0,0,0,0.0,0.0,0.0,0.0,0.0,0.0,0.0,0.35,0.0
DP Conway,T20,2025,267,212,27,7,2,62.97,33.37,79.188,53.396,53.891,46.685,48.11320754716981,0.6648499999999999,90.78019971643938
DP Conway,T20,2026,164,116,16,8,0,47.123333333333335,23.42,50.849333333333334,35.135999999999996,54.137,11.71,62.06896551724138,0.5856166666666667,114.71747756241871
DP Conway,TEST,04-Feb-24,0,0,0,0,0,0.0,0.0,0.0,0.0,0.0,0.0,0.0,0.35,0.0
DP Conway,TEST,07-Aug-25,0,0,0,0,0,0.0,0.0,0.0,0.0,0.0,0.0,0.0,0.35,0.0
DP Conway,TEST,2024,386,700,47,5,0,27.57,21.44,100.0,55.752,33.271,10.72,22.285714285714285,0.48784999999999995,176.25570776255708
DP Conway,TEST,2025,697,1137,91,3,1,30.65,87.12,100.0,100.0,24.195,58.56,24.80211081794195,0.50325,381.83971575207266
DS Airee,ODI,02-Nov-24,0,0,0,0,0,0.0,0.0,0.0,0.0,0.0,0.0,0.0,0.35,0.0
DS Airee,ODI,08-Jun-25,0,0,0,0,0,0.0,0.0,0.0,0.0,0.0,0.0,0.0,0.35,0.0
DS Airee,ODI,2024,0,0,0,0,0,0.0,0.0,0.0,0.0,0.0,0.0,0.0,0.35,0.0
DS Airee,ODI,2025,293,347,15,4,1,84.43,41.85,63.772000000000006,62.78,45.329,35.925,16.42651296829971,0.77215,115.67311488353731
DS Airee,ODI,2026,394,288,26,4,0,45.51666666666667,67.0,70.20666666666668,93.0,33.655,33.5,31.25,0.5775833333333334,216.0398110417944
DS Airee,T20,2024,741,255,28,20,4,54.99666666666667,25.4,77.99866666666667,94.41999999999999,100.0,72.7,56.470588235294116,0.6249833333333333,741.0
DS Airee,T20,2026,224,169,18,7,3,132.54,74.66,89.01599999999999,82.128,74.762,82.33,44.37869822485207,0.95,436.88235294117646
DW Lawrence,TEST,2024,120,183,11,2,0,32.785,20.0,35.114,28.0,19.835499999999996,10.0,21.311475409836063,0.513925,120.0
Darwish Rasooli,T20,19-Jan-26,0,0,0,0,0,0.0,0.0,0.0,0.0,0.0,0.0,0.0,0.35,0.0
Darwish Rasooli,T20,2026,228,162,17,7,1,70.37,38.0,62.148,53.2,56.111000000000004,34.0,44.44444444444444,0.70185,134.11764705882354
Darwish Rasooli,T20,21-Jan-26,0,0,0,0,0,0.0,0.0,0.0,0.0,0.0,0.0,0.0,0.35,72.87671232876713
Dawood Ahmadzai,T20,2026,159,0,0,0,0,15.27,14.45,6.1080000000000005,27.46,4.5809999999999995,7.225,0.0,0.42635,159.0
Divyendra Singh,T20,2024,0,0,0,0,0,0.0,0.0,0.0,0.0,0.0,0.0,0.0,0.35,0.0
Divyendra Singh,T20,2025,0,0,0,0,0,0.0,0.0,0.0,0.0,0.0,0.0,0.0,0.35,0.0
Divyendra Singh,T20,25-Aug-24,0,0,0,0,0,0.0,0.0,0.0,0.0,0.0,0.0,0.0,0.35,0.0
Dylan Steyn,T20,22-Aug-24,0,0,0,0,0,0.0,0.0,0.0,0.0,0.0,0.0,0.0,0.35,0.0
E Lewis,ODI,06-Nov-24,0,0,0,0,0,0.0,0.0,0.0,0.0,0.0,0.0,0.0,0.35,0.0
E Lewis,ODI,2024,284,246,21,17,1,57.72,56.8,65.088,73.84,100.0,43.4,46.34146341463415,0.6386,167.05882352941177
E Lewis,ODI,2025,148,173,14,7,0,85.54,21.14,62.216,31.712000000000003,60.662000000000006,10.57,36.41618497109826,0.7777000000000001,158.35616438356163
E Malinga,T20,11-Jan-26,0,0,0,0,0,0.0,0.0,0.0,0.0,0.0,0.0,0.0,0.35,0.0
E Otgonbayar,T20,08-May-24,0,0,0,0,0,0.0,0.0,0.0,0.0,0.0,0.0,0.0,0.35,0.0
E Otgonbayar,T20,2024,0,0,0,0,0,0.0,0.0,0.0,0.0,0.0,0.0,0.0,0.35,0.0
E Rukiriza,T20,2024,422,0,0,0,0,8.76,20.09,3.504,58.272000000000006,2.6279999999999997,10.045,0.0,0.39380000000000004,422.0
EB Ringera,T20,17-Mar-24,0,0,0,0,0,0.0,0.0,0.0,0.0,0.0,0.0,0.0,0.35,0.0
EDS Pimheiro,T20,2025,0,0,0,0,0,0.0,0.0,0.0,0.0,0.0,0.0,0.0,0.35,0.0
Ebadot Hossain,TEST,08-May-26,0,0,0,0,0,0.0,0.0,0.0,0.0,0.0,0.0,0.0,0.35,0.0
Ebadot Hossain,TEST,2026,0,0,0,0,0,0.0,0.0,0.0,0.0,0.0,0.0,0.0,0.35,0.0
Ehsan Khan,T20,2024,562,0,0,0,0,12.1,12.21,4.84,65.968,3.63,6.105,0.0,0.4105,562.0
Ehsan Khan,T20,2025,509,0,0,0,0,23.66,28.27,9.464,73.51599999999999,7.098,14.135,0.0,0.4683,530.8235294117648
Eranga De Silva,T20,09-May-26,0,0,0,0,0,0.0,0.0,0.0,0.0,0.0,0.0,0.0,0.35,0.0
Eranga De Silva,T20,2026,0,0,0,0,0,0.0,0.0,0.0,0.0,0.0,0.0,0.0,0.35,0.0
F Achelam,T20,2024,0,0,0,0,0,0.0,0.0,0.0,0.0,0.0,0.0,0.0,0.35,0.0
F Baaleri,T20,2024,0,0,0,0,0,0.0,0.0,0.0,0.0,0.0,0.0,0.0,0.35,0.0
F Baaleri,T20,2026,0,0,0,0,0,0.0,0.0,0.0,0.0,0.0,0.0,0.0,0.35,0.0
F Baaleri,T20,24-Mar-26,0,0,0,0,0,0.0,0.0,0.0,0.0,0.0,0.0,0.0,0.35,0.0
F Baaleri,T20,24-Sep-24,0,0,0,0,0,0.0,0.0,0.0,0.0,0.0,0.0,0.0,0.35,0.0
F Banunaek,T20,17-Nov-24,0,0,0,0,0,0.0,0.0,0.0,0.0,0.0,0.0,0.0,0.35,0.0
F Banunaek,T20,2024,477,0,0,0,0,8.42,18.34,3.3680000000000003,62.372,2.526,9.17,0.0,0.3921,280.5882352941177
F Banunaek,T20,2025,805,0,0,0,0,9.23,20.64,3.692,97.012,2.769,10.32,0.0,0.39615,520.0456621004566
F Banunaek,T20,2026,0,0,0,0,0,0.0,0.0,0.0,0.0,0.0,0.0,0.0,0.35,314.73746545598107
F Mutua,T20,04-Oct-25,0,0,0,0,0,0.0,0.0,0.0,0.0,0.0,0.0,0.0,0.35,0.0
FA Cossa,T20,22-Oct-24,0,0,0,0,0,0.0,0.0,0.0,0.0,0.0,0.0,0.0,0.35,0.0
FDM Karunaratne,TEST,2024,534,925,61,3,1,28.86,29.66,100.0,77.128,23.658,29.83,20.756756756756758,0.4943,534.0
FDM Karunaratne,TEST,2025,57,128,5,0,0,44.53,14.25,27.812,17.1,13.359,7.125,11.71875,0.57265,253.41176470588232
FDW McCreath,ODI,02-Jun-25,0,0,0,0,0,0.0,0.0,0.0,0.0,0.0,0.0,0.0,0.35,0.0
FDW McCreath,ODI,08-Apr-26,0,0,0,0,0,0.0,0.0,0.0,0.0,0.0,0.0,0.0,0.35,0.0
FDW McCreath,ODI,12-Jun-25,0,0,0,0,0,0.0,0.0,0.0,0.0,0.0,0.0,0.0,0.35,0.0
FDW McCreath,ODI,14-May-25,0,0,0,0,0,0.0,0.0,0.0,0.0,0.0,0.0,0.0,0.35,0.0
FDW McCreath,ODI,2025,274,376,21,3,0,36.435,34.25,56.574,54.8,25.930500000000002,17.125,19.148936170212764,0.5321750000000001,98.8063899606938
FDW McCreath,ODI,2026,12,22,2,0,0,27.27,6.0,14.908000000000001,6.000000000000001,8.181,3.0,27.272727272727273,0.48635,69.29215244273537
FFZ Nhaduate,T20,2024,0,0,0,0,0,0.0,0.0,0.0,0.0,0.0,0.0,0.0,0.35,0.0
FFZ Nhaduate,T20,23-Oct-24,0,0,0,0,0,0.0,0.0,0.0,0.0,0.0,0.0,0.0,0.35,0.0
FH Allen,T20,2024,361,216,26,31,0,167.12,30.08,100.0,60.164,100.0,15.04,79.16666666666667,0.8144,361.0
FH Allen,T20,2026,378,187,33,26,2,202.13,54.0,100.0,81.0,100.0,57.0,94.65240641711229,0.63935,371.00000000000006
Faheem Ashraf,ODI,2025,126,123,10,5,0,102.43,31.5,60.97200000000001,37.800000000000004,55.729,15.75,36.58536585365854,0.8621500000000001,126.0
Faheem Ashraf,ODI,2026,121,82,8,1,0,66.58500000000001,61.0,42.634,60.900000000000006,24.9755,30.5,32.926829268292686,0.682925,123.05882352941177
Faheem Ashraf,T20,2025,507,0,0,0,0,7.79,21.12,3.116,67.596,2.3369999999999997,10.56,0.0,0.38895,507.0
Faisal Akram,ODI,2024,80,0,0,0,0,23.4,16.0,9.36,20.8,7.02,8.0,0.0,0.467,80.0
Faisal Khan,T20,2024,702,413,72,42,2,84.985,35.1,100.0,98.28,100.0,47.55,82.80871670702179,0.7749250000000001,702.0
Faisal Khan,T20,2025,341,190,30,25,0,179.47,28.41,100.0,56.828,100.0,14.205,86.8421052631579,0.75265,489.6470588235294
Fakhar Zaman,ODI,2025,369,408,41,9,0,90.44,36.9,100.0,66.42,72.132,18.45,36.76470588235294,0.8022,369.0
Fakhar Zaman,T20,2024,415,272,29,28,0,76.285,27.66,88.514,63.628,100.0,13.83,62.86764705882353,0.731425,415.0
Fakhar Zaman,T20,2025,512,401,47,17,3,127.68,28.44,100.0,73.952,100.0,59.22,47.880299251870326,0.95,472.05882352941177
Fakhar Zaman,T20,2026,134,91,14,6,0,147.25,26.8,86.9,34.84,74.175,13.4,65.93406593406593,0.91375,317.69406392694066
Fareed Ahmad,TEST,02-Jan-25,0,0,0,0,0,0.0,0.0,0.0,0.0,0.0,0.0,0.0,0.35,0.0
Fayaz Khan,T20,2026,0,0,0,0,0,0.0,0.0,0.0,0.0,0.0,0.0,0.0,0.35,0.0
Fayyaz Butt,ODI,2024,259,0,0,0,0,21.71,37.0,8.684000000000001,55.5,6.513,18.5,0.0,0.45855,259.0
Fazalhaq Farooqi,ODI,2024,481,0,2,0,0,38.5,40.08,19.4,80.164,11.549999999999999,20.04,100.0,0.5425,481.0
Fazalhaq Farooqi,T20,2024,397,0,0,0,0,13.75,16.54,5.5,52.932,4.125,8.27,0.0,0.41875,397.0
Festus Benn,T20,16-Dec-24,0,0,0,0,0,0.0,0.0,0.0,0.0,0.0,0.0,0.0,0.35,0.0
Fiaz Ahmed,T20,09-Dec-25,0,0,0,0,0,0.0,0.0,0.0,0.0,0.0,0.0,0.0,0.35,0.0
Fiaz Ahmed,T20,14-Dec-24,0,0,0,0,0,0.0,0.0,0.0,0.0,0.0,0.0,0.0,0.35,0.0
Fiaz Ahmed,T20,2025,1251,940,86,69,12,66.54,50.04,100.0,100.0,100.0,100.0,49.46808510638297,0.6827000000000001,571.2328767123288
Fiaz Ahmed,T20,2026,124,151,10,4,0,82.11,11.27,52.844,21.416,44.632999999999996,5.635,27.814569536423843,0.7605500000000001,394.6703513620213
Flynn Zahra,T20,2026,0,0,0,0,0,0.0,0.0,0.0,0.0,0.0,0.0,0.0,0.35,0.0
G Coetzee,T20,2026,117,0,0,0,0,14.12,14.62,5.648,23.396,4.236,7.31,0.0,0.42060000000000003,117.0
G Coetzee,TEST,2024,85,0,0,0,0,24.0,21.25,9.600000000000001,25.5,7.199999999999999,10.625,0.0,0.47,85.0
G Hoey,TEST,2025,199,0,0,0,0,76.5,49.75,30.6,59.7,22.95,24.875,0.0,0.7325,199.0
G Motie,ODI,10-Aug-25,0,0,0,0,0,0.0,0.0,0.0,0.0,0.0,0.0,0.0,0.35,0.0
G Motie,ODI,10-Dec-24,0,0,0,0,0,0.0,0.0,0.0,0.0,0.0,0.0,0.0,0.35,0.0
G Motie,ODI,12-Aug-25,0,0,0,0,0,0.0,0.0,0.0,0.0,0.0,0.0,0.0,0.35,0.0
G Motie,ODI,2024,588,122,11,3,3,42.01333333333333,52.0,38.80533333333334,100.0,27.604,71.0,34.42622950819672,0.5600666666666666,232.13580734307146
G Motie,ODI,2025,691,161,21,9,1,59.29,55.33,65.71600000000001,100.0,62.787,42.665,55.90062111801242,0.64645,397.605567776135
G Motie,ODI,21-May-25,0,0,0,0,0,0.0,0.0,0.0,0.0,0.0,0.0,0.0,0.35,262.4193773226301
G Motie,ODI,31-Oct-24,0,0,0,0,0,0.0,0.0,0.0,0.0,0.0,0.0,0.0,0.35,176.62830000729036
G Motie,T20,2024,556,0,0,0,0,17.07,21.38,6.828,72.70400000000001,5.1209999999999996,10.69,0.0,0.43534999999999996,556.0
G Motie,T20,2026,279,0,0,0,0,16.61,21.46,6.644,45.068,4.983,10.73,0.0,0.43305,393.0588235294118
G Motie,TEST,2024,470,193,17,1,3,55.89666666666667,58.16,56.358666666666664,93.52799999999999,21.769,74.08,27.979274611398964,0.6294833333333334,470.0
G Motie,TEST,2025,272,140,8,0,0,54.565,25.71,37.826,47.768,16.3695,12.855,17.142857142857142,0.622825,353.5294117647059
G Stewart,T20,2026,245,0,0,0,0,17.11,27.22,6.844,46.275999999999996,5.133,13.61,0.0,0.43555,245.0
GA Priandana,T20,2025,885,605,62,22,7,40.20666666666666,26.68,100.0,100.0,100.0,100.0,41.65289256198347,0.5510333333333333,885.0
GA Priandana,T20,2026,261,281,24,7,0,92.88,18.64,85.152,41.012,62.864,9.32,33.09608540925267,0.8144,517.9411764705883
GA Priandana,T20,23-Dec-25,0,0,0,0,0,0.0,0.0,0.0,0.0,0.0,0.0,0.0,0.35,281.4383561643836
GC Murtaza,T20,2025,424,0,0,0,0,19.05,24.94,7.620000000000001,62.352000000000004,5.715,12.47,0.0,0.44525,424.0
GD Arta,T20,2025,245,0,0,0,0,18.0,15.31,7.2,36.748000000000005,5.3999999999999995,7.655,0.0,0.44,245.0
GD Arta,T20,2026,366,138,7,10,0,38.84,23.5,29.536,55.400000000000006,61.652,11.75,36.95652173913044,0.5442,316.1764705882353
GD Phillips,ODI,02-Mar-25,0,0,0,0,0,0.0,0.0,0.0,0.0,0.0,0.0,0.0,0.35,0.0
GD Phillips,ODI,11-Jan-26,0,0,0,0,0,0.0,0.0,0.0,0.0,0.0,0.0,0.0,0.35,0.0
GD Phillips,ODI,14-Jan-26,0,0,0,0,0,0.0,0.0,0.0,0.0,0.0,0.0,0.0,0.35,0.0
GD Phillips,ODI,18-Jan-26,0,0,0,0,0,0.0,0.0,0.0,0.0,0.0,0.0,0.0,0.35,0.0
GD Phillips,ODI,2025,353,306,23,17,5,57.675,70.6,69.07,91.78,100.0,100.0,39.21568627450981,0.638375,127.2943637084851
GD Phillips,ODI,2026,150,132,12,4,1,56.815,75.0,46.726,75.0,37.0445,52.5,36.36363636363637,0.6340749999999999,135.01429703145348
GD Phillips,T20,08-Feb-26,0,0,0,0,0,0.0,0.0,0.0,0.0,0.0,0.0,0.0,0.35,0.0
GD Phillips,T20,10-Feb-26,0,0,0,0,0,0.0,0.0,0.0,0.0,0.0,0.0,0.0,0.35,0.0
GD Phillips,T20,17-Feb-26,0,0,0,0,0,0.0,0.0,0.0,0.0,0.0,0.0,0.0,0.35,0.0
GD Phillips,T20,17-Jan-24,0,0,0,0,0,0.0,0.0,0.0,0.0,0.0,0.0,0.0,0.35,0.0
GD Phillips,T20,19-Jan-24,0,0,0,0,0,0.0,0.0,0.0,0.0,0.0,0.0,0.0,0.35,0.0
GD Phillips,T20,2024,354,276,29,13,3,64.13,32.18,83.652,61.144,84.239,61.09,45.652173913043484,0.67065,120.36026479258256
GD Phillips,T20,2026,357,230,33,17,1,77.605,35.7,97.042,64.26,100.0,32.85,65.21739130434783,0.738025,197.72336970575898
GD Phillips,T20,21-Jan-24,0,0,0,0,0,0.0,0.0,0.0,0.0,0.0,0.0,0.0,0.35,134.7776641295149
GD Phillips,TEST,13-Feb-24,0,0,0,0,0,0.0,0.0,0.0,0.0,0.0,0.0,0.0,0.35,0.0
GD Phillips,TEST,14-Dec-24,0,0,0,0,0,0.0,0.0,0.0,0.0,0.0,0.0,0.0,0.35,0.0
GD Phillips,TEST,16-Oct-24,0,0,0,0,0,0.0,0.0,0.0,0.0,0.0,0.0,0.0,0.35,0.0
GD Phillips,TEST,18-Dec-25,0,0,0,0,0,0.0,0.0,0.0,0.0,0.0,0.0,0.0,0.35,0.0
GD Phillips,TEST,2024,1327,678,46,18,4,43.723333333333336,36.17,100.0,100.0,100.0,78.08500000000001,28.31858407079646,0.5686166666666667,478.52583751036747
GD Phillips,TEST,2025,47,76,4,1,0,30.92,23.5,20.368000000000002,23.5,14.276,11.75,19.736842105263158,0.5046,331.806729974806
GF Linde,T20,2026,117,69,10,6,2,169.56,39.0,87.824,42.900000000000006,80.868,49.5,69.56521739130434,0.8022,117.0
GH Dockrell,T20,08-Feb-26,0,0,0,0,0,0.0,0.0,0.0,0.0,0.0,0.0,0.0,0.35,0.0
GH Dockrell,T20,2026,246,80,9,10,2,63.416666666666664,23.16,43.36666666666667,43.128,69.025,41.58,71.25,0.6670833333333333,144.7058823529412
GH Dockrell,T20,23-Jan-26,0,0,0,0,0,0.0,0.0,0.0,0.0,0.0,0.0,0.0,0.35,78.63013698630138
GJ Delany,T20,2026,173,0,0,0,0,18.0,19.22,7.2,32.676,5.3999999999999995,9.61,0.0,0.44,173.0
GJ Maxwell,ODI,2024,116,0,0,0,0,14.4,23.2,5.760000000000001,30.159999999999997,4.32,11.6,0.0,0.42200000000000004,116.0
GJ Maxwell,ODI,24-Sep-24,0,0,0,0,0,0.0,0.0,0.0,0.0,0.0,0.0,0.0,0.35,47.764705882352935
GJ Maxwell,T20,11-Jun-24,0,0,0,0,0,0.0,0.0,0.0,0.0,0.0,0.0,0.0,0.35,0.0
GJ Maxwell,T20,20-Jul-25,0,0,0,0,0,0.0,0.0,0.0,0.0,0.0,0.0,0.0,0.35,0.0
GJ Maxwell,T20,2024,389,233,39,22,2,83.475,32.41,100.0,64.828,100.0,46.205,78.54077253218884,0.7673749999999999,177.6255707762557
GJ Maxwell,T20,2025,0,0,0,0,0,0.0,0.0,0.0,0.0,0.0,0.0,0.0,0.35,107.50098697196998
GK Ghalley,T20,2026,0,0,0,0,0,0.0,0.0,0.0,0.0,0.0,0.0,0.0,0.35,0.0
GK Ghalley,T20,26-Feb-26,0,0,0,0,0,0.0,0.0,0.0,0.0,0.0,0.0,0.0,0.35,0.0
GP Meade,T20,09-Feb-26,0,0,0,0,0,0.0,0.0,0.0,0.0,0.0,0.0,0.0,0.35,0.0
GP Meade,T20,12-Feb-26,0,0,0,0,0,0.0,0.0,0.0,0.0,0.0,0.0,0.0,0.35,0.0
GP Meade,T20,2026,0,0,0,0,0,0.0,0.0,0.0,0.0,0.0,0.0,0.0,0.35,0.0
GP Meade,T20,26-Jan-26,0,0,0,0,0,0.0,0.0,0.0,0.0,0.0,0.0,0.0,0.35,0.0
GR Adair,T20,2026,128,97,17,4,0,131.95,16.0,86.78,25.6,59.584999999999994,8.0,64.94845360824742,0.95,128.0
GR Russ,T20,2025,0,0,0,0,0,0.0,0.0,0.0,0.0,0.0,0.0,0.0,0.35,0.0
GS Dinusha,TEST,2025,29,0,0,0,0,25.0,9.66,10.0,10.628,7.5,4.83,0.0,0.475,29.0
Garret Banner,T20,15-Dec-24,0,0,0,0,0,0.0,0.0,0.0,0.0,0.0,0.0,0.0,0.35,0.0
Garret Banner,T20,2024,0,0,0,0,0,0.0,0.0,0.0,0.0,0.0,0.0,0.0,0.35,0.0
Gaurav Tiwari,T20,2026,306,144,12,6,1,58.675,24.16,47.47,49.928000000000004,47.6025,27.08,37.5,0.643375,306.0
Ghazi Ghori,ODI,15-Mar-26,0,0,0,0,0,0.0,0.0,0.0,0.0,0.0,0.0,0.0,0.35,0.0
Ghazi Ghori,ODI,2026,29,39,3,1,0,37.175,29.0,20.869999999999997,26.1,16.152499999999996,14.5,30.769230769230766,0.535875,17.058823529411764
Gulbadin Naib,ODI,11-Nov-24,0,0,0,0,0,0.0,0.0,0.0,0.0,0.0,0.0,0.0,0.35,0.0
Gulbadin Naib,ODI,2024,107,108,14,4,2,49.535,21.4,47.814,27.82,34.8605,40.7,50.0,0.597675,62.94117647058824
Gulsan Jha,ODI,02-Nov-24,0,0,0,0,0,0.0,0.0,0.0,0.0,0.0,0.0,0.0,0.35,0.0
Gulsan Jha,ODI,2024,441,215,12,8,1,33.733333333333334,23.71,37.49333333333333,63.068,50.12,26.855,27.906976744186046,0.5186666666666667,259.4117647058824
Gulsan Jha,ODI,2026,179,78,8,2,1,59.475,37.5,39.790000000000006,47.9,27.8425,33.75,38.46153846153846,0.6473749999999999,222.69406392694063
Gulsan Jha,T20,2024,336,245,18,22,6,137.14,22.4,90.856,51.519999999999996,100.0,100.0,48.97959183673469,0.95,336.0
Gurpreet Singh,T20,2026,311,148,11,1,0,55.655,21.75,44.262,48.5,21.6965,10.875,24.324324324324326,0.628275,311.0
H Bharadwaj,T20,2024,214,0,0,0,0,14.0,11.88,5.6000000000000005,30.904,4.2,5.94,0.0,0.42,214.0
H Fennell,T20,2024,167,0,0,0,0,11.11,9.27,4.444,24.116,3.3329999999999997,4.635,0.0,0.40555,167.0
H Fennell,T20,2026,140,0,0,0,0,16.12,17.5,6.448,28.0,4.836,8.75,0.0,0.43060000000000004,151.1176470588235
H Jangariya,T20,13-Sep-25,0,0,0,0,0,0.0,0.0,0.0,0.0,0.0,0.0,0.0,0.35,0.0
H Jangariya,T20,2025,0,0,0,0,0,0.0,0.0,0.0,0.0,0.0,0.0,0.0,0.35,0.0
H Jangariya,T20,2026,0,0,0,0,0,0.0,0.0,0.0,0.0,0.0,0.0,0.0,0.35,0.0
H Khogiyani,T20,08-Jun-25,0,0,0,0,0,0.0,0.0,0.0,0.0,0.0,0.0,0.0,0.35,0.0
H Klaasen,ODI,01-Mar-25,0,0,0,0,0,0.0,0.0,0.0,0.0,0.0,0.0,0.0,0.35,0.0
H Klaasen,ODI,05-Mar-25,0,0,0,0,0,0.0,0.0,0.0,0.0,0.0,0.0,0.0,0.35,0.0
H Klaasen,ODI,12-Feb-25,0,0,0,0,0,0.0,0.0,0.0,0.0,0.0,0.0,0.0,0.35,0.0
H Klaasen,ODI,2024,264,214,27,8,0,61.68,88.0,78.672,96.80000000000001,58.504,44.0,49.06542056074766,0.6584,104.22424003158311
H Klaasen,ODI,2025,154,119,22,3,0,64.705,51.33,69.882,56.464,34.411500000000004,25.665,63.02521008403362,0.6735249999999999,122.17374057913527
H Klaasen,T20,2024,278,216,13,19,3,64.35,25.27,51.739999999999995,48.016000000000005,100.0,57.635,44.44444444444444,0.67175,278.0
H Lakov,T20,12-Jul-25,0,0,0,0,0,0.0,0.0,0.0,0.0,0.0,0.0,0.0,0.35,0.0
H Lakov,T20,2025,458,346,42,12,2,66.18,50.88,100.0,86.504,79.854,55.44,46.820809248554916,0.6809000000000001,269.4117647058824
H McAleer,T20,2024,0,0,0,0,0,0.0,0.0,0.0,0.0,0.0,0.0,0.0,0.35,0.0
H Pile,T20,2026,0,0,0,0,0,0.0,0.0,0.0,0.0,0.0,0.0,0.0,0.35,0.0
H Rathod,T20,2024,270,0,0,0,0,13.66,15.0,5.464,39.0,4.098,7.5,0.0,0.4183,270.0
H Singh,T20,2026,224,123,26,8,1,182.11,74.66,100.0,82.128,94.63300000000001,52.33,82.92682926829268,0.7394499999999999,224.0
H Ssenyondo,T20,2024,290,0,0,0,0,12.21,10.35,4.884,37.28,3.6630000000000003,5.175,0.0,0.41105,290.0
H Thaker,ODI,2024,1049,777,34,9,3,38.39,46.08,83.356,100.0,56.516999999999996,68.03999999999999,16.602316602316602,0.54195,1049.0
H Thaker,ODI,2025,148,244,9,2,0,60.65,24.66,42.260000000000005,34.528000000000006,28.195,12.33,13.524590163934427,0.65325,519.0
H Thaker,ODI,28-Feb-24,0,0,0,0,0,0.0,0.0,0.0,0.0,0.0,0.0,0.0,0.35,282.013698630137
H Thaker,T20,2025,255,200,14,11,4,127.5,36.42,79.0,54.636,93.25,78.21000000000001,37.5,0.95,255.0
H Thaker,T20,2026,116,97,7,6,1,119.58,38.66,61.832,42.528,65.874,34.33,40.20618556701031,0.9479,173.23529411764707
H Venkataram,T20,2025,327,0,0,0,0,13.63,17.21,5.452000000000001,46.468,4.089,8.605,0.0,0.41814999999999997,327.0
HAM Shah,T20,2024,281,193,29,9,0,145.59,46.83,100.0,65.564,88.67699999999999,23.415,59.06735751295337,0.92205,281.0
HC Brook,ODI,01-Jun-25,0,0,0,0,0,0.0,0.0,0.0,0.0,0.0,0.0,0.0,0.35,0.0
HC Brook,ODI,2024,312,244,30,13,1,127.86,78.0,100.0,93.60000000000001,100.0,54.0,52.868852459016395,0.95,183.52941176470588
HC Brook,ODI,2025,451,460,40,20,1,49.02,32.21,99.608,70.868,100.0,31.105,39.130434782608695,0.5951000000000001,305.662100456621
HC Brook,ODI,2026,184,153,13,9,1,60.13,92.0,50.05200000000001,92.0,63.039,61.0,43.13725490196078,0.65065,257.63126727200944
HC Brook,ODI,22-Jan-26,0,0,0,0,0,0.0,0.0,0.0,0.0,0.0,0.0,0.0,0.35,164.72756121308282
HC Brook,ODI,27-Jan-26,0,0,0,0,0,0.0,0.0,0.0,0.0,0.0,0.0,0.0,0.35,108.72006718414781
HC Brook,ODI,29-May-25,0,0,0,0,0,0.0,0.0,0.0,0.0,0.0,0.0,0.0,0.35,73.17691566581743
HC Brook,T20,2024,0,0,0,0,0,0.0,0.0,0.0,0.0,0.0,0.0,0.0,0.35,0.0
HC Brook,T20,2025,305,183,25,16,2,166.66,30.5,100.0,54.900000000000006,100.0,45.25,67.21311475409836,0.8167,179.41176470588235
HC Brook,T20,2026,291,180,25,13,1,161.66,29.1,100.0,52.38,100.0,29.55,63.333333333333336,0.8417,230.36529680365297
HC Brook,TEST,04-Jan-26,0,0,0,0,0,0.0,0.0,0.0,0.0,0.0,0.0,0.0,0.35,0.0
HC Brook,TEST,10-Jul-24,0,0,0,0,0,0.0,0.0,0.0,0.0,0.0,0.0,0.0,0.35,0.0
HC Brook,TEST,10-Jul-25,0,0,0,0,0,0.0,0.0,0.0,0.0,0.0,0.0,0.0,0.35,0.0
HC Brook,TEST,17-Dec-25,0,0,0,0,0,0.0,0.0,0.0,0.0,0.0,0.0,0.0,0.35,0.0
HC Brook,TEST,18-Jul-24,0,0,0,0,0,0.0,0.0,0.0,0.0,0.0,0.0,0.0,0.35,0.0
HC Brook,TEST,2024,1100,1294,105,14,0,42.5,55.0,100.0,100.0,82.75,27.5,27.588871715610512,0.5625,374.0008228018102
HC Brook,TEST,2025,771,934,82,14,1,41.27,45.35,100.0,100.0,82.381,37.675,30.83511777301927,0.55635,503.7892075340189
HC Brook,TEST,2026,126,145,11,1,0,43.445,63.0,39.378,63.00000000000001,18.0335,31.5,24.82758620689655,0.567225,383.51911370187696
HC Brook,TEST,21-Aug-24,0,0,0,0,0,0.0,0.0,0.0,0.0,0.0,0.0,0.0,0.35,263.625228881572
HC Brook,TEST,21-Nov-25,0,0,0,0,0,0.0,0.0,0.0,0.0,0.0,0.0,0.0,0.35,182.23869198972312
HC Brook,TEST,22-May-25,0,0,0,0,0,0.0,0.0,0.0,0.0,0.0,0.0,0.0,0.35,126.4642412628218
HC Brook,TEST,23-Jul-25,0,0,0,0,0,0.0,0.0,0.0,0.0,0.0,0.0,0.0,0.35,87.99247004948023
HC Brook,TEST,26-Dec-25,0,0,0,0,0,0.0,0.0,0.0,0.0,0.0,0.0,0.0,0.35,61.33646160669394
HC Brook,TEST,31-Jul-25,0,0,0,0,0,0.0,0.0,0.0,0.0,0.0,0.0,0.0,0.35,42.80987151607905
HE van der Dussen,ODI,2024,104,148,9,2,0,35.135,17.33,32.054,24.264,20.5405,8.665,22.2972972972973,0.525675,104.0
HE van der Dussen,ODI,2025,193,199,13,7,1,96.98,96.5,64.792,96.5,64.094,63.25,30.150753768844222,0.8349000000000001,156.3529411764706
HE van der Dussen,ODI,22-Dec-24,0,0,0,0,0,0.0,0.0,0.0,0.0,0.0,0.0,0.0,0.35,84.95890410958904
HER Tyler,T20,06-Jul-25,0,0,0,0,0,0.0,0.0,0.0,0.0,0.0,0.0,0.0,0.35,0.0
HER Tyler,T20,2025,0,0,0,0,0,0.0,0.0,0.0,0.0,0.0,0.0,0.0,0.35,0.0
HER Tyler,T20,2026,0,0,0,0,0,0.0,0.0,0.0,0.0,0.0,0.0,0.0,0.35,0.0
HG Munsey,ODI,02-Jun-25,0,0,0,0,0,0.0,0.0,0.0,0.0,0.0,0.0,0.0,0.35,0.0
HG Munsey,ODI,06-Apr-26,0,0,0,0,0,0.0,0.0,0.0,0.0,0.0,0.0,0.0,0.35,0.0
HG Munsey,ODI,2024,302,296,40,8,0,102.02,50.33,100.0,70.464,70.606,25.165,48.64864864864865,0.8600999999999999,137.89954337899545
HG Munsey,ODI,2025,735,684,67,34,1,53.725,73.5,100.0,100.0,100.0,51.75,44.29824561403509,0.618625,373.6281089617055
HG Munsey,ODI,2026,12,12,3,0,0,50.0,6.0,26.0,6.000000000000001,15.0,3.0,75.0,0.6,243.2223864988641
HG Munsey,T20,09-Feb-26,0,0,0,0,0,0.0,0.0,0.0,0.0,0.0,0.0,0.0,0.35,0.0
HG Munsey,T20,18-Jun-25,0,0,0,0,0,0.0,0.0,0.0,0.0,0.0,0.0,0.0,0.35,0.0
HG Munsey,T20,2024,402,269,30,28,1,149.44,36.54,100.0,69.432,100.0,33.269999999999996,64.68401486988847,0.9028,183.56164383561645
HG Munsey,T20,2026,296,209,31,13,0,70.81,42.28,90.324,63.42400000000001,86.243,21.14,63.1578947368421,0.7040500000000001,227.9510461902882
HGV Vare,T20,2026,0,0,0,0,0,0.0,0.0,0.0,0.0,0.0,0.0,0.0,0.35,0.0
HH Pandya,ODI,2025,406,114,9,9,1,77.85,38.71,49.14,71.56800000000001,68.35499999999999,34.355000000000004,47.368421052631575,0.73925,406.0
HH Pandya,T20,09-Oct-24,0,0,0,0,0,0.0,0.0,0.0,0.0,0.0,0.0,0.0,0.35,0.0
HH Pandya,T20,2024,352,234,33,19,6,75.21,44.0,96.084,70.4,100.0,100.0,66.66666666666666,0.7260499999999999,207.05882352941177
HH Pandya,T20,2025,302,197,22,18,3,153.29,33.55,100.0,57.04,100.0,61.775,60.91370558375635,0.8835500000000001,250.41095890410958
HH Pandya,T20,2026,660,173,17,20,1,61.71666666666667,28.76,58.68666666666667,89.00800000000001,100.0,29.380000000000003,64.16184971098266,0.6585833333333333,412.1121200157915
HH Pandya,T20,23-Jan-26,0,0,0,0,0,0.0,0.0,0.0,0.0,0.0,0.0,0.0,0.35,263.5014965201399
HJ Manenti,T20,09-Feb-26,0,0,0,0,0,0.0,0.0,0.0,0.0,0.0,0.0,0.0,0.35,0.0
HJ Manenti,T20,12-Feb-26,0,0,0,0,0,0.0,0.0,0.0,0.0,0.0,0.0,0.0,0.35,0.0
HJ Manenti,T20,2026,0,0,0,0,0,0.0,0.0,0.0,0.0,0.0,0.0,0.0,0.35,0.0
HM Nicholls,ODI,18-Jan-26,0,0,0,0,0,0.0,0.0,0.0,0.0,0.0,0.0,0.0,0.35,0.0
HM Nicholls,ODI,2024,0,0,0,0,0,0.0,0.0,0.0,0.0,0.0,0.0,0.0,0.35,0.0
HM Nicholls,ODI,2026,157,213,20,0,0,36.85,26.16,54.74,36.628,11.055,13.08,28.16901408450704,0.53425,71.68949771689498
HM Nicholls,TEST,2025,188,303,22,0,2,62.04,188.0,68.816,100.0,18.612,100.0,21.782178217821784,0.6602,188.0
HT Tector,ODI,02-Oct-24,0,0,0,0,0,0.0,0.0,0.0,0.0,0.0,0.0,0.0,0.35,0.0
HT Tector,ODI,2024,233,246,18,4,0,47.355,46.6,54.942,60.58,34.2065,23.3,26.829268292682926,0.5867749999999999,137.05882352941177
HT Tector,ODI,2025,153,228,11,1,0,67.1,30.6,48.84,39.78,25.13,15.3,15.789473684210526,0.6855,144.337899543379
HT Tector,T20,15-Mar-24,0,0,0,0,0,0.0,0.0,0.0,0.0,0.0,0.0,0.0,0.35,0.0
HT Tector,T20,2024,0,0,0,0,0,0.0,0.0,0.0,0.0,0.0,0.0,0.0,0.35,0.0
HT Tector,T20,2025,0,0,0,0,0,0.0,0.0,0.0,0.0,0.0,0.0,0.0,0.35,0.0
HT Tector,T20,2026,228,181,25,0,1,62.98,32.57,75.19200000000001,48.856,18.894,31.285,41.43646408839779,0.6648999999999999,90.01184366363995
HT Tector,T20,22-Feb-25,0,0,0,0,0,0.0,0.0,0.0,0.0,0.0,0.0,0.0,0.35,57.55291911579099
HT Tector,T20,26-Jan-26,0,0,0,0,0,0.0,0.0,0.0,0.0,0.0,0.0,0.0,0.35,37.98488356674385
HT Tector,TEST,06-Feb-25,0,0,0,0,0,0.0,0.0,0.0,0.0,0.0,0.0,0.0,0.35,0.0
HT Tector,TEST,2025,100,219,10,0,0,22.83,16.66,29.131999999999998,23.328000000000003,6.848999999999999,8.33,13.698630136986301,0.46415,58.82352941176471
Habib Khan,T20,27-Aug-24,0,0,0,0,0,0.0,0.0,0.0,0.0,0.0,0.0,0.0,0.35,0.0
Haider Ali,ODI,2026,163,32,0,0,1,34.04,51.33,13.616,57.364000000000004,10.212,40.665,0.0,0.5202,163.0
Haider Ali,T20,2025,458,0,0,0,0,16.75,15.79,6.7,58.431999999999995,5.0249999999999995,7.895,0.0,0.43375,458.0
Haider Butt,T20,2024,682,526,48,34,6,129.65,45.46,100.0,100.0,100.0,100.0,46.7680608365019,0.95,682.0
Hamid Safi,T20,2025,0,0,0,0,0,0.0,0.0,0.0,0.0,0.0,0.0,0.0,0.35,0.0
Hammad Mirza,ODI,01-Nov-24,0,0,0,0,0,0.0,0.0,0.0,0.0,0.0,0.0,0.0,0.35,0.0
Hammad Mirza,ODI,03-May-26,0,0,0,0,0,0.0,0.0,0.0,0.0,0.0,0.0,0.0,0.35,0.0
Hammad Mirza,ODI,04-Apr-26,0,0,0,0,0,0.0,0.0,0.0,0.0,0.0,0.0,0.0,0.35,0.0
Hammad Mirza,ODI,07-Nov-24,0,0,0,0,0,0.0,0.0,0.0,0.0,0.0,0.0,0.0,0.35,0.0
Hammad Mirza,ODI,08-Apr-26,0,0,0,0,0,0.0,0.0,0.0,0.0,0.0,0.0,0.0,0.35,0.0
Hammad Mirza,ODI,19-May-25,0,0,0,0,0,0.0,0.0,0.0,0.0,0.0,0.0,0.0,0.35,0.0
Hammad Mirza,ODI,2024,0,0,0,0,0,0.0,0.0,0.0,0.0,0.0,0.0,0.0,0.35,0.0
Hammad Mirza,ODI,2025,210,287,21,3,0,36.585,30.0,56.634,45.0,25.9755,15.0,25.087108013937286,0.5329250000000001,66.85400006424352
Hammad Mirza,ODI,2026,375,454,38,5,1,27.53,62.5,87.012,87.5,33.259,46.25,28.41409691629956,0.48765000000000003,163.18510770456263
Hammad Mirza,ODI,21-May-25,0,0,0,0,0,0.0,0.0,0.0,0.0,0.0,0.0,0.0,0.35,112.80650454604643
Hammad Mirza,ODI,23-May-25,0,0,0,0,0,0.0,0.0,0.0,0.0,0.0,0.0,0.0,0.35,78.28188872059789
Hammad Mirza,ODI,27-Apr-26,0,0,0,0,0,0.0,0.0,0.0,0.0,0.0,0.0,0.0,0.35,54.46770312209168
Hammad Mirza,T20,2025,265,263,25,6,1,100.76,18.92,90.304,41.636,60.228,24.46,35.361216730038024,0.8538,265.0
Hammadullah Shinwari,T20,2026,71,0,0,0,0,11.25,8.87,4.5,14.196,3.375,4.435,0.0,0.40625,71.0
Hamza Khan,T20,2025,299,281,23,12,1,106.4,33.22,88.56,56.476,91.92,31.61,37.36654804270463,0.882,299.0
Haris Rauf,ODI,2024,291,0,0,0,0,26.38,22.38,10.552,47.004000000000005,7.914,11.19,0.0,0.4819,291.0
Haris Rauf,ODI,2025,453,0,0,0,0,30.13,30.2,12.052,69.46,9.039,15.1,0.0,0.5006499999999999,386.29411764705884
Haris Rauf,ODI,2026,81,5,0,0,1,37.25,13.0,14.9,18.5,11.174999999999999,21.5,0.0,0.53625,246.89041095890414
Haris Rauf,T20,2024,539,0,0,0,0,13.25,19.96,5.300000000000001,69.868,3.9749999999999996,9.98,0.0,0.41625,539.0
Haris Rauf,T20,2025,466,0,0,0,0,6.67,20.26,2.668,62.80800000000001,2.001,10.13,0.0,0.38335,496.05882352941177
Harmeet Singh,ODI,2024,554,162,14,8,1,58.75666666666666,47.37,51.50266666666667,93.29599999999999,57.626999999999995,38.685,40.74074074074074,0.6437833333333333,554.0
Harmeet Singh,ODI,2025,523,126,9,9,3,72.32000000000001,21.42,46.928000000000004,69.436,66.696,55.71,42.857142857142854,0.7116,535.7647058823529
Harmeet Singh,T20,2024,541,0,0,0,0,22.76,25.76,9.104000000000001,74.708,6.828,12.88,0.0,0.46380000000000005,541.0
Harpreet Singh,ODI,2026,211,215,22,4,0,98.13,52.75,83.25200000000001,63.300000000000004,49.43899999999999,26.375,36.27906976744186,0.84065,211.0
Harshit Rana,ODI,2025,511,0,0,0,0,25.5,25.55,10.200000000000001,71.54,7.6499999999999995,12.775,0.0,0.4775,511.0
Harshit Rana,ODI,2026,284,70,6,5,0,74.035,33.5,41.614000000000004,55.2,47.210499999999996,16.75,47.14285714285714,0.720175,377.47058823529414
Harshit Rana,TEST,2024,203,0,0,0,0,67.5,50.75,27.0,60.900000000000006,20.25,25.375,0.0,0.6875,203.0
Hasan Ali,TEST,08-May-26,0,0,0,0,0,0.0,0.0,0.0,0.0,0.0,0.0,0.0,0.35,0.0
Hasan Ali,TEST,2026,81,10,1,0,0,72.0,75.0,30.8,68.1,21.599999999999998,37.5,30.0,0.71,47.64705882352941
Hasan Mahmud,TEST,2024,956,253,8,4,6,29.63,28.3,27.852,100.0,28.889,100.0,14.229249011857707,0.49815,956.0
Hasan Mahmud,TEST,2025,293,147,9,0,3,55.51,40.33,40.204,61.56400000000001,16.653,65.16499999999999,18.36734693877551,0.6275499999999999,566.0
Hasan Mahmud,TEST,27-Sep-24,0,0,0,0,0,0.0,0.0,0.0,0.0,0.0,0.0,0.0,0.35,307.5525114155251
Hasan Murad,TEST,2025,204,0,0,0,0,38.75,17.0,15.5,34.0,11.625,8.5,0.0,0.54375,204.0
Hasan Nawaz,T20,2025,457,296,24,34,2,77.195,20.77,78.878,62.316,100.0,40.385,58.78378378378378,0.7359749999999999,457.0
Haseeb Ghafoor,T20,09-Feb-24,0,0,0,0,0,0.0,0.0,0.0,0.0,0.0,0.0,0.0,0.35,0.0
Haseeb Ghafoor,T20,15-Feb-24,0,0,0,0,0,0.0,0.0,0.0,0.0,0.0,0.0,0.0,0.35,0.0
Haseeb Ghafoor,T20,2024,0,0,0,0,0,0.0,0.0,0.0,0.0,0.0,0.0,0.0,0.35,0.0
Haseebullah Khan,ODI,16-Nov-25,0,0,0,0,0,0.0,0.0,0.0,0.0,0.0,0.0,0.0,0.35,0.0
Haseebullah Khan,ODI,2025,0,0,0,0,0,0.0,0.0,0.0,0.0,0.0,0.0,0.0,0.35,0.0
Hashir Dafedar,ODI,2025,0,0,0,0,0,0.0,0.0,0.0,0.0,0.0,0.0,0.0,0.35,0.0
Hashmatullah Shahidi,ODI,2024,290,418,24,1,3,34.685,32.22,61.874,54.775999999999996,15.4055,61.11,17.942583732057415,0.523425,290.0
Hashmatullah Shahidi,TEST,02-Jan-25,0,0,0,0,0,0.0,0.0,0.0,0.0,0.0,0.0,0.0,0.35,0.0
Hashmatullah Shahidi,TEST,2024,356,707,34,0,0,50.35,71.2,88.14,92.56,15.105,35.6,14.427157001414427,0.60175,209.41176470588235
Hasnain Ul Wahab,ODI,05-May-26,0,0,0,0,0,0.0,0.0,0.0,0.0,0.0,0.0,0.0,0.35,0.0
Hasnain Ul Wahab,ODI,2026,29,43,3,1,0,33.72,29.0,19.488,26.1,15.116,14.5,27.906976744186046,0.5186,17.058823529411764
Hassan Rasheed,T20,02-Feb-24,0,0,0,0,0,0.0,0.0,0.0,0.0,0.0,0.0,0.0,0.35,0.0
Hassnain Shah,ODI,2026,230,15,0,2,2,62.83,19.45,25.132,38.56,28.849,39.725,40.0,0.6641499999999999,230.0
Huang Junjie,T20,29-Jan-24,0,0,0,0,0,0.0,0.0,0.0,0.0,0.0,0.0,0.0,0.35,0.0
Hussain Talat,ODI,2025,209,238,18,2,2,87.81,41.8,71.124,54.339999999999996,36.343,50.9,25.210084033613448,0.78905,209.0
Hussain Talat,ODI,2026,13,26,1,0,0,50.0,6.5,22.0,6.5,15.0,3.25,11.538461538461538,0.6,93.70588235294117
I Danladi,T20,2024,475,322,45,20,2,73.755,26.38,100.0,68.604,100.0,43.19,60.55900621118012,0.7187749999999999,475.0
I Danladi,T20,2025,490,480,42,8,2,51.04,28.82,100.0,72.056,55.312,44.41,31.25,0.6052,483.8235294117647
I Liyanage,T20,10-Feb-26,0,0,0,0,0,0.0,0.0,0.0,0.0,0.0,0.0,0.0,0.35,0.0
I Liyanage,T20,11-Feb-26,0,0,0,0,0,0.0,0.0,0.0,0.0,0.0,0.0,0.0,0.35,0.0
I Liyanage,T20,2024,421,324,41,16,0,64.965,30.07,100.0,66.156,99.48949999999999,15.035,52.77777777777778,0.674825,192.23744292237444
I Liyanage,T20,2025,0,0,0,0,0,0.0,0.0,0.0,0.0,0.0,0.0,0.0,0.35,116.34425582313462
I Liyanage,T20,2026,191,128,19,6,0,74.605,38.2,67.842,49.660000000000004,52.3815,19.1,58.59375,0.7230250000000001,143.26565937037972
I Niyomugabo,T20,2025,285,312,30,4,3,91.34,23.75,96.536,47.5,47.402,56.875,32.69230769230769,0.8067,285.0
I Takahashi,T20,2024,295,217,27,11,5,135.94,19.66,100.0,45.228,95.782,84.83,52.534562211981566,0.95,295.0
I Takahashi,T20,2026,61,0,0,0,0,8.2,6.1,3.28,10.98,2.4599999999999995,3.05,0.0,0.391,157.35294117647058
IA Karim,T20,2024,0,0,0,0,0,0.0,0.0,0.0,0.0,0.0,0.0,0.0,0.35,0.0
IDA Damarell,T20,02-May-26,0,0,0,0,0,0.0,0.0,0.0,0.0,0.0,0.0,0.0,0.35,0.0
IDA Damarell,T20,03-May-26,0,0,0,0,0,0.0,0.0,0.0,0.0,0.0,0.0,0.0,0.35,0.0
IDA Damarell,T20,2024,0,0,0,0,0,0.0,0.0,0.0,0.0,0.0,0.0,0.0,0.35,0.0
IDA Damarell,T20,2025,0,0,0,0,0,0.0,0.0,0.0,0.0,0.0,0.0,0.0,0.35,0.0
IDA Damarell,T20,2026,0,0,0,0,0,0.0,0.0,0.0,0.0,0.0,0.0,0.0,0.35,0.0
IDA Damarell,T20,21-Aug-24,0,0,0,0,0,0.0,0.0,0.0,0.0,0.0,0.0,0.0,0.35,0.0
IDA Damarell,T20,25-Aug-24,0,0,0,0,0,0.0,0.0,0.0,0.0,0.0,0.0,0.0,0.35,0.0
IDA Damarell,T20,28-Aug-24,0,0,0,0,0,0.0,0.0,0.0,0.0,0.0,0.0,0.0,0.35,0.0
IDM Latin,T20,2026,116,106,4,7,1,109.43,23.2,51.772000000000006,30.159999999999997,67.82900000000001,26.6,31.132075471698116,0.89715,116.0
II Selemani,T20,2026,211,113,21,9,0,186.72,52.75,100.0,63.300000000000004,100.0,26.375,79.64601769911505,0.7164,211.0
IK Gamantika,T20,01-Feb-24,0,0,0,0,0,0.0,0.0,0.0,0.0,0.0,0.0,0.0,0.35,0.0
IK Gamantika,T20,12-Jul-25,0,0,0,0,0,0.0,0.0,0.0,0.0,0.0,0.0,0.0,0.35,0.0
IK Gamantika,T20,2024,342,0,0,0,0,15.0,13.15,6.0,44.720000000000006,4.5,6.575,0.0,0.425,156.16438356164383
IK Gamantika,T20,2025,308,312,24,7,2,49.355,16.21,67.742,43.768,49.8065,38.105000000000004,29.807692307692307,0.5967749999999999,216.10738255033556
IK Gamantika,T20,2026,463,240,15,4,2,53.425,21.6,51.370000000000005,63.58,36.0275,40.8,23.75,0.617125,305.13865349248135
IKEG Artawan,T20,02-May-24,0,0,0,0,0,0.0,0.0,0.0,0.0,0.0,0.0,0.0,0.35,0.0
IKEG Artawan,T20,07-Jul-25,0,0,0,0,0,0.0,0.0,0.0,0.0,0.0,0.0,0.0,0.35,0.0
IKEG Artawan,T20,2024,0,0,0,0,0,0.0,0.0,0.0,0.0,0.0,0.0,0.0,0.35,0.0
IKEG Artawan,T20,2025,0,0,0,0,0,0.0,0.0,0.0,0.0,0.0,0.0,0.0,0.35,0.0
IKEG Artawan,T20,2026,0,0,0,0,0,0.0,0.0,0.0,0.0,0.0,0.0,0.0,0.35,0.0
IKO Aboagye,T20,2026,0,0,0,0,0,0.0,0.0,0.0,0.0,0.0,0.0,0.0,0.35,0.0
IKO Aboagye,T20,28-Mar-26,0,0,0,0,0,0.0,0.0,0.0,0.0,0.0,0.0,0.0,0.35,0.0
IO Okpe,T20,17-Jul-24,0,0,0,0,0,0.0,0.0,0.0,0.0,0.0,0.0,0.0,0.35,0.0
IO Okpe,T20,2024,365,0,0,0,0,16.42,19.21,6.568000000000001,51.868,4.926,9.605,0.0,0.4321,214.7058823529412
IO Okpe,T20,2025,474,0,0,0,0,18.57,22.57,7.428000000000001,65.456,5.571,11.285,0.0,0.44284999999999997,333.10502283105023
IS Sodhi,ODI,17-Nov-24,0,0,0,0,0,0.0,0.0,0.0,0.0,0.0,0.0,0.0,0.35,0.0
IS Sodhi,ODI,2024,0,0,0,0,0,0.0,0.0,0.0,0.0,0.0,0.0,0.0,0.35,0.0
IS Sodhi,T20,12-Jan-24,0,0,0,0,0,0.0,0.0,0.0,0.0,0.0,0.0,0.0,0.35,0.0
IS Sodhi,T20,14-Jan-24,0,0,0,0,0,0.0,0.0,0.0,0.0,0.0,0.0,0.0,0.35,0.0
IS Sodhi,T20,2025,294,0,0,0,0,11.63,15.47,4.652,41.775999999999996,3.4890000000000003,7.735,0.0,0.40814999999999996,134.24657534246575
IS Sodhi,T20,2026,290,0,0,0,0,19.5,36.25,7.800000000000001,58.0,5.85,18.125,0.0,0.4475,195.73628108961705
Ibrahim Hassan,T20,2024,441,0,0,0,0,8.785,21.0,3.5140000000000002,60.900000000000006,2.6355,10.5,0.0,0.39392499999999997,441.0
Ibrahim Hassan,T20,23-Oct-24,0,0,0,0,0,0.0,0.0,0.0,0.0,0.0,0.0,0.0,0.35,181.58823529411765
Ibrahim Rahimi,T20,09-Aug-25,0,0,0,0,0,0.0,0.0,0.0,0.0,0.0,0.0,0.0,0.35,0.0
Ibrahim Rahimi,T20,16-Jun-24,0,0,0,0,0,0.0,0.0,0.0,0.0,0.0,0.0,0.0,0.35,0.0
Ibrahim Rahimi,T20,2025,308,182,12,31,3,84.615,28.0,57.846,53.2,100.0,59.0,70.87912087912088,0.7730750000000001,140.63926940639269
Ibrahim Rizan,T20,2024,404,0,0,0,0,10.165,22.44,4.066,58.352000000000004,3.0494999999999997,11.22,0.0,0.400825,404.0
Ibrahim Zadran,ODI,2024,153,217,17,2,0,70.5,30.6,62.2,39.78,31.15,15.3,26.267281105990783,0.7025,153.0
Ibrahim Zadran,ODI,2025,429,479,29,10,0,89.56,71.5,93.82400000000001,100.0,76.868,35.75,24.4258872651357,0.7978000000000001,315.3529411764706
Ibrahim Zadran,T20,2024,512,463,52,9,2,55.29,32.0,100.0,76.80000000000001,61.587,46.0,39.524838012958966,0.62645,512.0
Ibrahim Zadran,T20,2025,453,375,44,11,1,60.4,34.84,100.0,73.172,73.12,32.42,44.0,0.652,477.29411764705884
Ibrahim Zadran,T20,2026,307,219,31,10,2,70.09,61.4,90.036,79.82000000000001,71.027,60.7,56.16438356164383,0.70045,399.5342465753425
Ibrahim Zadran,T20,21-Jan-26,0,0,0,0,0,0.0,0.0,0.0,0.0,0.0,0.0,0.0,0.35,241.80260560600078
Ibrahim Zadran,TEST,2024,179,365,22,0,0,49.04,44.75,63.616,53.7,14.712,22.375,18.08219178082192,0.5952,179.0
Ibrahim Zadran,TEST,2025,61,82,9,0,0,74.39,30.5,47.756,30.5,22.317,15.25,32.926829268292686,0.72195,109.58823529411765
Iftikhar Ahmed,T20,2024,0,0,0,0,0,0.0,0.0,0.0,0.0,0.0,0.0,0.0,0.35,0.0
Iftikhar Ahmed,T20,25-Apr-24,0,0,0,0,0,0.0,0.0,0.0,0.0,0.0,0.0,0.0,0.35,0.0
Ihsanullah Wafa,T20,07-Aug-25,0,0,0,0,0,0.0,0.0,0.0,0.0,0.0,0.0,0.0,0.35,0.0
Ikram Alikhil,ODI,07-Mar-24,0,0,0,0,0,0.0,0.0,0.0,0.0,0.0,0.0,0.0,0.35,0.0
Ikram Alikhil,ODI,12-Mar-24,0,0,0,0,0,0.0,0.0,0.0,0.0,0.0,0.0,0.0,0.35,0.0
Ikram Alikhil,ODI,14-Oct-25,0,0,0,0,0,0.0,0.0,0.0,0.0,0.0,0.0,0.0,0.35,0.0
Ikram Alikhil,ODI,17-Dec-24,0,0,0,0,0,0.0,0.0,0.0,0.0,0.0,0.0,0.0,0.35,0.0
Ikram Alikhil,ODI,19-Dec-24,0,0,0,0,0,0.0,0.0,0.0,0.0,0.0,0.0,0.0,0.35,0.0
Ikram Alikhil,ODI,20-Sep-24,0,0,0,0,0,0.0,0.0,0.0,0.0,0.0,0.0,0.0,0.35,0.0
Ikram Alikhil,ODI,2024,0,0,0,0,0,0.0,0.0,0.0,0.0,0.0,0.0,0.0,0.35,0.0
Ikram Alikhil,ODI,2025,0,0,0,0,0,0.0,0.0,0.0,0.0,0.0,0.0,0.0,0.35,0.0
Ikram Alikhil,ODI,21-Dec-24,0,0,0,0,0,0.0,0.0,0.0,0.0,0.0,0.0,0.0,0.35,0.0
Ikram Alikhil,ODI,22-Sep-24,0,0,0,0,0,0.0,0.0,0.0,0.0,0.0,0.0,0.0,0.35,0.0
Ikram Alikhil,TEST,02-Feb-24,0,0,0,0,0,0.0,0.0,0.0,0.0,0.0,0.0,0.0,0.35,0.0
Ikram Alikhil,TEST,2024,0,0,0,0,0,0.0,0.0,0.0,0.0,0.0,0.0,0.0,0.35,0.0
Ikramullah Khan,T20,2025,255,242,24,8,2,105.37,19.61,90.148,41.188,71.611,39.805,39.66942148760331,0.87685,255.0
Imal Zuwak,T20,2025,373,304,41,8,1,122.69,37.3,100.0,67.14,76.80699999999999,33.65,48.35526315789474,0.95,373.0
Imal Zuwak,T20,2026,120,125,10,1,0,48.0,15.0,39.2,24.0,19.4,7.5,26.4,0.59,224.17647058823528
Imam-ul-Haq,TEST,08-May-26,0,0,0,0,0,0.0,0.0,0.0,0.0,0.0,0.0,0.0,0.35,0.0
Imam-ul-Haq,TEST,2025,119,204,10,1,0,58.33,29.75,43.332,35.7,22.499,14.875,16.176470588235293,0.6416499999999999,70.0
Imam-ul-Haq,TEST,2026,45,72,6,0,0,31.25,45.0,24.5,40.5,9.375,22.5,25.0,0.50625,58.584474885844756
Imran Anwar,T20,2025,640,0,0,0,0,9.79,20.64,3.916,80.512,2.937,10.32,0.0,0.39894999999999997,640.0
Imran Khan,T20,2025,517,0,0,0,0,18.0,19.88,7.2,67.604,5.3999999999999995,9.94,0.0,0.44,517.0
Imran Khan,T20,2026,193,0,0,0,0,12.54,17.54,5.016,33.332,3.7619999999999996,8.77,0.0,0.41269999999999996,326.4117647058824
Inshaf Farook,T20,12-Mar-26,0,0,0,0,0,0.0,0.0,0.0,0.0,0.0,0.0,0.0,0.35,0.0
Irfan Khan,ODI,04-Nov-24,0,0,0,0,0,0.0,0.0,0.0,0.0,0.0,0.0,0.0,0.35,0.0
Irfan Khan,ODI,2024,0,0,0,0,0,0.0,0.0,0.0,0.0,0.0,0.0,0.0,0.35,0.0
Irfan Khan,T20,10-Dec-24,0,0,0,0,0,0.0,0.0,0.0,0.0,0.0,0.0,0.0,0.35,0.0
Irfan Safi,T20,2026,222,0,0,0,0,5.315,20.18,2.1260000000000003,38.344,1.5945,10.09,0.0,0.376575,222.0
Isa Zaroo,T20,12-Jul-25,0,0,0,0,0,0.0,0.0,0.0,0.0,0.0,0.0,0.0,0.35,0.0
Ishan Kishan,T20,07-Feb-26,0,0,0,0,0,0.0,0.0,0.0,0.0,0.0,0.0,0.0,0.35,0.0
Ishan Kishan,T20,08-Mar-26,0,0,0,0,0,0.0,0.0,0.0,0.0,0.0,0.0,0.0,0.35,0.0
Ishan Kishan,T20,2026,532,257,55,34,0,69.0,40.92,100.0,85.936,100.0,20.46,100.0,0.695,242.92237442922374
Ishan Kishan,T20,25-Jan-26,0,0,0,0,0,0.0,0.0,0.0,0.0,0.0,0.0,0.0,0.35,147.0193446506119
Ishtiaq Ahmad,T20,2024,508,0,0,0,0,15.13,16.93,6.0520000000000005,64.344,4.539,8.465,0.0,0.42565,508.0
Ishtiaq Ahmad,T20,2025,282,0,0,0,0,5.34,12.81,2.136,38.448,1.6019999999999999,6.405,0.0,0.37670000000000003,375.0588235294117
Ishtiaq Ahmad,T20,28-Apr-25,0,0,0,0,0,0.0,0.0,0.0,0.0,0.0,0.0,0.0,0.35,203.79908675799084
Ismat Alam,TEST,02-Jan-25,0,0,0,0,0,0.0,0.0,0.0,0.0,0.0,0.0,0.0,0.35,0.0
Ismat Alam,TEST,2025,125,225,12,0,0,55.55,31.25,46.22,37.5,16.665,15.625,16.0,0.62775,73.52941176470588
J Baker,T20,08-Mar-26,0,0,0,0,0,0.0,0.0,0.0,0.0,0.0,0.0,0.0,0.35,0.0
J Baker,T20,11-Mar-26,0,0,0,0,0,0.0,0.0,0.0,0.0,0.0,0.0,0.0,0.35,0.0
J Baker,T20,2025,628,456,55,37,2,137.71,52.33,100.0,100.0,100.0,56.165,60.52631578947368,0.95,286.7579908675799
J Baker,T20,2026,248,181,23,10,1,68.505,49.6,73.402,64.48,70.5515,39.8,54.69613259668508,0.692525,271.45677062771415
J Bangura,T20,2024,0,0,0,0,0,0.0,0.0,0.0,0.0,0.0,0.0,0.0,0.35,0.0
J Byrappa,T20,2026,127,132,6,5,2,96.21,15.87,50.484,25.396,53.863,37.935,25.0,0.8310499999999998,127.0
J Campbell,ODI,18-Feb-25,0,0,0,0,0,0.0,0.0,0.0,0.0,0.0,0.0,0.0,0.35,0.0
J Campbell,ODI,2025,0,0,0,0,0,0.0,0.0,0.0,0.0,0.0,0.0,0.0,0.35,0.0
J Charles,T20,2024,344,247,43,16,0,139.27,22.93,100.0,52.744,100.0,11.465,71.65991902834008,0.95,344.0
J Charles,T20,2026,0,0,0,0,0,0.0,0.0,0.0,0.0,0.0,0.0,0.0,0.35,141.6470588235294
J Charles,T20,22-Jan-26,0,0,0,0,0,0.0,0.0,0.0,0.0,0.0,0.0,0.0,0.35,76.96803652968036
J Coetzee,T20,2024,285,0,0,0,0,12.84,11.4,5.136,37.620000000000005,3.852,5.7,0.0,0.4142,285.0
J Da Silva,TEST,07-Aug-24,0,0,0,0,0,0.0,0.0,0.0,0.0,0.0,0.0,0.0,0.35,0.0
J Da Silva,TEST,10-Jul-24,0,0,0,0,0,0.0,0.0,0.0,0.0,0.0,0.0,0.0,0.35,0.0
J Da Silva,TEST,15-Aug-24,0,0,0,0,0,0.0,0.0,0.0,0.0,0.0,0.0,0.0,0.35,0.0
J Da Silva,TEST,17-Jan-24,0,0,0,0,0,0.0,0.0,0.0,0.0,0.0,0.0,0.0,0.35,0.0
J Da Silva,TEST,18-Jul-24,0,0,0,0,0,0.0,0.0,0.0,0.0,0.0,0.0,0.0,0.35,0.0
J Da Silva,TEST,2024,356,675,32,5,2,26.37,22.25,74.548,53.400000000000006,32.911,41.125,16.444444444444446,0.48185,121.04026628858585
J Da Silva,TEST,22-Nov-24,0,0,0,0,0,0.0,0.0,0.0,0.0,0.0,0.0,0.0,0.35,81.4693514065396
J Da Silva,TEST,25-Jan-24,0,0,0,0,0,0.0,0.0,0.0,0.0,0.0,0.0,0.0,0.35,55.53338938669829
J Da Silva,TEST,26-Jul-24,0,0,0,0,0,0.0,0.0,0.0,0.0,0.0,0.0,0.0,0.35,38.17281059691328
J Da Silva,TEST,30-Nov-24,0,0,0,0,0,0.0,0.0,0.0,0.0,0.0,0.0,0.0,0.35,26.388077887181296
J Fraser-McGurk,ODI,12-Feb-25,0,0,0,0,0,0.0,0.0,0.0,0.0,0.0,0.0,0.0,0.35,0.0
J Fraser-McGurk,ODI,2024,87,56,11,4,0,155.35,17.4,84.14,22.619999999999997,66.60499999999999,8.7,80.35714285714286,0.8732500000000001,51.1764705882353
J Fraser-McGurk,T20,14-Nov-24,0,0,0,0,0,0.0,0.0,0.0,0.0,0.0,0.0,0.0,0.35,0.0
J Giyanani,ODI,2026,4,5,0,0,0,80.0,4.0,32.0,3.6,24.0,2.0,0.0,0.75,4.0
J Gumbie,ODI,08-Jan-24,0,0,0,0,0,0.0,0.0,0.0,0.0,0.0,0.0,0.0,0.35,0.0
J Gumbie,ODI,11-Jan-24,0,0,0,0,0,0.0,0.0,0.0,0.0,0.0,0.0,0.0,0.35,0.0
J Gumbie,ODI,2024,87,125,13,0,0,34.8,14.5,39.92,20.3,10.44,7.25,31.2,0.524,39.726027397260275
J Gumbie,TEST,02-Jan-25,0,0,0,0,0,0.0,0.0,0.0,0.0,0.0,0.0,0.0,0.35,0.0
J Gumbie,TEST,2024,106,232,14,0,0,15.226666666666667,26.5,34.090666666666664,31.800000000000004,4.568,13.25,18.10344827586207,0.4261333333333333,62.35294117647059
J Gumbie,TEST,2025,0,0,0,0,0,0.0,0.0,0.0,0.0,0.0,0.0,0.0,0.35,33.88127853881278
J Jarvis,ODI,12-Apr-26,0,0,0,0,0,0.0,0.0,0.0,0.0,0.0,0.0,0.0,0.35,0.0
J Jarvis,ODI,2024,118,0,1,0,0,18.85,16.85,9.540000000000001,25.28,5.655,8.425,100.0,0.44425,69.41176470588235
J Jarvis,ODI,2025,281,0,0,0,0,45.57,40.14,18.228,60.212,13.671,20.07,0.0,0.57785,166.027397260274
J Jarvis,ODI,2026,103,9,0,0,0,32.11333333333334,13.71,12.845333333333336,21.268,9.634,6.855,0.0,0.5105666666666667,141.14488748519545
J Liyanage,ODI,08-Jan-24,0,0,0,0,0,0.0,0.0,0.0,0.0,0.0,0.0,0.0,0.35,0.0
J Liyanage,ODI,2024,462,567,31,11,3,81.48,46.2,94.59200000000001,83.16,79.444,68.1,22.22222222222222,0.7574000000000001,271.7647058823529
J Liyanage,ODI,2025,448,492,35,14,3,45.525,44.8,88.21000000000001,80.63999999999999,83.6575,67.4,29.878048780487806,0.577625,352.23744292237444
J Liyanage,ODI,2026,80,100,7,2,0,40.0,26.66,30.0,29.328000000000003,22.0,13.33,27.0,0.55,244.76115278326097
J Liyanage,ODI,27-Jan-26,0,0,0,0,0,0.0,0.0,0.0,0.0,0.0,0.0,0.0,0.35,156.4985034798601
J Liyanage,T20,03-Feb-26,0,0,0,0,0,0.0,0.0,0.0,0.0,0.0,0.0,0.0,0.35,0.0
J Martins,T20,2026,252,112,7,5,0,40.5,21.0,30.2,42.0,37.15,10.5,32.14285714285714,0.5525,252.0
J Miyagi,T20,2024,263,0,0,0,0,14.26,13.84,5.704000000000001,37.372,4.278,6.92,0.0,0.4213,263.0
J Mosca,T20,2026,122,103,15,3,1,118.44,20.33,77.376,28.464,50.532,25.165,52.42718446601942,0.9422,122.0
J Neill,TEST,2025,145,242,24,2,0,59.91,36.25,71.964,43.5,27.973,18.125,32.231404958677686,0.64955,145.0
J Overton,ODI,2025,467,205,24,5,0,44.23333333333333,29.42,65.69333333333333,70.236,38.269999999999996,14.71,42.4390243902439,0.5711666666666666,467.0
J Overton,ODI,2026,169,17,4,2,0,75.66666666666667,34.0,38.266666666666666,44.1,32.7,17.0,100.0,0.7283333333333334,291.70588235294116
J Overton,ODI,22-Jan-26,0,0,0,0,0,0.0,0.0,0.0,0.0,0.0,0.0,0.0,0.35,158.50684931506848
J Overton,T20,2026,210,0,0,0,0,6.905,19.09,2.7620000000000005,36.272,2.0715,9.545,0.0,0.384525,210.0
J Overton,T20,30-Jan-26,0,0,0,0,0,0.0,0.0,0.0,0.0,0.0,0.0,0.0,0.35,86.47058823529412
J Overton,TEST,2025,0,0,0,0,0,0.0,0.0,0.0,0.0,0.0,0.0,0.0,0.35,0.0
J Overton,TEST,31-Jul-25,0,0,0,0,0,0.0,0.0,0.0,0.0,0.0,0.0,0.0,0.35,0.0
J Perry,T20,09-Mar-26,0,0,0,0,0,0.0,0.0,0.0,0.0,0.0,0.0,0.0,0.35,0.0
J Perry,T20,2026,0,0,0,0,0,0.0,0.0,0.0,0.0,0.0,0.0,0.0,0.35,0.0
J Pickering,T20,09-May-25,0,0,0,0,0,0.0,0.0,0.0,0.0,0.0,0.0,0.0,0.35,0.0
J Pickering,T20,2025,0,0,0,0,0,0.0,0.0,0.0,0.0,0.0,0.0,0.0,0.35,0.0
J Pickering,T20,2026,0,0,0,0,0,0.0,0.0,0.0,0.0,0.0,0.0,0.0,0.35,0.0
J Ramanandi,ODI,08-Apr-26,0,0,0,0,0,0.0,0.0,0.0,0.0,0.0,0.0,0.0,0.35,0.0
J Ramanandi,ODI,2026,389,167,13,7,1,80.92666666666666,104.5,58.370666666666665,100.0,59.278,67.25,35.92814371257485,0.7546333333333334,228.82352941176472
J Scheffer,T20,10-Mar-25,0,0,0,0,0,0.0,0.0,0.0,0.0,0.0,0.0,0.0,0.35,0.0
J Scheffer,T20,2025,0,0,0,0,0,0.0,0.0,0.0,0.0,0.0,0.0,0.0,0.35,0.0
J Stanigze,T20,14-Jun-25,0,0,0,0,0,0.0,0.0,0.0,0.0,0.0,0.0,0.0,0.35,0.0
J Tuffin,T20,09-Dec-25,0,0,0,0,0,0.0,0.0,0.0,0.0,0.0,0.0,0.0,0.35,0.0
J Tuffin,T20,2025,0,0,0,0,0,0.0,0.0,0.0,0.0,0.0,0.0,0.0,0.35,0.0
J Vijay,T20,16-Jun-24,0,0,0,0,0,0.0,0.0,0.0,0.0,0.0,0.0,0.0,0.35,0.0
J Weatherald,TEST,04-Jan-26,0,0,0,0,0,0.0,0.0,0.0,0.0,0.0,0.0,0.0,0.35,0.0
J Weatherald,TEST,2025,146,212,22,1,1,68.86,20.85,71.544,31.28,25.657999999999998,25.425,32.54716981132076,0.6943,85.88235294117648
J Weatherald,TEST,2026,55,76,9,0,0,36.18,27.5,32.472,27.5,10.854,13.75,35.526315789473685,0.5309,71.78082191780821
JA Clarkson,ODI,2026,20,31,1,0,0,32.255,6.66,14.902000000000001,7.328,9.6765,3.33,9.67741935483871,0.5112749999999999,20.0
JA Duffy,ODI,05-Apr-25,0,0,0,0,0,0.0,0.0,0.0,0.0,0.0,0.0,0.0,0.35,0.0
JA Duffy,ODI,2025,451,0,0,0,0,11.805,21.47,4.722,62.275999999999996,3.5414999999999996,10.735,0.0,0.409025,265.29411764705884
JA Duffy,T20,2025,528,0,0,0,0,12.11,15.08,4.844,64.864,3.6329999999999996,7.54,0.0,0.41054999999999997,528.0
JA Duffy,T20,2026,352,0,0,0,0,21.77,39.11,8.708,66.488,6.531,19.555,0.0,0.45885,424.4705882352941
JA Duffy,TEST,2025,485,104,14,0,1,38.733333333333334,19.5,43.49333333333333,64.1,11.62,24.75,40.38461538461538,0.5436666666666666,485.0
JA Warrican,TEST,07-Aug-24,0,0,0,0,0,0.0,0.0,0.0,0.0,0.0,0.0,0.0,0.35,0.0
JA Warrican,TEST,2024,226,98,5,3,2,48.61,60.0,29.444000000000003,70.6,29.583,60.0,24.489795918367346,0.59305,132.94117647058823
JA Warrican,TEST,2025,561,143,7,3,2,56.235,19.2,36.494,71.46000000000001,31.8705,39.6,20.97902097902098,0.631175,328.4018264840183
JB Little,ODI,21-May-25,0,0,0,0,0,0.0,0.0,0.0,0.0,0.0,0.0,0.0,0.35,0.0
JC Archer,ODI,2025,530,104,15,4,4,73.905,31.5,59.562,78.2,42.171499999999995,75.75,54.80769230769231,0.719525,530.0
JC Archer,T20,02-Feb-25,0,0,0,0,0,0.0,0.0,0.0,0.0,0.0,0.0,0.0,0.35,0.0
JC Archer,T20,12-Sep-25,0,0,0,0,0,0.0,0.0,0.0,0.0,0.0,0.0,0.0,0.35,0.0
JC Archer,T20,2025,0,0,0,0,0,0.0,0.0,0.0,0.0,0.0,0.0,0.0,0.35,0.0
JC Archer,T20,2026,350,0,0,0,0,17.07,26.92,6.828,56.536,5.1209999999999996,13.46,0.0,0.43534999999999996,138.1760757994473
JC Archer,TEST,2025,615,207,11,3,4,36.913333333333334,27.88,36.76533333333333,83.804,26.073999999999998,73.94,20.289855072463766,0.5345666666666666,615.0
JC Buttler,ODI,01-Jun-25,0,0,0,0,0,0.0,0.0,0.0,0.0,0.0,0.0,0.0,0.35,0.0
JC Buttler,ODI,01-Nov-25,0,0,0,0,0,0.0,0.0,0.0,0.0,0.0,0.0,0.0,0.35,0.0
JC Buttler,ODI,04-Sep-25,0,0,0,0,0,0.0,0.0,0.0,0.0,0.0,0.0,0.0,0.35,0.0
JC Buttler,ODI,07-Sep-25,0,0,0,0,0,0.0,0.0,0.0,0.0,0.0,0.0,0.0,0.35,0.0
JC Buttler,ODI,2025,441,458,34,12,2,32.093333333333334,33.92,80.83733333333333,71.236,69.628,46.96,30.131004366812228,0.5104666666666666,159.0278028199488
JC Buttler,ODI,2026,52,41,3,2,1,42.27333333333333,52.0,22.909333333333333,46.800000000000004,22.682000000000002,41.0,36.58536585365854,0.5613666666666667,122.63826980419358
JC Buttler,ODI,22-Feb-25,0,0,0,0,0,0.0,0.0,0.0,0.0,0.0,0.0,0.0,0.35,82.54492992230008
JC Buttler,ODI,22-Jan-26,0,0,0,0,0,0.0,0.0,0.0,0.0,0.0,0.0,0.0,0.35,56.26655492073615
JC Buttler,ODI,24-Jan-26,0,0,0,0,0,0.0,0.0,0.0,0.0,0.0,0.0,0.0,0.35,38.676777478389376
JC Buttler,ODI,27-Jan-26,0,0,0,0,0,0.0,0.0,0.0,0.0,0.0,0.0,0.0,0.35,26.73645981434352
JC Buttler,T20,03-Feb-26,0,0,0,0,0,0.0,0.0,0.0,0.0,0.0,0.0,0.0,0.35,0.0
JC Buttler,T20,08-Feb-26,0,0,0,0,0,0.0,0.0,0.0,0.0,0.0,0.0,0.0,0.35,0.0
JC Buttler,T20,16-Feb-26,0,0,0,0,0,0.0,0.0,0.0,0.0,0.0,0.0,0.0,0.35,0.0
JC Buttler,T20,2024,462,281,47,23,2,82.205,42.0,100.0,79.80000000000001,100.0,51.0,74.73309608540926,0.761025,182.39242005527043
JC Buttler,T20,2025,480,292,40,26,0,82.19,34.28,100.0,75.424,100.0,17.14,67.80821917808218,0.76095,289.71187479715843
JC Buttler,T20,2026,168,135,23,3,0,62.22,15.27,70.888,29.016000000000002,33.666,7.635,57.77777777777778,0.6611,248.32974632544196
JC Buttler,T20,27-Feb-26,0,0,0,0,0,0.0,0.0,0.0,0.0,0.0,0.0,0.0,0.35,167.14490134918086
JC Buttler,T20,28-Jan-25,0,0,0,0,0,0.0,0.0,0.0,0.0,0.0,0.0,0.0,0.35,113.93392398948508
JC Buttler,T20,30-Jan-26,0,0,0,0,0,0.0,0.0,0.0,0.0,0.0,0.0,0.0,0.35,78.31645338138628
JC Tongue,TEST,04-Jan-26,0,0,0,0,0,0.0,0.0,0.0,0.0,0.0,0.0,0.0,0.35,0.0
JC Tongue,TEST,20-Jun-25,0,0,0,0,0,0.0,0.0,0.0,0.0,0.0,0.0,0.0,0.35,0.0
JC Tongue,TEST,2025,896,0,0,0,0,18.935,27.15,7.574,100.0,5.680499999999999,13.575,0.0,0.444675,409.1324200913242
JC Tongue,TEST,2026,145,16,1,0,0,26.166666666666668,23.16,12.466666666666669,33.028000000000006,7.85,11.58,18.75,0.48083333333333333,304.8559020923806
JD Allan,T20,05-Mar-24,0,0,0,0,0,0.0,0.0,0.0,0.0,0.0,0.0,0.0,0.35,0.0
JD Allan,T20,2024,0,0,0,0,0,0.0,0.0,0.0,0.0,0.0,0.0,0.0,0.35,0.0
JD Campbell,TEST,2025,388,774,52,4,0,50.12,24.25,100.0,58.2,35.036,12.125,21.705426356589147,0.6006,388.0
JDF Vandersay,ODI,2024,263,0,0,0,0,21.8,17.53,8.72,40.324,6.54,8.765,0.0,0.45899999999999996,263.0
JDF Vandersay,ODI,2026,176,19,1,0,1,40.07,32.0,18.028000000000002,43.2,12.020999999999999,31.0,15.789473684210526,0.55035,211.82352941176472
JDF Vandersay,ODI,27-Jan-26,0,0,0,0,0,0.0,0.0,0.0,0.0,0.0,0.0,0.0,0.35,115.10045662100458
JDF Vandersay,TEST,2025,239,54,8,2,0,90.775,60.66,52.31,72.428,37.2325,30.33,55.55555555555555,0.803875,239.0
JDS Neesham,T20,13-Nov-25,0,0,0,0,0,0.0,0.0,0.0,0.0,0.0,0.0,0.0,0.35,0.0
JDS Neesham,T20,2025,250,0,0,0,0,5.235,14.7,2.0940000000000003,36.76,1.5705,7.35,0.0,0.376175,147.05882352941177
JDS Neesham,T20,2026,283,0,0,0,0,10.125,35.37,4.05,56.596000000000004,3.0375,17.685,0.0,0.400625,209.1324200913242
JE Root,ODI,2025,808,846,75,4,1,47.75,57.71,100.0,100.0,34.325,43.855000000000004,28.01418439716312,0.58875,808.0
JE Root,ODI,2026,260,288,19,1,1,31.08666666666667,123.5,50.43466666666667,100.0,14.326,76.75,20.833333333333336,0.5054333333333334,485.6470588235294
JE Root,ODI,24-Jan-26,0,0,0,0,0,0.0,0.0,0.0,0.0,0.0,0.0,0.0,0.35,263.8904109589041
JE Root,TEST,02-Feb-24,0,0,0,0,0,0.0,0.0,0.0,0.0,0.0,0.0,0.0,0.35,0.0
JE Root,TEST,04-Jan-26,0,0,0,0,0,0.0,0.0,0.0,0.0,0.0,0.0,0.0,0.35,0.0
JE Root,TEST,15-Feb-24,0,0,0,0,0,0.0,0.0,0.0,0.0,0.0,0.0,0.0,0.35,0.0
JE Root,TEST,20-Jun-25,0,0,0,0,0,0.0,0.0,0.0,0.0,0.0,0.0,0.0,0.35,0.0
JE Root,TEST,2024,2117,2455,147,2,3,49.973333333333336,55.57,100.0,100.0,24.992,72.785,18.20773930753564,0.5998666666666667,763.4055749882803
JE Root,TEST,2025,805,1395,82,1,2,28.85,50.31,100.0,100.0,13.655,55.155,17.8494623655914,0.49424999999999997,777.5477106049633
JE Root,TEST,2026,166,279,16,0,0,29.745,83.0,43.898,83.0,8.9235,41.5,17.204301075268816,0.49872500000000003,577.6183553194876
JE Root,TEST,25-Jan-24,0,0,0,0,0,0.0,0.0,0.0,0.0,0.0,0.0,0.0,0.35,393.7321764450245
JE Root,TEST,26-Dec-25,0,0,0,0,0,0.0,0.0,0.0,0.0,0.0,0.0,0.0,0.35,270.64553349496094
JE Root,TEST,29-Aug-24,0,0,0,0,0,0.0,0.0,0.0,0.0,0.0,0.0,0.0,0.35,187.09168400244187
JF Smith,ODI,2024,91,98,9,4,0,92.85,45.5,55.14,45.5,47.855,22.75,39.79591836734694,0.8142499999999999,91.0
JG Bethell,ODI,2024,167,208,14,4,1,80.28,27.83,60.112,38.964,44.084,28.915,25.96153846153846,0.7514,167.0
JG Bethell,ODI,2025,350,325,33,12,0,107.69,38.88,100.0,66.104,92.30699999999999,19.44,41.53846153846154,0.88845,274.6470588235294
JG Bethell,ODI,2026,86,119,9,0,0,72.26,28.66,46.904,31.528,21.678,14.33,22.6890756302521,0.7112999999999999,188.50684931506848
JG Bethell,T20,2026,305,213,29,14,0,71.595,27.72,86.638,52.676,91.4785,13.86,60.563380281690144,0.707975,305.0
JG Bethell,T20,31-Jan-25,0,0,0,0,0,0.0,0.0,0.0,0.0,0.0,0.0,0.0,0.35,125.58823529411765
JG Bethell,TEST,04-Jan-26,0,0,0,0,0,0.0,0.0,0.0,0.0,0.0,0.0,0.0,0.35,0.0
JG Bethell,TEST,2024,260,346,38,5,1,37.57,52.0,91.028,67.6,36.271,41.0,37.28323699421965,0.5378499999999999,152.94117647058823
JG Bethell,TEST,2025,52,96,7,0,0,54.16,13.0,35.664,15.600000000000001,16.247999999999998,6.5,21.875,0.6208,106.84931506849315
JG Bethell,TEST,2026,232,288,17,0,0,55.64666666666667,82.0,56.25866666666667,88.80000000000001,16.694,41.0,17.708333333333332,0.6282333333333334,156.25740228977497
JJ Atkinson,T20,09-Mar-24,0,0,0,0,0,0.0,0.0,0.0,0.0,0.0,0.0,0.0,0.35,0.0
JJ Atkinson,T20,2024,0,0,0,0,0,0.0,0.0,0.0,0.0,0.0,0.0,0.0,0.35,0.0
JJ Bumrah,T20,2026,316,0,0,0,0,14.33,17.55,5.732,45.64,4.2989999999999995,8.775,0.0,0.42164999999999997,316.0
JJ Bumrah,TEST,03-Jan-24,0,0,0,0,0,0.0,0.0,0.0,0.0,0.0,0.0,0.0,0.35,0.0
JJ Bumrah,TEST,2024,1157,242,8,4,5,23.41333333333333,14.92,25.365333333333332,100.0,27.024,82.46,14.87603305785124,0.46706666666666663,680.5882352941177
JJ Bumrah,TEST,2025,687,0,0,0,0,47.12,22.16,18.848,86.428,14.136,11.08,0.0,0.5856,683.5159817351599
JJ Chicuele,T20,12-Sep-25,0,0,0,0,0,0.0,0.0,0.0,0.0,0.0,0.0,0.0,0.35,0.0
JJ Chicuele,T20,2025,0,0,0,0,0,0.0,0.0,0.0,0.0,0.0,0.0,0.0,0.35,0.0
JJ Davidson,ODI,12-Apr-26,0,0,0,0,0,0.0,0.0,0.0,0.0,0.0,0.0,0.0,0.35,0.0
JJ Davidson,ODI,2024,63,0,1,0,0,16.8,12.6,8.72,16.38,5.04,6.3,100.0,0.434,37.05882352941177
JJ Davidson,ODI,2025,293,0,0,0,0,37.71,41.85,15.084000000000001,62.78,11.313,20.925,0.0,0.5385500000000001,153.92694063926942
JJ Davidson,ODI,2026,47,0,0,0,0,27.0,47.0,10.8,42.300000000000004,8.1,23.5,0.0,0.485,111.71338333991316
JJ Smit,ODI,09-Mar-25,0,0,0,0,0,0.0,0.0,0.0,0.0,0.0,0.0,0.0,0.35,0.0
JJ Smit,ODI,15-Feb-24,0,0,0,0,0,0.0,0.0,0.0,0.0,0.0,0.0,0.0,0.35,0.0
JJ Smit,ODI,2024,314,480,18,15,3,32.705,39.25,49.082,62.8,84.8115,64.625,20.625,0.513525,143.37899543378995
JJ Smit,ODI,2025,339,0,0,0,0,12.97,18.83,5.188000000000001,48.964,3.891,9.415,0.0,0.41485,220.60797473351755
JJ Smit,ODI,2026,73,98,3,5,0,74.48,18.25,35.792,21.900000000000002,47.344,9.125,24.489795918367346,0.7224,167.37946702246583
JJ Smit,T20,15-Feb-26,0,0,0,0,0,0.0,0.0,0.0,0.0,0.0,0.0,0.0,0.35,0.0
JJ Smit,T20,2024,0,0,0,0,0,0.0,0.0,0.0,0.0,0.0,0.0,0.0,0.35,0.0
JJ Smit,T20,2025,223,0,0,0,0,10.8,11.15,4.32,31.22,3.24,5.575,0.0,0.40399999999999997,101.82648401826484
JJ Smit,T20,2026,0,0,0,0,0,0.0,0.0,0.0,0.0,0.0,0.0,0.0,0.35,61.62652980655349
JL Smith,ODI,2024,124,133,9,5,0,46.615,24.8,36.646,32.24,38.9845,12.4,31.57894736842105,0.583075,124.0
JL Smith,ODI,2025,259,206,43,5,0,62.86,21.58,100.0,43.164,43.858000000000004,10.79,69.90291262135922,0.6643000000000001,203.41176470588238
JL Smith,ODI,21-Sep-24,0,0,0,0,0,0.0,0.0,0.0,0.0,0.0,0.0,0.0,0.35,110.52968036529683
JL Smith,ODI,24-Sep-24,0,0,0,0,0,0.0,0.0,0.0,0.0,0.0,0.0,0.0,0.35,66.89380181602844
JL Smith,ODI,27-Sep-24,0,0,0,0,0,0.0,0.0,0.0,0.0,0.0,0.0,0.0,0.35,42.77141105621868
JL Smith,ODI,29-Sep-24,0,0,0,0,0,0.0,0.0,0.0,0.0,0.0,0.0,0.0,0.35,28.229099304018476
JL Smith,TEST,02-Jul-25,0,0,0,0,0,0.0,0.0,0.0,0.0,0.0,0.0,0.0,0.35,0.0
JL Smith,TEST,04-Dec-25,0,0,0,0,0,0.0,0.0,0.0,0.0,0.0,0.0,0.0,0.35,0.0
JL Smith,TEST,04-Jan-26,0,0,0,0,0,0.0,0.0,0.0,0.0,0.0,0.0,0.0,0.35,0.0
JL Smith,TEST,06-Sep-24,0,0,0,0,0,0.0,0.0,0.0,0.0,0.0,0.0,0.0,0.35,0.0
JL Smith,TEST,07-Oct-24,0,0,0,0,0,0.0,0.0,0.0,0.0,0.0,0.0,0.0,0.35,0.0
JL Smith,TEST,10-Jul-24,0,0,0,0,0,0.0,0.0,0.0,0.0,0.0,0.0,0.0,0.35,0.0
JL Smith,TEST,10-Jul-25,0,0,0,0,0,0.0,0.0,0.0,0.0,0.0,0.0,0.0,0.35,0.0
JL Smith,TEST,15-Oct-24,0,0,0,0,0,0.0,0.0,0.0,0.0,0.0,0.0,0.0,0.35,0.0
JL Smith,TEST,17-Dec-25,0,0,0,0,0,0.0,0.0,0.0,0.0,0.0,0.0,0.0,0.35,0.0
JL Smith,TEST,18-Jul-24,0,0,0,0,0,0.0,0.0,0.0,0.0,0.0,0.0,0.0,0.35,0.0
JL Smith,TEST,20-Jun-25,0,0,0,0,0,0.0,0.0,0.0,0.0,0.0,0.0,0.0,0.35,0.0
JL Smith,TEST,2024,637,881,63,15,0,36.15,42.46,100.0,97.668,85.845,21.23,26.560726447219068,0.53075,193.78219501565184
JL Smith,TEST,2025,577,722,66,14,4,39.955,41.21,100.0,90.668,81.9865,80.605,33.2409972299169,0.549775,309.87232226568415
JL Smith,TEST,2026,72,117,9,1,0,20.51,36.0,26.204,36.0,11.153,18.0,25.641025641025642,0.45255,238.02332913697026
JL Smith,TEST,21-Aug-24,0,0,0,0,0,0.0,0.0,0.0,0.0,0.0,0.0,0.0,0.35,166.27570413298042
JL Smith,TEST,21-Nov-25,0,0,0,0,0,0.0,0.0,0.0,0.0,0.0,0.0,0.0,0.35,116.2266652697245
JL Smith,TEST,22-May-25,0,0,0,0,0,0.0,0.0,0.0,0.0,0.0,0.0,0.0,0.35,81.27736294717927
JL Smith,TEST,23-Jul-25,0,0,0,0,0,0.0,0.0,0.0,0.0,0.0,0.0,0.0,0.35,56.8543833509495
JL Smith,TEST,26-Dec-25,0,0,0,0,0,0.0,0.0,0.0,0.0,0.0,0.0,0.0,0.35,39.77860384358334
JL Smith,TEST,26-Jul-24,0,0,0,0,0,0.0,0.0,0.0,0.0,0.0,0.0,0.0,0.35,27.83549301170915
JL Smith,TEST,29-Aug-24,0,0,0,0,0,0.0,0.0,0.0,0.0,0.0,0.0,0.0,0.35,19.48017828171085
JL Smith,TEST,31-Jul-25,0,0,0,0,0,0.0,0.0,0.0,0.0,0.0,0.0,0.0,0.35,13.633838983152929
JM Anderson,TEST,2024,393,0,0,0,0,58.57,28.07,23.428,61.756,17.570999999999998,14.035,0.0,0.6428499999999999,393.0
JM Bairstow,TEST,02-Feb-24,0,0,0,0,0,0.0,0.0,0.0,0.0,0.0,0.0,0.0,0.35,0.0
JM Bairstow,TEST,2024,238,290,28,6,0,41.03,23.8,72.412,42.84,42.309,11.9,35.172413793103445,0.55515,140.0
JM Cox,T20,20-Oct-25,0,0,0,0,0,0.0,0.0,0.0,0.0,0.0,0.0,0.0,0.35,0.0
JM Sharma,T20,09-Dec-25,0,0,0,0,0,0.0,0.0,0.0,0.0,0.0,0.0,0.0,0.35,0.0
JM Sharma,T20,14-Dec-25,0,0,0,0,0,0.0,0.0,0.0,0.0,0.0,0.0,0.0,0.35,0.0
JM Sharma,T20,2025,0,0,0,0,0,0.0,0.0,0.0,0.0,0.0,0.0,0.0,0.35,0.0
JN Frylinck,ODI,04-Apr-26,0,0,0,0,0,0.0,0.0,0.0,0.0,0.0,0.0,0.0,0.35,0.0
JN Frylinck,ODI,18-Jul-24,0,0,0,0,0,0.0,0.0,0.0,0.0,0.0,0.0,0.0,0.35,0.0
JN Frylinck,ODI,2024,275,411,30,0,0,33.45,27.5,73.38,49.5,10.035,13.75,21.8978102189781,0.51725,125.57077625570777
JN Frylinck,ODI,2025,230,333,18,5,0,69.06,23.0,63.624,41.400000000000006,45.718,11.5,20.72072072072072,0.6953,166.79826292933282
JN Frylinck,ODI,2026,133,188,12,2,0,35.37,33.25,38.147999999999996,39.900000000000006,20.610999999999997,16.625,22.340425531914892,0.52685,154.610363852728
JN Frylinck,T20,2025,320,165,39,12,1,193.93,40.0,100.0,64.0,100.0,35.0,92.72727272727272,0.68035,320.0
JN Frylinck,T20,2026,171,137,17,6,0,124.81,24.42,83.924,36.636,67.443,12.21,50.36496350364963,0.95,232.3529411764706
JN Frylinck,T20,27-Feb-24,0,0,0,0,0,0.0,0.0,0.0,0.0,0.0,0.0,0.0,0.35,126.25570776255708
JN Loftie-Eaton,ODI,16-Feb-25,0,0,0,0,0,0.0,0.0,0.0,0.0,0.0,0.0,0.0,0.35,0.0
JN Loftie-Eaton,ODI,2024,429,233,21,8,0,35.87,29.28,56.348,66.324,50.760999999999996,14.64,37.33905579399142,0.52935,252.3529411764706
JN Loftie-Eaton,ODI,2025,396,265,15,6,2,34.68666666666667,25.75,43.87466666666667,60.2,40.406,42.875,23.773584905660375,0.5234333333333333,317.94520547945206
JN Loftie-Eaton,ODI,26-Sep-24,0,0,0,0,0,0.0,0.0,0.0,0.0,0.0,0.0,0.0,0.35,192.42400315831028
JN Loftie-Eaton,T20,18-Apr-26,0,0,0,0,0,0.0,0.0,0.0,0.0,0.0,0.0,0.0,0.35,0.0
JN Loftie-Eaton,T20,2025,0,0,0,0,0,0.0,0.0,0.0,0.0,0.0,0.0,0.0,0.35,0.0
JN Loftie-Eaton,T20,2026,124,99,9,5,0,62.625,17.71,43.05,26.568,43.787499999999994,8.855,42.42424242424242,0.663125,56.62100456621005
JNT Seales,ODI,01-Jun-25,0,0,0,0,0,0.0,0.0,0.0,0.0,0.0,0.0,0.0,0.35,0.0
JNT Seales,ODI,2024,268,0,1,0,0,40.14,38.28,18.056,57.42400000000001,12.042,19.14,100.0,0.5507,157.64705882352942
JNT Seales,ODI,2025,490,0,0,0,0,9.46,18.14,3.7840000000000007,63.512,2.838,9.07,0.0,0.39730000000000004,309.4063926940639
JNT Seales,TEST,18-Dec-25,0,0,0,0,0,0.0,0.0,0.0,0.0,0.0,0.0,0.0,0.35,0.0
JNT Seales,TEST,2024,770,109,6,2,5,30.11,20.25,24.044,93.2,19.033,85.125,22.018348623853214,0.50055,452.94117647058823
JNT Seales,TEST,2025,985,281,7,7,5,38.03666666666667,37.04,29.214666666666666,100.0,46.411,93.52,14.94661921708185,0.5401833333333333,695.8904109589041
JNX du Plooy,T20,05-Feb-25,0,0,0,0,0,0.0,0.0,0.0,0.0,0.0,0.0,0.0,0.35,0.0
JO Holder,T20,2025,956,171,16,19,5,54.96333333333334,22.61,53.98533333333334,100.0,100.0,86.305,61.40350877192982,0.6248166666666667,956.0
JO Holder,T20,2026,454,83,7,13,1,62.81333333333333,28.4,39.12533333333333,68.12,83.844,29.2,72.28915662650603,0.6640666666666667,660.7058823529411
JO Holder,T20,31-Jan-26,0,0,0,0,0,0.0,0.0,0.0,0.0,0.0,0.0,0.0,0.35,359.01369863013696
JO Holder,TEST,18-Jul-24,0,0,0,0,0,0.0,0.0,0.0,0.0,0.0,0.0,0.0,0.35,0.0
JO Holder,TEST,2024,613,544,29,5,2,57.71,67.4,81.084,100.0,42.313,63.7,18.75,0.6385500000000001,360.5882352941177
JO Holder,TEST,26-Jul-24,0,0,0,0,0,0.0,0.0,0.0,0.0,0.0,0.0,0.0,0.35,195.93607305936075
JP Greaves,ODI,04-Feb-24,0,0,0,0,0,0.0,0.0,0.0,0.0,0.0,0.0,0.0,0.35,0.0
JP Greaves,ODI,2025,765,325,30,9,4,53.60999999999999,59.28,81.444,100.0,61.083,89.64,36.0,0.6180499999999999,450.0
JP Greaves,TEST,02-Dec-25,0,0,0,0,0,0.0,0.0,0.0,0.0,0.0,0.0,0.0,0.35,0.0
JP Greaves,TEST,02-Oct-25,0,0,0,0,0,0.0,0.0,0.0,0.0,0.0,0.0,0.0,0.35,0.0
JP Greaves,TEST,17-Jan-24,0,0,0,0,0,0.0,0.0,0.0,0.0,0.0,0.0,0.0,0.35,0.0
JP Greaves,TEST,2024,400,382,14,0,1,39.72666666666667,32.16,43.89066666666667,65.728,11.918,31.08,10.994764397905758,0.5486333333333333,157.91551519936834
JP Greaves,TEST,2025,1091,990,57,0,3,39.43,41.85,100.0,100.0,11.828999999999999,65.925,17.272727272727273,0.54715,494.39255706609936
JP Greaves,TEST,25-Jun-25,0,0,0,0,0,0.0,0.0,0.0,0.0,0.0,0.0,0.0,0.35,326.2987178571793
JP Inglis,ODI,02-Feb-24,0,0,0,0,0,0.0,0.0,0.0,0.0,0.0,0.0,0.0,0.35,0.0
JP Inglis,ODI,04-Feb-24,0,0,0,0,0,0.0,0.0,0.0,0.0,0.0,0.0,0.0,0.35,0.0
JP Inglis,ODI,04-Nov-24,0,0,0,0,0,0.0,0.0,0.0,0.0,0.0,0.0,0.0,0.35,0.0
JP Inglis,ODI,06-Feb-24,0,0,0,0,0,0.0,0.0,0.0,0.0,0.0,0.0,0.0,0.35,0.0
JP Inglis,ODI,2024,219,191,24,7,2,57.325,36.5,70.93,51.1,52.197500000000005,48.25,48.69109947643979,0.636625,78.972990516029
JP Inglis,ODI,2025,245,208,22,8,1,58.89,61.25,67.556,73.5,57.667,45.625,43.26923076923077,0.64445,135.42229792905547
JP Inglis,ODI,28-Feb-25,0,0,0,0,0,0.0,0.0,0.0,0.0,0.0,0.0,0.0,0.35,91.14955804838404
JP Inglis,ODI,29-Sep-24,0,0,0,0,0,0.0,0.0,0.0,0.0,0.0,0.0,0.0,0.35,62.131879193039104
JP Inglis,T20,11-Feb-26,0,0,0,0,0,0.0,0.0,0.0,0.0,0.0,0.0,0.0,0.35,0.0
JP Inglis,T20,2024,319,206,29,13,3,77.425,31.9,88.97,57.42,88.22749999999999,60.95,61.165048543689316,0.737125,187.64705882352942
JP Inglis,T20,2025,0,0,0,0,0,0.0,0.0,0.0,0.0,0.0,0.0,0.0,0.35,101.96347031963471
JP Inglis,T20,2026,0,0,0,0,0,0.0,0.0,0.0,0.0,0.0,0.0,0.0,0.35,61.70943545203316
JP Inglis,T20,31-Jan-26,0,0,0,0,0,0.0,0.0,0.0,0.0,0.0,0.0,0.0,0.35,39.45656485521618
JP Inglis,T20,31-Oct-25,0,0,0,0,0,0.0,0.0,0.0,0.0,0.0,0.0,0.0,0.35,26.041303290867237
JP Inglis,TEST,2025,184,228,18,1,0,40.35,26.28,52.14,39.424,17.105,13.14,25.0,0.55175,184.0
JP Kotze,ODI,18-Jul-24,0,0,0,0,0,0.0,0.0,0.0,0.0,0.0,0.0,0.0,0.35,0.0
JP Kotze,ODI,2024,153,215,15,5,1,35.58,17.0,44.232,28.900000000000002,35.674,23.5,27.906976744186046,0.5279,90.0
JP Kotze,ODI,2025,132,229,12,0,0,57.64,16.5,47.056,26.4,17.291999999999998,8.25,15.720524017467248,0.6382,109.17808219178082
JP Kotze,T20,18-Mar-24,0,0,0,0,0,0.0,0.0,0.0,0.0,0.0,0.0,0.0,0.35,0.0
JP Kotze,T20,2024,353,298,42,13,1,59.225,22.06,100.0,52.94799999999999,82.7675,26.03,55.369127516778526,0.646125,207.64705882352942
JP Kotze,T20,23-Mar-25,0,0,0,0,0,0.0,0.0,0.0,0.0,0.0,0.0,0.0,0.35,112.8310502283105
JR Hazlewood,ODI,2024,250,0,0,0,0,22.5,41.66,9.0,58.327999999999996,6.75,20.83,0.0,0.4625,250.0
JR Hazlewood,TEST,03-Jul-25,0,0,0,0,0,0.0,0.0,0.0,0.0,0.0,0.0,0.0,0.35,0.0
JR Hazlewood,TEST,08-Mar-24,0,0,0,0,0,0.0,0.0,0.0,0.0,0.0,0.0,0.0,0.35,0.0
JR Hazlewood,TEST,2024,476,0,0,0,0,16.11,13.6,6.444,58.480000000000004,4.832999999999999,6.8,0.0,0.43055,217.35159817351598
JR Hazlewood,TEST,2025,342,101,8,0,2,30.77333333333333,17.93,28.309333333333335,48.544000000000004,9.232,38.965,23.762376237623762,0.5038666666666667,266.5613896565338
JR Lennox,ODI,2026,205,13,0,0,1,29.91,25.25,11.964,40.7,8.972999999999999,27.625,0.0,0.49955,205.0
JR Philippe,ODI,19-Oct-25,0,0,0,0,0,0.0,0.0,0.0,0.0,0.0,0.0,0.0,0.35,0.0
JR Philippe,ODI,2025,0,0,0,0,0,0.0,0.0,0.0,0.0,0.0,0.0,0.0,0.35,0.0
JR Philippe,T20,01-Feb-26,0,0,0,0,0,0.0,0.0,0.0,0.0,0.0,0.0,0.0,0.35,0.0
JR Philippe,T20,2026,0,0,0,0,0,0.0,0.0,0.0,0.0,0.0,0.0,0.0,0.35,0.0
JSE Dunford,T20,2024,0,0,0,0,0,0.0,0.0,0.0,0.0,0.0,0.0,0.0,0.35,0.0
JT Brassell,ODI,04-Apr-26,0,0,0,0,0,0.0,0.0,0.0,0.0,0.0,0.0,0.0,0.35,0.0
JT Brassell,ODI,2024,252,0,0,0,0,46.0,42.0,18.400000000000002,58.8,13.799999999999999,21.0,0.0,0.58,148.23529411764707
JT Brassell,ODI,2026,125,9,0,0,1,24.146666666666665,20.16,9.658666666666667,28.628,7.243999999999999,25.08,0.0,0.4707333333333333,137.6255707762557
JV Chand,T20,2025,268,252,23,6,2,106.34,33.5,88.536,53.6,61.902,46.75,34.52380952380952,0.8817,268.0
JW Jenner,T20,2024,388,209,34,19,1,92.82,38.8,100.0,69.84,100.0,34.4,76.07655502392345,0.8140999999999999,388.0
Jaker Ali,ODI,2024,151,135,9,8,2,55.925,50.33,40.370000000000005,55.364000000000004,56.7775,55.165,37.77777777777777,0.629625,151.0
Jaker Ali,ODI,2025,243,367,17,6,0,33.105,34.71,47.242,52.068,39.9315,17.355,18.801089918256128,0.5155249999999999,205.11764705882354
Jaker Ali,T20,17-May-25,0,0,0,0,0,0.0,0.0,0.0,0.0,0.0,0.0,0.0,0.35,0.0
Jaker Ali,T20,2024,336,263,18,21,4,63.875,25.84,61.55,54.272000000000006,100.0,72.92,44.48669201520912,0.669375,197.64705882352942
Jaker Ali,T20,2025,378,305,21,19,6,41.31,22.23,58.524,55.584,100.0,100.0,39.34426229508197,0.55655,280.0
Jaker Ali,T20,30-Aug-25,0,0,0,0,0,0.0,0.0,0.0,0.0,0.0,0.0,0.0,0.35,169.45913936044215
Jaker Ali,TEST,20-Apr-25,0,0,0,0,0,0.0,0.0,0.0,0.0,0.0,0.0,0.0,0.35,0.0
Jaker Ali,TEST,2024,236,389,24,5,0,60.66,39.33,72.264,55.064,43.19799999999999,19.665,22.36503856041131,0.6533,138.8235294117647
Jaker Ali,TEST,2025,101,206,12,1,0,24.51,20.2,33.804,26.259999999999998,12.353,10.1,18.932038834951456,0.47255,121.55251141552512
Jaker Ali,TEST,28-Apr-25,0,0,0,0,0,0.0,0.0,0.0,0.0,0.0,0.0,0.0,0.35,73.56494275562575
Jakob Gul,T20,2025,318,0,0,0,0,13.57,16.73,5.428000000000001,45.184,4.071,8.365,0.0,0.41784999999999994,318.0
Janak Prakash,T20,03-Sep-24,0,0,0,0,0,0.0,0.0,0.0,0.0,0.0,0.0,0.0,0.35,0.0
Jasdeep Singh,ODI,2024,517,0,1,0,0,15.905,32.31,8.362,77.548,4.7715,16.155,100.0,0.429525,517.0
Jasdeep Singh,ODI,2025,395,0,0,0,0,32.23,30.38,12.892,63.804,9.668999999999999,15.19,0.0,0.51115,445.2352941176471
Jasdeep Singh,T20,2024,639,0,0,0,0,11.365,33.63,4.546,90.804,3.4095,16.815,0.0,0.406825,639.0
Jaspal Singh,T20,2026,163,98,10,13,2,166.32,54.33,86.528,59.763999999999996,100.0,57.165,70.40816326530613,0.8184,163.0
Jassim Khan,T20,10-Apr-25,0,0,0,0,0,0.0,0.0,0.0,0.0,0.0,0.0,0.0,0.35,0.0
Jatinder Singh,ODI,04-Apr-26,0,0,0,0,0,0.0,0.0,0.0,0.0,0.0,0.0,0.0,0.35,0.0
Jatinder Singh,ODI,10-Feb-25,0,0,0,0,0,0.0,0.0,0.0,0.0,0.0,0.0,0.0,0.35,0.0
Jatinder Singh,ODI,11-Nov-24,0,0,0,0,0,0.0,0.0,0.0,0.0,0.0,0.0,0.0,0.35,0.0
Jatinder Singh,ODI,2024,183,292,14,1,0,31.335,26.14,40.534,39.212,14.4005,13.07,15.410958904109588,0.506675,72.24634820371102
Jatinder Singh,ODI,2025,301,391,33,4,1,76.98,43.0,96.792,64.5,43.094,36.5,28.388746803069054,0.7349000000000001,154.7365763946486
Jatinder Singh,ODI,2026,287,258,35,8,0,55.62,41.0,92.248,61.5,56.686,20.5,50.0,0.6281,199.7062393537266
Jatinder Singh,T20,2025,342,243,46,10,0,140.74,31.09,100.0,59.072,92.22200000000001,15.545,69.13580246913581,0.9462999999999999,342.0
Jay Odedra,ODI,2025,141,0,0,0,0,34.28,20.14,13.712000000000002,30.212000000000003,10.284,10.07,0.0,0.5214,141.0
Jordan O'Brien,T20,08-May-26,0,0,0,0,0,0.0,0.0,0.0,0.0,0.0,0.0,0.0,0.35,0.0
Jordan O'Brien,T20,14-Jun-25,0,0,0,0,0,0.0,0.0,0.0,0.0,0.0,0.0,0.0,0.35,0.0
Jordan O'Brien,T20,15-Jun-25,0,0,0,0,0,0.0,0.0,0.0,0.0,0.0,0.0,0.0,0.35,0.0
Jordan O'Brien,T20,2024,0,0,0,0,0,0.0,0.0,0.0,0.0,0.0,0.0,0.0,0.35,0.0
Jordan O'Brien,T20,2025,0,0,0,0,0,0.0,0.0,0.0,0.0,0.0,0.0,0.0,0.35,0.0
Jordan O'Brien,T20,2026,0,0,0,0,0,0.0,0.0,0.0,0.0,0.0,0.0,0.0,0.35,0.0
Jordan O'Brien,T20,27-Aug-24,0,0,0,0,0,0.0,0.0,0.0,0.0,0.0,0.0,0.0,0.35,0.0
Junaid Aziz,T20,13-Mar-25,0,0,0,0,0,0.0,0.0,0.0,0.0,0.0,0.0,0.0,0.35,0.0
Junaid Aziz,T20,2025,310,292,11,18,8,53.08,23.84,43.232,50.072,100.0,100.0,29.794520547945204,0.6154,182.35294117647058
Junaid Siddique,ODI,2024,406,0,0,0,0,38.58,33.83,15.432,67.664,11.574,16.915,0.0,0.5428999999999999,406.0
Junaid Siddique,ODI,2025,403,0,0,0,0,34.28,28.78,13.712000000000002,63.324,10.284,14.39,0.0,0.5214,404.2352941176471
Junaid Siddique,ODI,2026,196,11,0,1,3,49.945,15.58,19.978,32.064,19.9835,52.79,27.272727272727273,0.599725,309.1506849315068
Junaid Siddique,T20,2024,724,0,0,0,0,14.32,18.1,5.728000000000001,86.88000000000001,4.296,9.05,0.0,0.4216,724.0
Junaid Siddique,T20,2025,348,0,0,0,0,16.23,20.47,6.492000000000001,51.176,4.869,10.235,0.0,0.43115000000000003,502.8235294117647
Junaid Siddique,T20,2026,217,0,0,0,0,11.38,16.69,4.5520000000000005,35.052,3.414,8.345,0.0,0.4069,372.31050228310505
K Bhurtel,ODI,15-Feb-24,0,0,0,0,0,0.0,0.0,0.0,0.0,0.0,0.0,0.0,0.35,0.0
K Bhurtel,ODI,16-Sep-24,0,0,0,0,0,0.0,0.0,0.0,0.0,0.0,0.0,0.0,0.35,0.0
K Bhurtel,ODI,2024,400,319,31,5,1,31.936666666666667,25.3,74.77466666666666,60.24,34.581,27.65,33.85579937304075,0.5096833333333334,182.64840182648402
K Bhurtel,ODI,2025,169,213,22,2,0,39.67,21.12,59.868,33.796,21.901,10.56,33.80281690140845,0.54835,177.26016581129096
K Bhurtel,ODI,2026,25,28,4,0,0,89.28,12.5,43.712,12.5,26.784,6.25,42.857142857142854,0.7964,122.35404421045041
K Bhurtel,T20,2024,383,316,29,19,2,121.2,18.23,100.0,52.884,100.0,39.115,45.56962025316456,0.95,383.0
K Bhurtel,T20,2025,509,410,47,19,0,62.07,31.81,100.0,76.348,100.0,15.905,48.29268292682927,0.66035,457.1176470588235
K Bhurtel,T20,2026,178,131,19,8,1,135.87,35.6,92.34800000000001,46.28,80.761,32.8,61.832061068702295,0.95,329.66666666666663
K Bhurtel,T20,29-Sep-25,0,0,0,0,0,0.0,0.0,0.0,0.0,0.0,0.0,0.0,0.35,199.5179628898539
K Doriga,T20,12-Mar-24,0,0,0,0,0,0.0,0.0,0.0,0.0,0.0,0.0,0.0,0.35,0.0
K Doriga,T20,2024,0,0,0,0,0,0.0,0.0,0.0,0.0,0.0,0.0,0.0,0.35,0.0
K Juma,T20,2026,38,0,0,0,0,10.12,4.75,4.048,7.6,3.0359999999999996,2.375,0.0,0.4006,38.0
K Kadowaki-Fleming,T20,2024,860,569,67,43,3,151.14,50.58,100.0,100.0,100.0,70.28999999999999,57.99648506151142,0.8943000000000001,860.0
K Klein,ODI,2024,265,0,2,0,0,21.0,16.56,12.4,39.748,6.3,8.28,100.0,0.455,265.0
K Klein,ODI,2025,415,0,0,0,0,25.84,21.84,10.336,58.972,7.752,10.92,0.0,0.4792,353.2352941176471
K Krishnakumar,T20,2026,0,0,0,0,0,0.0,0.0,0.0,0.0,0.0,0.0,0.0,0.35,0.0
K Mishara,ODI,2026,54,66,8,1,0,81.81,18.0,48.724000000000004,19.8,29.543,9.0,40.90909090909091,0.75905,54.0
K Mishara,T20,2025,336,256,27,15,2,131.25,42.0,100.0,67.2,100.0,51.0,49.21875,0.95,336.0
K Mishara,T20,2026,126,96,16,5,0,65.625,14.0,58.25,23.8,44.6875,7.0,65.625,0.678125,212.47058823529412
K Motlhanka,T20,2024,327,324,30,6,1,100.92,27.25,100.0,54.5,60.275999999999996,28.625,33.33333333333333,0.8546,327.0
K Nitish Kumar Reddy,ODI,14-Jan-26,0,0,0,0,0,0.0,0.0,0.0,0.0,0.0,0.0,0.0,0.35,0.0
K Nitish Kumar Reddy,ODI,2026,73,78,2,3,0,46.79,36.5,22.716,36.5,29.037,18.25,19.23076923076923,0.58395,42.94117647058824
K Nitish Kumar Reddy,T20,22-Jan-25,0,0,0,0,0,0.0,0.0,0.0,0.0,0.0,0.0,0.0,0.35,0.0
K Nitish Kumar Reddy,TEST,2024,294,442,30,8,1,66.51,49.0,86.604,68.6,59.953,39.5,25.79185520361991,0.68255,294.0
K Nitish Kumar Reddy,TEST,2025,320,249,10,2,0,34.053333333333335,43.6,33.62133333333333,66.88,20.216,21.8,14.457831325301205,0.5202666666666667,309.2941176470588
K Pierre,ODI,2025,0,0,0,0,0,0.0,0.0,0.0,0.0,0.0,0.0,0.0,0.35,0.0
K Pierre,TEST,2025,47,110,7,0,1,42.72,15.66,31.088,17.228,12.815999999999999,22.83,19.09090909090909,0.5636,47.0
K Piet,T20,2024,0,0,0,0,0,0.0,0.0,0.0,0.0,0.0,0.0,0.0,0.35,0.0
K Piet,T20,27-Nov-24,0,0,0,0,0,0.0,0.0,0.0,0.0,0.0,0.0,0.0,0.35,0.0
K Rabada,ODI,2024,104,0,0,0,0,24.0,20.8,9.600000000000001,27.04,7.199999999999999,10.4,0.0,0.47,104.0
K Rabada,T20,09-Feb-26,0,0,0,0,0,0.0,0.0,0.0,0.0,0.0,0.0,0.0,0.35,0.0
K Rabada,TEST,2024,804,207,20,0,2,33.5,19.94,53.4,96.352,10.049999999999999,39.97,28.985507246376812,0.5175,804.0
K Rabada,TEST,2025,545,88,4,4,1,64.815,24.57,33.926,74.156,39.4445,27.285,27.272727272727273,0.674075,651.6470588235294
K Rabada,TEST,29-Oct-24,0,0,0,0,0,0.0,0.0,0.0,0.0,0.0,0.0,0.0,0.35,354.0913242009132
K Sinclair,TEST,2024,69,188,8,1,1,18.35,23.0,23.34,25.300000000000004,10.504999999999999,26.5,14.361702127659575,0.44175,69.0
K Sinclair,TEST,2025,229,104,4,0,0,51.754999999999995,36.0,28.701999999999998,51.7,15.526499999999999,18.0,11.538461538461538,0.608775,163.11764705882354
K Sinclair,TEST,25-Jan-24,0,0,0,0,0,0.0,0.0,0.0,0.0,0.0,0.0,0.0,0.35,88.63470319634703
K Tathgur,T20,16-Jun-25,0,0,0,0,0,0.0,0.0,0.0,0.0,0.0,0.0,0.0,0.35,0.0
K Tathgur,T20,19-Mar-25,0,0,0,0,0,0.0,0.0,0.0,0.0,0.0,0.0,0.0,0.35,0.0
K Tathgur,T20,2025,0,0,0,0,0,0.0,0.0,0.0,0.0,0.0,0.0,0.0,0.35,0.0
K Verreynne,ODI,12-Feb-25,0,0,0,0,0,0.0,0.0,0.0,0.0,0.0,0.0,0.0,0.35,0.0
K Verreynne,ODI,20-Sep-24,0,0,0,0,0,0.0,0.0,0.0,0.0,0.0,0.0,0.0,0.35,0.0
K Verreynne,ODI,2024,117,113,13,0,0,51.765,29.25,46.706,35.1,15.529499999999999,14.625,34.51327433628319,0.608825,53.42465753424658
K Verreynne,ODI,2025,0,0,0,0,0,0.0,0.0,0.0,0.0,0.0,0.0,0.0,0.35,32.333201737070674
K Verreynne,ODI,22-Sep-24,0,0,0,0,0,0.0,0.0,0.0,0.0,0.0,0.0,0.0,0.35,20.673614366593345
K Verreynne,TEST,03-Jan-24,0,0,0,0,0,0.0,0.0,0.0,0.0,0.0,0.0,0.0,0.35,0.0
K Verreynne,TEST,03-Jan-25,0,0,0,0,0,0.0,0.0,0.0,0.0,0.0,0.0,0.0,0.35,0.0
K Verreynne,TEST,05-Dec-24,0,0,0,0,0,0.0,0.0,0.0,0.0,0.0,0.0,0.0,0.35,0.0
K Verreynne,TEST,06-Jul-25,0,0,0,0,0,0.0,0.0,0.0,0.0,0.0,0.0,0.0,0.35,0.0
K Verreynne,TEST,07-Aug-24,0,0,0,0,0,0.0,0.0,0.0,0.0,0.0,0.0,0.0,0.35,0.0
K Verreynne,TEST,11-Jun-25,0,0,0,0,0,0.0,0.0,0.0,0.0,0.0,0.0,0.0,0.35,0.0
K Verreynne,TEST,12-Oct-25,0,0,0,0,0,0.0,0.0,0.0,0.0,0.0,0.0,0.0,0.35,0.0
K Verreynne,TEST,14-Nov-25,0,0,0,0,0,0.0,0.0,0.0,0.0,0.0,0.0,0.0,0.35,0.0
K Verreynne,TEST,20-Oct-25,0,0,0,0,0,0.0,0.0,0.0,0.0,0.0,0.0,0.0,0.35,0.0
K Verreynne,TEST,2024,384,583,40,5,1,32.93,34.9,93.172,66.32,34.879,32.45,23.156089193825043,0.51465,118.54870756891577
K Verreynne,TEST,2025,306,597,28,6,2,25.625,30.6,66.25,55.080000000000005,37.6875,45.3,17.08542713567839,0.478125,175.9184832144799
K Verreynne,TEST,21-Oct-24,0,0,0,0,0,0.0,0.0,0.0,0.0,0.0,0.0,0.0,0.35,122.40220406043589
K Verreynne,TEST,22-Nov-25,0,0,0,0,0,0.0,0.0,0.0,0.0,0.0,0.0,0.0,0.35,85.32227911895048
K Verreynne,TEST,26-Dec-24,0,0,0,0,0,0.0,0.0,0.0,0.0,0.0,0.0,0.0,0.35,59.55080731528006
K Verreynne,TEST,27-Nov-24,0,0,0,0,0,0.0,0.0,0.0,0.0,0.0,0.0,0.0,0.35,41.60034419289053
K Verreynne,TEST,28-Jun-25,0,0,0,0,0,0.0,0.0,0.0,0.0,0.0,0.0,0.0,0.35,29.07862760121303
K Verreynne,TEST,29-Oct-24,0,0,0,0,0,0.0,0.0,0.0,0.0,0.0,0.0,0.0,0.35,20.334698273110476
KA Anderson,TEST,12-Jul-25,0,0,0,0,0,0.0,0.0,0.0,0.0,0.0,0.0,0.0,0.35,0.0
KA Anderson,TEST,2025,0,0,0,0,0,0.0,0.0,0.0,0.0,0.0,0.0,0.0,0.35,0.0
KA Jamieson,ODI,2025,300,0,0,0,0,33.0,30.0,13.200000000000001,54.0,9.9,15.0,0.0,0.515,300.0
KA Jamieson,ODI,2026,177,8,1,0,2,64.5,28.16,27.8,40.228,19.349999999999998,44.08,37.5,0.6725,227.64705882352942
KA Jamieson,T20,2026,335,0,0,0,0,21.11,37.22,8.444,63.275999999999996,6.332999999999999,18.61,0.0,0.45555,335.0
KA Jamieson,T20,21-Jan-26,0,0,0,0,0,0.0,0.0,0.0,0.0,0.0,0.0,0.0,0.35,137.94117647058823
KA Jamieson,TEST,2024,93,0,0,0,0,32.0,15.5,12.8,21.700000000000003,9.6,7.75,0.0,0.51,93.0
KA Maharaj,ODI,2025,586,0,0,0,0,18.58,32.55,7.4319999999999995,84.64,5.573999999999999,16.275,0.0,0.4429,586.0
KA Maharaj,T20,2026,440,0,0,0,0,16.94,25.88,6.776000000000001,64.70400000000001,5.082,12.94,0.0,0.4347,440.0
KA Maharaj,TEST,15-Aug-24,0,0,0,0,0,0.0,0.0,0.0,0.0,0.0,0.0,0.0,0.35,0.0
KA Maharaj,TEST,2024,672,0,0,0,0,20.81,19.2,8.324,82.56,6.242999999999999,9.6,0.0,0.45405,395.29411764705884
KA Maharaj,TEST,2025,804,240,14,5,1,39.373333333333335,25.72,43.74933333333333,100.0,36.812,27.86,23.75,0.5468666666666667,581.9178082191781
KAJ Roach,TEST,10-Dec-25,0,0,0,0,0,0.0,0.0,0.0,0.0,0.0,0.0,0.0,0.35,0.0
KAJ Roach,TEST,2024,472,353,12,2,2,36.965,20.7,38.786,63.760000000000005,21.0895,40.35,11.898016997167138,0.534825,277.6470588235294
KAJ Roach,TEST,2025,360,378,14,0,4,23.179999999999996,26.5,37.272,57.2,6.953999999999999,73.25,11.11111111111111,0.4659,315.2511415525114
KAR Hodge,TEST,18-Jul-24,0,0,0,0,0,0.0,0.0,0.0,0.0,0.0,0.0,0.0,0.35,0.0
KAR Hodge,TEST,2024,516,1029,69,2,0,25.07,28.66,100.0,74.528,17.521,14.33,20.699708454810494,0.47534999999999994,303.5294117647059
KAR Hodge,TEST,2025,198,448,23,0,1,22.095,28.28,54.838,42.42400000000001,6.6285,29.14,15.401785714285714,0.46047499999999997,255.34246575342468
KAR Hodge,TEST,30-Nov-24,0,0,0,0,0,0.0,0.0,0.0,0.0,0.0,0.0,0.0,0.35,154.53612317410185
KB Patil,T20,2026,153,144,12,4,0,106.25,15.3,66.5,27.540000000000003,51.875,7.65,33.33333333333333,0.88125,153.0
KB Tember,T20,2026,0,0,0,0,0,0.0,0.0,0.0,0.0,0.0,0.0,0.0,0.35,0.0
KC Brathwaite,TEST,17-Jan-25,0,0,0,0,0,0.0,0.0,0.0,0.0,0.0,0.0,0.0,0.35,0.0
KC Brathwaite,TEST,2024,372,879,40,2,0,21.16,20.66,88.464,53.72800000000001,16.348,10.33,14.334470989761092,0.4558,218.82352941176472
KC Brathwaite,TEST,2025,99,178,8,2,0,27.805,12.37,27.122,19.796,18.3415,6.185,16.853932584269664,0.48902500000000004,164.10958904109592
KC Brathwaite,TEST,25-Jun-25,0,0,0,0,0,0.0,0.0,0.0,0.0,0.0,0.0,0.0,0.35,99.32096328464273
KC Brathwaite,TEST,26-Jul-24,0,0,0,0,0,0.0,0.0,0.0,0.0,0.0,0.0,0.0,0.35,63.50510259276623
KD Abeyrathna,T20,2026,0,0,0,0,0,0.0,0.0,0.0,0.0,0.0,0.0,0.0,0.35,0.0
KD Petersen,TEST,2024,106,280,13,0,0,37.85,26.5,41.14,31.800000000000004,11.355,13.25,13.928571428571429,0.53925,106.0
KDA Lukies,T20,2025,221,0,0,0,0,14.41,13.0,5.764,32.5,4.3229999999999995,6.5,0.0,0.42205,221.0
KDC Clarke,ODI,11-Jan-26,0,0,0,0,0,0.0,0.0,0.0,0.0,0.0,0.0,0.0,0.35,0.0
KDC Clarke,ODI,18-Jan-26,0,0,0,0,0,0.0,0.0,0.0,0.0,0.0,0.0,0.0,0.35,0.0
KDC Clarke,ODI,2026,218,22,4,1,1,60.74333333333334,35.0,32.29733333333334,49.8,23.223000000000003,32.5,68.18181818181817,0.6537166666666667,99.5433789954338
KH Prajapati,ODI,18-Sep-24,0,0,0,0,0,0.0,0.0,0.0,0.0,0.0,0.0,0.0,0.35,0.0
KH Prajapati,ODI,2024,99,179,8,0,0,27.65,16.5,27.060000000000002,23.1,8.295,8.25,13.40782122905028,0.48825,58.23529411764706
KH Prajapati,T20,2024,0,0,0,0,0,0.0,0.0,0.0,0.0,0.0,0.0,0.0,0.35,0.0
KIC Asalanka,ODI,2024,876,623,52,18,4,43.70333333333334,50.41,100.0,100.0,100.0,85.205,33.70786516853933,0.5685166666666668,876.0
KIC Asalanka,ODI,2025,494,539,46,12,1,91.65,44.9,100.0,85.32,87.495,37.45,32.28200371057514,0.80825,651.2941176470588
KIC Asalanka,ODI,2026,155,96,4,0,0,62.04,80.0,32.816,79.5,18.612,40.0,12.5,0.6602,424.675799086758
KIC Asalanka,ODI,24-Jan-26,0,0,0,0,0,0.0,0.0,0.0,0.0,0.0,0.0,0.0,0.35,257.01855507303594
KIC Asalanka,T20,04-Mar-24,0,0,0,0,0,0.0,0.0,0.0,0.0,0.0,0.0,0.0,0.35,0.0
KIC Asalanka,T20,2024,378,276,23,21,2,68.475,22.23,73.39,55.584,100.0,41.115,47.826086956521735,0.692375,222.35294117647058
KJ Ferrary,T20,2026,222,164,22,6,1,135.36,44.4,98.144,57.72,70.608,37.2,51.21951219512196,0.95,222.0
KK Ahuja,T20,18-Apr-25,0,0,0,0,0,0.0,0.0,0.0,0.0,0.0,0.0,0.0,0.35,0.0
KK Ahuja,T20,2025,0,0,0,0,0,0.0,0.0,0.0,0.0,0.0,0.0,0.0,0.35,0.0
KK Ahuja,T20,2026,0,0,0,0,0,0.0,0.0,0.0,0.0,0.0,0.0,0.0,0.35,0.0
KK Nair,TEST,02-Jul-25,0,0,0,0,0,0.0,0.0,0.0,0.0,0.0,0.0,0.0,0.35,0.0
KK Nair,TEST,20-Jun-25,0,0,0,0,0,0.0,0.0,0.0,0.0,0.0,0.0,0.0,0.35,0.0
KK Nair,TEST,2025,205,390,29,0,0,26.28,25.62,68.512,40.996,7.884,12.81,22.307692307692307,0.4814,93.60730593607306
KL Rahul,ODI,02-Mar-25,0,0,0,0,0,0.0,0.0,0.0,0.0,0.0,0.0,0.0,0.35,0.0
KL Rahul,ODI,04-Aug-24,0,0,0,0,0,0.0,0.0,0.0,0.0,0.0,0.0,0.0,0.35,0.0
KL Rahul,ODI,04-Mar-25,0,0,0,0,0,0.0,0.0,0.0,0.0,0.0,0.0,0.0,0.35,0.0
KL Rahul,ODI,06-Feb-25,0,0,0,0,0,0.0,0.0,0.0,0.0,0.0,0.0,0.0,0.35,0.0
KL Rahul,ODI,11-Jan-26,0,0,0,0,0,0.0,0.0,0.0,0.0,0.0,0.0,0.0,0.35,0.0
KL Rahul,ODI,12-Feb-25,0,0,0,0,0,0.0,0.0,0.0,0.0,0.0,0.0,0.0,0.35,0.0
KL Rahul,ODI,14-Jan-26,0,0,0,0,0,0.0,0.0,0.0,0.0,0.0,0.0,0.0,0.35,0.0
KL Rahul,ODI,18-Jan-26,0,0,0,0,0,0.0,0.0,0.0,0.0,0.0,0.0,0.0,0.35,0.0
KL Rahul,ODI,20-Feb-25,0,0,0,0,0,0.0,0.0,0.0,0.0,0.0,0.0,0.0,0.35,0.0
KL Rahul,ODI,2024,0,0,0,0,0,0.0,0.0,0.0,0.0,0.0,0.0,0.0,0.35,0.0
KL Rahul,ODI,2025,367,340,20,13,4,53.97,52.42,61.588,78.63600000000001,81.191,86.21000000000001,29.11764705882353,0.61985,112.32095222636417
KL Rahul,ODI,2026,142,119,13,2,2,59.66,142.0,49.864000000000004,100.0,27.898,100.0,37.81512605042017,0.6483,121.34963515187367
KL Rahul,ODI,23-Feb-25,0,0,0,0,0,0.0,0.0,0.0,0.0,0.0,0.0,0.0,0.35,84.58857028668197
KL Rahul,ODI,30-Nov-25,0,0,0,0,0,0.0,0.0,0.0,0.0,0.0,0.0,0.0,0.35,59.03871418149226
KL Rahul,TEST,02-Oct-25,0,0,0,0,0,0.0,0.0,0.0,0.0,0.0,0.0,0.0,0.35,0.0
KL Rahul,TEST,03-Jan-24,0,0,0,0,0,0.0,0.0,0.0,0.0,0.0,0.0,0.0,0.35,0.0
KL Rahul,TEST,03-Jan-25,0,0,0,0,0,0.0,0.0,0.0,0.0,0.0,0.0,0.0,0.35,0.0
KL Rahul,TEST,2024,493,857,52,4,2,19.173333333333336,35.21,100.0,77.468,25.752000000000002,47.605000000000004,19.603267211201867,0.44586666666666663,194.63087248322148
KL Rahul,TEST,2025,813,1676,100,4,1,24.25,45.16,100.0,100.0,27.275,37.58,18.615751789976134,0.47125,417.61927085211494
KL Rahul,TEST,22-Nov-24,0,0,0,0,0,0.0,0.0,0.0,0.0,0.0,0.0,0.0,0.35,275.628406382494
KL Rahul,TEST,23-Jul-25,0,0,0,0,0,0.0,0.0,0.0,0.0,0.0,0.0,0.0,0.35,185.51898624926807
KL Rahul,TEST,31-Jul-25,0,0,0,0,0,0.0,0.0,0.0,0.0,0.0,0.0,0.0,0.35,126.45857520818731
KN Chaddha,T20,2026,233,235,22,5,0,99.14,21.18,83.656,40.244,54.742,10.59,34.46808510638298,0.8456999999999999,233.0
KN Peiris,TEST,2024,203,0,0,0,0,34.33,22.55,13.732,38.34,10.299,11.275,0.0,0.52165,203.0
KN Peiris,TEST,2025,317,0,0,0,0,160.0,105.66,64.0,100.0,48.0,52.83,0.0,0.85,270.05882352941177
KNM Fernando,ODI,08-Jul-25,0,0,0,0,0,0.0,0.0,0.0,0.0,0.0,0.0,0.0,0.35,0.0
KNM Fernando,ODI,2024,107,98,13,1,0,109.18,53.5,69.672,53.5,37.754,26.75,42.857142857142854,0.8959,62.94117647058824
KNM Fernando,ODI,2025,0,0,0,0,0,0.0,0.0,0.0,0.0,0.0,0.0,0.0,0.35,34.200913242009136
KNM Fernando,TEST,2024,186,314,24,0,1,19.743333333333332,20.66,55.897333333333336,35.128,5.922999999999999,25.33,22.929936305732483,0.4487166666666667,186.0
KNM Fernando,TEST,29-Aug-24,0,0,0,0,0,0.0,0.0,0.0,0.0,0.0,0.0,0.0,0.35,76.58823529411764
KNM Fernando,TEST,30-Mar-24,0,0,0,0,0,0.0,0.0,0.0,0.0,0.0,0.0,0.0,0.35,41.61643835616438
KS Bharat,TEST,02-Feb-24,0,0,0,0,0,0.0,0.0,0.0,0.0,0.0,0.0,0.0,0.35,0.0
KS Bharat,TEST,2024,92,191,9,1,0,24.08,23.0,27.631999999999998,27.6,12.224,11.5,15.706806282722512,0.4704,54.11764705882353
KS Bharat,TEST,25-Jan-24,0,0,0,0,0,0.0,0.0,0.0,0.0,0.0,0.0,0.0,0.35,29.406392694063925
KS Williamson,ODI,02-Mar-25,0,0,0,0,0,0.0,0.0,0.0,0.0,0.0,0.0,0.0,0.35,0.0
KS Williamson,ODI,19-Feb-25,0,0,0,0,0,0.0,0.0,0.0,0.0,0.0,0.0,0.0,0.35,0.0
KS Williamson,ODI,2025,446,525,45,5,1,42.475,49.55,100.0,84.24000000000001,37.7425,39.775,28.57142857142857,0.562375,203.65296803652967
KS Williamson,ODI,24-Feb-25,0,0,0,0,0,0.0,0.0,0.0,0.0,0.0,0.0,0.0,0.35,123.25305961310698
KS Williamson,T20,12-Jan-24,0,0,0,0,0,0.0,0.0,0.0,0.0,0.0,0.0,0.0,0.35,0.0
KS Williamson,TEST,04-Feb-24,0,0,0,0,0,0.0,0.0,0.0,0.0,0.0,0.0,0.0,0.35,0.0
KS Williamson,TEST,10-Dec-25,0,0,0,0,0,0.0,0.0,0.0,0.0,0.0,0.0,0.0,0.35,0.0
KS Williamson,TEST,2024,1013,1861,117,6,1,27.215,59.58,100.0,100.0,38.164500000000004,44.79,19.82804943578721,0.48607500000000003,462.5570776255708
KS Williamson,TEST,2025,185,285,25,1,2,32.455,46.25,62.982,55.5,14.7365,53.125,27.368421052631582,0.512275,352.9806553493881
KSA McKenzie,TEST,2024,171,286,26,1,0,29.895,17.1,63.958,30.78,13.968499999999999,8.55,28.32167832167832,0.499475,171.0
KT Maphaka,T20,18-Feb-26,0,0,0,0,0,0.0,0.0,0.0,0.0,0.0,0.0,0.0,0.35,0.0
KT Maphaka,TEST,2025,170,0,0,0,0,43.33,56.66,17.332,62.328,12.998999999999999,28.33,0.0,0.56665,170.0
KTH Ratnayake,TEST,2025,389,0,0,0,0,67.11,43.22,26.844,73.476,20.133,21.61,0.0,0.6855500000000001,389.0
KU Carty,ODI,2024,560,636,51,9,2,88.05,62.22,100.0,100.0,71.41499999999999,61.11,28.301886792452834,0.79025,560.0
KU Carty,ODI,2025,593,771,57,10,0,76.91,39.53,100.0,90.924,73.073,19.765,26.070038910505836,0.73455,579.4117647058823
KU Carty,TEST,2024,173,398,18,1,0,43.46,21.62,53.384,34.596000000000004,18.038,10.81,14.321608040201005,0.5673,173.0
KU Carty,TEST,2025,62,115,5,0,0,53.91,10.33,31.564,14.464000000000002,16.173,5.165,13.043478260869565,0.6195499999999999,107.70588235294117
Kaleem Sana,ODI,2024,367,0,2,0,0,30.21,19.31,16.084000000000003,52.148,9.063,9.655,100.0,0.50105,367.0
Kaleem Sana,ODI,2025,360,0,0,0,0,30.0,24.0,12.0,55.2,9.0,12.0,0.0,0.5,362.88235294117646
Kaleem Sana,T20,2025,262,0,0,0,0,9.82,9.35,3.9280000000000004,33.68,2.946,4.675,0.0,0.39909999999999995,262.0
Kaleem Sana,T20,28-Sep-24,0,0,0,0,0,0.0,0.0,0.0,0.0,0.0,0.0,0.0,0.35,107.88235294117646
Kaleemullah,ODI,2024,193,0,0,0,0,43.71,27.57,17.484,41.356,13.113,13.785,0.0,0.56855,193.0
Kamran Ghulam,ODI,2024,192,180,18,9,0,53.33,32.0,57.332,44.8,60.998999999999995,16.0,45.0,0.61665,192.0
Kamran Ghulam,TEST,2024,205,351,25,2,0,58.4,41.0,73.36,53.300000000000004,27.52,20.5,23.076923076923077,0.642,205.0
Kamran Ghulam,TEST,2025,107,201,14,0,0,53.23,17.83,49.292,24.964,15.968999999999998,8.915,20.895522388059703,0.61615,147.35294117647058
Karan KC,ODI,18-Sep-24,0,0,0,0,0,0.0,0.0,0.0,0.0,0.0,0.0,0.0,0.35,0.0
Karan KC,ODI,2024,114,140,10,6,1,40.71,16.28,36.284000000000006,24.424,42.213,23.14,34.285714285714285,0.55355,67.05882352941177
Karan KC,ODI,2025,544,118,8,9,1,84.355,32.25,49.742000000000004,80.2,70.3065,31.125,43.22033898305085,0.7717750000000001,284.8401826484018
Karan KC,ODI,2026,128,38,1,1,0,42.345,21.2,18.938,29.76,17.7035,10.6,15.789473684210526,0.561725,222.9214370311883
Karan Singh,T20,2026,0,0,0,0,0,0.0,0.0,0.0,0.0,0.0,0.0,0.0,0.35,0.0
Karanbir Singh,T20,09-Jun-25,0,0,0,0,0,0.0,0.0,0.0,0.0,0.0,0.0,0.0,0.35,0.0
Karanbir Singh,T20,2025,1853,851,127,122,3,61.70666666666667,51.31,100.0,100.0,100.0,70.655,87.77908343125733,0.6585333333333334,1090.0
Karanbir Singh,T20,2026,354,188,28,31,2,94.145,70.8,93.658,92.03999999999999,100.0,65.4,94.14893617021276,0.8207249999999999,753.9269406392693
Khaled Ahmed,TEST,2024,266,0,0,0,0,60.0,38.0,24.0,57.0,18.0,19.0,0.0,0.65,266.0
Khaled Ahmed,TEST,2025,120,0,0,0,0,28.5,30.0,11.4,36.0,8.549999999999999,15.0,0.0,0.4925,180.11764705882354
Khalid Ahmadi,T20,2024,428,0,0,0,0,14.5,17.83,5.800000000000001,57.06399999999999,4.35,8.915,0.0,0.4225,428.0
Khalid Kail,ODI,2024,117,157,14,1,0,74.52,23.4,57.808,30.419999999999998,27.355999999999998,11.7,28.662420382165607,0.7225999999999999,117.0
Khalid Kail,T20,2024,294,266,22,11,4,110.52,21.0,88.208,46.2,88.156,70.5,37.21804511278195,0.9026,294.0
Khawaja Nafay,T20,01-Feb-26,0,0,0,0,0,0.0,0.0,0.0,0.0,0.0,0.0,0.0,0.35,0.0
Khawaja Nafay,T20,11-Jan-26,0,0,0,0,0,0.0,0.0,0.0,0.0,0.0,0.0,0.0,0.35,0.0
Khawaja Nafay,T20,2026,0,0,0,0,0,0.0,0.0,0.0,0.0,0.0,0.0,0.0,0.35,0.0
Khizer Ahmed,T20,05-Apr-26,0,0,0,0,0,0.0,0.0,0.0,0.0,0.0,0.0,0.0,0.35,0.0
Khizer Ahmed,T20,09-Apr-25,0,0,0,0,0,0.0,0.0,0.0,0.0,0.0,0.0,0.0,0.35,0.0
Khizer Ahmed,T20,13-Jul-24,0,0,0,0,0,0.0,0.0,0.0,0.0,0.0,0.0,0.0,0.35,0.0
Khizer Ahmed,T20,14-Jun-25,0,0,0,0,0,0.0,0.0,0.0,0.0,0.0,0.0,0.0,0.35,0.0
Khizer Ahmed,T20,2024,0,0,0,0,0,0.0,0.0,0.0,0.0,0.0,0.0,0.0,0.35,0.0
Khizer Ahmed,T20,2025,313,265,28,10,1,59.055,20.86,79.622,47.988,67.7165,25.43,43.0188679245283,0.645275,106.42023412451509
Khizer Ahmed,T20,2026,0,0,0,0,0,0.0,0.0,0.0,0.0,0.0,0.0,0.0,0.35,71.62895221979464
Khurram Shahzad,TEST,2024,342,0,0,0,0,40.15,26.3,16.06,55.24000000000001,12.045,13.15,0.0,0.5507500000000001,342.0
Khushdil Shah,ODI,2025,129,124,11,3,0,104.03,32.25,63.612,38.7,46.209,16.125,33.87096774193548,0.87015,129.0
Khuzaima Tanveer,ODI,2026,161,39,2,5,1,87.88,36.66,39.152,45.428,51.364,33.33,53.84615384615385,0.7894,161.0
Khuzaima Tanveer,T20,20-Apr-26,0,0,0,0,0,0.0,0.0,0.0,0.0,0.0,0.0,0.0,0.35,0.0
Kuldeep Yadav,ODI,18-Jan-26,0,0,0,0,0,0.0,0.0,0.0,0.0,0.0,0.0,0.0,0.35,0.0
Kuldeep Yadav,ODI,2025,551,0,0,0,0,32.89,29.0,13.156,78.30000000000001,9.866999999999999,14.5,0.0,0.51445,324.11764705882354
Kuldeep Yadav,ODI,2026,187,3,1,0,0,72.22,60.66,30.888,67.228,21.666,30.33,100.0,0.7111,261.5068493150685
Kuldeep Yadav,T20,2025,215,0,0,0,0,8.71,10.23,3.4840000000000004,29.684,2.613,5.115,0.0,0.39355000000000007,215.0
Kuldeep Yadav,TEST,2024,613,399,7,1,2,31.655,23.09,26.662,79.77199999999999,14.4965,41.545,6.015037593984962,0.508275,613.0
Kuldeep Yadav,TEST,2025,463,0,0,0,0,40.0,23.15,16.0,64.82,12.0,11.575,0.0,0.55,524.7647058823529
Kushal Malla,ODI,2024,339,242,4,7,1,55.265,34.16,30.106,61.227999999999994,51.579499999999996,32.08,13.636363636363637,0.626325,339.0
Kushal Malla,T20,2024,332,286,16,19,3,116.08,22.13,78.432,50.904,100.0,56.065,36.71328671328671,0.9303999999999999,332.0
L Basson,T20,2026,0,0,0,0,0,0.0,0.0,0.0,0.0,0.0,0.0,0.0,0.35,0.0
L Bruce,T20,2026,130,80,12,7,0,162.5,21.66,89.0,30.328,83.75,10.83,71.25,0.8375,130.0
L Canessane,T20,06-Apr-26,0,0,0,0,0,0.0,0.0,0.0,0.0,0.0,0.0,0.0,0.35,0.0
L Canessane,T20,2025,0,0,0,0,0,0.0,0.0,0.0,0.0,0.0,0.0,0.0,0.35,0.0
L Canessane,T20,2026,0,0,0,0,0,0.0,0.0,0.0,0.0,0.0,0.0,0.0,0.35,0.0
L Canessane,T20,29-Jun-25,0,0,0,0,0,0.0,0.0,0.0,0.0,0.0,0.0,0.0,0.35,0.0
L Denny,T20,19-Aug-24,0,0,0,0,0,0.0,0.0,0.0,0.0,0.0,0.0,0.0,0.35,0.0
L Maximo,T20,02-Apr-26,0,0,0,0,0,0.0,0.0,0.0,0.0,0.0,0.0,0.0,0.35,0.0
L Maximo,T20,2024,0,0,0,0,0,0.0,0.0,0.0,0.0,0.0,0.0,0.0,0.35,0.0
L Maximo,T20,2025,0,0,0,0,0,0.0,0.0,0.0,0.0,0.0,0.0,0.0,0.35,0.0
L Maximo,T20,2026,0,0,0,0,0,0.0,0.0,0.0,0.0,0.0,0.0,0.0,0.35,0.0
L Ngidi,ODI,2024,221,0,0,0,0,31.5,27.62,12.600000000000001,44.196000000000005,9.45,13.81,0.0,0.5075,221.0
L Ngidi,ODI,2025,621,0,0,0,0,31.05,32.68,12.420000000000002,88.244,9.315,16.34,0.0,0.50525,456.29411764705884
L Ngidi,T20,2026,206,0,0,0,0,12.92,15.84,5.168,33.272000000000006,3.876,7.92,0.0,0.4146,206.0
L Ngidi,TEST,2024,81,0,0,0,0,34.25,20.25,13.700000000000001,24.299999999999997,10.275,10.125,0.0,0.52125,81.0
L Ngidi,TEST,2025,83,0,0,0,0,42.0,27.66,16.8,30.428,12.6,13.83,0.0,0.56,82.17647058823529
L Perera,T20,2026,0,0,0,0,0,0.0,0.0,0.0,0.0,0.0,0.0,0.0,0.35,0.0
L Senokwane,TEST,06-Jul-25,0,0,0,0,0,0.0,0.0,0.0,0.0,0.0,0.0,0.0,0.35,0.0
L Senokwane,TEST,2025,0,0,0,0,0,0.0,0.0,0.0,0.0,0.0,0.0,0.0,0.35,0.0
L Steenkamp,ODI,10-Apr-26,0,0,0,0,0,0.0,0.0,0.0,0.0,0.0,0.0,0.0,0.35,0.0
L Steenkamp,ODI,2026,197,266,14,4,0,37.03,49.25,42.812,59.10000000000001,31.109,24.625,20.30075187969925,0.53515,115.88235294117648
L Steenkamp,T20,2026,194,136,22,6,0,142.64,27.71,100.0,41.568,72.792,13.855,61.764705882352935,0.9368000000000001,194.0
L Yamamoto-Lake,T20,2024,451,315,48,19,2,143.17,23.73,100.0,64.084,100.0,41.865,63.80952380952381,0.93415,451.0
LA Burns,T20,2024,260,0,0,0,0,14.33,14.44,5.732,37.552,4.2989999999999995,7.22,0.0,0.42164999999999997,260.0
LA Dawson,ODI,2026,121,2,0,0,0,48.333333333333336,29.75,19.333333333333336,35.9,14.5,14.875,0.0,0.5916666666666667,121.0
LA Dawson,ODI,22-Jan-26,0,0,0,0,0,0.0,0.0,0.0,0.0,0.0,0.0,0.0,0.35,49.8235294117647
LA Dawson,ODI,24-Jan-26,0,0,0,0,0,0.0,0.0,0.0,0.0,0.0,0.0,0.0,0.35,27.07305936073059
LA Dawson,T20,2026,297,0,0,0,0,8.355,21.21,3.3420000000000005,46.668,2.5065,10.605,0.0,0.39177500000000004,297.0
LA Dunbar,T20,2025,340,299,32,12,1,113.71,34.0,100.0,61.2,94.113,32.0,44.147157190635454,0.9185499999999999,340.0
LB Williams,ODI,2024,124,0,2,0,0,13.63,11.27,9.452000000000002,21.416,4.089,5.635,100.0,0.41814999999999997,124.0
LD Chandimal,TEST,06-Sep-24,0,0,0,0,0,0.0,0.0,0.0,0.0,0.0,0.0,0.0,0.35,0.0
LD Chandimal,TEST,2024,724,1326,86,3,0,27.3,42.58,100.0,100.0,23.189999999999998,21.29,20.13574660633484,0.4865,425.88235294117646
LD Chandimal,TEST,2025,342,707,33,2,0,24.185,48.85,75.674,73.28,17.255499999999998,24.425,14.851485148514852,0.47092500000000004,387.57990867579906
LD Chandimal,TEST,21-Aug-24,0,0,0,0,0,0.0,0.0,0.0,0.0,0.0,0.0,0.0,0.35,234.56770627714172
LD Chandimal,TEST,29-Aug-24,0,0,0,0,0,0.0,0.0,0.0,0.0,0.0,0.0,0.0,0.35,149.9808878150806
LF Muller,T20,2026,134,93,18,3,1,144.08,33.5,93.632,40.2,58.224000000000004,31.75,67.74193548387096,0.9296,134.0
LG Pretorius,ODI,2025,142,145,18,3,0,97.93,47.33,75.172,52.06399999999999,44.379000000000005,23.665,43.44827586206897,0.83965,142.0
LG Pretorius,TEST,2025,235,253,18,7,0,92.88,78.33,73.152,86.164,62.864,39.165,29.64426877470356,0.8144,235.0
LH Ferguson,T20,2024,185,0,0,0,0,11.35,9.25,4.54,25.9,3.405,4.625,0.0,0.40674999999999994,185.0
LH Ferguson,T20,2026,267,0,0,0,0,15.83,22.25,6.332000000000001,44.5,4.749,11.125,0.0,0.42915,233.23529411764707
LH Rodrigues,T20,2026,203,159,20,9,2,127.67,67.66,91.06800000000001,74.428,83.301,63.83,54.71698113207547,0.95,203.0
LJ Tucker,ODI,07-Oct-24,0,0,0,0,0,0.0,0.0,0.0,0.0,0.0,0.0,0.0,0.35,0.0
LJ Tucker,ODI,12-Mar-24,0,0,0,0,0,0.0,0.0,0.0,0.0,0.0,0.0,0.0,0.35,0.0
LJ Tucker,ODI,16-Feb-25,0,0,0,0,0,0.0,0.0,0.0,0.0,0.0,0.0,0.0,0.35,0.0
LJ Tucker,ODI,2024,114,111,11,2,0,51.35,38.0,42.540000000000006,41.800000000000004,25.405,19.0,35.13513513513514,0.60675,45.005921831819975
LJ Tucker,ODI,2025,187,189,21,1,1,49.47,46.75,61.788,56.099999999999994,19.841,38.375,34.92063492063492,0.59735,96.21001766975587
LJ Tucker,ODI,23-May-25,0,0,0,0,0,0.0,0.0,0.0,0.0,0.0,0.0,0.0,0.35,63.49853969678734
LJ Tucker,T20,11-Feb-26,0,0,0,0,0,0.0,0.0,0.0,0.0,0.0,0.0,0.0,0.35,0.0
LJ Tucker,T20,2024,0,0,0,0,0,0.0,0.0,0.0,0.0,0.0,0.0,0.0,0.35,0.0
LJ Tucker,T20,2025,0,0,0,0,0,0.0,0.0,0.0,0.0,0.0,0.0,0.0,0.35,0.0
LJ Tucker,T20,2026,250,192,21,9,1,65.1,35.71,68.03999999999999,53.568,64.53,32.855000000000004,46.875,0.6755,98.69719699960521
LJ Tucker,T20,23-Jan-26,0,0,0,0,0,0.0,0.0,0.0,0.0,0.0,0.0,0.0,0.35,63.106270960297145
LJ Tucker,T20,29-Jan-26,0,0,0,0,0,0.0,0.0,0.0,0.0,0.0,0.0,0.0,0.35,41.650091630201594
LJ Tucker,T20,31-Jan-26,0,0,0,0,0,0.0,0.0,0.0,0.0,0.0,0.0,0.0,0.35,28.03369535758736
LJ Tucker,TEST,06-Feb-25,0,0,0,0,0,0.0,0.0,0.0,0.0,0.0,0.0,0.0,0.35,0.0
LJ Tucker,TEST,11-Nov-25,0,0,0,0,0,0.0,0.0,0.0,0.0,0.0,0.0,0.0,0.35,0.0
LJ Tucker,TEST,2024,129,227,17,0,1,28.41,43.0,45.364000000000004,47.3,8.523,36.5,22.46696035242291,0.49205,58.9041095890411
LJ Tucker,TEST,2025,223,410,25,3,1,27.195,44.6,60.878,57.980000000000004,23.1585,37.3,20.48780487804878,0.485975,123.68732727990526
LJ Tucker,TEST,25-Jul-24,0,0,0,0,0,0.0,0.0,0.0,0.0,0.0,0.0,0.0,0.35,79.08477876744438
LJ Tucker,TEST,28-Feb-24,0,0,0,0,0,0.0,0.0,0.0,0.0,0.0,0.0,0.0,0.35,52.19589483096863
LN Oluoch,T20,2024,369,0,0,0,0,14.14,17.57,5.656000000000001,50.956,4.242,8.785,0.0,0.4207,369.0
LN Rajbanshi,ODI,2024,338,0,0,0,0,38.76,26.0,15.504,54.599999999999994,11.627999999999998,13.0,0.0,0.5438,338.0
LN Rajbanshi,ODI,2026,99,0,0,0,0,57.0,99.0,22.8,89.10000000000001,17.099999999999998,49.5,0.0,0.635,197.41176470588238
LS Barkania,T20,2026,43,0,0,0,0,10.5,5.37,4.2,8.596,3.15,2.685,0.0,0.4025,43.0
LS Barkania,T20,28-Sep-25,0,0,0,0,0,0.0,0.0,0.0,0.0,0.0,0.0,0.0,0.35,17.705882352941174
LS Livingstone,ODI,2024,286,215,15,21,3,66.51,57.2,56.604,74.36000000000001,100.0,73.6,50.23255813953488,0.68255,286.0
LS Livingstone,ODI,27-Sep-24,0,0,0,0,0,0.0,0.0,0.0,0.0,0.0,0.0,0.0,0.35,117.76470588235294
LSP Siriwardene,T20,12-Jun-24,0,0,0,0,0,0.0,0.0,0.0,0.0,0.0,0.0,0.0,0.35,0.0
LSP Siriwardene,T20,2024,0,0,0,0,0,0.0,0.0,0.0,0.0,0.0,0.0,0.0,0.35,0.0
LT Bichard,T20,09-Jun-24,0,0,0,0,0,0.0,0.0,0.0,0.0,0.0,0.0,0.0,0.35,0.0
LT Bichard,T20,2024,0,0,0,0,0,0.0,0.0,0.0,0.0,0.0,0.0,0.0,0.35,0.0
LU Igalagamage,TEST,2025,78,112,12,0,0,34.82,26.0,37.928,28.6,10.446,13.0,32.14285714285714,0.5241,78.0
LU Igalagamage,TEST,25-Jun-25,0,0,0,0,0,0.0,0.0,0.0,0.0,0.0,0.0,0.0,0.35,32.11764705882353
LV van Beek,T20,04-Jun-24,0,0,0,0,0,0.0,0.0,0.0,0.0,0.0,0.0,0.0,0.35,0.0
Litton Das,ODI,11-Mar-26,0,0,0,0,0,0.0,0.0,0.0,0.0,0.0,0.0,0.0,0.35,0.0
Litton Das,ODI,13-Mar-26,0,0,0,0,0,0.0,0.0,0.0,0.0,0.0,0.0,0.0,0.35,0.0
Litton Das,ODI,15-Mar-24,0,0,0,0,0,0.0,0.0,0.0,0.0,0.0,0.0,0.0,0.35,0.0
Litton Das,ODI,15-Mar-26,0,0,0,0,0,0.0,0.0,0.0,0.0,0.0,0.0,0.0,0.35,0.0
Litton Das,ODI,17-Apr-26,0,0,0,0,0,0.0,0.0,0.0,0.0,0.0,0.0,0.0,0.35,0.0
Litton Das,ODI,20-Apr-26,0,0,0,0,0,0.0,0.0,0.0,0.0,0.0,0.0,0.0,0.35,0.0
Litton Das,ODI,2024,0,0,0,0,0,0.0,0.0,0.0,0.0,0.0,0.0,0.0,0.35,0.0
Litton Das,ODI,2025,0,0,0,0,0,0.0,0.0,0.0,0.0,0.0,0.0,0.0,0.35,0.0
Litton Das,ODI,2026,214,260,12,4,1,27.433333333333334,42.8,34.973333333333336,55.64,28.23,36.4,18.461538461538463,0.4871666666666667,66.89964185589348
Litton Das,ODI,23-Apr-26,0,0,0,0,0,0.0,0.0,0.0,0.0,0.0,0.0,0.0,0.35,46.246344775582244
Litton Das,T20,02-May-26,0,0,0,0,0,0.0,0.0,0.0,0.0,0.0,0.0,0.0,0.35,0.0
Litton Das,T20,13-Jul-25,0,0,0,0,0,0.0,0.0,0.0,0.0,0.0,0.0,0.0,0.35,0.0
Litton Das,T20,15-Dec-24,0,0,0,0,0,0.0,0.0,0.0,0.0,0.0,0.0,0.0,0.35,0.0
Litton Das,T20,2024,309,307,35,7,1,50.325,16.26,90.13,43.908,50.0975,23.130000000000003,41.042345276872965,0.601625,121.98973549151205
Litton Das,T20,2025,635,480,48,23,2,66.145,27.6,100.0,85.58,100.0,43.8,44.375,0.6807249999999999,306.9849626771483
Litton Das,T20,2026,0,0,0,0,0,0.0,0.0,0.0,0.0,0.0,0.0,0.0,0.35,202.60984574166065
Litton Das,T20,22-Jul-25,0,0,0,0,0,0.0,0.0,0.0,0.0,0.0,0.0,0.0,0.35,136.37191347379496
Litton Das,TEST,08-May-26,0,0,0,0,0,0.0,0.0,0.0,0.0,0.0,0.0,0.0,0.35,0.0
Litton Das,TEST,11-Nov-25,0,0,0,0,0,0.0,0.0,0.0,0.0,0.0,0.0,0.0,0.35,0.0
Litton Das,TEST,17-Jun-25,0,0,0,0,0,0.0,0.0,0.0,0.0,0.0,0.0,0.0,0.35,0.0
Litton Das,TEST,19-Nov-25,0,0,0,0,0,0.0,0.0,0.0,0.0,0.0,0.0,0.0,0.35,0.0
Litton Das,TEST,19-Sep-24,0,0,0,0,0,0.0,0.0,0.0,0.0,0.0,0.0,0.0,0.35,0.0
Litton Das,TEST,2024,394,677,45,5,0,29.095,24.62,100.0,59.096000000000004,33.7285,12.31,22.156573116691288,0.495475,133.9602947126484
Litton Das,TEST,2025,329,485,29,7,0,33.915,54.83,71.566,76.76400000000001,45.1745,27.415,22.2680412371134,0.519575,197.72336970575898
Litton Das,TEST,2026,33,67,5,0,0,16.416666666666668,33.0,16.566666666666666,29.700000000000003,4.925,16.5,22.388059701492537,0.4320833333333334,145.28329271103888
Litton Das,TEST,21-Aug-24,0,0,0,0,0,0.0,0.0,0.0,0.0,0.0,0.0,0.0,0.35,99.86553453340598
Litton Das,TEST,21-Oct-24,0,0,0,0,0,0.0,0.0,0.0,0.0,0.0,0.0,0.0,0.35,69.03498752920233
Litton Das,TEST,22-Mar-24,0,0,0,0,0,0.0,0.0,0.0,0.0,0.0,0.0,0.0,0.35,47.90671631335715
Litton Das,TEST,22-Nov-24,0,0,0,0,0,0.0,0.0,0.0,0.0,0.0,0.0,0.0,0.35,33.33298217961385
Litton Das,TEST,25-Jun-25,0,0,0,0,0,0.0,0.0,0.0,0.0,0.0,0.0,0.0,0.35,23.235251613539347
Litton Das,TEST,27-Sep-24,0,0,0,0,0,0.0,0.0,0.0,0.0,0.0,0.0,0.0,0.35,16.21707725166252
Litton Das,TEST,30-Aug-24,0,0,0,0,0,0.0,0.0,0.0,0.0,0.0,0.0,0.0,0.35,11.328746424882675
Litton Das,TEST,30-Mar-24,0,0,0,0,0,0.0,0.0,0.0,0.0,0.0,0.0,0.0,0.35,7.918790213616433
Litton Das,TEST,30-Nov-24,0,0,0,0,0,0.0,0.0,0.0,0.0,0.0,0.0,0.0,0.35,5.5376138066169585
Lokesh Bam,T20,2026,0,0,0,0,0,0.0,0.0,0.0,0.0,0.0,0.0,0.0,0.35,0.0
Luka Woods,T20,10-Jul-24,0,0,0,0,0,0.0,0.0,0.0,0.0,0.0,0.0,0.0,0.35,0.0
Luka Woods,T20,11-Jul-24,0,0,0,0,0,0.0,0.0,0.0,0.0,0.0,0.0,0.0,0.35,0.0
Luka Woods,T20,2024,0,0,0,0,0,0.0,0.0,0.0,0.0,0.0,0.0,0.0,0.35,0.0
Luka Woods,T20,2025,342,210,26,17,2,162.85,114.0,100.0,100.0,100.0,87.0,61.42857142857142,0.83575,135.01776549545994
Luqman Butt,T20,09-Feb-24,0,0,0,0,0,0.0,0.0,0.0,0.0,0.0,0.0,0.0,0.35,0.0
Luqman Butt,T20,2024,569,400,55,26,4,71.125,43.76,100.0,91.908,100.0,81.88,60.75000000000001,0.705625,334.70588235294116
Luqman Butt,T20,2025,355,227,23,27,1,156.38,29.58,100.0,59.164,100.0,29.79,66.07929515418502,0.8681,343.972602739726
M Akayezu,T20,2024,0,0,0,0,0,0.0,0.0,0.0,0.0,0.0,0.0,0.0,0.35,0.0
M Beitaki,T20,20-Aug-24,0,0,0,0,0,0.0,0.0,0.0,0.0,0.0,0.0,0.0,0.35,0.0
M Beitaki,T20,2024,0,0,0,0,0,0.0,0.0,0.0,0.0,0.0,0.0,0.0,0.35,0.0
M Beitaki,T20,2026,0,0,0,0,0,0.0,0.0,0.0,0.0,0.0,0.0,0.0,0.35,0.0
M Campopiano,T20,2026,0,0,0,0,0,0.0,0.0,0.0,0.0,0.0,0.0,0.0,0.35,0.0
M Chadha,T20,15-Jun-25,0,0,0,0,0,0.0,0.0,0.0,0.0,0.0,0.0,0.0,0.35,0.0
M Chadha,T20,16-Jun-25,0,0,0,0,0,0.0,0.0,0.0,0.0,0.0,0.0,0.0,0.35,0.0
M Chadha,T20,2025,0,0,0,0,0,0.0,0.0,0.0,0.0,0.0,0.0,0.0,0.35,0.0
M Coetzee,T20,2024,343,254,47,7,0,67.515,18.05,100.0,48.739999999999995,55.2545,9.025,63.77952755905512,0.6875749999999999,343.0
M Faraz Akram,ODI,06-Jan-24,0,0,0,0,0,0.0,0.0,0.0,0.0,0.0,0.0,0.0,0.35,0.0
M Faraz Akram,ODI,08-Jan-24,0,0,0,0,0,0.0,0.0,0.0,0.0,0.0,0.0,0.0,0.35,0.0
M Gill,ODI,2025,124,171,13,1,1,72.51,31.0,55.004000000000005,37.2,26.753,30.5,24.561403508771928,0.7125499999999999,124.0
M Gogev,T20,2025,416,254,35,29,1,163.77,41.6,100.0,74.88,100.0,35.8,75.59055118110236,0.8311499999999999,416.0
M Gunasekara,T20,2025,287,208,20,21,1,137.98,35.87,95.19200000000001,57.396,100.0,32.935,59.13461538461538,0.95,287.0
M Gunasekara,T20,2026,121,118,8,4,0,102.54,20.16,57.016000000000005,28.228,50.762,10.08,30.508474576271187,0.8627000000000001,189.35294117647058
M Heingo,ODI,2026,100,0,0,0,0,32.33,33.33,12.932,36.664,9.699,16.665,0.0,0.5116499999999999,100.0
M Jansen,ODI,01-Mar-25,0,0,0,0,0,0.0,0.0,0.0,0.0,0.0,0.0,0.0,0.35,0.0
M Jansen,ODI,2024,174,0,0,0,0,28.5,29.0,11.4,40.6,8.549999999999999,14.5,0.0,0.4925,102.3529411764706
M Jansen,ODI,2025,328,0,0,0,0,39.75,41.0,15.9,65.6,11.924999999999999,20.5,0.0,0.54875,205.3881278538813
M Jansen,T20,09-Dec-25,0,0,0,0,0,0.0,0.0,0.0,0.0,0.0,0.0,0.0,0.35,0.0
M Jansen,T20,2024,0,0,0,0,0,0.0,0.0,0.0,0.0,0.0,0.0,0.0,0.35,0.0
M Jansen,T20,2026,276,0,0,0,0,13.33,23.0,5.332000000000001,46.0,3.9989999999999997,11.5,0.0,0.41664999999999996,126.02739726027397
M Jansen,TEST,03-Jan-24,0,0,0,0,0,0.0,0.0,0.0,0.0,0.0,0.0,0.0,0.35,0.0
M Jansen,TEST,20-Oct-25,0,0,0,0,0,0.0,0.0,0.0,0.0,0.0,0.0,0.0,0.35,0.0
M Jansen,TEST,2024,379,0,0,0,0,13.795,17.22,5.518000000000001,51.676,4.1385,8.61,0.0,0.418975,173.05936073059362
M Jansen,TEST,2025,608,193,15,11,0,46.64666666666667,30.0,48.65866666666667,84.8,68.994,15.0,40.41450777202073,0.5832333333333334,344.7690485590209
M Labuschagne,ODI,02-Feb-24,0,0,0,0,0,0.0,0.0,0.0,0.0,0.0,0.0,0.0,0.35,0.0
M Labuschagne,ODI,19-Sep-24,0,0,0,0,0,0.0,0.0,0.0,0.0,0.0,0.0,0.0,0.35,0.0
M Labuschagne,ODI,2024,148,159,13,3,1,46.54,24.66,44.616,34.528000000000006,28.962,27.33,30.18867924528302,0.5827,67.57990867579909
M Labuschagne,ODI,2025,0,0,0,0,0,0.0,0.0,0.0,0.0,0.0,0.0,0.0,0.35,40.9001184366364
M Labuschagne,ODI,24-Aug-25,0,0,0,0,0,0.0,0.0,0.0,0.0,0.0,0.0,0.0,0.35,26.151238685947135
M Labuschagne,ODI,27-Sep-24,0,0,0,0,0,0.0,0.0,0.0,0.0,0.0,0.0,0.0,0.35,17.25979797155554
M Labuschagne,ODI,28-Feb-25,0,0,0,0,0,0.0,0.0,0.0,0.0,0.0,0.0,0.0,0.35,11.6171633561842
M Labuschagne,ODI,29-Sep-24,0,0,0,0,0,0.0,0.0,0.0,0.0,0.0,0.0,0.0,0.35,7.918811738276267
M Labuschagne,TEST,04-Dec-25,0,0,0,0,0,0.0,0.0,0.0,0.0,0.0,0.0,0.0,0.35,0.0
M Labuschagne,TEST,04-Jan-26,0,0,0,0,0,0.0,0.0,0.0,0.0,0.0,0.0,0.0,0.35,0.0
M Labuschagne,TEST,11-Jun-25,0,0,0,0,0,0.0,0.0,0.0,0.0,0.0,0.0,0.0,0.35,0.0
M Labuschagne,TEST,17-Dec-25,0,0,0,0,0,0.0,0.0,0.0,0.0,0.0,0.0,0.0,0.35,0.0
M Labuschagne,TEST,17-Jan-24,0,0,0,0,0,0.0,0.0,0.0,0.0,0.0,0.0,0.0,0.35,0.0
M Labuschagne,TEST,2024,464,988,48,0,2,23.48,30.93,100.0,71.144,7.044,45.465,14.574898785425102,0.46740000000000004,157.76034707276358
M Labuschagne,TEST,2025,271,539,31,2,2,25.135,20.84,72.054,43.772000000000006,17.5405,40.42,18.36734693877551,0.475675,194.78105765656613
M Labuschagne,TEST,2026,114,108,11,1,0,38.233333333333334,42.5,37.29333333333334,45.4,16.47,21.25,33.33333333333333,0.5411666666666667,169.0642155910341
M Labuschagne,TEST,21-Nov-25,0,0,0,0,0,0.0,0.0,0.0,0.0,0.0,0.0,0.0,0.35,116.21218066725959
M Labuschagne,TEST,22-Nov-24,0,0,0,0,0,0.0,0.0,0.0,0.0,0.0,0.0,0.0,0.35,80.33508738114249
M Levitt,ODI,15-Aug-24,0,0,0,0,0,0.0,0.0,0.0,0.0,0.0,0.0,0.0,0.35,0.0
M Levitt,ODI,2024,196,244,25,8,0,40.16,21.77,66.064,37.016000000000005,52.048,10.885,40.57377049180328,0.5508,115.29411764705883
M Levitt,ODI,2025,522,284,28,6,0,64.11,34.37,81.644,79.696,49.233000000000004,17.185,35.91549295774648,0.6705500000000001,301.0045662100457
M Levitt,T20,2024,552,384,51,30,1,143.75,34.5,100.0,82.80000000000001,100.0,32.25,63.28125,0.93125,552.0
M Levitt,T20,2025,314,225,23,16,0,139.55,39.25,100.0,62.8,100.0,19.625,52.0,0.95,412.0
M Louis,TEST,2024,333,776,38,4,0,42.91,23.78,93.164,52.324,32.873,11.89,16.237113402061855,0.56455,333.0
M Mooketsi,T20,2024,289,0,0,0,0,14.6,14.45,5.84,40.46,4.38,7.225,0.0,0.423,289.0
M Pathirana,T20,2024,468,0,0,0,0,11.26,15.6,4.5040000000000004,59.28,3.3779999999999997,7.8,0.0,0.40630000000000005,468.0
M Pathirana,T20,2026,166,0,0,0,0,14.33,18.44,5.732,31.352000000000004,4.2989999999999995,9.22,0.0,0.42164999999999997,290.35294117647055
M Podosky,T20,2025,306,255,28,15,1,120.0,27.81,100.0,52.848,100.0,28.905,50.58823529411765,0.95,306.0
M Prasidh Krishna,ODI,2025,251,0,0,0,0,24.37,31.37,9.748000000000001,50.196000000000005,7.311,15.685,0.0,0.47185000000000005,251.0
M Prasidh Krishna,ODI,2026,109,0,0,0,0,36.0,36.33,14.4,39.964,10.799999999999999,18.165,0.0,0.53,167.47058823529412
M Prasidh Krishna,TEST,2025,626,0,0,0,0,39.6,31.3,15.840000000000002,87.64,11.88,15.65,0.0,0.5479999999999999,626.0
M Simpson-Parker,T20,26-May-24,0,0,0,0,0,0.0,0.0,0.0,0.0,0.0,0.0,0.0,0.35,0.0
M Taniyama,T20,2024,200,0,0,0,0,10.66,8.33,4.264,26.664,3.198,4.165,0.0,0.4033,200.0
M Theekshana,ODI,2024,396,0,1,0,0,18.165,26.4,9.266,60.72,5.4495,13.2,100.0,0.44082499999999997,396.0
M Theekshana,ODI,2025,405,0,0,0,0,38.64,28.92,15.456000000000001,63.636,11.592,14.46,0.0,0.5432,401.29411764705884
M Theekshana,T20,2024,534,0,0,0,0,18.7,22.25,7.48,71.2,5.609999999999999,11.125,0.0,0.4435,534.0
M Theekshana,T20,2026,309,0,0,0,0,18.69,23.76,7.476000000000001,49.908,5.607,11.88,0.0,0.44345,401.6470588235294
M Vaik,T20,06-May-25,0,0,0,0,0,0.0,0.0,0.0,0.0,0.0,0.0,0.0,0.35,0.0
M Vaik,T20,2024,0,0,0,0,0,0.0,0.0,0.0,0.0,0.0,0.0,0.0,0.35,0.0
M Vaik,T20,2025,0,0,0,0,0,0.0,0.0,0.0,0.0,0.0,0.0,0.0,0.35,0.0
M Vaik,T20,24-Aug-24,0,0,0,0,0,0.0,0.0,0.0,0.0,0.0,0.0,0.0,0.35,0.0
M Yambayamba,T20,2025,0,0,0,0,0,0.0,0.0,0.0,0.0,0.0,0.0,0.0,0.35,0.0
M van Lingen,ODI,2024,445,478,62,10,0,46.545,37.08,100.0,74.164,63.963499999999996,18.54,45.18828451882845,0.582725,445.0
M van Lingen,ODI,26-Sep-24,0,0,0,0,0,0.0,0.0,0.0,0.0,0.0,0.0,0.0,0.35,183.23529411764707
MA Jones,T20,07-Feb-26,0,0,0,0,0,0.0,0.0,0.0,0.0,0.0,0.0,0.0,0.35,0.0
MA Jones,T20,2026,142,100,14,6,0,71.0,35.5,56.400000000000006,42.6,51.3,17.75,60.0,0.705,83.52941176470588
MA Leask,ODI,12-Apr-26,0,0,0,0,0,0.0,0.0,0.0,0.0,0.0,0.0,0.0,0.35,0.0
MA Leask,ODI,2024,270,104,7,4,1,44.473333333333336,23.71,31.789333333333335,45.968,33.342,26.855,31.73076923076923,0.5723666666666667,158.8235294117647
MA Leask,ODI,2025,421,150,14,7,2,76.9,35.14,58.760000000000005,70.212,58.07,47.57,42.00000000000001,0.7345,278.53881278538813
MA Leask,ODI,2026,61,16,1,0,0,45.416666666666664,22.0,20.166666666666668,23.700000000000003,13.624999999999998,11.0,18.75,0.5770833333333333,192.65692854322938
MA Leask,ODI,22-Jul-24,0,0,0,0,0,0.0,0.0,0.0,0.0,0.0,0.0,0.0,0.35,123.18344091450003
MA Leask,T20,2026,177,0,0,0,0,16.0,19.66,6.4,33.428,4.8,9.83,0.0,0.43,177.0
MA Starc,ODI,2024,291,0,0,0,0,34.0,36.37,13.600000000000001,58.196,10.2,18.185,0.0,0.52,291.0
MA Starc,TEST,03-Jan-24,0,0,0,0,0,0.0,0.0,0.0,0.0,0.0,0.0,0.0,0.35,0.0
MA Starc,TEST,04-Jan-26,0,0,0,0,0,0.0,0.0,0.0,0.0,0.0,0.0,0.0,0.35,0.0
MA Starc,TEST,2024,1126,427,17,2,2,30.993333333333336,30.54,46.397333333333336,100.0,19.298000000000002,45.269999999999996,13.348946135831381,0.5049666666666667,514.1552511415525
MA Starc,TEST,2025,1237,526,36,1,5,27.45,23.66,82.98,100.0,13.235,86.83,21.102661596958175,0.48725,799.5262534544019
MA Starc,TEST,2026,170,14,0,0,0,28.436666666666667,33.0,11.374666666666668,43.400000000000006,8.531,16.5,0.0,0.49218333333333336,572.5145144423209
MA Starc,TEST,29-Feb-24,0,0,0,0,0,0.0,0.0,0.0,0.0,0.0,0.0,0.0,0.35,377.8591512901329
MA Starc,TEST,29-Jan-25,0,0,0,0,0,0.0,0.0,0.0,0.0,0.0,0.0,0.0,0.35,254.32809198582856
MA Wood,TEST,2024,641,110,12,2,2,68.555,37.2,51.422000000000004,93.86,30.5665,48.6,38.18181818181818,0.692775,641.0
MADI Hemantha,T20,2026,0,0,0,0,0,0.0,0.0,0.0,0.0,0.0,0.0,0.0,0.35,0.0
MB Kruger,ODI,04-Apr-26,0,0,0,0,0,0.0,0.0,0.0,0.0,0.0,0.0,0.0,0.35,0.0
MB Kruger,ODI,09-Mar-25,0,0,0,0,0,0.0,0.0,0.0,0.0,0.0,0.0,0.0,0.35,0.0
MB Kruger,ODI,14-Feb-25,0,0,0,0,0,0.0,0.0,0.0,0.0,0.0,0.0,0.0,0.35,0.0
MB Kruger,ODI,2024,154,210,16,0,0,73.33,22.0,61.332,33.0,21.999,11.0,22.857142857142858,0.7166499999999999,60.797473351756814
MB Kruger,ODI,2025,239,354,15,5,0,33.755,23.9,43.502,43.019999999999996,35.1265,11.95,16.949152542372882,0.518775,125.05859868017743
MB Kruger,ODI,2026,45,82,5,1,0,27.435,11.25,20.974,13.5,13.2305,5.625,21.95121951219512,0.487175,97.83861524495354
MB Kruger,T20,2026,0,0,0,0,0,0.0,0.0,0.0,0.0,0.0,0.0,0.0,0.35,0.0
MD Patel,ODI,16-Sep-24,0,0,0,0,0,0.0,0.0,0.0,0.0,0.0,0.0,0.0,0.35,0.0
MD Patel,ODI,2024,502,555,42,9,1,30.150000000000002,50.2,96.06,90.36000000000001,54.045,40.1,27.56756756756757,0.50075,295.29411764705884
MD Patel,ODI,2025,340,432,33,2,0,78.7,28.33,97.48,56.664,33.61,14.165,24.305555555555554,0.7434999999999999,315.7077625570776
MD Patel,T20,09-Apr-24,0,0,0,0,0,0.0,0.0,0.0,0.0,0.0,0.0,0.0,0.35,0.0
MD Patel,T20,2024,288,228,38,7,0,63.155,22.15,100.0,46.519999999999996,53.9465,11.075,59.21052631578947,0.665775,169.41176470588235
MD Patel,T20,2025,365,223,33,13,1,163.67,73.0,100.0,94.9,100.0,51.5,61.88340807174888,0.8316500000000001,258.72146118721463
MD Rae,TEST,10-Dec-25,0,0,0,0,0,0.0,0.0,0.0,0.0,0.0,0.0,0.0,0.35,0.0
MD Rae,TEST,2025,226,0,0,0,0,24.5,28.25,9.8,45.2,7.35,14.125,0.0,0.4725,132.94117647058823
MD Shanaka,T20,08-Feb-26,0,0,0,0,0,0.0,0.0,0.0,0.0,0.0,0.0,0.0,0.35,0.0
MD Shanaka,T20,2024,0,0,0,0,0,0.0,0.0,0.0,0.0,0.0,0.0,0.0,0.35,0.0
MD Shanaka,T20,2026,236,134,6,22,1,88.055,23.6,47.222,42.480000000000004,100.0,26.8,62.6865671641791,0.7902750000000001,107.76255707762557
MDKJ Perera,T20,2024,295,217,34,6,1,135.94,24.58,100.0,49.164,70.782,27.29,55.29953917050691,0.95,295.0
MDKJ Perera,T20,2025,357,253,37,11,1,70.55,23.8,100.0,54.74000000000001,76.16499999999999,26.9,56.91699604743083,0.7027500000000001,331.47058823529414
MG Bracewell,ODI,10-Feb-25,0,0,0,0,0,0.0,0.0,0.0,0.0,0.0,0.0,0.0,0.35,0.0
MG Bracewell,ODI,11-Jan-26,0,0,0,0,0,0.0,0.0,0.0,0.0,0.0,0.0,0.0,0.35,0.0
MG Bracewell,ODI,14-Jan-26,0,0,0,0,0,0.0,0.0,0.0,0.0,0.0,0.0,0.0,0.35,0.0
MG Bracewell,ODI,19-Feb-25,0,0,0,0,0,0.0,0.0,0.0,0.0,0.0,0.0,0.0,0.35,0.0
MG Bracewell,ODI,2024,109,0,1,0,0,22.8,21.8,11.120000000000001,28.340000000000003,6.84,10.9,100.0,0.46399999999999997,39.306191626699366
MG Bracewell,ODI,2025,910,372,25,16,5,47.09,31.88,68.836,100.0,94.127,90.94,33.064516129032256,0.58545,335.34273775402306
MG Bracewell,ODI,2026,134,36,2,3,1,76.74,90.0,34.696,85.4,38.022,60.0,41.66666666666667,0.7337,269.51905294167454
MG Bracewell,ODI,29-Mar-25,0,0,0,0,0,0.0,0.0,0.0,0.0,0.0,0.0,0.0,0.35,183.71702064320996
MG Bracewell,T20,16-Mar-25,0,0,0,0,0,0.0,0.0,0.0,0.0,0.0,0.0,0.0,0.35,0.0
MG Bracewell,T20,2025,0,0,0,0,0,0.0,0.0,0.0,0.0,0.0,0.0,0.0,0.35,0.0
MG Bracewell,T20,27-Apr-24,0,0,0,0,0,0.0,0.0,0.0,0.0,0.0,0.0,0.0,0.35,0.0
MG Bracewell,TEST,2025,80,140,10,0,0,28.57,26.66,31.428,29.328000000000003,8.571,13.33,21.428571428571427,0.49284999999999995,80.0
MG Erasmus,ODI,04-Apr-26,0,0,0,0,0,0.0,0.0,0.0,0.0,0.0,0.0,0.0,0.35,0.0
MG Erasmus,ODI,2024,767,434,42,9,1,38.10333333333333,33.09,99.24133333333333,100.0,56.431,31.545,35.25345622119816,0.5405166666666666,451.1764705882353
MG Erasmus,ODI,2025,553,382,14,7,0,28.17,22.13,39.268,73.00399999999999,43.451,11.065,16.49214659685864,0.49085,497.6712328767124
MG Erasmus,ODI,2026,155,115,5,1,0,38.086666666666666,32.5,25.23466666666667,41.5,16.426000000000002,16.25,15.652173913043477,0.5404333333333333,362.3884721673905
MG Erasmus,T20,10-Feb-26,0,0,0,0,0,0.0,0.0,0.0,0.0,0.0,0.0,0.0,0.35,0.0
MG Erasmus,T20,18-Feb-26,0,0,0,0,0,0.0,0.0,0.0,0.0,0.0,0.0,0.0,0.35,0.0
MG Erasmus,T20,2024,608,282,31,13,2,70.86,33.0,90.344,87.2,86.258,46.5,46.808510638297875,0.7043,277.6255707762557
MG Erasmus,T20,2025,276,224,22,8,1,61.605,30.66,68.642,52.128,58.4815,30.33,40.17857142857143,0.658025,276.98381365969203
MG Erasmus,T20,2026,194,139,12,9,0,69.78,27.71,51.912000000000006,41.568,65.934,13.855,45.32374100719424,0.6989,247.05924777325012
MG Neser,TEST,04-Dec-25,0,0,0,0,0,0.0,0.0,0.0,0.0,0.0,0.0,0.0,0.35,0.0
MG Neser,TEST,04-Jan-26,0,0,0,0,0,0.0,0.0,0.0,0.0,0.0,0.0,0.0,0.35,0.0
MG Neser,TEST,2025,235,95,8,0,0,27.560000000000002,18.4,27.024,38.22,8.268,9.2,25.263157894736842,0.4878,107.30593607305936
MG Neser,TEST,2026,139,90,4,0,0,22.686666666666667,24.0,17.074666666666666,33.1,6.806,12.0,13.333333333333334,0.46343333333333336,119.81839715752074
MH Cross,ODI,03-Mar-24,0,0,0,0,0,0.0,0.0,0.0,0.0,0.0,0.0,0.0,0.35,0.0
MH Cross,ODI,06-Apr-26,0,0,0,0,0,0.0,0.0,0.0,0.0,0.0,0.0,0.0,0.35,0.0
MH Cross,ODI,06-Jun-25,0,0,0,0,0,0.0,0.0,0.0,0.0,0.0,0.0,0.0,0.35,0.0
MH Cross,ODI,08-Apr-26,0,0,0,0,0,0.0,0.0,0.0,0.0,0.0,0.0,0.0,0.35,0.0
MH Cross,ODI,12-Apr-26,0,0,0,0,0,0.0,0.0,0.0,0.0,0.0,0.0,0.0,0.35,0.0
MH Cross,ODI,14-May-25,0,0,0,0,0,0.0,0.0,0.0,0.0,0.0,0.0,0.0,0.35,0.0
MH Cross,ODI,16-Jul-24,0,0,0,0,0,0.0,0.0,0.0,0.0,0.0,0.0,0.0,0.35,0.0
MH Cross,ODI,16-May-25,0,0,0,0,0,0.0,0.0,0.0,0.0,0.0,0.0,0.0,0.35,0.0
MH Cross,ODI,2024,0,0,0,0,0,0.0,0.0,0.0,0.0,0.0,0.0,0.0,0.35,0.0
MH Cross,ODI,2025,202,223,21,0,0,45.29,25.25,60.116,40.400000000000006,13.587,12.625,28.251121076233183,0.5764499999999999,62.36155971073174
MH Cross,ODI,2026,38,45,4,0,1,28.146666666666665,38.0,19.258666666666667,34.2,8.443999999999999,34.0,26.666666666666668,0.4907333333333333,54.90566438531261
MH Cross,ODI,22-Jul-24,0,0,0,0,0,0.0,0.0,0.0,0.0,0.0,0.0,0.0,0.35,38.20277558879993
MH Cross,ODI,26-Jul-24,0,0,0,0,0,0.0,0.0,0.0,0.0,0.0,0.0,0.0,0.35,26.629813628983506
MH Cross,ODI,31-Oct-24,0,0,0,0,0,0.0,0.0,0.0,0.0,0.0,0.0,0.0,0.35,18.586316688171966
MH Cross,T20,2026,0,0,0,0,0,0.0,0.0,0.0,0.0,0.0,0.0,0.0,0.35,0.0
MJ Hay,ODI,02-Apr-25,0,0,0,0,0,0.0,0.0,0.0,0.0,0.0,0.0,0.0,0.35,0.0
MJ Hay,ODI,05-Apr-25,0,0,0,0,0,0.0,0.0,0.0,0.0,0.0,0.0,0.0,0.35,0.0
MJ Hay,ODI,05-Jan-25,0,0,0,0,0,0.0,0.0,0.0,0.0,0.0,0.0,0.0,0.35,0.0
MJ Hay,ODI,11-Jan-26,0,0,0,0,0,0.0,0.0,0.0,0.0,0.0,0.0,0.0,0.35,0.0
MJ Hay,ODI,14-Jan-26,0,0,0,0,0,0.0,0.0,0.0,0.0,0.0,0.0,0.0,0.35,0.0
MJ Hay,ODI,17-Nov-24,0,0,0,0,0,0.0,0.0,0.0,0.0,0.0,0.0,0.0,0.35,0.0
MJ Hay,ODI,18-Jan-26,0,0,0,0,0,0.0,0.0,0.0,0.0,0.0,0.0,0.0,0.35,0.0
MJ Hay,ODI,2024,0,0,0,0,0,0.0,0.0,0.0,0.0,0.0,0.0,0.0,0.35,0.0
MJ Hay,ODI,2025,0,0,0,0,0,0.0,0.0,0.0,0.0,0.0,0.0,0.0,0.35,0.0
MJ Hay,ODI,2026,20,19,2,0,0,35.086666666666666,10.0,18.034666666666666,10.0,10.526,5.0,31.57894736842105,0.5254333333333334,6.1744118525476965
MJ Hay,ODI,29-Mar-25,0,0,0,0,0,0.0,0.0,0.0,0.0,0.0,0.0,0.0,0.35,4.284722973212801
MJ Hay,T20,10-Nov-24,0,0,0,0,0,0.0,0.0,0.0,0.0,0.0,0.0,0.0,0.35,0.0
MJ Hay,T20,16-Mar-25,0,0,0,0,0,0.0,0.0,0.0,0.0,0.0,0.0,0.0,0.35,0.0
MJ Hay,T20,2024,0,0,0,0,0,0.0,0.0,0.0,0.0,0.0,0.0,0.0,0.35,0.0
MJ Hay,T20,2025,0,0,0,0,0,0.0,0.0,0.0,0.0,0.0,0.0,0.0,0.35,0.0
MJ Hay,T20,23-Mar-25,0,0,0,0,0,0.0,0.0,0.0,0.0,0.0,0.0,0.0,0.35,0.0
MJ Hay,T20,26-Mar-25,0,0,0,0,0,0.0,0.0,0.0,0.0,0.0,0.0,0.0,0.35,0.0
MJ Hay,T20,28-Dec-24,0,0,0,0,0,0.0,0.0,0.0,0.0,0.0,0.0,0.0,0.35,0.0
MJ Hay,TEST,10-Dec-25,0,0,0,0,0,0.0,0.0,0.0,0.0,0.0,0.0,0.0,0.35,0.0
MJ Hay,TEST,2025,61,93,9,1,0,32.795,61.0,31.118000000000002,54.900000000000006,14.8385,30.5,32.25806451612903,0.513975,35.88235294117647
MJ Henry,ODI,2025,576,0,0,0,0,10.79,18.58,4.316,72.464,3.2369999999999997,9.29,0.0,0.40395,576.0
MJ Henry,T20,2026,328,0,0,0,0,16.84,25.23,6.736000000000001,52.983999999999995,5.052,12.615,0.0,0.43420000000000003,328.0
MJ Henry,TEST,2024,1079,216,21,10,0,40.18,18.58,58.072,100.0,62.054,9.29,43.05555555555556,0.5509000000000001,1079.0
MJ Henry,TEST,2025,218,0,0,0,0,27.45,10.9,10.98,30.520000000000003,8.235,5.45,0.0,0.48725,572.5294117647059
MJ Humphreys,T20,14-Feb-26,0,0,0,0,0,0.0,0.0,0.0,0.0,0.0,0.0,0.0,0.35,0.0
MJ Humphreys,T20,2026,217,0,0,0,0,14.3,16.69,5.720000000000001,35.052,4.29,8.345,0.0,0.4215,127.64705882352942
MJ Humphreys,TEST,2025,470,0,0,0,0,32.39,33.57,12.956000000000001,73.856,9.717,16.785,0.0,0.51195,470.0
MJ Leach,TEST,2024,599,0,0,0,0,57.11,33.27,22.844,86.516,17.133,16.635,0.0,0.63555,599.0
MJ Potts,ODI,2024,198,0,1,0,0,27.0,24.75,12.8,39.6,8.1,12.375,100.0,0.485,198.0
MJ Potts,ODI,21-Sep-24,0,0,0,0,0,0.0,0.0,0.0,0.0,0.0,0.0,0.0,0.35,81.52941176470588
MJ Potts,TEST,04-Jan-26,0,0,0,0,0,0.0,0.0,0.0,0.0,0.0,0.0,0.0,0.35,0.0
MJ Potts,TEST,2024,387,0,0,0,0,28.615,29.76,11.446,62.50800000000001,8.584499999999998,14.88,0.0,0.493075,227.64705882352942
MJ Potts,TEST,2026,19,59,3,0,2,16.1,0.0,12.440000000000001,1.9,4.83,30.0,15.254237288135593,0.4305,132.37442922374427
MJ Santner,ODI,05-Jan-25,0,0,0,0,0,0.0,0.0,0.0,0.0,0.0,0.0,0.0,0.35,0.0
MJ Santner,ODI,2025,881,182,14,12,4,50.19333333333333,26.84,48.07733333333333,100.0,75.05799999999999,73.42,42.857142857142854,0.6009666666666666,518.2352941176471
MJ Santner,ODI,24-Feb-25,0,0,0,0,0,0.0,0.0,0.0,0.0,0.0,0.0,0.0,0.35,281.5981735159817
MJ Santner,T20,2026,671,182,23,12,4,84.675,34.25,79.87,94.5,85.4025,77.125,57.69230769230769,0.773375,671.0
MJ Santner,T20,23-Feb-24,0,0,0,0,0,0.0,0.0,0.0,0.0,0.0,0.0,0.0,0.35,276.29411764705884
MJ Santner,TEST,04-Feb-24,0,0,0,0,0,0.0,0.0,0.0,0.0,0.0,0.0,0.0,0.35,0.0
MJ Santner,TEST,07-Aug-25,0,0,0,0,0,0.0,0.0,0.0,0.0,0.0,0.0,0.0,0.35,0.0
MJ Santner,TEST,2024,803,421,26,13,0,34.17,29.33,65.668,100.0,75.251,14.665,27.790973871733968,0.52085,366.6666666666667
MJ Santner,TEST,2025,77,0,0,0,0,25.625,19.25,10.25,23.1,7.6875,9.625,0.0,0.478125,252.30951440979078
MM Baig,T20,2025,594,209,15,17,4,70.27,30.44,58.108000000000004,83.75200000000001,100.0,75.22,45.933014354066984,0.7013499999999999,594.0
MM English,ODI,2024,107,122,9,2,0,87.7,107.0,53.080000000000005,96.30000000000001,36.31,53.5,27.049180327868854,0.7885,107.0
MNK Fernando,ODI,2024,0,0,0,0,0,0.0,0.0,0.0,0.0,0.0,0.0,0.0,0.35,0.0
MNM Aslam,T20,12-Apr-25,0,0,0,0,0,0.0,0.0,0.0,0.0,0.0,0.0,0.0,0.35,0.0
MNM Aslam,T20,2024,551,0,0,0,0,23.25,22.95,9.3,73.46000000000001,6.975,11.475,0.0,0.46625,324.11764705882354
MO Kitunda,T20,2026,0,0,0,0,0,0.0,0.0,0.0,0.0,0.0,0.0,0.0,0.35,0.0
MP Breetzke,ODI,2025,706,730,60,17,1,96.71,64.18,100.0,100.0,100.0,47.09,31.643835616438356,0.8335499999999999,706.0
MP Kuhnemann,TEST,2025,275,0,0,0,0,34.68,17.18,13.872,41.244,10.404,8.59,0.0,0.5234000000000001,275.0
MP O'Dowd,ODI,11-Nov-24,0,0,0,0,0,0.0,0.0,0.0,0.0,0.0,0.0,0.0,0.35,0.0
MP O'Dowd,ODI,12-Jun-25,0,0,0,0,0,0.0,0.0,0.0,0.0,0.0,0.0,0.0,0.35,0.0
MP O'Dowd,ODI,2024,428,636,41,9,1,33.645,38.9,95.458,73.92,55.0935,34.45,23.58490566037736,0.518225,195.4337899543379
MP O'Dowd,ODI,2025,429,455,39,11,1,47.14,47.66,96.856,81.02799999999999,69.142,38.83,32.967032967032964,0.5857,287.6431109356494
MP O'Dowd,T20,2024,445,386,43,12,1,57.64,26.17,100.0,65.436,77.292,28.085,42.74611398963731,0.6382,445.0
MP O'Dowd,T20,2025,275,201,30,5,2,68.405,39.28,87.362,58.92400000000001,45.5215,49.64,52.23880597014926,0.692025,345.0
MP Stoinis,T20,2024,687,211,24,20,5,84.0,36.66,81.6,98.028,100.0,93.33,62.55924170616113,0.77,687.0
MPS Cheema,T20,2025,0,0,0,0,0,0.0,0.0,0.0,0.0,0.0,0.0,0.0,0.35,0.0
MPS Cheema,T20,29-Jun-25,0,0,0,0,0,0.0,0.0,0.0,0.0,0.0,0.0,0.0,0.35,0.0
MR Adair,ODI,2024,313,0,1,0,0,32.66,34.77,15.064,59.116,9.797999999999998,17.385,100.0,0.5133,313.0
MR Adair,T20,2024,426,0,0,0,0,13.08,17.04,5.232,56.232,3.924,8.52,0.0,0.4154,426.0
MR Adair,T20,2026,256,0,0,0,0,18.1,25.6,7.240000000000001,46.080000000000005,5.430000000000001,12.8,0.0,0.44049999999999995,326.00000000000006
MR Adair,TEST,2024,186,0,0,0,0,32.91,15.5,13.164,31.0,9.873,7.75,0.0,0.51455,186.0
MR Adair,TEST,2025,196,117,13,1,0,76.74000000000001,46.5,56.696000000000005,56.800000000000004,28.022000000000002,23.25,35.8974358974359,0.7337,191.88235294117646
MR Marsh,ODI,2024,122,145,12,5,0,84.13,30.5,57.652,36.6,50.239,15.25,35.172413793103445,0.77065,122.0
MR Marsh,ODI,2025,304,353,28,9,1,86.11,60.8,90.444,79.03999999999999,70.833,45.4,31.444759206798867,0.7805500000000001,229.05882352941177
MR Marsh,T20,2024,357,248,29,23,2,143.95,27.46,100.0,57.668000000000006,100.0,43.730000000000004,62.903225806451616,0.93025,357.0
MR Marsh,T20,2025,454,287,39,29,2,158.18,37.83,100.0,75.664,100.0,48.915,71.0801393728223,0.8591,414.05882352941177
MR Marsh,T20,2026,137,77,16,8,1,177.92,45.66,100.0,50.227999999999994,93.376,37.83,93.5064935064935,0.7604000000000001,287.5479452054795
MR Marsh,TEST,14-Dec-24,0,0,0,0,0,0.0,0.0,0.0,0.0,0.0,0.0,0.0,0.35,0.0
MR Marsh,TEST,2024,496,475,34,5,0,42.656666666666666,42.6,85.06266666666667,83.68,37.797,21.3,24.63157894736842,0.5632833333333334,291.7647058823529
MRJ Watt,ODI,08-Apr-26,0,0,0,0,0,0.0,0.0,0.0,0.0,0.0,0.0,0.0,0.35,0.0
MRJ Watt,ODI,2024,334,0,0,0,0,21.65,33.4,8.66,60.12,6.494999999999999,16.7,0.0,0.45825000000000005,196.47058823529412
MRJ Watt,ODI,2025,610,153,6,7,4,47.416666666666664,43.54,30.966666666666665,95.832,49.225,81.77,25.490196078431374,0.5870833333333333,385.29680365296804
MRJ Watt,ODI,2026,106,42,2,1,1,33.42666666666667,27.0,17.37066666666667,32.2,15.028,28.5,21.428571428571427,0.5171333333333333,275.03355704697987
MS Chapman,ODI,2025,368,345,39,11,1,106.66,73.6,100.0,95.67999999999999,86.99799999999999,51.8,43.47826086956522,0.8833,368.0
MS Chapman,T20,06-Nov-25,0,0,0,0,0,0.0,0.0,0.0,0.0,0.0,0.0,0.0,0.35,0.0
MS Chapman,T20,2025,282,177,23,17,1,79.66,21.69,77.864,45.552,100.0,25.845,67.79661016949153,0.7483,165.88235294117646
MS Chapman,T20,2026,184,130,17,7,0,70.765,20.44,62.306,34.751999999999995,56.2295,10.22,55.38461538461539,0.7038249999999999,174.1552511415525
MS Chapman,T20,21-Jan-26,0,0,0,0,0,0.0,0.0,0.0,0.0,0.0,0.0,0.0,0.35,105.40071061981838
MS Maker,T20,2026,0,0,0,0,0,0.0,0.0,0.0,0.0,0.0,0.0,0.0,0.35,0.0
MS Wade,T20,11-Feb-24,0,0,0,0,0,0.0,0.0,0.0,0.0,0.0,0.0,0.0,0.35,0.0
MS Wade,T20,13-Feb-24,0,0,0,0,0,0.0,0.0,0.0,0.0,0.0,0.0,0.0,0.35,0.0
MS Wade,T20,2024,0,0,0,0,0,0.0,0.0,0.0,0.0,0.0,0.0,0.0,0.35,0.0
MT Renshaw,ODI,19-Oct-25,0,0,0,0,0,0.0,0.0,0.0,0.0,0.0,0.0,0.0,0.35,0.0
MT Renshaw,ODI,2025,0,0,0,0,0,0.0,0.0,0.0,0.0,0.0,0.0,0.0,0.35,0.0
MT Renshaw,T20,2026,120,99,8,2,0,121.21,24.0,64.48400000000001,31.200000000000003,46.363,12.0,30.3030303030303,0.95,120.0
MTMMJ Ave,T20,09-May-25,0,0,0,0,0,0.0,0.0,0.0,0.0,0.0,0.0,0.0,0.35,0.0
MTMMJ Ave,T20,2024,0,0,0,0,0,0.0,0.0,0.0,0.0,0.0,0.0,0.0,0.35,0.0
MTMMJ Ave,T20,21-Aug-24,0,0,0,0,0,0.0,0.0,0.0,0.0,0.0,0.0,0.0,0.35,0.0
MTMMJ Ave,T20,24-Aug-24,0,0,0,0,0,0.0,0.0,0.0,0.0,0.0,0.0,0.0,0.35,0.0
MV Pavlovic,T20,2025,258,0,0,0,0,13.5,16.12,5.4,38.696,4.05,8.06,0.0,0.4175,258.0
MVT Fernando,TEST,2024,665,0,0,0,0,21.205,22.93,8.482,84.844,6.3614999999999995,11.465,0.0,0.456025,665.0
MW Forde,ODI,04-Feb-24,0,0,0,0,0,0.0,0.0,0.0,0.0,0.0,0.0,0.0,0.35,0.0
MW Forde,ODI,2024,252,0,0,0,0,14.25,25.2,5.7,45.36,4.2749999999999995,12.6,0.0,0.42125,148.23529411764707
MW Forde,ODI,2025,544,94,10,11,0,89.68,45.88,55.87200000000001,91.104,81.904,22.94,67.02127659574468,0.7984,328.9497716894977
MW Forde,T20,05-Nov-25,0,0,0,0,0,0.0,0.0,0.0,0.0,0.0,0.0,0.0,0.35,0.0
MW Forde,T20,15-Feb-26,0,0,0,0,0,0.0,0.0,0.0,0.0,0.0,0.0,0.0,0.35,0.0
MW Forde,T20,2025,0,0,0,0,0,0.0,0.0,0.0,0.0,0.0,0.0,0.0,0.35,0.0
MW Forde,T20,2026,274,0,0,0,0,19.18,24.9,7.672000000000001,47.32,5.754,12.45,0.0,0.4459,108.17212791156732
MW Jones,ODI,08-Apr-26,0,0,0,0,0,0.0,0.0,0.0,0.0,0.0,0.0,0.0,0.35,0.0
MW Jones,ODI,08-Jun-25,0,0,0,0,0,0.0,0.0,0.0,0.0,0.0,0.0,0.0,0.35,0.0
MW Jones,ODI,2025,0,0,0,0,0,0.0,0.0,0.0,0.0,0.0,0.0,0.0,0.35,0.0
MW Jones,ODI,2026,9,5,0,1,1,90.0,0.0,36.0,0.9,32.0,15.0,60.0,0.8,3.553099091985788
MW Short,ODI,2024,184,182,18,7,0,50.545,26.28,56.218,39.424,50.1635,13.14,41.20879120879121,0.602725,184.0
MW Short,ODI,2025,197,227,19,4,0,86.78,28.14,72.712,42.212,46.034,14.07,30.396475770925107,0.7839,191.6470588235294
MW Short,T20,01-Feb-26,0,0,0,0,0,0.0,0.0,0.0,0.0,0.0,0.0,0.0,0.35,0.0
MW Short,T20,11-Sep-24,0,0,0,0,0,0.0,0.0,0.0,0.0,0.0,0.0,0.0,0.35,0.0
MW Short,T20,2024,0,0,0,0,0,0.0,0.0,0.0,0.0,0.0,0.0,0.0,0.35,0.0
MWR Stokes,T20,09-Jun-24,0,0,0,0,0,0.0,0.0,0.0,0.0,0.0,0.0,0.0,0.35,0.0
MWR Stokes,T20,2024,317,227,28,9,6,139.64,52.83,100.0,73.964,86.892,100.0,48.89867841409691,0.95,186.47058823529412
MWR Stokes,T20,2025,260,202,25,2,4,128.71,65.0,100.0,78.0,48.613,92.5,40.099009900990104,0.95,220.0456621004566
MWR Stokes,T20,2026,140,93,15,3,0,150.53,70.0,90.212,70.0,60.159,35.0,58.064516129032256,0.89735,188.4445321752862
Maaz Khan,T20,2026,0,0,0,0,0,0.0,0.0,0.0,0.0,0.0,0.0,0.0,0.35,0.0
Maaz Sadaqat,ODI,2026,131,79,9,6,0,68.655,33.0,45.462,39.5,50.5965,16.5,56.9620253164557,0.693275,131.0
Mahedi Hasan,T20,12-Oct-24,0,0,0,0,0,0.0,0.0,0.0,0.0,0.0,0.0,0.0,0.35,0.0
Mahedi Hasan,T20,2025,458,0,0,0,0,8.52,20.81,3.408,62.44799999999999,2.5559999999999996,10.405,0.0,0.3926,269.4117647058824
Mahidul Islam Ankon,TEST,2024,0,0,0,0,0,0.0,0.0,0.0,0.0,0.0,0.0,0.0,0.35,0.0
Mahidul Islam Ankon,TEST,29-Oct-24,0,0,0,0,0,0.0,0.0,0.0,0.0,0.0,0.0,0.0,0.35,0.0
Mahmudul Hasan Joy,TEST,08-May-26,0,0,0,0,0,0.0,0.0,0.0,0.0,0.0,0.0,0.0,0.35,0.0
Mahmudul Hasan Joy,TEST,2024,162,425,16,1,0,19.055,13.5,39.622,27.0,10.7165,6.75,12.0,0.44527500000000003,95.29411764705883
Mahmudul Hasan Joy,TEST,2025,312,563,30,4,0,27.705,62.4,71.082,81.12,28.3115,31.2,18.117229129662523,0.488525,194.24657534246575
Mahmudul Hasan Joy,TEST,2026,10,29,2,0,1,17.24,10.0,10.896,9.0,5.172,20.0,20.689655172413794,0.4362,121.50809317015396
Mahmudul Hasan Joy,TEST,22-Nov-24,0,0,0,0,0,0.0,0.0,0.0,0.0,0.0,0.0,0.0,0.35,77.69139230464101
Mahmudullah,ODI,2024,337,354,23,15,2,95.19,48.14,84.076,72.212,100.0,54.07,32.20338983050847,0.82595,337.0
Mahmudullah,T20,2024,322,273,23,13,3,117.94,23.0,93.176,50.60000000000001,100.0,56.5,39.56043956043956,0.9397,322.0
Manan Ali,T20,05-Feb-24,0,0,0,0,0,0.0,0.0,0.0,0.0,0.0,0.0,0.0,0.35,0.0
Manan Ali,T20,12-Feb-24,0,0,0,0,0,0.0,0.0,0.0,0.0,0.0,0.0,0.0,0.35,0.0
Manan Ali,T20,2024,378,259,16,29,4,72.97,22.23,61.188,55.584,100.0,71.115,52.12355212355213,0.71485,172.6027397260274
Manan Bashir,T20,2025,317,119,13,38,3,133.19,45.28,79.27600000000001,67.924,100.0,67.64,100.0,0.95,317.0
Manan Bashir,T20,2026,0,0,0,0,0,0.0,0.0,0.0,0.0,0.0,0.0,0.0,0.35,130.52941176470588
Manoj Adhikari,T20,07-Feb-24,0,0,0,0,0,0.0,0.0,0.0,0.0,0.0,0.0,0.0,0.35,0.0
Manpreet Singh,T20,2024,0,0,0,0,0,0.0,0.0,0.0,0.0,0.0,0.0,0.0,0.35,0.0
Manpreet Singh,T20,2025,337,254,20,13,0,66.335,22.46,66.53399999999999,51.668000000000006,84.9005,11.23,38.976377952755904,0.6816749999999999,198.23529411764707
Manpreet Singh,T20,25-Apr-25,0,0,0,0,0,0.0,0.0,0.0,0.0,0.0,0.0,0.0,0.35,107.71689497716895
Mansoor Safi,T20,17-May-25,0,0,0,0,0,0.0,0.0,0.0,0.0,0.0,0.0,0.0,0.35,0.0
Mansoor Safi,T20,18-May-25,0,0,0,0,0,0.0,0.0,0.0,0.0,0.0,0.0,0.0,0.35,0.0
Mansoor Safi,T20,2025,0,0,0,0,0,0.0,0.0,0.0,0.0,0.0,0.0,0.0,0.35,0.0
Md Ariyan,T20,2025,278,201,20,19,3,138.3,27.8,95.32000000000001,50.040000000000006,100.0,58.9,58.2089552238806,0.95,278.0
Md Shuayeb,T20,29-Dec-25,0,0,0,0,0,0.0,0.0,0.0,0.0,0.0,0.0,0.0,0.35,0.0
Meet Bhavsar,T20,2024,679,550,55,19,3,41.15,29.52,100.0,91.516,100.0,59.76,40.36363636363637,0.5557500000000001,679.0
Mehboob Ali,T20,2025,299,153,36,21,0,195.42,27.18,100.0,51.644,100.0,13.59,100.0,0.6729,299.0
Mehboob Ali,T20,2026,148,69,15,13,0,214.49,37.0,100.0,44.400000000000006,100.0,18.5,100.0,0.57755,210.17647058823528
Mehidy Hasan Miraz,ODI,15-Mar-26,0,0,0,0,0,0.0,0.0,0.0,0.0,0.0,0.0,0.0,0.35,0.0
Mehidy Hasan Miraz,ODI,2024,710,440,22,4,0,44.10333333333333,50.62,61.641333333333336,100.0,33.231,25.31,17.727272727272727,0.5705166666666667,417.64705882352945
Mehidy Hasan Miraz,ODI,2025,643,266,12,3,1,43.35666666666666,41.09,41.342666666666666,97.172,28.006999999999998,35.545,16.917293233082706,0.5667833333333333,520.5479452054794
Mehidy Hasan Miraz,ODI,2026,265,62,3,0,1,34.596666666666664,28.5,19.83866666666667,49.3,10.379,29.25,14.516129032258064,0.5229833333333334,419.6604816423214
Mehidy Hasan Miraz,TEST,08-May-26,0,0,0,0,0,0.0,0.0,0.0,0.0,0.0,0.0,0.0,0.35,0.0
Mehidy Hasan Miraz,TEST,2024,1733,1113,78,4,2,39.58,38.37,100.0,100.0,31.874,49.185,22.10242587601078,0.5478999999999999,1019.4117647058824
Mehidy Hasan Miraz,TEST,2025,660,379,21,3,0,56.66,31.71,64.664,91.368,31.997999999999998,15.855,18.99736147757256,0.6333,855.2968036529682
Mehidy Hasan Miraz,TEST,2026,112,12,1,1,0,42.97666666666667,20.4,19.19066666666667,27.52,17.893,10.2,50.0,0.5648833333333333,561.8515594157126
Mehidy Hasan Miraz,TEST,21-Aug-24,0,0,0,0,0,0.0,0.0,0.0,0.0,0.0,0.0,0.0,0.35,359.2438065702643
Mehidy Hasan Miraz,TEST,22-Mar-24,0,0,0,0,0,0.0,0.0,0.0,0.0,0.0,0.0,0.0,0.35,237.100643621416
Mehidy Hasan Miraz,TEST,30-Mar-24,0,0,0,0,0,0.0,0.0,0.0,0.0,0.0,0.0,0.0,0.35,159.58685688823041
Mehran Khan,T20,2024,328,0,0,0,0,13.8,16.4,5.5200000000000005,45.919999999999995,4.14,8.2,0.0,0.419,328.0
Milad Momend,T20,2025,205,0,0,0,0,9.0,11.38,3.6,29.604,2.6999999999999997,5.69,0.0,0.395,205.0
Milind Kumar,ODI,08-Feb-25,0,0,0,0,0,0.0,0.0,0.0,0.0,0.0,0.0,0.0,0.35,0.0
Milind Kumar,ODI,13-Aug-24,0,0,0,0,0,0.0,0.0,0.0,0.0,0.0,0.0,0.0,0.35,0.0
Milind Kumar,ODI,2024,520,337,31,11,2,44.836666666666666,52.0,79.93466666666667,93.6,68.451,56.0,37.388724035608305,0.5741833333333334,237.44292237442923
Milind Kumar,ODI,2025,1018,657,58,16,4,41.74333333333333,81.5,100.0,100.0,92.523,100.0,33.789954337899545,0.5587166666666668,545.5981050138176
Milind Kumar,T20,07-Feb-26,0,0,0,0,0,0.0,0.0,0.0,0.0,0.0,0.0,0.0,0.35,0.0
Milind Kumar,T20,13-Feb-26,0,0,0,0,0,0.0,0.0,0.0,0.0,0.0,0.0,0.0,0.35,0.0
Milind Kumar,T20,2025,0,0,0,0,0,0.0,0.0,0.0,0.0,0.0,0.0,0.0,0.35,0.0
Milind Kumar,T20,2026,0,0,0,0,0,0.0,0.0,0.0,0.0,0.0,0.0,0.0,0.35,0.0
Mir Hamza,TEST,2024,158,0,0,0,0,79.5,39.5,31.8,47.400000000000006,23.849999999999998,19.75,0.0,0.7475,158.0
Mohamed Azzam,T20,19-Oct-24,0,0,0,0,0,0.0,0.0,0.0,0.0,0.0,0.0,0.0,0.35,0.0
Mohamed Azzam,T20,2024,0,0,0,0,0,0.0,0.0,0.0,0.0,0.0,0.0,0.0,0.35,0.0
Mohamed Shafeeq,T20,2024,509,0,0,0,0,20.57,24.23,8.228,70.28399999999999,6.171,12.115,0.0,0.45285,509.0
Mohameed Taiwo,T20,2024,0,0,0,0,0,0.0,0.0,0.0,0.0,0.0,0.0,0.0,0.35,0.0
Mohammad Abbas,TEST,08-May-26,0,0,0,0,0,0.0,0.0,0.0,0.0,0.0,0.0,0.0,0.35,0.0
Mohammad Abbas,TEST,2024,133,0,0,0,0,34.71,19.0,13.884,28.5,10.413,9.5,0.0,0.5235500000000001,78.23529411764706
Mohammad Abbas,TEST,2025,113,0,0,0,0,59.0,37.66,23.6,41.428,17.7,18.83,0.0,0.645,94.10958904109589
Mohammad Abbas,TEST,2026,98,5,1,0,1,53.93333333333334,18.4,23.573333333333338,24.52,16.18,24.2,60.0,0.6196666666666667,95.64547966837742
Mohammad Ahnaff,T20,2024,332,302,25,16,3,109.93,30.18,93.97200000000001,57.34400000000001,100.0,60.09,40.728476821192054,0.8996500000000001,332.0
Mohammad Haris,T20,2025,429,308,40,19,2,69.64,18.65,100.0,57.82,100.0,39.325,57.46753246753247,0.6981999999999999,429.0
Mohammad Haris,T20,23-Mar-25,0,0,0,0,0,0.0,0.0,0.0,0.0,0.0,0.0,0.0,0.35,176.6470588235294
Mohammad Ihsan,T20,2024,295,191,30,17,1,154.45,29.5,100.0,53.1,100.0,29.75,73.82198952879581,0.87775,295.0
Mohammad Ihsan,T20,2025,283,128,11,27,1,221.09,141.5,100.0,100.0,100.0,85.75,89.0625,0.54455,287.94117647058823
Mohammad Khan Rafah,T20,2026,159,0,0,0,0,4.75,13.25,1.9000000000000001,26.5,1.425,6.625,0.0,0.37375,159.0
Mohammad Nabi,ODI,09-Nov-24,0,0,0,0,0,0.0,0.0,0.0,0.0,0.0,0.0,0.0,0.35,0.0
Mohammad Nabi,ODI,20-Sep-24,0,0,0,0,0,0.0,0.0,0.0,0.0,0.0,0.0,0.0,0.35,0.0
Mohammad Nabi,ODI,2024,766,419,31,11,1,49.949999999999996,41.0,81.98,100.0,69.985,35.5,30.071599045346062,0.5997499999999999,349.7716894977169
Mohammad Nabi,ODI,2025,144,117,6,10,2,61.535,36.0,36.614000000000004,43.2,68.4605,48.0,41.02564102564103,0.657675,268.5353335965259
Mohammad Nabi,ODI,21-Dec-24,0,0,0,0,0,0.0,0.0,0.0,0.0,0.0,0.0,0.0,0.35,171.69954202877648
Mohammad Nabi,ODI,26-Feb-25,0,0,0,0,0,0.0,0.0,0.0,0.0,0.0,0.0,0.0,0.35,113.32156930745249
Mohammad Nabi,T20,11-Feb-26,0,0,0,0,0,0.0,0.0,0.0,0.0,0.0,0.0,0.0,0.35,0.0
Mohammad Nabi,T20,17-Jan-24,0,0,0,0,0,0.0,0.0,0.0,0.0,0.0,0.0,0.0,0.35,0.0
Mohammad Nabi,T20,2024,361,291,25,14,5,62.025,22.56,74.81,54.147999999999996,88.6075,86.28,40.20618556701031,0.6601250000000001,164.84018264840182
Mohammad Nabi,T20,31-Oct-25,0,0,0,0,0,0.0,0.0,0.0,0.0,0.0,0.0,0.0,0.35,99.76312672720094
Mohammad Nadeem,ODI,19-May-25,0,0,0,0,0,0.0,0.0,0.0,0.0,0.0,0.0,0.0,0.35,0.0
Mohammad Nadeem,ODI,2025,130,182,9,2,1,35.71,65.0,32.284,65.0,20.713,47.5,18.13186813186813,0.5285500000000001,76.47058823529412
Mohammad Nadeem,T20,14-Dec-24,0,0,0,0,0,0.0,0.0,0.0,0.0,0.0,0.0,0.0,0.35,0.0
Mohammad Nawaz,ODI,2025,414,143,10,7,2,46.19333333333333,44.0,38.477333333333334,76.6,48.858,52.0,35.66433566433567,0.5809666666666666,414.0
Mohammad Nawaz,T20,07-Jan-26,0,0,0,0,0,0.0,0.0,0.0,0.0,0.0,0.0,0.0,0.35,0.0
Mohammad Nawaz,T20,2025,852,262,24,21,3,50.199999999999996,19.05,68.08,100.0,100.0,54.525,51.526717557251914,0.601,501.1764705882353
Mohammad Nawaz,T20,2026,258,0,0,0,0,7.0,17.2,2.8000000000000003,39.56,2.1,8.6,0.0,0.385,390.13698630136986
Mohammad Nawaz,T20,25-Sep-25,0,0,0,0,0,0.0,0.0,0.0,0.0,0.0,0.0,0.0,0.35,236.1152783260955
Mohammad Rizwan,ODI,02-Apr-25,0,0,0,0,0,0.0,0.0,0.0,0.0,0.0,0.0,0.0,0.35,0.0
Mohammad Rizwan,ODI,05-Apr-25,0,0,0,0,0,0.0,0.0,0.0,0.0,0.0,0.0,0.0,0.35,0.0
Mohammad Rizwan,ODI,08-Feb-25,0,0,0,0,0,0.0,0.0,0.0,0.0,0.0,0.0,0.0,0.35,0.0
Mohammad Rizwan,ODI,08-Nov-24,0,0,0,0,0,0.0,0.0,0.0,0.0,0.0,0.0,0.0,0.35,0.0
Mohammad Rizwan,ODI,10-Aug-25,0,0,0,0,0,0.0,0.0,0.0,0.0,0.0,0.0,0.0,0.35,0.0
Mohammad Rizwan,ODI,10-Nov-24,0,0,0,0,0,0.0,0.0,0.0,0.0,0.0,0.0,0.0,0.35,0.0
Mohammad Rizwan,ODI,11-Mar-26,0,0,0,0,0,0.0,0.0,0.0,0.0,0.0,0.0,0.0,0.35,0.0
Mohammad Rizwan,ODI,11-Nov-25,0,0,0,0,0,0.0,0.0,0.0,0.0,0.0,0.0,0.0,0.35,0.0
Mohammad Rizwan,ODI,13-Mar-26,0,0,0,0,0,0.0,0.0,0.0,0.0,0.0,0.0,0.0,0.35,0.0
Mohammad Rizwan,ODI,15-Mar-26,0,0,0,0,0,0.0,0.0,0.0,0.0,0.0,0.0,0.0,0.35,0.0
Mohammad Rizwan,ODI,19-Dec-24,0,0,0,0,0,0.0,0.0,0.0,0.0,0.0,0.0,0.0,0.35,0.0
Mohammad Rizwan,ODI,19-Feb-25,0,0,0,0,0,0.0,0.0,0.0,0.0,0.0,0.0,0.0,0.35,0.0
Mohammad Rizwan,ODI,2024,264,327,20,8,2,40.365,52.8,56.146,68.64,52.1095,56.4,25.68807339449541,0.551825,79.97486858748715
Mohammad Rizwan,ODI,2025,569,784,46,8,4,36.285,43.76,100.0,91.908,50.8855,81.88,20.663265306122447,0.531425,227.68420682391303
Mohammad Rizwan,ODI,2026,58,83,8,0,0,34.935,19.33,29.974000000000004,21.264,10.480500000000001,9.665,28.91566265060241,0.524675,176.53611606976767
Mohammad Rizwan,ODI,23-Feb-25,0,0,0,0,0,0.0,0.0,0.0,0.0,0.0,0.0,0.0,0.35,123.39869000974737
Mohammad Rizwan,ODI,24-Nov-24,0,0,0,0,0,0.0,0.0,0.0,0.0,0.0,0.0,0.0,0.35,86.29276329879575
Mohammad Rizwan,ODI,29-Mar-25,0,0,0,0,0,0.0,0.0,0.0,0.0,0.0,0.0,0.0,0.35,60.3627094568863
Mohammad Rizwan,T20,2024,617,526,42,21,5,58.65,41.13,100.0,94.60400000000001,100.0,95.565,35.93155893536122,0.64325,617.0
Mohammad Rizwan,TEST,03-Jan-24,0,0,0,0,0,0.0,0.0,0.0,0.0,0.0,0.0,0.0,0.35,0.0
Mohammad Rizwan,TEST,03-Jan-25,0,0,0,0,0,0.0,0.0,0.0,0.0,0.0,0.0,0.0,0.35,0.0
Mohammad Rizwan,TEST,08-May-26,0,0,0,0,0,0.0,0.0,0.0,0.0,0.0,0.0,0.0,0.35,0.0
Mohammad Rizwan,TEST,12-Oct-25,0,0,0,0,0,0.0,0.0,0.0,0.0,0.0,0.0,0.0,0.35,0.0
Mohammad Rizwan,TEST,15-Oct-24,0,0,0,0,0,0.0,0.0,0.0,0.0,0.0,0.0,0.0,0.35,0.0
Mohammad Rizwan,TEST,17-Jan-25,0,0,0,0,0,0.0,0.0,0.0,0.0,0.0,0.0,0.0,0.35,0.0
Mohammad Rizwan,TEST,20-Oct-25,0,0,0,0,0,0.0,0.0,0.0,0.0,0.0,0.0,0.0,0.35,0.0
Mohammad Rizwan,TEST,2024,539,901,46,6,1,29.91,44.91,100.0,89.828,38.973,37.455,17.314095449500556,0.49955,171.59193349822502
Mohammad Rizwan,TEST,2025,360,703,28,3,0,25.6,36.0,66.24000000000001,64.8,22.68,18.0,13.229018492176388,0.478,230.4911492539732
Mohammad Rizwan,TEST,2026,59,79,8,0,0,24.893333333333334,59.0,25.957333333333334,53.1,7.468,29.5,30.379746835443036,0.47446666666666665,177.5483000259353
Mohammad Rizwan,TEST,21-Aug-24,0,0,0,0,0,0.0,0.0,0.0,0.0,0.0,0.0,0.0,0.35,123.20935145622073
Mohammad Rizwan,TEST,24-Oct-24,0,0,0,0,0,0.0,0.0,0.0,0.0,0.0,0.0,0.0,0.35,85.72775244265503
Mohammad Rizwan,TEST,25-Jan-25,0,0,0,0,0,0.0,0.0,0.0,0.0,0.0,0.0,0.0,0.35,59.757806473329396
Mohammad Rizwan,TEST,26-Dec-24,0,0,0,0,0,0.0,0.0,0.0,0.0,0.0,0.0,0.0,0.35,41.70804689729212
Mohammad Rizwan,TEST,30-Aug-24,0,0,0,0,0,0.0,0.0,0.0,0.0,0.0,0.0,0.0,0.35,29.13594600581298
Mohammad Wasim,ODI,13-Mar-26,0,0,0,0,0,0.0,0.0,0.0,0.0,0.0,0.0,0.0,0.35,0.0
Mohammad Wasim,ODI,2025,270,0,0,0,0,39.42,38.57,15.768,57.856,11.826,19.285,0.0,0.5471,158.8235294117647
Mohammad Wasim,ODI,2026,50,7,0,0,0,12.926666666666668,24.5,5.170666666666667,24.6,3.878,12.25,0.0,0.4146333333333333,109.13242009132419
Mohammed Shami,ODI,2025,337,0,0,0,0,31.0,30.63,12.4,58.20400000000001,9.299999999999999,15.315,0.0,0.505,337.0
Mohammed Siraj,ODI,2026,126,4,0,0,1,52.0,41.33,20.8,45.664,15.6,35.665,0.0,0.61,126.0
Mohammed Siraj,TEST,02-Jul-25,0,0,0,0,0,0.0,0.0,0.0,0.0,0.0,0.0,0.0,0.35,0.0
Mohammed Siraj,TEST,2024,1079,0,0,0,0,24.555,30.82,9.822000000000001,100.0,7.366499999999999,15.41,0.0,0.47277500000000006,634.7058823529412
Mohammed Siraj,TEST,2025,1170,0,0,0,0,21.73,27.2,8.692,100.0,6.519,13.6,0.0,0.45865,879.1324200913243
Mominul Haque,TEST,08-May-26,0,0,0,0,0,0.0,0.0,0.0,0.0,0.0,0.0,0.0,0.35,0.0
Mominul Haque,TEST,2024,529,956,66,5,2,55.33,31.11,100.0,77.788,41.599000000000004,45.555,22.280334728033473,0.62665,311.1764705882353
Mominul Haque,TEST,2025,447,776,41,5,0,28.8,44.7,93.52,80.46000000000001,33.64,22.35,17.783505154639176,0.494,373.19634703196346
Mominul Haque,TEST,2026,91,200,10,0,0,22.75,91.0,29.1,81.89999999999999,6.825,45.5,15.0,0.46375,261.78839320963283
Muhamad Syahadat,T20,2026,118,123,6,3,1,95.93,23.6,50.37200000000001,30.680000000000003,43.778999999999996,26.8,21.95121951219512,0.82965,118.0
Muhamad Syahadat,T20,25-Nov-25,0,0,0,0,0,0.0,0.0,0.0,0.0,0.0,0.0,0.0,0.35,48.588235294117645
Muhammad Abbas,ODI,2026,58,100,2,0,0,58.0,19.33,27.200000000000003,21.264,17.4,9.665,6.0,0.64,58.0
Muhammad Amir,T20,13-Dec-25,0,0,0,0,0,0.0,0.0,0.0,0.0,0.0,0.0,0.0,0.35,0.0
Muhammad Arfan,T20,2026,197,0,0,0,0,21.0,24.62,8.4,39.396,6.3,12.31,0.0,0.455,197.0
Muhammad Asim,T20,2025,580,463,59,29,2,83.49666666666667,28.2,100.0,80.56,100.0,44.1,57.01943844492441,0.7674833333333333,580.0
Muhammad Asim,T20,2026,151,95,10,7,3,158.94,151.0,83.576,100.0,82.68199999999999,100.0,53.68421052631579,0.8553000000000001,327.64705882352945
Muhammad Haziq Aiman,T20,2025,282,158,26,20,0,89.24,25.63,87.696,48.704,100.0,12.815,87.34177215189874,0.7962,282.0
Muhammad Haziq Aiman,T20,2026,0,0,0,0,0,0.0,0.0,0.0,0.0,0.0,0.0,0.0,0.35,116.11764705882352
Muhammad Hurraira,TEST,2025,0,0,0,0,0,0.0,0.0,0.0,0.0,0.0,0.0,0.0,0.35,0.0
Muhammad Jawadullah,ODI,2026,35,0,0,0,0,48.0,35.0,19.200000000000003,31.5,14.399999999999999,17.5,0.0,0.59,35.0
Muhammad Jawadullah,T20,02-Jan-24,0,0,0,0,0,0.0,0.0,0.0,0.0,0.0,0.0,0.0,0.35,0.0
Muhammad Jawadullah,T20,2024,451,0,0,0,0,13.62,16.7,5.448,58.46,4.085999999999999,8.35,0.0,0.4181,265.29411764705884
Muhammad Moiz,T20,2025,0,0,0,0,0,0.0,0.0,0.0,0.0,0.0,0.0,0.0,0.35,0.0
Muhammad Muneeb,T20,2024,341,275,33,14,1,124.0,24.35,100.0,53.580000000000005,100.0,27.175,51.272727272727266,0.95,341.0
Muhammad Nadir,T20,2024,489,0,0,0,0,19.5,17.46,7.800000000000001,62.868,5.85,8.73,0.0,0.4475,489.0
Muhammad Nadir,T20,2025,374,0,0,0,0,19.04,17.0,7.616,51.0,5.712,8.5,0.0,0.4452,421.35294117647055
Muhammad Naeem,T20,2025,0,0,0,0,0,0.0,0.0,0.0,0.0,0.0,0.0,0.0,0.35,0.0
Muhammad Qasim,T20,2026,121,80,10,6,0,151.25,60.5,80.5,60.50000000000001,75.375,30.25,60.0,0.89375,121.0
Muhammad Rohid,T20,2025,415,0,0,0,0,16.94,21.84,6.776000000000001,58.972,5.082,10.92,0.0,0.4347,415.0
Muhammad Salman,T20,2026,293,0,0,0,0,19.84,22.53,7.936,47.324,5.952,11.265,0.0,0.44920000000000004,293.0
Muhammad Saqlain,T20,2025,313,0,0,0,0,12.72,17.38,5.088000000000001,45.204,3.816,8.69,0.0,0.41359999999999997,313.0
Muhammad Shahdad,ODI,01-May-26,0,0,0,0,0,0.0,0.0,0.0,0.0,0.0,0.0,0.0,0.35,0.0
Muhammad Shahdad,ODI,2025,131,220,9,3,0,59.54,43.66,41.816,48.028,32.861999999999995,21.83,16.363636363636363,0.6476999999999999,77.05882352941177
Muhammad Shahdad,ODI,2026,310,163,10,8,0,45.696666666666665,41.5,38.278666666666666,64.2,53.709,20.75,33.12883435582822,0.5784833333333332,183.42465753424656
Muhammad Tanveer,T20,2024,632,454,50,32,4,69.6,45.14,100.0,99.31200000000001,100.0,82.57,54.18502202643172,0.698,632.0
Muhammad Umar,T20,2024,0,0,0,0,0,0.0,0.0,0.0,0.0,0.0,0.0,0.0,0.35,0.0
Muhammad Usman,T20,2025,279,169,11,25,2,165.08,27.9,88.03200000000001,50.22,100.0,43.95,63.905325443786985,0.8245999999999999,279.0
Muhammad Waseem,ODI,03-May-26,0,0,0,0,0,0.0,0.0,0.0,0.0,0.0,0.0,0.0,0.35,0.0
Muhammad Waseem,ODI,2024,201,305,18,6,0,65.9,18.27,62.36,34.716,49.769999999999996,9.135,23.60655737704918,0.6795,118.23529411764706
Muhammad Waseem,ODI,2025,300,347,15,13,0,43.225,33.33,47.290000000000006,56.664,77.9675,16.665,24.207492795389047,0.566125,201.23287671232876
Muhammad Waseem,ODI,2026,47,68,3,2,0,34.555,11.75,19.822000000000003,14.100000000000001,20.366500000000002,5.875,22.058823529411764,0.522775,140.3434662455586
Muhammad Waseem,ODI,27-Apr-26,0,0,0,0,0,0.0,0.0,0.0,0.0,0.0,0.0,0.0,0.35,89.7345930547041
Muhammad Waseem,T20,2024,909,568,65,55,3,80.015,39.52,100.0,100.0,100.0,64.76,63.38028169014084,0.7500749999999999,909.0
Muhammad Waseem,T20,2025,669,481,71,29,0,69.54,30.4,100.0,91.22,100.0,15.2,62.37006237006237,0.6977000000000001,767.8235294117648
Muhammad Waseem,T20,2026,187,135,17,9,1,69.255,26.71,61.702,40.068,65.7765,28.355,57.77777777777778,0.696275,502.6073059360731
Muhammad Zohaib,T20,2025,289,278,28,7,1,103.95,20.64,97.58000000000001,45.412,66.185,25.32,37.76978417266187,0.8697499999999999,289.0
Muhammed Imran,ODI,2026,153,9,0,0,1,18.91,15.1,7.564,27.380000000000003,5.673,22.55,0.0,0.44455,153.0
Mujeeb Ur Rahman,T20,2026,187,0,0,0,0,14.72,17.0,5.888000000000001,32.3,4.416,8.5,0.0,0.4236,187.0
Mujeeb-ur-Rehman,T20,2025,332,0,0,0,0,18.37,20.75,7.348000000000001,49.800000000000004,5.511,10.375,0.0,0.44185,332.0
Mujibur Ali,ODI,04-Apr-26,0,0,0,0,0,0.0,0.0,0.0,0.0,0.0,0.0,0.0,0.35,0.0
Mujibur Ali,ODI,10-Apr-26,0,0,0,0,0,0.0,0.0,0.0,0.0,0.0,0.0,0.0,0.35,0.0
Mujibur Ali,ODI,2026,86,103,11,0,0,41.745,21.5,38.698,25.799999999999997,12.523499999999999,10.75,32.03883495145631,0.558725,39.269406392694066
Mukesh Kumar,TEST,2024,126,0,0,0,0,29.2,25.2,11.68,32.76,8.76,12.6,0.0,0.496,126.0
Musaddiq Ahmed,T20,2025,275,156,36,15,0,176.28,45.83,100.0,64.164,100.0,22.915,98.07692307692308,0.7686,275.0
Musaddiq Ahmed,T20,2026,277,117,19,26,0,236.75,55.4,100.0,72.02,100.0,27.7,100.0,0.46625,276.1764705882353
Mushfiqur Rahim,ODI,06-Nov-24,0,0,0,0,0,0.0,0.0,0.0,0.0,0.0,0.0,0.0,0.35,0.0
Mushfiqur Rahim,ODI,13-Mar-24,0,0,0,0,0,0.0,0.0,0.0,0.0,0.0,0.0,0.0,0.35,0.0
Mushfiqur Rahim,ODI,15-Mar-24,0,0,0,0,0,0.0,0.0,0.0,0.0,0.0,0.0,0.0,0.35,0.0
Mushfiqur Rahim,ODI,18-Mar-24,0,0,0,0,0,0.0,0.0,0.0,0.0,0.0,0.0,0.0,0.35,0.0
Mushfiqur Rahim,ODI,2024,136,151,14,1,2,45.03,68.0,46.012,68.0,18.509,64.0,29.801324503311257,0.57515,49.042587717716636
Mushfiqur Rahim,ODI,2025,0,0,0,0,0,0.0,0.0,0.0,0.0,0.0,0.0,0.0,0.35,32.368071209756664
Mushfiqur Rahim,ODI,24-Feb-25,0,0,0,0,0,0.0,0.0,0.0,0.0,0.0,0.0,0.0,0.35,21.78618610646789
Mushfiqur Rahim,TEST,08-May-26,0,0,0,0,0,0.0,0.0,0.0,0.0,0.0,0.0,0.0,0.35,0.0
Mushfiqur Rahim,TEST,2024,331,584,40,2,1,56.67,33.1,100.0,59.580000000000005,27.001,31.55,21.575342465753423,0.63335,194.7058823529412
Mushfiqur Rahim,TEST,2025,503,1024,34,2,1,49.12,55.88,87.648,95.004,24.735999999999997,42.94,10.546875,0.5956,335.47945205479454
Mushfiqur Rahim,TEST,2026,71,179,8,0,0,19.83,71.0,23.932,63.900000000000006,5.948999999999999,35.5,13.40782122905028,0.44915,231.06592972759572
Mustafizur Rahman,ODI,13-Mar-26,0,0,0,0,0,0.0,0.0,0.0,0.0,0.0,0.0,0.0,0.35,0.0
Mustafizur Rahman,ODI,2024,184,0,1,0,0,21.6,18.4,10.64,33.12,6.48,9.2,100.0,0.45799999999999996,108.23529411764706
Mustafizur Rahman,ODI,2026,175,12,0,0,1,25.97666666666667,16.8,10.390666666666668,30.94,7.793000000000001,23.4,0.0,0.4798833333333334,138.7214611872146
Mustafizur Rahman,T20,2024,516,0,0,0,0,15.11,19.11,6.0440000000000005,66.888,4.5329999999999995,9.555,0.0,0.42555,516.0
Mustafizur Rahman,T20,2025,459,0,0,0,0,17.38,17.65,6.952,60.019999999999996,5.2139999999999995,8.825,0.0,0.43689999999999996,482.47058823529414
N Brand,TEST,04-Feb-24,0,0,0,0,0,0.0,0.0,0.0,0.0,0.0,0.0,0.0,0.35,0.0
N Brand,TEST,2024,237,129,11,0,0,26.80333333333333,21.37,32.721333333333334,40.796,8.040999999999999,10.685,25.58139534883721,0.48401666666666665,139.41176470588235
N Burger,ODI,2025,446,0,0,0,0,25.93,27.87,10.372,66.896,7.779,13.935,0.0,0.47965,446.0
N Burger,TEST,2024,154,0,0,0,0,31.71,22.0,12.684000000000001,33.0,9.513,11.0,0.0,0.5085500000000001,154.0
N Chejay,T20,2026,0,0,0,0,0,0.0,0.0,0.0,0.0,0.0,0.0,0.0,0.35,0.0
N Mugabe,T20,2024,373,339,34,13,2,110.02,24.86,100.0,57.188,98.006,42.43,41.59292035398231,0.9000999999999999,373.0
N Nuntarach,T20,2024,0,0,0,0,0,0.0,0.0,0.0,0.0,0.0,0.0,0.0,0.35,0.0
N Peter,ODI,06-Nov-25,0,0,0,0,0,0.0,0.0,0.0,0.0,0.0,0.0,0.0,0.35,0.0
N Peter,ODI,2025,0,0,0,0,0,0.0,0.0,0.0,0.0,0.0,0.0,0.0,0.35,0.0
N Pooran,T20,09-Feb-24,0,0,0,0,0,0.0,0.0,0.0,0.0,0.0,0.0,0.0,0.35,0.0
N Pooran,T20,2024,464,326,25,39,2,71.165,25.77,78.46600000000001,67.01599999999999,100.0,42.885,58.895705521472394,0.7058250000000001,272.94117647058823
N Senamontree,T20,2024,457,0,0,0,0,18.06,15.75,7.224,58.300000000000004,5.417999999999999,7.875,0.0,0.4403,457.0
N Senamontree,T20,2025,294,0,0,0,0,13.5,12.25,5.4,39.2,4.05,6.125,0.0,0.4175,361.11764705882354
N Senamontree,T20,2026,69,0,0,0,0,11.25,8.62,4.5,13.796,3.375,4.31,0.0,0.40625,227.73059360730593
N Tanner,T20,2025,279,0,0,0,0,12.55,15.5,5.0200000000000005,40.3,3.765,7.75,0.0,0.41275,279.0
N Thushara,T20,2024,296,0,0,0,0,12.84,15.57,5.136,42.056000000000004,3.852,7.785,0.0,0.4142,296.0
N Wagner,TEST,13-Feb-24,0,0,0,0,0,0.0,0.0,0.0,0.0,0.0,0.0,0.0,0.35,0.0
N Wagner,TEST,2024,0,0,0,0,0,0.0,0.0,0.0,0.0,0.0,0.0,0.0,0.35,0.0
NA McSweeney,TEST,2024,72,212,11,0,1,16.98,14.4,28.792,18.720000000000002,5.094,22.2,15.566037735849058,0.4349,72.0
NF Kelly,ODI,2026,149,205,21,1,0,36.34,49.66,56.536,54.628,15.902000000000001,24.83,32.19512195121951,0.5317000000000001,149.0
NG Smith,ODI,11-Jan-25,0,0,0,0,0,0.0,0.0,0.0,0.0,0.0,0.0,0.0,0.35,0.0
NG Smith,ODI,2025,498,0,0,0,0,13.44,29.29,5.376,73.232,4.032,14.645,0.0,0.4172,292.94117647058823
NG Smith,ODI,2026,182,49,2,0,2,40.64,41.0,20.256,51.0,12.192,50.5,12.244897959183673,0.5532,242.28310502283102
NG Smith,TEST,2024,419,120,7,3,0,57.9,48.42,37.16,80.636,32.37,24.21,25.0,0.6395000000000001,419.0
NG Smith,TEST,2025,59,0,0,0,0,58.0,19.66,23.200000000000003,21.628,17.4,9.83,0.0,0.64,207.23529411764704
NGRP Jayasuriya,TEST,2024,1702,430,17,0,1,47.945,32.2,53.178,100.0,14.3835,31.1,11.86046511627907,0.5897249999999999,1702.0
NGRP Jayasuriya,TEST,2025,702,0,0,0,0,84.0,46.8,33.6,100.0,25.2,23.4,0.0,0.77,1113.764705882353
NK Aneesh Kumar,T20,07-Jul-24,0,0,0,0,0,0.0,0.0,0.0,0.0,0.0,0.0,0.0,0.35,0.0
NK Yadav,ODI,2026,91,5,0,0,0,31.0,29.66,12.4,32.828,9.299999999999999,14.83,0.0,0.505,91.0
NM Lyon,TEST,2024,937,295,21,1,1,37.60333333333333,22.69,57.041333333333334,100.0,16.281,26.345,22.372881355932204,0.5380166666666666,937.0
NM Lyon,TEST,2025,799,191,5,0,4,40.650000000000006,25.31,26.26,100.0,12.195000000000002,72.655,7.853403141361256,0.55325,855.8235294117648
NP Kenjige,ODI,2024,438,0,1,0,0,15.15,21.9,8.06,61.31999999999999,4.545,10.95,100.0,0.42575,438.0
NP Kenjige,ODI,2025,330,0,0,0,0,22.225,30.0,8.89,57.0,6.6675,15.0,0.0,0.46112499999999995,374.4705882352941
NP Kenjige,ODI,25-May-25,0,0,0,0,0,0.0,0.0,0.0,0.0,0.0,0.0,0.0,0.35,203.4794520547945
NP Kenjige,T20,2024,495,0,0,0,0,19.78,26.05,7.912000000000001,70.34,5.934,13.025,0.0,0.4489,495.0
NP Mayavo,TEST,06-Feb-25,0,0,0,0,0,0.0,0.0,0.0,0.0,0.0,0.0,0.0,0.35,0.0
NP Mayavo,TEST,20-Apr-25,0,0,0,0,0,0.0,0.0,0.0,0.0,0.0,0.0,0.0,0.35,0.0
NP Mayavo,TEST,2025,62,111,9,1,0,27.925,15.5,29.17,18.6,13.3775,7.75,27.027027027027025,0.489625,28.310502283105023
NR Kirton,ODI,17-Aug-24,0,0,0,0,0,0.0,0.0,0.0,0.0,0.0,0.0,0.0,0.35,0.0
NR Kirton,ODI,2024,398,500,29,11,3,39.8,36.18,73.92,68.744,66.94,63.09,24.0,0.5489999999999999,234.11764705882354
NR Kirton,ODI,2025,129,174,10,3,0,74.13,18.42,49.652,27.636000000000003,37.239,9.21,22.413793103448278,0.72065,186.11872146118722
NR Kirton,T20,13-Feb-26,0,0,0,0,0,0.0,0.0,0.0,0.0,0.0,0.0,0.0,0.35,0.0
NR Kirton,T20,2024,391,322,28,13,1,121.42,27.92,100.0,61.43600000000001,100.0,28.96,38.19875776397515,0.95,230.0
NR Kirton,T20,2026,0,0,0,0,0,0.0,0.0,0.0,0.0,0.0,0.0,0.0,0.35,124.97716894977168
NR Kumar,T20,2024,277,231,17,12,2,59.955,19.78,57.982,43.524,77.9865,39.89,37.66233766233766,0.6497749999999999,277.0
NR Welch,TEST,20-Oct-25,0,0,0,0,0,0.0,0.0,0.0,0.0,0.0,0.0,0.0,0.35,0.0
NR Welch,TEST,2025,368,806,37,6,1,22.825,26.28,83.13,57.824,36.8475,28.14,16.004962779156326,0.464125,216.47058823529412
NR Welch,TEST,28-Apr-25,0,0,0,0,0,0.0,0.0,0.0,0.0,0.0,0.0,0.0,0.35,117.6255707762557
NRJ Croes,ODI,10-May-25,0,0,0,0,0,0.0,0.0,0.0,0.0,0.0,0.0,0.0,0.35,0.0
NRJ Croes,ODI,19-Feb-24,0,0,0,0,0,0.0,0.0,0.0,0.0,0.0,0.0,0.0,0.35,0.0
NRJ Croes,ODI,2024,200,294,14,1,1,34.01,22.22,41.604,37.775999999999996,15.203,26.11,15.306122448979592,0.5200499999999999,91.32420091324201
NRJ Croes,ODI,2025,183,189,23,1,1,32.27333333333333,26.14,58.909333333333336,39.212,14.682,28.07,38.095238095238095,0.5113666666666667,127.51677852348993
NRJ Croes,T20,18-Jun-25,0,0,0,0,0,0.0,0.0,0.0,0.0,0.0,0.0,0.0,0.35,0.0
NRJ Croes,T20,2025,0,0,0,0,0,0.0,0.0,0.0,0.0,0.0,0.0,0.0,0.35,0.0
NS Dhaliwal,ODI,2024,295,515,28,5,0,28.64,26.81,67.456,50.948,33.592,13.405,19.223300970873787,0.4932,295.0
NS Dhaliwal,ODI,2025,161,284,13,4,0,56.69,26.83,48.676,37.564,37.007,13.415,17.95774647887324,0.63345,216.1764705882353
NS Dhaliwal,ODI,22-Sep-24,0,0,0,0,0,0.0,0.0,0.0,0.0,0.0,0.0,0.0,0.35,117.46575342465754
NT Ellis,ODI,2025,397,0,0,0,0,56.62,49.62,22.648,79.396,16.985999999999997,24.81,0.0,0.6331,397.0
NT Ellis,ODI,22-Feb-25,0,0,0,0,0,0.0,0.0,0.0,0.0,0.0,0.0,0.0,0.35,163.47058823529412
NT Ellis,T20,2025,345,0,0,0,0,14.0,19.16,5.6000000000000005,49.828,4.2,9.58,0.0,0.42,345.0
NT Nyamhuri,TEST,02-Jan-25,0,0,0,0,0,0.0,0.0,0.0,0.0,0.0,0.0,0.0,0.35,0.0
NT Nyamhuri,TEST,2025,237,0,0,0,0,69.6,47.4,27.84,61.620000000000005,20.88,23.7,0.0,0.698,139.41176470588235
NT Tilak Varma,T20,07-Feb-26,0,0,0,0,0,0.0,0.0,0.0,0.0,0.0,0.0,0.0,0.35,0.0
NT Tilak Varma,T20,2024,306,163,23,21,2,187.73,102.0,100.0,100.0,100.0,81.0,80.98159509202453,0.71135,180.0
NT Tilak Varma,T20,2025,567,439,41,25,6,64.575,47.25,100.0,94.5,100.0,100.0,45.102505694760815,0.6728749999999999,356.7123287671233
NT Tilak Varma,T20,2026,207,134,18,11,2,77.235,29.57,66.894,44.356,78.1705,44.785,64.92537313432835,0.736175,297.6075799447296
NT Tilak Varma,T20,25-Jan-25,0,0,0,0,0,0.0,0.0,0.0,0.0,0.0,0.0,0.0,0.35,190.2881252028416
Nadeem Khan,ODI,2026,155,20,2,1,0,35.583333333333336,17.25,18.233333333333334,29.3,15.675,8.625,45.0,0.5279166666666667,155.0
Nahid Rana,ODI,2026,282,6,0,0,2,35.685,17.43,14.274000000000001,42.144,10.7055,38.715,0.0,0.528425,282.0
Nahid Rana,T20,19-May-25,0,0,0,0,0,0.0,0.0,0.0,0.0,0.0,0.0,0.0,0.35,0.0
Nahid Rana,TEST,08-May-26,0,0,0,0,0,0.0,0.0,0.0,0.0,0.0,0.0,0.0,0.35,0.0
Nahid Rana,TEST,2024,731,0,0,0,0,48.0,36.55,19.200000000000003,100.0,14.399999999999999,18.275,0.0,0.59,430.0
Nahid Rana,TEST,2025,394,0,0,0,0,72.0,56.28,28.8,84.424,21.599999999999998,28.14,0.0,0.71,413.56164383561645
Nahid Rana,TEST,2026,108,23,0,0,1,47.79666666666666,104.0,19.118666666666666,94.0,14.338999999999997,67.0,0.0,0.5889833333333333,292.9293328069483
Najmul Hossain Shanto,ODI,11-Mar-26,0,0,0,0,0,0.0,0.0,0.0,0.0,0.0,0.0,0.0,0.35,0.0
Najmul Hossain Shanto,ODI,15-Mar-26,0,0,0,0,0,0.0,0.0,0.0,0.0,0.0,0.0,0.0,0.35,0.0
Najmul Hossain Shanto,ODI,2024,286,360,29,5,1,79.44,71.5,89.776,85.80000000000001,48.831999999999994,50.75,28.333333333333332,0.7472,130.59360730593608
Najmul Hossain Shanto,ODI,2025,217,329,19,3,0,32.975,19.72,51.19,37.476,24.8925,9.86,20.06079027355623,0.514875,164.7058823529412
Najmul Hossain Shanto,ODI,2026,209,260,22,4,1,40.19,41.8,60.076,54.339999999999996,32.057,35.9,30.0,0.5509499999999999,180.67866286827018
Najmul Hossain Shanto,T20,2024,358,349,27,12,1,51.285,18.84,74.514,50.872,75.3855,24.42,33.5243553008596,0.606425,358.0
Najmul Hossain Shanto,TEST,08-May-26,0,0,0,0,0,0.0,0.0,0.0,0.0,0.0,0.0,0.0,0.35,0.0
Najmul Hossain Shanto,TEST,11-Nov-25,0,0,0,0,0,0.0,0.0,0.0,0.0,0.0,0.0,0.0,0.35,0.0
Najmul Hossain Shanto,TEST,19-Sep-24,0,0,0,0,0,0.0,0.0,0.0,0.0,0.0,0.0,0.0,0.35,0.0
Najmul Hossain Shanto,TEST,20-Apr-25,0,0,0,0,0,0.0,0.0,0.0,0.0,0.0,0.0,0.0,0.35,0.0
Najmul Hossain Shanto,TEST,2024,317,590,39,5,0,26.86,21.13,88.744,48.604,33.058,10.565,22.372881355932204,0.4843,114.3125022537954
Najmul Hossain Shanto,TEST,2025,532,915,55,7,1,29.07,59.11,100.0,100.0,43.721000000000004,44.555,20.327868852459016,0.49534999999999996,256.3265639184406
Najmul Hossain Shanto,TEST,2026,101,130,12,2,0,38.845,101.0,39.538,90.9,21.6535,50.5,32.30769230769231,0.544225,205.5466505210017
Najmul Hossain Shanto,TEST,30-Aug-24,0,0,0,0,0,0.0,0.0,0.0,0.0,0.0,0.0,0.0,0.35,140.11038486797273
Nangeyalia Kharote,ODI,2024,182,0,2,0,0,26.9,16.54,14.76,31.432,8.069999999999999,8.27,100.0,0.48450000000000004,182.0
Naseem Khushi,T20,2024,315,166,27,24,0,189.75,26.25,100.0,52.5,100.0,13.125,92.16867469879517,0.70125,315.0
Naseem Shah,ODI,2024,298,0,0,0,0,29.7,29.8,11.88,53.64,8.91,14.9,0.0,0.4985,298.0
Naseem Shah,ODI,2025,853,152,7,8,2,65.41,39.66,40.164,100.0,59.623,49.83,29.605263157894736,0.6770499999999999,624.470588235294
Naseem Shah,TEST,2024,383,0,0,0,0,61.66,42.55,24.664,72.34,18.497999999999998,21.275,0.0,0.6583,383.0
Natim Hassam,T20,08-Apr-26,0,0,0,0,0,0.0,0.0,0.0,0.0,0.0,0.0,0.0,0.35,0.0
Natim Hassam,T20,2026,0,0,0,0,0,0.0,0.0,0.0,0.0,0.0,0.0,0.0,0.35,0.0
Naveed Zadran,TEST,2024,330,0,0,0,0,44.9,30.0,17.96,57.0,13.469999999999999,15.0,0.0,0.5745,330.0
Naveen-ul-Haq,T20,2024,491,0,0,0,0,12.43,15.34,4.972,61.372,3.7289999999999996,7.67,0.0,0.41215,491.0
Nawazish Akhtar,T20,2025,0,0,0,0,0,0.0,0.0,0.0,0.0,0.0,0.0,0.0,0.35,0.0
Nawazish Akhtar,T20,29-Apr-25,0,0,0,0,0,0.0,0.0,0.0,0.0,0.0,0.0,0.0,0.35,0.0
Nawazish Akhtar,T20,30-Apr-25,0,0,0,0,0,0.0,0.0,0.0,0.0,0.0,0.0,0.0,0.35,0.0
Nayeem Hasan,TEST,2025,364,135,3,0,1,44.215,26.08,23.686000000000003,57.263999999999996,13.2645,28.04,6.666666666666667,0.571075,364.0
Nazmus Sakib,T20,13-Apr-24,0,0,0,0,0,0.0,0.0,0.0,0.0,0.0,0.0,0.0,0.35,0.0
Nazmus Sakib,T20,2024,0,0,0,0,0,0.0,0.0,0.0,0.0,0.0,0.0,0.0,0.35,0.0
Nijat Masood,TEST,2024,146,0,0,0,0,61.5,36.5,24.6,43.800000000000004,18.45,18.25,0.0,0.6575,146.0
Nilansh Keswani,ODI,2026,75,34,1,0,0,35.64666666666667,57.0,16.25866666666667,53.1,10.694,28.5,8.823529411764707,0.5282333333333333,75.0
Nizakat Khan,T20,07-Sep-24,0,0,0,0,0,0.0,0.0,0.0,0.0,0.0,0.0,0.0,0.35,0.0
Nizakat Khan,T20,09-Sep-25,0,0,0,0,0,0.0,0.0,0.0,0.0,0.0,0.0,0.0,0.35,0.0
Nizakat Khan,T20,2024,784,589,51,35,5,66.55,35.63,100.0,100.0,100.0,92.815,43.803056027164686,0.6827500000000001,357.9908675799087
Nizakat Khan,T20,2025,333,313,23,12,3,53.19,18.5,67.276,48.099999999999994,75.957,54.25,33.546325878594246,0.61595,348.1247532570075
Nizakat Khan,T20,2026,0,0,0,0,0,0.0,0.0,0.0,0.0,0.0,0.0,0.0,0.35,222.58843893116008
Noman Ali,TEST,08-May-26,0,0,0,0,0,0.0,0.0,0.0,0.0,0.0,0.0,0.0,0.35,0.0
Noman Ali,TEST,2024,355,148,7,1,0,39.975,26.0,29.990000000000002,56.3,16.9925,13.0,16.216216216216218,0.549875,208.82352941176472
Noman Ali,TEST,2025,525,0,0,0,0,30.83,17.5,12.332,66.5,9.248999999999999,8.75,0.0,0.50415,353.19634703196346
Noman Ali,TEST,2026,82,29,0,0,0,42.29666666666667,80.0,16.918666666666667,72.2,12.689,40.0,0.0,0.5614833333333333,246.13106987761546
Noor Ali Zadran,TEST,2024,117,281,14,0,0,41.63,29.25,44.652,35.1,12.489,14.625,14.94661921708185,0.5581499999999999,117.0
Nurul Hasan,ODI,18-Oct-25,0,0,0,0,0,0.0,0.0,0.0,0.0,0.0,0.0,0.0,0.35,0.0
Nurul Hasan,ODI,2025,0,0,0,0,0,0.0,0.0,0.0,0.0,0.0,0.0,0.0,0.35,0.0
O Davidson,ODI,06-Apr-26,0,0,0,0,0,0.0,0.0,0.0,0.0,0.0,0.0,0.0,0.35,0.0
O Davidson,ODI,2026,56,0,0,0,0,16.5,28.0,6.6000000000000005,28.0,4.95,14.0,0.0,0.4325,32.94117647058824
O Harvey,T20,2024,119,0,0,0,0,7.83,6.61,3.132,17.188000000000002,2.3489999999999998,3.305,0.0,0.38915,119.0
O Manishimwe,T20,07-Dec-25,0,0,0,0,0,0.0,0.0,0.0,0.0,0.0,0.0,0.0,0.35,0.0
O Manishimwe,T20,2024,723,658,82,18,3,109.87,34.42,100.0,99.836,100.0,62.21,45.59270516717325,0.89935,425.29411764705884
O Manishimwe,T20,2025,0,0,0,0,0,0.0,0.0,0.0,0.0,0.0,0.0,0.0,0.35,231.09589041095893
O Shields,TEST,2025,176,0,0,0,0,50.4,35.2,20.16,45.760000000000005,15.12,17.6,0.0,0.602,176.0
OE Olaleye,T20,2024,298,285,22,8,3,104.56,22.92,85.82400000000001,48.136,71.368,56.46,31.57894736842105,0.8728,298.0
OEG Baartman,ODI,02-Oct-24,0,0,0,0,0,0.0,0.0,0.0,0.0,0.0,0.0,0.0,0.35,0.0
OEG Baartman,ODI,2024,101,0,0,0,0,25.0,16.83,10.0,23.564,7.5,8.415,0.0,0.475,59.411764705882355
OGT Gould,T20,2026,0,0,0,0,0,0.0,0.0,0.0,0.0,0.0,0.0,0.0,0.35,0.0
OJ Pope,TEST,06-Dec-24,0,0,0,0,0,0.0,0.0,0.0,0.0,0.0,0.0,0.0,0.35,0.0
OJ Pope,TEST,10-Jul-24,0,0,0,0,0,0.0,0.0,0.0,0.0,0.0,0.0,0.0,0.35,0.0
OJ Pope,TEST,14-Dec-24,0,0,0,0,0,0.0,0.0,0.0,0.0,0.0,0.0,0.0,0.35,0.0
OJ Pope,TEST,15-Oct-24,0,0,0,0,0,0.0,0.0,0.0,0.0,0.0,0.0,0.0,0.35,0.0
OJ Pope,TEST,2024,994,1443,120,5,0,22.959999999999997,33.13,100.0,100.0,31.887999999999998,16.565,25.987525987525988,0.4648,358.4436190544878
OJ Pope,TEST,2025,602,878,76,2,0,34.28,37.62,100.0,90.296,20.284,18.81,26.65148063781321,0.5214,441.2529707565357
OJ Pope,TEST,22-May-25,0,0,0,0,0,0.0,0.0,0.0,0.0,0.0,0.0,0.0,0.35,296.9969782455255
OJ Pope,TEST,23-Feb-24,0,0,0,0,0,0.0,0.0,0.0,0.0,0.0,0.0,0.0,0.35,202.44728299454218
OJ Pope,TEST,25-Jan-24,0,0,0,0,0,0.0,0.0,0.0,0.0,0.0,0.0,0.0,0.35,139.15919548503945
OJ Pope,TEST,28-Nov-24,0,0,0,0,0,0.0,0.0,0.0,0.0,0.0,0.0,0.0,0.35,96.19788618534798
OP Stone,ODI,21-Sep-24,0,0,0,0,0,0.0,0.0,0.0,0.0,0.0,0.0,0.0,0.35,0.0
OP Stone,TEST,2024,206,0,0,0,0,36.0,29.42,14.4,44.136,10.799999999999999,14.71,0.0,0.53,206.0
Omid Mailk Khel,T20,2024,0,0,0,0,0,0.0,0.0,0.0,0.0,0.0,0.0,0.0,0.35,0.0
P Baron,T20,14-Mar-26,0,0,0,0,0,0.0,0.0,0.0,0.0,0.0,0.0,0.0,0.35,0.0
P Baron,T20,2026,275,201,32,5,0,68.405,45.83,91.362,64.164,45.5215,22.915,55.223880597014926,0.692025,161.76470588235296
P Kurup,T20,07-Mar-26,0,0,0,0,0,0.0,0.0,0.0,0.0,0.0,0.0,0.0,0.35,0.0
P Kurup,T20,09-Dec-25,0,0,0,0,0,0.0,0.0,0.0,0.0,0.0,0.0,0.0,0.35,0.0
P Kurup,T20,14-Dec-24,0,0,0,0,0,0.0,0.0,0.0,0.0,0.0,0.0,0.0,0.35,0.0
P Kurup,T20,14-Feb-26,0,0,0,0,0,0.0,0.0,0.0,0.0,0.0,0.0,0.0,0.35,0.0
P Kurup,T20,17-Mar-25,0,0,0,0,0,0.0,0.0,0.0,0.0,0.0,0.0,0.0,0.35,0.0
P Kurup,T20,2024,0,0,0,0,0,0.0,0.0,0.0,0.0,0.0,0.0,0.0,0.35,0.0
P Kurup,T20,2025,1037,906,114,27,5,57.225,31.42,100.0,100.0,100.0,90.71000000000001,46.6887417218543,0.6361249999999999,339.01973277921974
P Kurup,T20,2026,258,272,27,4,0,47.425,21.5,72.97,43.0,34.2275,10.75,34.19117647058823,0.587125,313.2269079200438
P Kurup,T20,28-Feb-25,0,0,0,0,0,0.0,0.0,0.0,0.0,0.0,0.0,0.0,0.35,215.30743147387622
P Kurup,T20,28-Feb-26,0,0,0,0,0,0.0,0.0,0.0,0.0,0.0,0.0,0.0,0.35,148.8375936321811
P Nissanka,ODI,09-Feb-24,0,0,0,0,0,0.0,0.0,0.0,0.0,0.0,0.0,0.0,0.35,0.0
P Nissanka,ODI,2024,694,652,86,17,1,53.22,63.09,100.0,100.0,100.0,46.545,47.392638036809814,0.6161,408.2352941176471
P Nissanka,ODI,2025,401,479,52,6,0,83.71,30.84,100.0,64.772,55.113,15.42,36.32567849686848,0.7685499999999998,404.93150684931504
P Nissanka,ODI,2026,97,92,9,4,0,105.43,32.33,60.172000000000004,35.564,51.629000000000005,16.165,42.391304347826086,0.87715,283.3636004737465
P Nissanka,T20,02-Jan-25,0,0,0,0,0,0.0,0.0,0.0,0.0,0.0,0.0,0.0,0.35,0.0
P Nissanka,T20,03-Feb-26,0,0,0,0,0,0.0,0.0,0.0,0.0,0.0,0.0,0.0,0.35,0.0
P Nissanka,T20,2024,622,449,79,16,2,138.53,36.58,100.0,91.464,100.0,48.29,63.47438752783964,0.95,284.01826484018267
P Nissanka,T20,2025,625,419,58,24,1,149.16,36.76,100.0,91.908,100.0,33.379999999999995,58.711217183770884,0.9042,418.63403079352554
P Nissanka,T20,2026,303,211,31,12,1,71.8,27.54,90.72,52.332,81.53999999999999,28.77,61.137440758293835,0.7090000000000001,376.93555948216806
P Nissanka,TEST,2024,380,499,50,3,1,38.075,38.0,100.0,68.4,26.4225,34.0,31.863727454909817,0.540375,380.0
P Nissanka,TEST,2025,388,574,50,1,0,67.59,77.6,100.0,100.0,25.277,38.8,26.655052264808365,0.6879500000000001,384.70588235294116
P Nissanka,TEST,26-Sep-24,0,0,0,0,0,0.0,0.0,0.0,0.0,0.0,0.0,0.0,0.35,209.04109589041093
P Nissanka,TEST,29-Aug-24,0,0,0,0,0,0.0,0.0,0.0,0.0,0.0,0.0,0.0,0.35,126.51401500197392
P Pushparajan,T20,2025,270,181,23,14,0,149.17,24.54,100.0,46.632000000000005,100.0,12.27,61.32596685082873,0.90415,270.0
P Pushparajan,T20,2026,217,122,15,14,1,177.86,54.25,100.0,65.10000000000001,100.0,42.125,71.31147540983606,0.7606999999999999,238.82352941176472
P Rathnayake,ODI,2026,162,163,15,1,0,99.38,54.0,69.75200000000001,59.400000000000006,34.81399999999999,27.0,29.447852760736197,0.8469,162.0
P Rathnayake,T20,2026,258,170,27,7,1,151.76,32.25,100.0,51.6,80.52799999999999,31.125,60.0,0.8912,258.0
P Suanchuai,T20,2026,0,0,0,0,0,0.0,0.0,0.0,0.0,0.0,0.0,0.0,0.35,0.0
P Subrayen,TEST,2025,178,0,0,0,0,54.66,29.66,21.864,41.528000000000006,16.398,14.83,0.0,0.6233,178.0
P Zuze,T20,2024,0,0,0,0,0,0.0,0.0,0.0,0.0,0.0,0.0,0.0,0.35,0.0
P Zuze,T20,2025,0,0,0,0,0,0.0,0.0,0.0,0.0,0.0,0.0,0.0,0.35,0.0
PA Raikes,T20,08-May-26,0,0,0,0,0,0.0,0.0,0.0,0.0,0.0,0.0,0.0,0.35,0.0
PA Raikes,T20,2026,181,124,16,9,0,72.98,30.16,61.19200000000001,42.228,66.894,15.08,60.48387096774193,0.7149000000000001,106.47058823529412
PA van Meekeren,ODI,2024,202,0,0,0,0,20.2,13.46,8.08,30.968,6.06,6.73,0.0,0.451,202.0
PA van Meekeren,ODI,2025,487,0,0,0,0,28.42,25.63,11.368000000000002,69.20400000000001,8.526,12.815,0.0,0.4921,369.6470588235294
PD Machhi,ODI,03-May-26,0,0,0,0,0,0.0,0.0,0.0,0.0,0.0,0.0,0.0,0.35,0.0
PD Machhi,ODI,04-Apr-26,0,0,0,0,0,0.0,0.0,0.0,0.0,0.0,0.0,0.0,0.35,0.0
PD Machhi,ODI,2026,11,17,2,0,0,32.35,5.5,16.94,5.5,9.705,2.75,35.294117647058826,0.5117499999999999,5.0228310502283104
PD Salt,ODI,06-Feb-25,0,0,0,0,0,0.0,0.0,0.0,0.0,0.0,0.0,0.0,0.35,0.0
PD Salt,ODI,09-Feb-25,0,0,0,0,0,0.0,0.0,0.0,0.0,0.0,0.0,0.0,0.35,0.0
PD Salt,ODI,12-Feb-25,0,0,0,0,0,0.0,0.0,0.0,0.0,0.0,0.0,0.0,0.35,0.0
PD Salt,ODI,2024,247,296,28,4,0,41.72,30.87,72.688,49.396,32.516,15.435,32.432432432432435,0.5586,97.51283063560996
PD Salt,ODI,2025,0,0,0,0,0,0.0,0.0,0.0,0.0,0.0,0.0,0.0,0.35,62.34899570877358
PD Salt,T20,02-Feb-25,0,0,0,0,0,0.0,0.0,0.0,0.0,0.0,0.0,0.0,0.35,0.0
PD Salt,T20,2024,467,284,44,25,3,164.43,38.91,100.0,77.828,100.0,64.455,72.88732394366197,0.82785,274.70588235294116
PD Salt,T20,2025,434,247,51,17,1,87.85,43.4,100.0,78.12,100.0,36.7,82.5910931174089,0.78925,347.4429223744292
PD Salt,T20,2026,177,119,16,8,0,74.365,17.7,61.745999999999995,31.86,62.3095,8.85,60.50420168067227,0.721825,280.15396762731933
PD Salt,T20,28-Jan-25,0,0,0,0,0,0.0,0.0,0.0,0.0,0.0,0.0,0.0,0.35,179.1284122462226
PHKD Mendis,ODI,11-Jan-25,0,0,0,0,0,0.0,0.0,0.0,0.0,0.0,0.0,0.0,0.35,0.0
PHKD Mendis,ODI,2024,104,104,7,2,4,100.0,52.0,54.0,52.0,40.0,86.0,25.96153846153846,0.85,61.1764705882353
PHKD Mendis,ODI,2025,296,335,25,10,1,44.175,24.66,67.67,49.328,63.2525,27.33,31.34328358208955,0.570875,168.40182648401827
PHKD Mendis,T20,2024,305,249,33,10,1,61.24,20.33,90.49600000000001,46.763999999999996,68.372,25.165,51.807228915662655,0.6562,305.0
PHKD Mendis,T20,2026,131,82,11,6,1,159.75,21.83,85.9,30.564,77.925,25.915,62.19512195121951,0.85125,202.64705882352942
PHKD Mendis,TEST,2024,1049,1582,108,21,2,33.15,74.92,100.0,100.0,100.0,67.46000000000001,24.462705436156764,0.51575,1049.0
PHKD Mendis,TEST,2025,206,344,22,3,1,29.94,34.33,55.976,48.064,23.982,32.165,21.80232558139535,0.4997,553.1176470588235
PHKD Mendis,TEST,25-Jun-25,0,0,0,0,0,0.0,0.0,0.0,0.0,0.0,0.0,0.0,0.35,300.5525114155251
PHKD Mendis,TEST,27-Nov-24,0,0,0,0,0,0.0,0.0,0.0,0.0,0.0,0.0,0.0,0.35,181.8977497039084
PHKD Mendis,TEST,29-Jan-25,0,0,0,0,0,0.0,0.0,0.0,0.0,0.0,0.0,0.0,0.35,116.30410010457611
PJ Cummins,TEST,03-Jan-25,0,0,0,0,0,0.0,0.0,0.0,0.0,0.0,0.0,0.0,0.35,0.0
PJ Cummins,TEST,2024,1195,454,34,6,2,56.050000000000004,24.02,90.42,100.0,46.815,42.01,26.43171806167401,0.6302500000000001,702.9411764705883
PJ Cummins,TEST,2025,553,177,10,4,0,35.43,16.53,34.172,68.524,30.628999999999998,8.265,23.728813559322035,0.52715,634.4748858447489
PJ Moor,TEST,2024,91,146,13,0,0,62.32,22.75,50.928,27.299999999999997,18.695999999999998,11.375,26.712328767123285,0.6616,91.0
PR Stirling,ODI,2024,150,163,13,5,0,92.02,30.0,62.808,39.0,52.605999999999995,15.0,33.12883435582822,0.8100999999999999,150.0
PR Stirling,ODI,2025,210,229,21,8,0,45.85,42.0,60.34,54.6,53.755,21.0,37.99126637554585,0.5792499999999999,185.29411764705884
PR Stirling,ODI,23-May-25,0,0,0,0,0,0.0,0.0,0.0,0.0,0.0,0.0,0.0,0.35,100.68493150684932
PR Stirling,TEST,2024,98,190,13,0,0,51.57,24.5,46.628,29.400000000000002,15.471,12.25,20.526315789473685,0.60785,98.0
PR Stirling,TEST,2025,170,235,23,3,0,36.17,28.33,60.468,39.664,25.851,14.165,33.191489361702125,0.53085,140.35294117647058
PR Stirling,TEST,25-Jul-24,0,0,0,0,0,0.0,0.0,0.0,0.0,0.0,0.0,0.0,0.35,76.2648401826484
PR Surve,T20,2024,382,392,22,9,6,97.44,38.2,82.976,68.76,74.232,100.0,23.72448979591837,0.8371999999999999,382.0
PS Athavale,ODI,18-Jul-24,0,0,0,0,0,0.0,0.0,0.0,0.0,0.0,0.0,0.0,0.35,0.0
PS Athavale,ODI,18-Sep-24,0,0,0,0,0,0.0,0.0,0.0,0.0,0.0,0.0,0.0,0.35,0.0
PS Athavale,ODI,2024,103,169,14,0,0,30.47,14.71,40.188,22.068,9.141,7.355,24.85207100591716,0.50235,47.03196347031964
PS Athavale,ODI,22-Jul-24,0,0,0,0,0,0.0,0.0,0.0,0.0,0.0,0.0,0.0,0.35,28.464271614686147
PS Athavale,ODI,24-Jul-24,0,0,0,0,0,0.0,0.0,0.0,0.0,0.0,0.0,0.0,0.35,18.1998485449497
PS Athavale,T20,08-Mar-24,0,0,0,0,0,0.0,0.0,0.0,0.0,0.0,0.0,0.0,0.35,0.0
PS Athavale,T20,17-Apr-24,0,0,0,0,0,0.0,0.0,0.0,0.0,0.0,0.0,0.0,0.35,0.0
PS Athavale,T20,19-Apr-24,0,0,0,0,0,0.0,0.0,0.0,0.0,0.0,0.0,0.0,0.35,0.0
PS Athavale,T20,2024,0,0,0,0,0,0.0,0.0,0.0,0.0,0.0,0.0,0.0,0.35,0.0
PS Masvaure,TEST,2024,86,184,10,0,0,46.73,43.0,38.692,43.0,14.018999999999998,21.5,16.304347826086957,0.58365,86.0
PSRK Sudarshan,T20,18-Jul-25,0,0,0,0,0,0.0,0.0,0.0,0.0,0.0,0.0,0.0,0.35,0.0
PVD Chameera,ODI,11-Jan-24,0,0,0,0,0,0.0,0.0,0.0,0.0,0.0,0.0,0.0,0.35,0.0
PVD Chameera,ODI,2025,309,0,0,0,0,36.66,34.33,14.664,58.364,10.998,17.165,0.0,0.5333,181.76470588235296
PVD Chameera,T20,2025,404,0,0,0,0,14.9,18.36,5.960000000000001,55.088,4.47,9.18,0.0,0.42450000000000004,404.0
PVD Chameera,T20,2026,258,0,0,0,0,10.87,16.12,4.348,38.696,3.2609999999999997,8.06,0.0,0.40435000000000004,318.11764705882354
PW Hasaranga,ODI,2024,493,86,8,6,0,59.31,17.4,39.724000000000004,63.22,47.793,8.7,48.83720930232558,0.64655,493.0
PW Hasaranga,ODI,2025,561,189,20,3,2,67.315,29.57,66.926,79.756,35.1945,44.785,36.507936507936506,0.6865749999999999,533.0
PW Hasaranga,ODI,2026,85,5,2,0,0,120.0,76.0,52.0,69.30000000000001,36.0,38.0,100.0,0.95,328.4337899543379
PW Hasaranga,T20,2024,543,0,0,0,0,6.025,14.28,2.41,65.72399999999999,1.8075,7.14,0.0,0.38012500000000005,543.0
PW Hasaranga,T20,2025,335,0,0,0,0,16.94,19.7,6.776000000000001,49.26,5.082,9.85,0.0,0.4347,420.6470588235294
PW Hasaranga,T20,2026,157,0,0,0,0,14.25,19.62,5.7,31.396,4.2749999999999995,9.81,0.0,0.42125,300.2602739726027
PWA Mulder,ODI,2024,108,143,9,2,0,75.52,27.0,48.208,32.400000000000006,32.656,13.5,23.076923076923077,0.7275999999999999,108.0
PWA Mulder,ODI,2025,589,151,13,3,2,65.33500000000001,36.75,52.134,88.3,34.6005,48.375,31.788079470198674,0.676675,390.94117647058823
PWA Mulder,TEST,06-Jul-25,0,0,0,0,0,0.0,0.0,0.0,0.0,0.0,0.0,0.0,0.35,0.0
PWA Mulder,TEST,15-Aug-24,0,0,0,0,0,0.0,0.0,0.0,0.0,0.0,0.0,0.0,0.35,0.0
PWA Mulder,TEST,2024,440,463,23,8,3,30.973333333333333,64.5,58.38933333333333,95.6,49.292,77.25,20.086393088552917,0.5048666666666667,200.91324200913243
PWA Mulder,TEST,2025,960,911,87,6,2,46.696666666666665,66.9,100.0,100.0,44.009,63.45,30.625686059275523,0.5834833333333332,500.59218318199765
PWA Mulder,TEST,21-Oct-24,0,0,0,0,0,0.0,0.0,0.0,0.0,0.0,0.0,0.0,0.35,320.0750063106271
PWA Mulder,TEST,28-Jun-25,0,0,0,0,0,0.0,0.0,0.0,0.0,0.0,0.0,0.0,0.35,211.24926474838244
Pargat Singh,ODI,2024,520,650,62,9,1,40.0,43.33,100.0,86.664,57.0,36.665,32.76923076923077,0.55,520.0
Pargat Singh,ODI,2025,228,338,22,4,0,67.45,25.33,70.98,43.064,40.235,12.665,23.076923076923077,0.6872499999999999,348.2352941176471
Parvez Hossain Emon,T20,2025,519,377,43,34,2,68.83,24.71,100.0,71.668,100.0,42.355000000000004,61.273209549071616,0.6941499999999999,519.0
Pavandeep Singh,T20,2024,458,0,0,0,0,20.7,19.08,8.28,61.06399999999999,6.21,9.54,0.0,0.4535,458.0
Pavandeep Singh,T20,2025,443,0,0,0,0,18.27,20.13,7.308,60.403999999999996,5.481,10.065,0.0,0.44134999999999996,449.17647058823525
Pavandeep Singh,T20,2026,50,0,0,0,0,12.0,6.25,4.800000000000001,10.0,3.5999999999999996,3.125,0.0,0.41,266.90410958904107
Pramod Madushan,ODI,18-Mar-24,0,0,0,0,0,0.0,0.0,0.0,0.0,0.0,0.0,0.0,0.35,0.0
Pramod Madushan,ODI,2024,334,0,1,0,0,14.5,33.4,7.800000000000001,60.12,4.35,16.7,100.0,0.4225,196.47058823529412
Pramod Madushan,ODI,2026,66,11,0,0,0,40.480000000000004,19.66,16.192000000000004,22.328000000000003,12.144,9.83,0.0,0.5524,136.89497716894977
Q de Kock,ODI,2025,353,362,30,16,1,48.755,70.6,79.50200000000001,91.78,94.6265,50.3,38.12154696132597,0.5937749999999999,353.0
Q de Kock,ODI,30-Nov-25,0,0,0,0,0,0.0,0.0,0.0,0.0,0.0,0.0,0.0,0.35,145.35294117647058
Q de Kock,T20,09-Feb-26,0,0,0,0,0,0.0,0.0,0.0,0.0,0.0,0.0,0.0,0.35,0.0
Q de Kock,T20,2024,307,210,29,17,0,73.095,25.58,87.238,51.164,100.0,12.79,65.71428571428571,0.715475,180.58823529411765
Q de Kock,T20,2025,0,0,0,0,0,0.0,0.0,0.0,0.0,0.0,0.0,0.0,0.35,98.12785388127854
Q de Kock,T20,2026,324,197,29,20,0,82.23,32.4,90.892,58.32,100.0,16.2,74.61928934010152,0.7611500000000001,187.29964469009082
Q de Kock,T20,22-Feb-26,0,0,0,0,0,0.0,0.0,0.0,0.0,0.0,0.0,0.0,0.35,119.7580325267751
Q de Kock,T20,26-Feb-26,0,0,0,0,0,0.0,0.0,0.0,0.0,0.0,0.0,0.0,0.35,79.04021188846616
Q de Kock,T20,29-Jan-26,0,0,0,0,0,0.0,0.0,0.0,0.0,0.0,0.0,0.0,0.35,53.20010435400068
Qamar Mushtaque,T20,2025,384,0,0,0,0,14.09,17.45,5.636,52.36,4.226999999999999,8.725,0.0,0.42045,384.0
Qamar Mushtaque,T20,2026,96,0,0,0,0,11.33,10.66,4.532,18.128,3.399,5.33,0.0,0.40665,214.58823529411762
R Abdulkareem,T20,2024,269,0,0,0,0,10.25,11.2,4.1000000000000005,35.86,3.0749999999999997,5.6,0.0,0.40125,269.0
R Ashwin,TEST,01-Nov-24,0,0,0,0,0,0.0,0.0,0.0,0.0,0.0,0.0,0.0,0.35,0.0
R Ashwin,TEST,2024,1591,579,32,3,0,32.163333333333334,27.25,76.86533333333334,100.0,24.649,13.625,18.134715025906736,0.5108166666666666,935.8823529411765
R Chopra,ODI,04-May-25,0,0,0,0,0,0.0,0.0,0.0,0.0,0.0,0.0,0.0,0.35,0.0
R Chopra,ODI,05-Mar-24,0,0,0,0,0,0.0,0.0,0.0,0.0,0.0,0.0,0.0,0.35,0.0
R Chopra,ODI,2024,260,369,22,8,0,35.23,23.63,58.092,44.903999999999996,50.569,11.815,24.390243902439025,0.5261499999999999,118.72146118721462
R Chopra,ODI,2025,194,239,18,2,1,81.17,32.33,68.468,45.263999999999996,34.351,31.165,25.10460251046025,0.7558500000000001,148.44058428740624
R Chopra,T20,04-Oct-24,0,0,0,0,0,0.0,0.0,0.0,0.0,0.0,0.0,0.0,0.35,0.0
R Chopra,T20,04-Sep-25,0,0,0,0,0,0.0,0.0,0.0,0.0,0.0,0.0,0.0,0.35,0.0
R Chopra,T20,17-May-25,0,0,0,0,0,0.0,0.0,0.0,0.0,0.0,0.0,0.0,0.35,0.0
R Chopra,T20,2024,404,326,33,14,4,61.96,40.4,90.784,72.72,88.588,80.2,43.25153374233129,0.6598,159.49467035136203
R Chopra,T20,2025,330,298,20,15,3,55.365,19.41,62.146,48.528,91.6095,54.705,35.23489932885906,0.6268250000000001,220.98013053982908
R Chopra,T20,30-Aug-25,0,0,0,0,0,0.0,0.0,0.0,0.0,0.0,0.0,0.0,0.35,145.8467208627859
R Dianish,T20,07-May-25,0,0,0,0,0,0.0,0.0,0.0,0.0,0.0,0.0,0.0,0.35,0.0
R Dianish,T20,2025,0,0,0,0,0,0.0,0.0,0.0,0.0,0.0,0.0,0.0,0.35,0.0
R Dianish,T20,2026,0,0,0,0,0,0.0,0.0,0.0,0.0,0.0,0.0,0.0,0.35,0.0
R Edwards,T20,2026,106,0,0,0,0,12.0,9.63,4.800000000000001,18.304000000000002,3.5999999999999996,4.815,0.0,0.41,106.0
R Hashu,T20,2025,167,0,0,0,0,8.47,9.82,3.3880000000000003,24.556,2.541,4.91,0.0,0.39235,167.0
R Hashu,T20,2026,0,0,0,0,0,0.0,0.0,0.0,0.0,0.0,0.0,0.0,0.35,68.76470588235294
R Kalimuthu,T20,2024,288,0,0,0,0,10.61,13.71,4.244,39.768,3.183,6.855,0.0,0.40305,288.0
R Klein,T20,25-Aug-24,0,0,0,0,0,0.0,0.0,0.0,0.0,0.0,0.0,0.0,0.35,0.0
R Mazumder,T20,2025,433,371,52,3,4,116.71,72.16,100.0,100.0,50.013,96.08,44.474393530997304,0.9335499999999999,433.0
R Mazumder,T20,2026,0,0,0,0,0,0.0,0.0,0.0,0.0,0.0,0.0,0.0,0.35,178.2941176470588
R Ngarava,ODI,08-Jan-24,0,0,0,0,0,0.0,0.0,0.0,0.0,0.0,0.0,0.0,0.35,0.0
R Ngarava,ODI,19-Dec-24,0,0,0,0,0,0.0,0.0,0.0,0.0,0.0,0.0,0.0,0.35,0.0
R Ngarava,ODI,2024,354,103,11,2,2,38.88333333333333,21.83,37.553333333333335,52.864,21.665,40.915,37.86407766990291,0.5444166666666667,161.64383561643837
R Ngarava,ODI,2025,238,0,0,0,0,26.8,23.8,10.72,42.84,8.04,11.9,0.0,0.484,191.78839320963286
R Ngarava,T20,2024,500,0,0,0,0,20.47,23.8,8.188,69.04,6.140999999999999,11.9,0.0,0.45235,500.0
R Ngarava,T20,2025,637,0,0,0,0,16.0,21.23,6.4,80.684,4.8,10.615,0.0,0.43,580.5882352941177
R Ngarava,TEST,02-Jan-25,0,0,0,0,0,0.0,0.0,0.0,0.0,0.0,0.0,0.0,0.35,0.0
R Ngarava,TEST,2024,106,0,0,0,0,33.0,26.5,13.200000000000001,31.800000000000004,9.9,13.25,0.0,0.515,62.35294117647059
R Ngarava,TEST,2025,559,183,5,1,2,46.125,30.56,28.45,80.348,18.8375,45.28,9.836065573770492,0.580625,289.1324200913242
R Obuya,T20,2024,383,307,32,21,2,124.75,25.53,100.0,58.724000000000004,100.0,42.765,51.79153094462541,0.95,383.0
R Parag,T20,12-Oct-24,0,0,0,0,0,0.0,0.0,0.0,0.0,0.0,0.0,0.0,0.35,0.0
R Pisal,T20,2025,0,0,0,0,0,0.0,0.0,0.0,0.0,0.0,0.0,0.0,0.35,0.0
R Pisal,T20,26-Jun-25,0,0,0,0,0,0.0,0.0,0.0,0.0,0.0,0.0,0.0,0.35,0.0
R Poojary,T20,19-Apr-25,0,0,0,0,0,0.0,0.0,0.0,0.0,0.0,0.0,0.0,0.35,0.0
R Poojary,T20,2024,0,0,0,0,0,0.0,0.0,0.0,0.0,0.0,0.0,0.0,0.35,0.0
R Powell,T20,11-Feb-26,0,0,0,0,0,0.0,0.0,0.0,0.0,0.0,0.0,0.0,0.35,0.0
R Powell,T20,2024,533,394,30,36,0,67.635,25.38,87.054,73.604,100.0,12.69,50.253807106598984,0.688175,313.5294117647059
R Powell,T20,2025,321,208,24,21,3,77.16,26.75,78.864,53.5,100.0,58.375,64.90384615384616,0.7358,316.9406392694064
R Powell,T20,2026,193,141,13,12,2,68.435,27.57,53.374,41.356,80.5305,43.785,53.19148936170213,0.692175,268.010264508488
R Ravindra,ODI,05-Mar-25,0,0,0,0,0,0.0,0.0,0.0,0.0,0.0,0.0,0.0,0.35,0.0
R Ravindra,ODI,2025,604,565,73,11,0,53.45,43.14,100.0,94.912,71.035,21.57,44.60176991150443,0.61725,355.29411764705884
R Ravindra,T20,2025,309,205,30,11,1,150.73,30.9,100.0,55.62,100.0,30.45,60.0,0.8963500000000001,309.0
R Ravindra,T20,2026,359,153,16,11,2,48.916666666666664,21.0,51.56666666666666,52.7,69.675,40.5,52.94117647058824,0.5945833333333332,338.4117647058823
R Ravindra,TEST,2024,1242,1636,103,11,1,44.473333333333336,42.78,100.0,100.0,68.342,36.39,20.904645476772618,0.5723666666666667,1242.0
R Ravindra,TEST,2025,469,482,55,9,3,48.65,117.25,100.0,100.0,59.595,100.0,39.83402489626556,0.59325,787.2941176470589
R Ravindra,TEST,30-Jul-25,0,0,0,0,0,0.0,0.0,0.0,0.0,0.0,0.0,0.0,0.35,427.7990867579909
R Sakurano-Thomas,T20,15-Feb-24,0,0,0,0,0,0.0,0.0,0.0,0.0,0.0,0.0,0.0,0.35,0.0
R Sakurano-Thomas,T20,2024,301,0,0,0,0,13.36,15.84,5.344,42.772000000000006,4.008,7.92,0.0,0.4168,177.05882352941177
R Sandaruwan,T20,2024,569,394,47,35,1,144.41,22.76,100.0,75.108,100.0,26.380000000000003,62.43654822335026,0.92795,569.0
R Satheesan,T20,2026,142,87,11,9,1,163.21,71.0,87.284,71.0,93.963,50.5,68.9655172413793,0.83395,142.0
R Sekaran,T20,2024,0,0,0,0,0,0.0,0.0,0.0,0.0,0.0,0.0,0.0,0.35,0.0
R Shepherd,ODI,2024,310,0,0,0,0,40.5,38.75,16.2,62.0,12.15,19.375,0.0,0.5525,310.0
R Shepherd,T20,2024,599,0,0,0,0,16.86,26.04,6.744,80.732,5.058,13.02,0.0,0.4343,599.0
R Shepherd,T20,2025,805,175,22,19,4,85.53,28.1,78.212,100.0,100.0,74.05,70.28571428571429,0.77765,720.1764705882352
R Trumpelmann,ODI,2025,533,172,12,5,1,41.18333333333334,39.6,40.473333333333336,84.98,37.355000000000004,34.8,29.651162790697672,0.5559166666666667,533.0
R Trumpelmann,ODI,2026,104,18,0,1,1,51.11,22.75,20.444000000000003,28.6,20.333,26.375,16.666666666666664,0.60555,280.6470588235294
R Trumpelmann,ODI,27-Aug-25,0,0,0,0,0,0.0,0.0,0.0,0.0,0.0,0.0,0.0,0.35,152.49771689497715
R Trumpelmann,T20,2024,340,0,0,0,0,11.05,17.0,4.420000000000001,47.6,3.315,8.5,0.0,0.40525,340.0
R Trumpelmann,T20,2025,329,0,0,0,0,13.88,19.35,5.5520000000000005,48.38,4.164,9.675,0.0,0.4194,333.5294117647059
R Trumpelmann,T20,2026,0,0,0,0,0,0.0,0.0,0.0,0.0,0.0,0.0,0.0,0.35,181.2328767123288
R Ugarkar,ODI,2025,83,0,0,0,0,16.42,11.85,6.568000000000001,17.78,4.926,5.925,0.0,0.4321,83.0
R de Swardt,TEST,04-Feb-24,0,0,0,0,0,0.0,0.0,0.0,0.0,0.0,0.0,0.0,0.35,0.0
R de Swardt,TEST,2024,99,220,13,0,1,22.5,33.0,35.0,36.300000000000004,6.75,31.5,17.727272727272727,0.4625,58.23529411764706
R van Tonder,TEST,13-Feb-24,0,0,0,0,0,0.0,0.0,0.0,0.0,0.0,0.0,0.0,0.35,0.0
R van Tonder,TEST,2024,64,169,5,0,0,37.86,16.0,25.144,19.200000000000003,11.357999999999999,8.0,8.875739644970414,0.5393,37.64705882352941
RA Hermann,T20,2026,0,0,0,0,0,0.0,0.0,0.0,0.0,0.0,0.0,0.0,0.35,0.0
RA Hermann,T20,22-Mar-26,0,0,0,0,0,0.0,0.0,0.0,0.0,0.0,0.0,0.0,0.35,0.0
RA Jadeja,ODI,18-Jan-26,0,0,0,0,0,0.0,0.0,0.0,0.0,0.0,0.0,0.0,0.35,0.0
RA Jadeja,ODI,2025,401,0,0,0,0,21.5,33.41,8.6,66.828,6.45,16.705,0.0,0.4575,235.88235294117646
RA Jadeja,ODI,2026,43,65,1,0,0,33.075,14.33,15.230000000000002,15.764,9.922500000000001,7.165,4.615384615384616,0.515375,147.8082191780822
RA Jadeja,T20,20-Jun-24,0,0,0,0,0,0.0,0.0,0.0,0.0,0.0,0.0,0.0,0.35,0.0
RA Jadeja,TEST,10-Oct-25,0,0,0,0,0,0.0,0.0,0.0,0.0,0.0,0.0,0.0,0.35,0.0
RA Jadeja,TEST,2024,1693,1045,42,11,0,31.400000000000002,29.27,96.56,100.0,64.42,14.635,15.215311004784688,0.507,995.8823529411765
RA Jadeja,TEST,2025,1719,1429,73,13,5,41.63333333333333,63.66,100.0,100.0,77.49,100.0,18.054583624912528,0.5581666666666666,1326.0730593607307
RA Sealy,T20,12-Mar-26,0,0,0,0,0,0.0,0.0,0.0,0.0,0.0,0.0,0.0,0.35,0.0
RA Sealy,T20,2026,0,0,0,0,0,0.0,0.0,0.0,0.0,0.0,0.0,0.0,0.35,0.0
RD Berrington,ODI,12-Apr-26,0,0,0,0,0,0.0,0.0,0.0,0.0,0.0,0.0,0.0,0.35,0.0
RD Berrington,ODI,2024,273,329,24,6,4,41.485,54.6,64.594,70.98,42.445499999999996,87.3,27.35562310030395,0.557425,160.58823529411765
RD Berrington,ODI,2025,399,475,27,12,1,84.0,44.33,87.6,75.364,85.2,37.165,24.63157894736842,0.77,269.45205479452056
RD Berrington,ODI,2026,66,79,5,3,0,41.77,33.0,26.708000000000002,33.0,27.531,16.5,30.379746835443036,0.5588500000000001,189.13146466640347
RD Berrington,ODI,26-Jul-24,0,0,0,0,0,0.0,0.0,0.0,0.0,0.0,0.0,0.0,0.35,120.9292849157982
RD Berrington,ODI,31-Oct-24,0,0,0,0,0,0.0,0.0,0.0,0.0,0.0,0.0,0.0,0.35,79.8132375891227
RD Berrington,T20,09-Feb-26,0,0,0,0,0,0.0,0.0,0.0,0.0,0.0,0.0,0.0,0.35,0.0
RD Berrington,T20,2026,169,104,14,8,0,162.5,28.16,93.0,39.428,88.75,14.08,63.46153846153846,0.8375,99.41176470588236
RD Gaikwad,ODI,2025,0,0,0,0,0,0.0,0.0,0.0,0.0,0.0,0.0,0.0,0.35,0.0
RD Rickelton,ODI,02-Oct-24,0,0,0,0,0,0.0,0.0,0.0,0.0,0.0,0.0,0.0,0.35,0.0
RD Rickelton,ODI,02-Sep-25,0,0,0,0,0,0.0,0.0,0.0,0.0,0.0,0.0,0.0,0.35,0.0
RD Rickelton,ODI,04-Oct-24,0,0,0,0,0,0.0,0.0,0.0,0.0,0.0,0.0,0.0,0.35,0.0
RD Rickelton,ODI,04-Sep-25,0,0,0,0,0,0.0,0.0,0.0,0.0,0.0,0.0,0.0,0.35,0.0
RD Rickelton,ODI,19-Aug-25,0,0,0,0,0,0.0,0.0,0.0,0.0,0.0,0.0,0.0,0.35,0.0
RD Rickelton,ODI,2024,171,184,17,4,0,46.465,42.75,52.586,51.300000000000004,33.9395,21.375,34.23913043478261,0.582325,58.14012790828141
RD Rickelton,ODI,2025,266,317,30,1,1,41.955,26.6,76.782,47.88,17.5865,28.3,29.33753943217666,0.559775,126.09441748596436
RD Rickelton,ODI,21-Feb-25,0,0,0,0,0,0.0,0.0,0.0,0.0,0.0,0.0,0.0,0.35,85.95195941592907
RD Rickelton,ODI,22-Aug-25,0,0,0,0,0,0.0,0.0,0.0,0.0,0.0,0.0,0.0,0.35,59.08207482836857
RD Rickelton,T20,14-Feb-26,0,0,0,0,0,0.0,0.0,0.0,0.0,0.0,0.0,0.0,0.35,0.0
RD Rickelton,T20,2025,0,0,0,0,0,0.0,0.0,0.0,0.0,0.0,0.0,0.0,0.35,0.0
RD Rickelton,T20,2026,360,209,27,22,3,86.12,45.0,88.44800000000001,72.0,100.0,67.5,70.33492822966507,0.7806000000000001,164.38356164383563
RD Rickelton,TEST,2024,192,452,23,0,1,21.235,27.42,54.494,41.136,6.3705,28.71,15.265486725663717,0.456175,192.0
RD Rickelton,TEST,2025,540,902,63,6,1,59.86,54.0,100.0,97.2,47.958,42.0,22.9490022172949,0.6493000000000001,396.70588235294116
RD Rickelton,TEST,26-Dec-24,0,0,0,0,0,0.0,0.0,0.0,0.0,0.0,0.0,0.0,0.35,215.56164383561642
RE van der Merwe,ODI,2024,208,0,0,0,0,14.42,16.0,5.768000000000001,33.6,4.326,8.0,0.0,0.42210000000000003,208.0
RE van der Merwe,ODI,2025,343,0,0,0,0,61.0,49.0,24.400000000000002,73.5,18.3,24.5,0.0,0.655,287.4117647058824
RE van der Merwe,T20,07-Feb-26,0,0,0,0,0,0.0,0.0,0.0,0.0,0.0,0.0,0.0,0.35,0.0
RE van der Merwe,T20,18-Feb-26,0,0,0,0,0,0.0,0.0,0.0,0.0,0.0,0.0,0.0,0.35,0.0
RE van der Merwe,T20,2026,0,0,0,0,0,0.0,0.0,0.0,0.0,0.0,0.0,0.0,0.35,0.0
RG Sharma,ODI,02-Aug-24,0,0,0,0,0,0.0,0.0,0.0,0.0,0.0,0.0,0.0,0.35,0.0
RG Sharma,ODI,18-Jan-26,0,0,0,0,0,0.0,0.0,0.0,0.0,0.0,0.0,0.0,0.35,0.0
RG Sharma,ODI,2024,157,111,18,8,0,141.44,52.33,92.576,57.56400000000001,82.43199999999999,26.165,70.27027027027027,0.9428,71.68949771689498
RG Sharma,ODI,2025,650,647,69,24,1,50.23,50.0,100.0,100.0,100.0,40.0,43.12210200927357,0.60115,300.0
RG Sharma,ODI,2026,61,80,9,2,0,38.125,20.33,33.25,22.363999999999997,21.4375,10.165,41.25,0.540625,213.81486423136562
RG Sharma,T20,2024,378,236,35,23,2,160.16,42.0,100.0,71.4,100.0,51.0,73.72881355932203,0.8492000000000001,378.0
RG Sharma,TEST,01-Nov-24,0,0,0,0,0,0.0,0.0,0.0,0.0,0.0,0.0,0.0,0.35,0.0
RG Sharma,TEST,03-Jan-24,0,0,0,0,0,0.0,0.0,0.0,0.0,0.0,0.0,0.0,0.35,0.0
RG Sharma,TEST,15-Feb-24,0,0,0,0,0,0.0,0.0,0.0,0.0,0.0,0.0,0.0,0.35,0.0
RG Sharma,TEST,2024,619,982,78,11,1,31.515,24.76,100.0,81.708,64.4545,27.380000000000003,27.189409368635438,0.507575,244.3742597710225
RG Sharma,TEST,25-Jan-24,0,0,0,0,0,0.0,0.0,0.0,0.0,0.0,0.0,0.0,0.35,156.25112689769574
RK Paudel,ODI,04-Jun-25,0,0,0,0,0,0.0,0.0,0.0,0.0,0.0,0.0,0.0,0.35,0.0
RK Paudel,ODI,10-Jun-25,0,0,0,0,0,0.0,0.0,0.0,0.0,0.0,0.0,0.0,0.35,0.0
RK Paudel,ODI,2024,463,354,24,11,0,34.403333333333336,25.36,61.76133333333333,66.588,65.321,12.68,29.661016949152543,0.5220166666666667,211.41552511415526
RK Paudel,ODI,2025,247,366,9,3,0,33.74,30.87,31.496000000000002,49.396,25.122,15.435,9.836065573770492,0.5187,225.46387682589813
RK Paudel,ODI,2026,60,98,3,0,0,30.61,15.0,18.244,18.0,9.183,7.5,9.183673469387754,0.50305,165.79640113951893
RK Paudel,T20,2024,531,456,44,17,3,58.22,26.55,100.0,74.34,100.0,58.275,40.13157894736842,0.6411,531.0
RK Paudel,T20,2025,327,299,25,7,3,54.68,25.15,71.872,52.82000000000001,51.403999999999996,57.575,32.10702341137124,0.6234000000000001,411.00000000000006
RK Singh,T20,13-Jul-24,0,0,0,0,0,0.0,0.0,0.0,0.0,0.0,0.0,0.0,0.35,0.0
RK Singh,T20,15-Feb-26,0,0,0,0,0,0.0,0.0,0.0,0.0,0.0,0.0,0.0,0.35,0.0
RK Singh,T20,2024,0,0,0,0,0,0.0,0.0,0.0,0.0,0.0,0.0,0.0,0.35,0.0
RK Singh,T20,2026,0,0,0,0,0,0.0,0.0,0.0,0.0,0.0,0.0,0.0,0.35,0.0
RK Singh,T20,28-Jan-26,0,0,0,0,0,0.0,0.0,0.0,0.0,0.0,0.0,0.0,0.35,0.0
RK Singh,T20,31-Jan-26,0,0,0,0,0,0.0,0.0,0.0,0.0,0.0,0.0,0.0,0.35,0.0
RL Chase,ODI,10-Dec-24,0,0,0,0,0,0.0,0.0,0.0,0.0,0.0,0.0,0.0,0.35,0.0
RL Chase,ODI,2024,171,223,16,0,3,38.34,34.2,47.336,44.46000000000001,11.502,62.1,21.524663677130043,0.5417000000000001,100.58823529411765
RL Chase,ODI,2025,768,347,23,10,2,43.35333333333333,36.0,63.34133333333334,100.0,63.006,48.0,28.530259365994237,0.5667666666666666,405.3424657534247
RL Chase,ODI,29-May-25,0,0,0,0,0,0.0,0.0,0.0,0.0,0.0,0.0,0.0,0.35,245.31780497433874
RL Chase,T20,2024,336,276,26,11,5,121.73,28.0,100.0,56.0,91.519,89.0,40.21739130434783,0.95,336.0
RL Chase,T20,2025,281,215,24,8,2,130.69,25.54,100.0,48.532000000000004,79.207,42.769999999999996,44.651162790697676,0.95,303.64705882352945
RL Chase,T20,2026,122,99,15,1,0,123.23,24.4,79.292,31.72,41.969,12.2,48.48484848484849,0.95,220.703196347032
RL Chase,TEST,03-Jul-25,0,0,0,0,0,0.0,0.0,0.0,0.0,0.0,0.0,0.0,0.35,0.0
RL Chase,TEST,18-Dec-25,0,0,0,0,0,0.0,0.0,0.0,0.0,0.0,0.0,0.0,0.35,0.0
RL Chase,TEST,2025,857,541,15,5,0,47.91,70.66,49.164,100.0,39.373,35.33,11.090573012939002,0.58955,391.324200913242
RL Chase,TEST,25-Jun-25,0,0,0,0,0,0.0,0.0,0.0,0.0,0.0,0.0,0.0,0.35,236.83379392025267
RM Dorji,T20,2024,342,333,21,13,1,102.7,19.0,83.08000000000001,49.400000000000006,95.81,24.5,30.63063063063063,0.8634999999999999,342.0
RM Koda,T20,2024,449,0,0,0,0,21.68,20.4,8.672,61.22,6.504,10.2,0.0,0.45840000000000003,449.0
RM Patidar,TEST,2024,63,164,9,0,0,19.205,10.5,25.682,14.7,5.761499999999999,5.25,16.463414634146343,0.446025,63.0
RM Patidar,TEST,23-Feb-24,0,0,0,0,0,0.0,0.0,0.0,0.0,0.0,0.0,0.0,0.35,25.941176470588232
RMMP Rathnayake,TEST,06-Sep-24,0,0,0,0,0,0.0,0.0,0.0,0.0,0.0,0.0,0.0,0.35,0.0
RMMP Rathnayake,TEST,2024,479,241,19,2,0,36.71666666666667,32.8,52.68666666666667,74.14,21.015,16.4,26.141078838174273,0.5335833333333333,281.7647058823529
RMMP Rathnayake,TEST,2025,65,0,0,0,0,53.5,16.25,21.400000000000002,19.5,16.05,8.125,0.0,0.6175,182.78538812785388
RP Burl,ODI,06-Jan-24,0,0,0,0,0,0.0,0.0,0.0,0.0,0.0,0.0,0.0,0.35,0.0
RP Burl,ODI,08-Jan-24,0,0,0,0,0,0.0,0.0,0.0,0.0,0.0,0.0,0.0,0.35,0.0
RP Burl,ODI,2024,0,0,0,0,0,0.0,0.0,0.0,0.0,0.0,0.0,0.0,0.35,0.0
RP Burl,T20,16-Jan-24,0,0,0,0,0,0.0,0.0,0.0,0.0,0.0,0.0,0.0,0.35,0.0
RP Burl,T20,2024,0,0,0,0,0,0.0,0.0,0.0,0.0,0.0,0.0,0.0,0.35,0.0
RP Burl,T20,2025,558,392,47,23,7,71.17,31.0,100.0,80.6,100.0,100.0,53.57142857142857,0.7058500000000001,254.7945205479452
RP Burl,T20,2026,0,0,0,0,0,0.0,0.0,0.0,0.0,0.0,0.0,0.0,0.35,154.20450059218317
RR Hendricks,T20,2024,569,424,52,30,1,134.19,27.09,100.0,78.572,100.0,28.545,58.01886792452831,0.95,569.0
RR Hendricks,T20,2025,0,0,0,0,0,0.0,0.0,0.0,0.0,0.0,0.0,0.0,0.35,234.2941176470588
RR Pant,ODI,07-Aug-24,0,0,0,0,0,0.0,0.0,0.0,0.0,0.0,0.0,0.0,0.35,0.0
RR Pant,ODI,2024,0,0,0,0,0,0.0,0.0,0.0,0.0,0.0,0.0,0.0,0.35,0.0
RR Pant,T20,09-Jun-24,0,0,0,0,0,0.0,0.0,0.0,0.0,0.0,0.0,0.0,0.35,0.0
RR Pant,T20,20-Jun-24,0,0,0,0,0,0.0,0.0,0.0,0.0,0.0,0.0,0.0,0.35,0.0
RR Pant,T20,2024,0,0,0,0,0,0.0,0.0,0.0,0.0,0.0,0.0,0.0,0.35,0.0
RR Pant,TEST,01-Nov-24,0,0,0,0,0,0.0,0.0,0.0,0.0,0.0,0.0,0.0,0.35,0.0
RR Pant,TEST,02-Jul-25,0,0,0,0,0,0.0,0.0,0.0,0.0,0.0,0.0,0.0,0.35,0.0
RR Pant,TEST,03-Jan-25,0,0,0,0,0,0.0,0.0,0.0,0.0,0.0,0.0,0.0,0.35,0.0
RR Pant,TEST,06-Dec-24,0,0,0,0,0,0.0,0.0,0.0,0.0,0.0,0.0,0.0,0.35,0.0
RR Pant,TEST,10-Jul-25,0,0,0,0,0,0.0,0.0,0.0,0.0,0.0,0.0,0.0,0.35,0.0
RR Pant,TEST,14-Dec-24,0,0,0,0,0,0.0,0.0,0.0,0.0,0.0,0.0,0.0,0.35,0.0
RR Pant,TEST,14-Nov-25,0,0,0,0,0,0.0,0.0,0.0,0.0,0.0,0.0,0.0,0.35,0.0
RR Pant,TEST,19-Sep-24,0,0,0,0,0,0.0,0.0,0.0,0.0,0.0,0.0,0.0,0.35,0.0
RR Pant,TEST,20-Jun-25,0,0,0,0,0,0.0,0.0,0.0,0.0,0.0,0.0,0.0,0.35,0.0
RR Pant,TEST,2024,576,789,65,13,1,36.5,36.0,100.0,86.4,75.95,33.0,29.657794676806084,0.5325,177.82306135337367
RR Pant,TEST,2025,629,809,61,26,0,38.875,48.38,100.0,100.0,100.0,24.19,32.26205191594561,0.544375,315.90650378216105
RR Pant,TEST,22-Nov-24,0,0,0,0,0,0.0,0.0,0.0,0.0,0.0,0.0,0.0,0.35,219.80437548918226
RR Pant,TEST,22-Nov-25,0,0,0,0,0,0.0,0.0,0.0,0.0,0.0,0.0,0.0,0.35,153.21791319864425
RR Pant,TEST,24-Oct-24,0,0,0,0,0,0.0,0.0,0.0,0.0,0.0,0.0,0.0,0.35,106.93866268411988
RR Pant,TEST,26-Dec-24,0,0,0,0,0,0.0,0.0,0.0,0.0,0.0,0.0,0.0,0.35,74.70402796781772
RR Pant,TEST,27-Sep-24,0,0,0,0,0,0.0,0.0,0.0,0.0,0.0,0.0,0.0,0.35,52.21809222333351
RR Patel,T20,2024,460,307,42,25,2,74.915,32.85,100.0,72.28,100.0,46.425,65.47231270358307,0.7245750000000001,460.0
RR Patel,T20,2025,306,265,28,9,1,57.735,30.6,79.094,55.080000000000005,62.320499999999996,30.3,41.886792452830186,0.638675,369.4117647058824
RTM Mendis,TEST,2024,184,0,0,0,0,48.83,30.66,19.532,42.928,14.649,15.33,0.0,0.59415,184.0
Rafiulah Alokozai,T20,27-Jun-25,0,0,0,0,0,0.0,0.0,0.0,0.0,0.0,0.0,0.0,0.35,0.0
Rafiullah,T20,2024,0,0,0,0,0,0.0,0.0,0.0,0.0,0.0,0.0,0.0,0.35,0.0
Raghav Dhawan,T20,2025,414,377,30,11,2,109.81,46.0,100.0,78.2,87.943,53.0,32.62599469496021,0.89905,414.0
Rahmanullah Gurbaz,ODI,08-Oct-25,0,0,0,0,0,0.0,0.0,0.0,0.0,0.0,0.0,0.0,0.35,0.0
Rahmanullah Gurbaz,ODI,2024,531,592,45,22,0,44.845,48.27,100.0,91.71600000000001,100.0,24.135,33.9527027027027,0.574225,312.3529411764706
Rahmanullah Gurbaz,ODI,2025,0,0,0,0,0,0.0,0.0,0.0,0.0,0.0,0.0,0.0,0.35,169.72602739726028
Rahmanullah Gurbaz,ODI,26-Feb-25,0,0,0,0,0,0.0,0.0,0.0,0.0,0.0,0.0,0.0,0.35,102.72009474930913
Rahmanullah Gurbaz,T20,02-Jan-24,0,0,0,0,0,0.0,0.0,0.0,0.0,0.0,0.0,0.0,0.35,0.0
Rahmanullah Gurbaz,T20,05-Sep-25,0,0,0,0,0,0.0,0.0,0.0,0.0,0.0,0.0,0.0,0.35,0.0
Rahmanullah Gurbaz,T20,16-Feb-26,0,0,0,0,0,0.0,0.0,0.0,0.0,0.0,0.0,0.0,0.35,0.0
Rahmanullah Gurbaz,T20,17-Feb-24,0,0,0,0,0,0.0,0.0,0.0,0.0,0.0,0.0,0.0,0.35,0.0
Rahmanullah Gurbaz,T20,19-Jan-26,0,0,0,0,0,0.0,0.0,0.0,0.0,0.0,0.0,0.0,0.35,0.0
Rahmanullah Gurbaz,T20,2024,519,408,38,26,0,63.6,24.71,100.0,71.668,100.0,12.355,47.05882352941176,0.6679999999999999,176.4603882128541
Rahmanullah Gurbaz,T20,2025,384,281,33,18,0,68.325,27.42,93.33,60.336,100.0,13.71,54.44839857651245,0.6916249999999999,244.30997715131232
Rahmanullah Gurbaz,T20,2026,213,149,19,9,0,71.475,30.42,66.59,45.636,66.4425,15.21,56.375838926174495,0.707375,234.342371368049
Rahmanullah Gurbaz,T20,29-Oct-25,0,0,0,0,0,0.0,0.0,0.0,0.0,0.0,0.0,0.0,0.35,161.08339605878137
Rahmanullah Gurbaz,TEST,2024,0,0,0,0,0,0.0,0.0,0.0,0.0,0.0,0.0,0.0,0.35,0.0
Rahmanullah Gurbaz,TEST,2025,46,66,3,0,0,69.69,23.0,33.876000000000005,23.0,20.907,11.5,13.636363636363637,0.69845,27.058823529411764
Rahmanullah Gurbaz,TEST,28-Feb-24,0,0,0,0,0,0.0,0.0,0.0,0.0,0.0,0.0,0.0,0.35,14.703196347031962
Rahmat Shah,ODI,2024,280,411,23,1,1,68.12,23.33,73.248,46.664,25.436,26.665,17.51824817518248,0.6906,280.0
Rahmat Shah,ODI,2025,165,204,13,1,1,80.88,41.25,58.352,49.5,29.264,35.625,20.58823529411765,0.7544,212.35294117647058
Rahmat Shah,TEST,02-Jan-25,0,0,0,0,0,0.0,0.0,0.0,0.0,0.0,0.0,0.0,0.35,0.0
Rahmat Shah,TEST,2024,388,694,43,3,0,27.95,77.6,97.18,100.0,23.384999999999998,38.8,19.88472622478386,0.48975,228.23529411764707
Rahmat Shah,TEST,2025,158,339,17,0,0,46.6,79.0,52.64,79.0,13.98,39.5,15.044247787610619,0.583,196.16438356164386
Rahmat Shah,TEST,28-Feb-24,0,0,0,0,0,0.0,0.0,0.0,0.0,0.0,0.0,0.0,0.35,118.72088432688513
Ranjit Singh,T20,2025,0,0,0,0,0,0.0,0.0,0.0,0.0,0.0,0.0,0.0,0.35,0.0
Rasheed Ali Mamadkhel,T20,17-May-25,0,0,0,0,0,0.0,0.0,0.0,0.0,0.0,0.0,0.0,0.35,0.0
Rasheed Ali Mamadkhel,T20,18-May-25,0,0,0,0,0,0.0,0.0,0.0,0.0,0.0,0.0,0.0,0.35,0.0
Rasheed Ali Mamadkhel,T20,2025,0,0,0,0,0,0.0,0.0,0.0,0.0,0.0,0.0,0.0,0.35,0.0
Rashid Khan,ODI,2024,187,0,0,0,0,21.4,12.46,8.56,28.668,6.419999999999999,6.23,0.0,0.457,187.0
Rashid Khan,ODI,2025,192,0,0,0,0,22.25,16.0,8.9,32.0,6.675,8.0,0.0,0.46125,189.94117647058823
Rashid Khan,T20,2024,297,0,0,0,0,10.25,9.58,4.1000000000000005,37.364,3.0749999999999997,4.79,0.0,0.40125,297.0
Rashid Khan,T20,2025,270,0,0,0,0,12.85,12.85,5.140000000000001,37.28,3.8549999999999995,6.425,0.0,0.41424999999999995,281.11764705882354
Rashid Khan,T20,2026,158,0,0,0,0,15.27,14.36,6.1080000000000005,27.288,4.5809999999999995,7.18,0.0,0.42635,224.89954337899542
Rashid Khan,TEST,02-Jan-25,0,0,0,0,0,0.0,0.0,0.0,0.0,0.0,0.0,0.0,0.35,0.0
Rashid Khan,TEST,2025,208,47,7,0,0,66.06,24.0,40.42400000000001,40.0,19.818,12.0,44.680851063829785,0.6803,122.3529411764706
Ravi Bishnoi,T20,2024,459,0,0,0,0,8.315,20.86,3.326,62.587999999999994,2.4945,10.43,0.0,0.391575,459.0
Razmal Shigiwal,T20,2025,311,201,26,16,3,154.72,28.27,100.0,53.716,100.0,59.135,62.6865671641791,0.8764,311.0
Rehan Ahmed,ODI,2026,182,76,9,0,0,47.06999999999999,59.0,36.828,65.4,14.120999999999997,29.5,35.526315789473685,0.5853499999999999,182.0
Rehan Ahmed,ODI,27-Jan-26,0,0,0,0,0,0.0,0.0,0.0,0.0,0.0,0.0,0.0,0.35,74.94117647058823
Rehan Ahmed,TEST,2024,642,171,12,0,0,36.086666666666666,36.66,38.434666666666665,93.528,10.825999999999999,18.33,21.052631578947366,0.5304333333333333,642.0
Riaz Hassan,TEST,02-Jan-25,0,0,0,0,0,0.0,0.0,0.0,0.0,0.0,0.0,0.0,0.35,0.0
Riazat Ali Shah,T20,14-Dec-24,0,0,0,0,0,0.0,0.0,0.0,0.0,0.0,0.0,0.0,0.35,0.0
Rishad Hossain,ODI,13-Mar-26,0,0,0,0,0,0.0,0.0,0.0,0.0,0.0,0.0,0.0,0.35,0.0
Rishad Hossain,ODI,20-Feb-25,0,0,0,0,0,0.0,0.0,0.0,0.0,0.0,0.0,0.0,0.35,0.0
Rishad Hossain,ODI,2025,307,0,0,0,0,11.82,18.05,4.728000000000001,45.14,3.546,9.025,0.0,0.40909999999999996,140.1826484018265
Rishad Hossain,ODI,2026,193,15,0,0,0,22.903333333333336,26.71,9.161333333333335,40.668000000000006,6.871,13.355,0.0,0.4645166666666667,161.03434662455587
Rishad Hossain,T20,2024,665,0,0,0,0,7.11,19.0,2.8440000000000003,81.7,2.133,9.5,0.0,0.38555,665.0
Rishad Hossain,T20,2025,730,0,0,0,0,7.845,22.12,3.138,90.696,2.3535,11.06,0.0,0.389225,703.2352941176471
Rizwan Butt,T20,2024,490,0,0,0,0,13.9,15.8,5.5600000000000005,61.64,4.17,7.9,0.0,0.41950000000000004,490.0
Rizwan Butt,T20,2025,713,0,0,0,0,13.2,12.96,5.28,81.668,3.9599999999999995,6.48,0.0,0.41600000000000004,621.1764705882354
Rizwan Butt,T20,2026,331,0,0,0,0,21.08,27.58,8.432,55.164,6.323999999999999,13.79,0.0,0.45539999999999997,488.67579908675805
Rizwan Mangera,T20,2025,0,0,0,0,0,0.0,0.0,0.0,0.0,0.0,0.0,0.0,0.35,0.0
Rizwan Mangera,T20,31-Oct-25,0,0,0,0,0,0.0,0.0,0.0,0.0,0.0,0.0,0.0,0.35,0.0
Rohit Kumar,T20,2025,0,0,0,0,0,0.0,0.0,0.0,0.0,0.0,0.0,0.0,0.35,0.0
Rohit Kumar,T20,21-Aug-25,0,0,0,0,0,0.0,0.0,0.0,0.0,0.0,0.0,0.0,0.35,0.0
Rohit Kumar,T20,22-Aug-25,0,0,0,0,0,0.0,0.0,0.0,0.0,0.0,0.0,0.0,0.35,0.0
S Chandramohan,T20,28-Feb-25,0,0,0,0,0,0.0,0.0,0.0,0.0,0.0,0.0,0.0,0.35,0.0
S Chilemanya,T20,02-Oct-25,0,0,0,0,0,0.0,0.0,0.0,0.0,0.0,0.0,0.0,0.35,0.0
S Chilemanya,T20,2025,0,0,0,0,0,0.0,0.0,0.0,0.0,0.0,0.0,0.0,0.35,0.0
S Davizi,T20,21-Aug-25,0,0,0,0,0,0.0,0.0,0.0,0.0,0.0,0.0,0.0,0.35,0.0
S Desungnoen,T20,2026,0,0,0,0,0,0.0,0.0,0.0,0.0,0.0,0.0,0.0,0.35,0.0
S Dube,T20,15-Feb-26,0,0,0,0,0,0.0,0.0,0.0,0.0,0.0,0.0,0.0,0.35,0.0
S Dube,T20,2024,296,220,18,15,4,134.54,32.88,89.816,55.904,100.0,76.44,45.0,0.95,174.11764705882354
S Dube,T20,2026,352,186,19,29,4,94.62,44.0,75.84800000000001,70.4,100.0,82.0,77.41935483870968,0.8231,255.34246575342468
S Dube,T20,21-Jan-26,0,0,0,0,0,0.0,0.0,0.0,0.0,0.0,0.0,0.0,0.35,154.53612317410185
S Gooch,T20,2024,282,240,21,8,2,117.5,40.28,89.0,60.42400000000001,75.25,50.14,36.25,0.9375,282.0
S Grover,T20,27-Aug-24,0,0,0,0,0,0.0,0.0,0.0,0.0,0.0,0.0,0.0,0.35,0.0
S Guruvayoorappan,T20,04-Apr-26,0,0,0,0,0,0.0,0.0,0.0,0.0,0.0,0.0,0.0,0.35,0.0
S Guruvayoorappan,T20,2026,0,0,0,0,0,0.0,0.0,0.0,0.0,0.0,0.0,0.0,0.35,0.0
S Houghton,T20,2025,0,0,0,0,0,0.0,0.0,0.0,0.0,0.0,0.0,0.0,0.35,0.0
S Iturbe,T20,16-Dec-24,0,0,0,0,0,0.0,0.0,0.0,0.0,0.0,0.0,0.0,0.35,0.0
S Iturbe,T20,2024,0,0,0,0,0,0.0,0.0,0.0,0.0,0.0,0.0,0.0,0.35,0.0
S Jora,T20,17-Feb-26,0,0,0,0,0,0.0,0.0,0.0,0.0,0.0,0.0,0.0,0.35,0.0
S Joseph,T20,19-Feb-26,0,0,0,0,0,0.0,0.0,0.0,0.0,0.0,0.0,0.0,0.35,0.0
S Joseph,T20,2026,323,0,0,0,0,9.545,29.36,3.818,55.788,2.8634999999999997,14.68,0.0,0.397725,190.0
S Joseph,TEST,2024,962,227,26,4,3,60.275000000000006,26.75,76.11,100.0,38.082499999999996,58.375,39.647577092511014,0.651375,962.0
S Joseph,TEST,2025,442,108,7,9,0,66.4,18.83,40.56,59.264,64.92,9.415,44.44444444444444,0.682,656.1176470588236
S Kalyan,ODI,06-May-25,0,0,0,0,0,0.0,0.0,0.0,0.0,0.0,0.0,0.0,0.35,0.0
S Kalyan,ODI,08-May-25,0,0,0,0,0,0.0,0.0,0.0,0.0,0.0,0.0,0.0,0.35,0.0
S Kalyan,ODI,2025,0,0,0,0,0,0.0,0.0,0.0,0.0,0.0,0.0,0.0,0.35,0.0
S Kaveri,T20,2026,118,135,6,1,2,87.4,14.75,46.96,23.6,31.220000000000002,37.375,15.555555555555555,0.787,118.0
S Lamichhane,ODI,2024,379,93,6,3,1,67.175,32.22,38.870000000000005,63.676,35.1525,31.11,29.032258064516128,0.685875,379.0
S Lamichhane,ODI,2025,378,0,0,0,0,34.28,27.0,13.712000000000002,59.4,10.284,13.5,0.0,0.5214,378.4117647058823
S Lamichhane,ODI,2026,118,9,0,0,0,20.316666666666666,14.37,8.126666666666667,23.296,6.095,7.185,0.0,0.45158333333333334,259.5022831050228
S Lamichhane,T20,2025,215,0,0,0,0,11.38,10.23,4.5520000000000005,29.684,3.414,5.115,0.0,0.4069,215.0
S Mahmood,ODI,2025,352,0,0,0,0,34.0,32.0,13.600000000000001,60.800000000000004,10.2,16.0,0.0,0.52,352.0
S Movva,ODI,01-Mar-24,0,0,0,0,0,0.0,0.0,0.0,0.0,0.0,0.0,0.0,0.35,0.0
S Movva,ODI,08-Feb-24,0,0,0,0,0,0.0,0.0,0.0,0.0,0.0,0.0,0.0,0.35,0.0
S Movva,ODI,09-Mar-25,0,0,0,0,0,0.0,0.0,0.0,0.0,0.0,0.0,0.0,0.35,0.0
S Movva,ODI,10-Feb-24,0,0,0,0,0,0.0,0.0,0.0,0.0,0.0,0.0,0.0,0.35,0.0
S Movva,ODI,13-Aug-24,0,0,0,0,0,0.0,0.0,0.0,0.0,0.0,0.0,0.0,0.35,0.0
S Movva,ODI,15-Mar-25,0,0,0,0,0,0.0,0.0,0.0,0.0,0.0,0.0,0.0,0.35,0.0
S Movva,ODI,16-Sep-24,0,0,0,0,0,0.0,0.0,0.0,0.0,0.0,0.0,0.0,0.35,0.0
S Movva,ODI,17-Aug-24,0,0,0,0,0,0.0,0.0,0.0,0.0,0.0,0.0,0.0,0.35,0.0
S Movva,ODI,19-Aug-24,0,0,0,0,0,0.0,0.0,0.0,0.0,0.0,0.0,0.0,0.35,0.0
S Movva,ODI,20-Sep-24,0,0,0,0,0,0.0,0.0,0.0,0.0,0.0,0.0,0.0,0.35,0.0
S Movva,ODI,2024,324,470,24,0,4,34.465,32.4,61.786,58.32,10.339500000000001,76.2,15.319148936170212,0.522325,99.160731665782
S Movva,ODI,2025,144,258,6,4,2,27.905,24.0,23.162,33.6,28.371499999999997,42.0,11.627906976744185,0.489525,112.80131540314554
S Movva,ODI,22-Sep-24,0,0,0,0,0,0.0,0.0,0.0,0.0,0.0,0.0,0.0,0.35,78.6298367066976
S Movva,ODI,26-Sep-24,0,0,0,0,0,0.0,0.0,0.0,0.0,0.0,0.0,0.0,0.35,54.879807516914845
S Movva,T20,12-Apr-24,0,0,0,0,0,0.0,0.0,0.0,0.0,0.0,0.0,0.0,0.35,0.0
S Movva,T20,2024,0,0,0,0,0,0.0,0.0,0.0,0.0,0.0,0.0,0.0,0.35,0.0
S Movva,T20,2025,0,0,0,0,0,0.0,0.0,0.0,0.0,0.0,0.0,0.0,0.35,0.0
S Movva,T20,21-Apr-25,0,0,0,0,0,0.0,0.0,0.0,0.0,0.0,0.0,0.0,0.35,0.0
S Movva,T20,23-Apr-25,0,0,0,0,0,0.0,0.0,0.0,0.0,0.0,0.0,0.0,0.35,0.0
S Movva,T20,24-Apr-25,0,0,0,0,0,0.0,0.0,0.0,0.0,0.0,0.0,0.0,0.35,0.0
S Movva,T20,27-Apr-25,0,0,0,0,0,0.0,0.0,0.0,0.0,0.0,0.0,0.0,0.35,0.0
S Muniandy,T20,13-Mar-25,0,0,0,0,0,0.0,0.0,0.0,0.0,0.0,0.0,0.0,0.35,0.0
S Muniandy,T20,2024,327,321,24,8,0,50.93,17.21,68.372,46.468,55.278999999999996,8.605,29.906542056074766,0.60465,192.35294117647058
S Muniandy,T20,2025,0,0,0,0,0,0.0,0.0,0.0,0.0,0.0,0.0,0.0,0.35,104.52054794520546
S Muniandy,T20,2026,0,0,0,0,0,0.0,0.0,0.0,0.0,0.0,0.0,0.0,0.35,63.25700750098696
S Muniandy,T20,22-Jul-25,0,0,0,0,0,0.0,0.0,0.0,0.0,0.0,0.0,0.0,0.35,40.446071183873634
S Muniandy,T20,25-Apr-25,0,0,0,0,0,0.0,0.0,0.0,0.0,0.0,0.0,0.0,0.35,26.694376727628796
S Muthusamy,TEST,12-Oct-25,0,0,0,0,0,0.0,0.0,0.0,0.0,0.0,0.0,0.0,0.35,0.0
S Muthusamy,TEST,2024,123,75,5,2,1,54.93,11.0,31.972,21.1,26.479,20.5,28.0,0.62465,72.3529411764706
S Muthusamy,TEST,2025,576,409,19,2,1,29.830000000000002,71.66,49.932,100.0,18.948999999999998,50.83,15.403422982885086,0.49915,302.32876712328766
S Nadigotla,T20,2024,0,0,0,0,0,0.0,0.0,0.0,0.0,0.0,0.0,0.0,0.35,0.0
S Ravichandran,T20,2024,821,382,55,12,3,52.18666666666667,30.5,100.0,100.0,75.656,60.25,52.617801047120416,0.6109333333333333,821.0
S Samarawickrama,ODI,08-Jan-24,0,0,0,0,0,0.0,0.0,0.0,0.0,0.0,0.0,0.0,0.35,0.0
S Samarawickrama,ODI,14-Feb-24,0,0,0,0,0,0.0,0.0,0.0,0.0,0.0,0.0,0.0,0.35,0.0
S Samarawickrama,ODI,2024,273,310,30,1,2,44.03,19.5,77.612,42.900000000000006,18.209,39.75,30.0,0.57015,124.65753424657535
S Samarawickrama,ODI,2025,195,251,18,1,0,77.68,39.0,67.072,50.7,28.304000000000002,19.5,22.709163346613547,0.7384000000000001,152.42795104619032
S Samarawickrama,TEST,02-Feb-24,0,0,0,0,0,0.0,0.0,0.0,0.0,0.0,0.0,0.0,0.35,0.0
S Samarawickrama,TEST,2024,0,0,0,0,0,0.0,0.0,0.0,0.0,0.0,0.0,0.0,0.35,0.0
S Sankar,T20,2024,0,0,0,0,0,0.0,0.0,0.0,0.0,0.0,0.0,0.0,0.35,0.0
S Sharma,T20,2026,0,0,0,0,0,0.0,0.0,0.0,0.0,0.0,0.0,0.0,0.35,0.0
S Shrivastava,ODI,16-Feb-25,0,0,0,0,0,0.0,0.0,0.0,0.0,0.0,0.0,0.0,0.35,0.0
S Shrivastava,ODI,2024,142,0,1,0,0,20.12,17.75,10.048,28.4,6.0360000000000005,8.875,100.0,0.4506,83.52941176470588
S Shrivastava,ODI,2025,312,0,0,0,0,23.0,18.35,9.200000000000001,45.88,6.8999999999999995,9.175,0.0,0.465,187.8538812785388
S Shrivastava,ODI,2026,91,3,0,0,1,30.165,30.0,12.066,33.1,9.0495,30.0,0.0,0.500825,149.61705487564151
S Singh,T20,2024,0,0,0,0,0,0.0,0.0,0.0,0.0,0.0,0.0,0.0,0.35,0.0
S Singh,T20,2025,0,0,0,0,0,0.0,0.0,0.0,0.0,0.0,0.0,0.0,0.35,0.0
S Ssesazi,T20,2024,304,224,30,15,0,135.71,21.71,100.0,47.768,100.0,10.855,60.267857142857146,0.95,304.0
S Tabuisulu,T20,24-Aug-24,0,0,0,0,0,0.0,0.0,0.0,0.0,0.0,0.0,0.0,0.35,0.0
S Tharanga,T20,2025,0,0,0,0,0,0.0,0.0,0.0,0.0,0.0,0.0,0.0,0.35,0.0
S Tharanga,T20,2026,0,0,0,0,0,0.0,0.0,0.0,0.0,0.0,0.0,0.0,0.35,0.0
S Vashisht,T20,25-Jul-25,0,0,0,0,0,0.0,0.0,0.0,0.0,0.0,0.0,0.0,0.35,0.0
S Vaz,T20,30-May-25,0,0,0,0,0,0.0,0.0,0.0,0.0,0.0,0.0,0.0,0.35,0.0
S Vijay Unni,T20,2025,530,0,0,0,0,17.86,18.27,7.144,67.616,5.358,9.135,0.0,0.4393,530.0
S Yeshey,T20,2025,185,0,0,0,0,12.33,10.27,4.932,26.716,3.699,5.135,0.0,0.41165,185.0
SA Abbott,ODI,04-Feb-24,0,0,0,0,0,0.0,0.0,0.0,0.0,0.0,0.0,0.0,0.35,0.0
SA Abbott,ODI,2024,468,145,4,6,1,44.88333333333333,49.14,25.953333333333333,86.112,43.465,39.57,20.689655172413794,0.5744166666666666,275.29411764705884
SA Abbott,T20,09-Feb-24,0,0,0,0,0,0.0,0.0,0.0,0.0,0.0,0.0,0.0,0.35,0.0
SA Edwards,ODI,03-Nov-24,0,0,0,0,0,0.0,0.0,0.0,0.0,0.0,0.0,0.0,0.35,0.0
SA Edwards,ODI,06-May-25,0,0,0,0,0,0.0,0.0,0.0,0.0,0.0,0.0,0.0,0.35,0.0
SA Edwards,ODI,09-Nov-24,0,0,0,0,0,0.0,0.0,0.0,0.0,0.0,0.0,0.0,0.35,0.0
SA Edwards,ODI,10-May-25,0,0,0,0,0,0.0,0.0,0.0,0.0,0.0,0.0,0.0,0.35,0.0
SA Edwards,ODI,12-May-25,0,0,0,0,0,0.0,0.0,0.0,0.0,0.0,0.0,0.0,0.35,0.0
SA Edwards,ODI,13-Mar-25,0,0,0,0,0,0.0,0.0,0.0,0.0,0.0,0.0,0.0,0.35,0.0
SA Edwards,ODI,17-Aug-24,0,0,0,0,0,0.0,0.0,0.0,0.0,0.0,0.0,0.0,0.35,0.0
SA Edwards,ODI,19-Feb-24,0,0,0,0,0,0.0,0.0,0.0,0.0,0.0,0.0,0.0,0.35,0.0
SA Edwards,ODI,2024,268,347,17,1,1,38.615,26.8,49.446,48.24,16.5845,28.4,15.561959654178674,0.5430750000000001,83.78085989429651
SA Edwards,ODI,2025,369,453,27,2,1,40.725,46.12,70.29,73.79599999999999,22.2175,38.06,19.20529801324503,0.5536249999999999,171.8338818564024
SA Edwards,ODI,21-Aug-24,0,0,0,0,0,0.0,0.0,0.0,0.0,0.0,0.0,0.0,0.35,119.24384034451226
SA Edwards,ODI,23-Feb-24,0,0,0,0,0,0.0,0.0,0.0,0.0,0.0,0.0,0.0,0.35,82.968592112086
SA Edwards,T20,07-Feb-26,0,0,0,0,0,0.0,0.0,0.0,0.0,0.0,0.0,0.0,0.35,0.0
SA Edwards,T20,10-Feb-26,0,0,0,0,0,0.0,0.0,0.0,0.0,0.0,0.0,0.0,0.35,0.0
SA Edwards,T20,13-Feb-26,0,0,0,0,0,0.0,0.0,0.0,0.0,0.0,0.0,0.0,0.35,0.0
SA Edwards,T20,16-Jun-25,0,0,0,0,0,0.0,0.0,0.0,0.0,0.0,0.0,0.0,0.35,0.0
SA Edwards,T20,2024,407,304,30,13,1,66.94,22.61,86.776,58.788000000000004,85.082,26.305,42.43421052631579,0.6847,146.76715589051963
SA Edwards,T20,2025,0,0,0,0,0,0.0,0.0,0.0,0.0,0.0,0.0,0.0,0.35,96.86621310566883
SA Edwards,T20,2026,0,0,0,0,0,0.0,0.0,0.0,0.0,0.0,0.0,0.0,0.35,65.19836577450316
SA Edwards,T20,28-Feb-24,0,0,0,0,0,0.0,0.0,0.0,0.0,0.0,0.0,0.0,0.35,44.44231077604027
SA Engelbrecht,ODI,2024,0,0,0,0,0,0.0,0.0,0.0,0.0,0.0,0.0,0.0,0.35,0.0
SA Engelbrecht,ODI,25-Feb-24,0,0,0,0,0,0.0,0.0,0.0,0.0,0.0,0.0,0.0,0.35,0.0
SA Engelbrecht,T20,2024,280,211,21,12,1,132.7,31.11,95.08,52.888000000000005,99.81,30.555,46.91943127962085,0.95,280.0
SA Okpe,T20,2024,287,225,17,16,5,127.55,19.13,85.02000000000001,44.004,100.0,84.565,44.0,0.95,287.0
SA Okpe,T20,2025,719,293,22,7,3,65.35,20.94,70.14,88.65200000000002,54.605,55.47,29.69283276450512,0.67675,541.1176470588235
SA Wijeyeratne,ODI,01-Mar-24,0,0,0,0,0,0.0,0.0,0.0,0.0,0.0,0.0,0.0,0.35,0.0
SA Wijeyeratne,ODI,05-Mar-24,0,0,0,0,0,0.0,0.0,0.0,0.0,0.0,0.0,0.0,0.35,0.0
SA Wijeyeratne,ODI,07-Mar-24,0,0,0,0,0,0.0,0.0,0.0,0.0,0.0,0.0,0.0,0.35,0.0
SA Wijeyeratne,ODI,2024,158,222,15,0,0,35.585,31.6,44.234,41.08,10.6755,15.8,20.27027027027027,0.5279250000000001,62.376628503750496
SA Yadav,T20,2024,429,283,41,22,1,151.59,26.81,100.0,64.348,100.0,28.405,66.7844522968198,0.89205,429.0
SA Yadav,T20,2025,0,0,0,0,0,0.0,0.0,0.0,0.0,0.0,0.0,0.0,0.35,176.6470588235294
SA Yadav,T20,2026,484,300,46,24,3,161.33,44.0,100.0,83.6,100.0,67.0,70.0,0.8433499999999999,316.9908675799087
SA Yadav,T20,31-Jan-25,0,0,0,0,0,0.0,0.0,0.0,0.0,0.0,0.0,0.0,0.35,191.84642716146863
SC Kuggeleijn,TEST,2024,70,80,9,2,0,87.5,17.5,53.0,21.0,36.25,8.75,41.25,0.7875,70.0
SC Williams,ODI,2024,154,167,15,6,0,92.21,25.66,66.884,35.928000000000004,57.663,12.83,37.72455089820359,0.8110499999999999,154.0
SC Williams,TEST,02-Jan-25,0,0,0,0,0,0.0,0.0,0.0,0.0,0.0,0.0,0.0,0.35,0.0
SC Williams,TEST,2024,441,320,23,3,1,82.625,88.0,79.05000000000001,100.0,39.787499999999994,59.0,24.375,0.763125,259.4117647058824
SC Williams,TEST,2025,648,849,82,6,1,38.16,43.2,100.0,99.36,41.448,36.6,31.09540636042403,0.5408,436.8493150684932
SC Williams,TEST,25-Jul-24,0,0,0,0,0,0.0,0.0,0.0,0.0,0.0,0.0,0.0,0.35,264.38610343466246
SC Williams,TEST,28-Jun-25,0,0,0,0,0,0.0,0.0,0.0,0.0,0.0,0.0,0.0,0.35,169.04655439760555
SC van Schalkwyk,ODI,08-Feb-25,0,0,0,0,0,0.0,0.0,0.0,0.0,0.0,0.0,0.0,0.35,0.0
SC van Schalkwyk,ODI,2024,594,232,15,1,1,28.98,28.81,41.592,82.44800000000001,13.693999999999999,29.405,20.689655172413794,0.4949,349.4117647058824
SC van Schalkwyk,T20,2026,101,0,0,0,0,6.84,7.76,2.736,16.308,2.052,3.88,0.0,0.38420000000000004,101.0
SD Hope,ODI,02-Feb-24,0,0,0,0,0,0.0,0.0,0.0,0.0,0.0,0.0,0.0,0.35,0.0
SD Hope,ODI,04-Feb-24,0,0,0,0,0,0.0,0.0,0.0,0.0,0.0,0.0,0.0,0.35,0.0
SD Hope,ODI,06-Feb-24,0,0,0,0,0,0.0,0.0,0.0,0.0,0.0,0.0,0.0,0.35,0.0
SD Hope,ODI,06-Nov-24,0,0,0,0,0,0.0,0.0,0.0,0.0,0.0,0.0,0.0,0.35,0.0
SD Hope,ODI,08-Aug-25,0,0,0,0,0,0.0,0.0,0.0,0.0,0.0,0.0,0.0,0.35,0.0
SD Hope,ODI,08-Dec-24,0,0,0,0,0,0.0,0.0,0.0,0.0,0.0,0.0,0.0,0.35,0.0
SD Hope,ODI,10-Aug-25,0,0,0,0,0,0.0,0.0,0.0,0.0,0.0,0.0,0.0,0.35,0.0
SD Hope,ODI,12-Aug-25,0,0,0,0,0,0.0,0.0,0.0,0.0,0.0,0.0,0.0,0.35,0.0
SD Hope,ODI,16-Nov-25,0,0,0,0,0,0.0,0.0,0.0,0.0,0.0,0.0,0.0,0.35,0.0
SD Hope,ODI,2024,311,395,14,11,3,39.365,34.55,43.746,58.74,66.8095,62.275,18.9873417721519,0.546825,96.01210430711669
SD Hope,ODI,2025,670,678,61,18,3,49.41,55.83,100.0,100.0,100.0,72.91499999999999,34.955752212389385,0.59705,271.682041665786
SD Hope,ODI,29-May-25,0,0,0,0,0,0.0,0.0,0.0,0.0,0.0,0.0,0.0,0.35,189.03346650043312
SD Hope,T20,19-Feb-26,0,0,0,0,0,0.0,0.0,0.0,0.0,0.0,0.0,0.0,0.35,0.0
SD Hope,T20,2024,354,216,26,24,3,163.88,35.4,100.0,63.72,100.0,62.7,69.44444444444444,0.8306,208.23529411764707
SD Hope,T20,2025,556,407,38,32,3,68.3,34.75,100.0,83.4,100.0,62.375,51.597051597051596,0.6915,367.0319634703196
SD Hope,T20,2026,269,198,23,14,1,67.925,33.62,73.17,53.796,90.3775,31.81,56.06060606060606,0.689625,328.3300434267667
SD Hope,TEST,02-Oct-25,0,0,0,0,0,0.0,0.0,0.0,0.0,0.0,0.0,0.0,0.35,0.0
SD Hope,TEST,03-Jul-25,0,0,0,0,0,0.0,0.0,0.0,0.0,0.0,0.0,0.0,0.35,0.0
SD Hope,TEST,12-Jul-25,0,0,0,0,0,0.0,0.0,0.0,0.0,0.0,0.0,0.0,0.35,0.0
SD Hope,TEST,2025,534,1055,61,4,0,16.87,33.37,100.0,80.096,25.061,16.685,18.48341232227488,0.43435,210.81721279115675
SD Hope,TEST,25-Jun-25,0,0,0,0,0,0.0,0.0,0.0,0.0,0.0,0.0,0.0,0.35,134.7949947711947
SE Rutherford,ODI,2024,425,354,33,23,3,60.025,106.25,90.01,100.0,100.0,98.125,47.45762711864407,0.6501250000000001,425.0
SE Rutherford,ODI,2025,246,291,22,10,0,42.265,24.6,60.906000000000006,44.28,62.6795,12.3,32.98969072164948,0.561325,319.70588235294116
SE Rutherford,T20,07-Feb-26,0,0,0,0,0,0.0,0.0,0.0,0.0,0.0,0.0,0.0,0.35,0.0
SE Rutherford,T20,2024,290,207,17,20,6,140.09,29.0,90.036,52.2,100.0,100.0,53.6231884057971,0.94955,170.58823529411765
SE Rutherford,T20,2026,246,132,17,17,4,186.36,61.5,100.0,73.80000000000001,100.0,90.75,77.27272727272727,0.7182,205.02283105022832
SFS Cheema,T20,2025,272,0,0,0,0,9.65,11.82,3.8600000000000003,36.656,2.895,5.91,0.0,0.39825000000000005,272.0
SH Venugopal,T20,2025,0,0,0,0,0,0.0,0.0,0.0,0.0,0.0,0.0,0.0,0.35,0.0
SH Venugopal,T20,24-Apr-25,0,0,0,0,0,0.0,0.0,0.0,0.0,0.0,0.0,0.0,0.35,0.0
SI Runsewe,T20,05-Dec-24,0,0,0,0,0,0.0,0.0,0.0,0.0,0.0,0.0,0.0,0.35,0.0
SI Runsewe,T20,2024,560,454,70,5,1,61.67,26.66,100.0,77.328,43.501000000000005,28.33,49.55947136563877,0.6583500000000001,329.4117647058824
SI Runsewe,T20,2025,336,342,34,6,3,49.12,18.66,87.648,48.528000000000006,44.736,54.33,35.08771929824561,0.5956,332.42009132420094
SI Runsewe,T20,28-Nov-24,0,0,0,0,0,0.0,0.0,0.0,0.0,0.0,0.0,0.0,0.35,201.18436636399528
SJ French,T20,2025,0,0,0,0,0,0.0,0.0,0.0,0.0,0.0,0.0,0.0,0.35,0.0
SJ French,T20,2026,0,0,0,0,0,0.0,0.0,0.0,0.0,0.0,0.0,0.0,0.35,0.0
SJ Konstas,TEST,03-Jan-25,0,0,0,0,0,0.0,0.0,0.0,0.0,0.0,0.0,0.0,0.35,0.0
SJ Konstas,TEST,2024,68,83,7,2,0,81.92,34.0,46.768,34.0,34.576,17.0,32.53012048192771,0.7596,40.0
SJ Konstas,TEST,2025,95,206,12,0,0,23.055,11.87,33.222,18.996000000000002,6.9165,5.935,17.475728155339805,0.46527500000000005,65.11415525114155
SJ Konstas,TEST,25-Jun-25,0,0,0,0,0,0.0,0.0,0.0,0.0,0.0,0.0,0.0,0.35,39.40781681800237
SK Lahiri,T20,2026,64,0,0,0,0,6.75,8.0,2.7,12.8,2.025,4.0,0.0,0.38375,64.0
SK Patel,ODI,03-Nov-25,0,0,0,0,0,0.0,0.0,0.0,0.0,0.0,0.0,0.0,0.35,0.0
SK Patel,ODI,12-Feb-25,0,0,0,0,0,0.0,0.0,0.0,0.0,0.0,0.0,0.0,0.35,0.0
SK Patel,ODI,14-Feb-25,0,0,0,0,0,0.0,0.0,0.0,0.0,0.0,0.0,0.0,0.35,0.0
SK Patel,ODI,18-Sep-24,0,0,0,0,0,0.0,0.0,0.0,0.0,0.0,0.0,0.0,0.35,0.0
SK Patel,ODI,19-Aug-24,0,0,0,0,0,0.0,0.0,0.0,0.0,0.0,0.0,0.0,0.35,0.0
SK Patel,ODI,2024,278,366,35,1,1,37.975,39.71,85.19,59.568,16.3925,34.855000000000004,29.508196721311474,0.539875,94.5202079444575
SK Patel,ODI,2025,377,484,33,5,1,25.963333333333335,34.27,76.38533333333334,65.11600000000001,32.789,32.135000000000005,23.553719008264462,0.47981666666666667,186.86950747984764
SK Patel,ODI,21-Aug-24,0,0,0,0,0,0.0,0.0,0.0,0.0,0.0,0.0,0.0,0.35,127.37915478907198
SK Patel,ODI,21-May-25,0,0,0,0,0,0.0,0.0,0.0,0.0,0.0,0.0,0.0,0.35,87.55850135311246
SK Patel,ODI,22-Sep-24,0,0,0,0,0,0.0,0.0,0.0,0.0,0.0,0.0,0.0,0.35,60.52738892581391
SK Patel,ODI,24-Sep-24,0,0,0,0,0,0.0,0.0,0.0,0.0,0.0,0.0,0.0,0.35,42.00288222302669
SK Patel,ODI,26-Oct-25,0,0,0,0,0,0.0,0.0,0.0,0.0,0.0,0.0,0.0,0.35,29.225157397026667
SK Springer,T20,22-Jan-26,0,0,0,0,0,0.0,0.0,0.0,0.0,0.0,0.0,0.0,0.35,0.0
SKS Gill,T20,27-Jul-25,0,0,0,0,0,0.0,0.0,0.0,0.0,0.0,0.0,0.0,0.35,0.0
SM Boland,TEST,04-Jan-26,0,0,0,0,0,0.0,0.0,0.0,0.0,0.0,0.0,0.0,0.35,0.0
SM Boland,TEST,2024,201,0,0,0,0,35.36,18.27,14.144,34.716,10.607999999999999,9.135,0.0,0.5268,118.23529411764706
SM Boland,TEST,2025,537,144,10,0,3,34.864999999999995,15.0,33.946,65.7,10.459499999999998,52.5,20.833333333333336,0.5243249999999999,309.45205479452056
SM Boland,TEST,2026,131,0,0,0,0,38.25,32.75,15.3,39.300000000000004,11.475,16.375,0.0,0.54125,239.001184366364
SM Curran,ODI,2024,129,160,9,1,0,80.62,43.0,50.248000000000005,47.3,29.186,21.5,18.75,0.7531,129.0
SM Curran,ODI,2026,105,9,0,0,0,36.18333333333333,50.0,14.473333333333333,50.5,10.854999999999999,25.0,0.0,0.5309166666666667,114.88235294117648
SM Curran,ODI,24-Jan-26,0,0,0,0,0,0.0,0.0,0.0,0.0,0.0,0.0,0.0,0.35,62.42465753424658
SM Curran,ODI,27-Jan-26,0,0,0,0,0,0.0,0.0,0.0,0.0,0.0,0.0,0.0,0.35,37.78010264508488
SM Curran,T20,14-Feb-26,0,0,0,0,0,0.0,0.0,0.0,0.0,0.0,0.0,0.0,0.35,0.0
SM Curran,T20,2026,529,202,16,10,3,46.74,31.44,50.696,78.05199999999999,64.022,60.72,38.613861386138616,0.5837,311.1764705882353
SM Sharif,ODI,2025,260,0,0,0,0,30.81,23.63,12.324,44.903999999999996,9.242999999999999,11.815,0.0,0.50405,260.0
SM Sharif,ODI,2026,86,6,0,1,1,91.58,19.0,36.632,23.8,32.474000000000004,24.5,50.0,0.8079,157.64705882352942
SN Khan,TEST,2024,371,495,44,8,1,37.47,37.1,100.0,66.78,51.241,33.55,31.515151515151516,0.53735,371.0
SN Khan,TEST,23-Feb-24,0,0,0,0,0,0.0,0.0,0.0,0.0,0.0,0.0,0.0,0.35,152.76470588235293
SN Netravalkar,ODI,2024,339,0,1,0,0,28.73,22.6,13.492,51.980000000000004,8.619,11.3,100.0,0.49365000000000003,339.0
SN Netravalkar,ODI,2025,328,0,0,0,0,27.8,16.4,11.120000000000001,45.919999999999995,8.34,8.2,0.0,0.489,332.52941176470586
SN Netravalkar,T20,10-Feb-26,0,0,0,0,0,0.0,0.0,0.0,0.0,0.0,0.0,0.0,0.35,0.0
SN Pathirana,T20,2024,0,0,0,0,0,0.0,0.0,0.0,0.0,0.0,0.0,0.0,0.35,0.0
SN Pathirana,T20,2026,0,0,0,0,0,0.0,0.0,0.0,0.0,0.0,0.0,0.0,0.35,0.0
SN Swamy,T20,2026,163,0,0,0,0,10.4,10.86,4.16,24.988,3.12,5.43,0.0,0.402,163.0
SO Hetmyer,T20,01-Mar-26,0,0,0,0,0,0.0,0.0,0.0,0.0,0.0,0.0,0.0,0.35,0.0
SO Hetmyer,T20,2026,481,259,30,39,2,92.855,43.72,97.142,83.076,100.0,51.86,79.92277992277992,0.8142750000000001,282.94117647058823
SO Ngoche,T20,2024,295,0,0,0,0,16.0,14.04,6.4,40.732,4.8,7.02,0.0,0.43,295.0
SP Krishnamurthi,ODI,08-Feb-25,0,0,0,0,0,0.0,0.0,0.0,0.0,0.0,0.0,0.0,0.35,0.0
SP Krishnamurthi,ODI,18-Feb-25,0,0,0,0,0,0.0,0.0,0.0,0.0,0.0,0.0,0.0,0.35,0.0
SP Krishnamurthi,ODI,2024,0,0,0,0,0,0.0,0.0,0.0,0.0,0.0,0.0,0.0,0.35,0.0
SP Krishnamurthi,ODI,2025,193,177,7,11,2,54.515,32.16,35.806,45.028,71.3545,46.08,30.508474576271187,0.622575,76.19423608369523
SP Krishnamurthi,ODI,31-Oct-24,0,0,0,0,0,0.0,0.0,0.0,0.0,0.0,0.0,0.0,0.35,48.71804118134939
SPD Smith,ODI,12-Feb-25,0,0,0,0,0,0.0,0.0,0.0,0.0,0.0,0.0,0.0,0.35,0.0
SPD Smith,ODI,2024,306,356,32,5,3,85.95,43.71,98.38,65.56800000000001,50.785,66.855,31.179775280898877,0.7797499999999999,180.0
SPD Smith,ODI,2025,138,175,13,2,1,39.425,34.5,41.769999999999996,41.400000000000006,21.8275,32.25,25.714285714285715,0.547125,160.82191780821918
SPD Smith,TEST,03-Jan-24,0,0,0,0,0,0.0,0.0,0.0,0.0,0.0,0.0,0.0,0.35,0.0
SPD Smith,TEST,03-Jan-25,0,0,0,0,0,0.0,0.0,0.0,0.0,0.0,0.0,0.0,0.35,0.0
SPD Smith,TEST,04-Dec-25,0,0,0,0,0,0.0,0.0,0.0,0.0,0.0,0.0,0.0,0.35,0.0
SPD Smith,TEST,04-Jan-26,0,0,0,0,0,0.0,0.0,0.0,0.0,0.0,0.0,0.0,0.35,0.0
SPD Smith,TEST,06-Feb-25,0,0,0,0,0,0.0,0.0,0.0,0.0,0.0,0.0,0.0,0.35,0.0
SPD Smith,TEST,17-Jan-24,0,0,0,0,0,0.0,0.0,0.0,0.0,0.0,0.0,0.0,0.35,0.0
SPD Smith,TEST,2024,490,915,52,4,3,26.775,35.0,100.0,77.0,28.0325,62.5,18.360655737704917,0.48387500000000006,160.1925449004992
SPD Smith,TEST,2025,651,1129,65,9,3,28.83,50.07,100.0,100.0,53.649,70.035,19.66341895482728,0.49415,316.44226697075266
SPD Smith,TEST,2026,150,232,17,1,0,32.325,75.0,46.93,75.0,14.6975,37.5,23.27586206896552,0.511625,264.4098929052089
SPD Smith,TEST,21-Nov-25,0,0,0,0,0,0.0,0.0,0.0,0.0,0.0,0.0,0.0,0.35,182.78111407096944
SPD Smith,TEST,22-Nov-24,0,0,0,0,0,0.0,0.0,0.0,0.0,0.0,0.0,0.0,0.35,126.84065417601855
SPD Smith,TEST,25-Jan-24,0,0,0,0,0,0.0,0.0,0.0,0.0,0.0,0.0,0.0,0.35,88.25437413920524
SPD Smith,TEST,26-Dec-24,0,0,0,0,0,0.0,0.0,0.0,0.0,0.0,0.0,0.0,0.35,61.519025752637575
SPD Smith,TEST,26-Dec-25,0,0,0,0,0,0.0,0.0,0.0,0.0,0.0,0.0,0.0,0.35,42.93729242407673
SPD Smith,TEST,29-Feb-24,0,0,0,0,0,0.0,0.0,0.0,0.0,0.0,0.0,0.0,0.35,29.9946587473729
SR Bhudia,T20,2024,286,213,32,6,3,134.27,28.6,100.0,51.480000000000004,70.281,59.3,53.52112676056338,0.95,286.0
SR Harmer,TEST,14-Nov-25,0,0,0,0,0,0.0,0.0,0.0,0.0,0.0,0.0,0.0,0.35,0.0
SR Harmer,TEST,2025,481,114,4,0,2,26.636666666666667,14.3,18.654666666666667,59.540000000000006,7.991,37.15,10.526315789473683,0.48318333333333335,282.94117647058823
SR Mohan,T20,2026,0,0,0,0,0,0.0,0.0,0.0,0.0,0.0,0.0,0.0,0.35,0.0
SR Mohan,T20,25-Mar-26,0,0,0,0,0,0.0,0.0,0.0,0.0,0.0,0.0,0.0,0.35,0.0
SR Mukkamalla,ODI,2024,341,371,26,6,2,45.955,68.2,70.382,88.66,43.7865,64.1,25.87601078167116,0.579775,341.0
SR Mukkamalla,ODI,2025,533,687,42,6,1,38.79,48.45,99.516,92.06,41.637,39.225,20.96069868995633,0.5439499999999999,453.9411764705883
SR Mukkamalla,T20,2024,331,240,30,13,0,137.91,36.77,100.0,62.516000000000005,100.0,18.385,53.75,0.95,331.0
SR Mukkamalla,T20,2025,308,178,35,14,3,173.03,51.33,100.0,71.864,100.0,70.66499999999999,82.58426966292134,0.78485,317.47058823529414
SS Iyer,ODI,11-Jan-26,0,0,0,0,0,0.0,0.0,0.0,0.0,0.0,0.0,0.0,0.35,0.0
SS Iyer,ODI,2025,496,554,44,10,0,44.765,49.6,100.0,89.28,63.4295,24.8,29.24187725631769,0.573825,291.7647058823529
SS Iyer,ODI,2026,60,74,4,1,0,40.54,20.0,24.216,22.0,17.162,10.0,20.27027027027027,0.5527,185.93607305936072
SS Iyer,TEST,03-Jan-24,0,0,0,0,0,0.0,0.0,0.0,0.0,0.0,0.0,0.0,0.35,0.0
SS Iyer,TEST,2024,108,213,10,1,1,25.35,21.6,30.14,28.080000000000002,12.605,25.8,15.492957746478874,0.47674999999999995,63.529411764705884
SS Ranjane,T20,2026,141,78,9,8,2,180.76,70.5,90.304,70.5,94.228,65.25,65.38461538461539,0.7462000000000001,141.0
SSD Arachchige,ODI,06-Jan-24,0,0,0,0,0,0.0,0.0,0.0,0.0,0.0,0.0,0.0,0.35,0.0
SSD Arachchige,ODI,08-Jan-24,0,0,0,0,0,0.0,0.0,0.0,0.0,0.0,0.0,0.0,0.35,0.0
ST Doheny,ODI,2024,0,0,0,0,0,0.0,0.0,0.0,0.0,0.0,0.0,0.0,0.35,0.0
ST Doheny,TEST,2025,61,129,4,1,0,47.28,30.5,26.912000000000003,30.5,19.183999999999997,15.25,11.627906976744185,0.5864,61.0
SV Samson,T20,01-Mar-26,0,0,0,0,0,0.0,0.0,0.0,0.0,0.0,0.0,0.0,0.35,0.0
SV Samson,T20,2024,436,242,35,31,2,90.08,43.6,100.0,78.48,100.0,51.8,81.81818181818181,0.8003999999999999,256.47058823529414
SV Samson,T20,2025,0,0,0,0,0,0.0,0.0,0.0,0.0,0.0,0.0,0.0,0.35,139.36073059360734
SV Samson,T20,2026,367,195,33,26,1,94.1,40.77,100.0,69.316,100.0,35.385000000000005,90.76923076923076,0.8205,229.23016186340314
SV Samson,T20,21-Jan-26,0,0,0,0,0,0.0,0.0,0.0,0.0,0.0,0.0,0.0,0.35,146.56810068154778
SV Samson,T20,22-Jan-25,0,0,0,0,0,0.0,0.0,0.0,0.0,0.0,0.0,0.0,0.35,96.73483681664102
SV Samson,T20,25-Jan-26,0,0,0,0,0,0.0,0.0,0.0,0.0,0.0,0.0,0.0,0.35,65.1099394897181
SY Nihute,T20,2025,298,332,19,4,3,89.75,19.86,73.9,45.688,46.925,54.93,20.783132530120483,0.79875,298.0
SZ Vayani,T20,10-Jul-25,0,0,0,0,0,0.0,0.0,0.0,0.0,0.0,0.0,0.0,0.35,0.0
SZ Vayani,T20,2024,312,0,0,0,0,15.9,15.6,6.36,43.68,4.77,7.8,0.0,0.42950000000000005,183.52941176470588
SZ Vayani,T20,2025,0,0,0,0,0,0.0,0.0,0.0,0.0,0.0,0.0,0.0,0.35,99.72602739726028
Saad Bin Zafar,ODI,2024,746,192,11,3,4,42.86000000000001,30.73,39.144000000000005,99.184,27.858000000000004,75.365,21.875,0.5643,746.0
Saad Bin Zafar,ODI,2025,139,182,16,1,0,76.37,15.44,62.548,26.252000000000002,27.911,7.72,28.021978021978022,0.73185,388.94117647058823
Saad Bin Zafar,T20,2025,268,0,0,0,0,18.7,15.76,7.48,39.408,5.609999999999999,7.88,0.0,0.4435,268.0
Saad Bin Zafar,T20,27-Aug-24,0,0,0,0,0,0.0,0.0,0.0,0.0,0.0,0.0,0.0,0.35,110.3529411764706
Saad Masood,ODI,2026,38,44,5,0,0,86.36,38.0,44.544000000000004,34.2,25.907999999999998,19.0,34.090909090909086,0.7818,38.0
Saber Zakhil,T20,2025,290,149,16,27,2,194.63,29.0,100.0,52.2,100.0,44.5,86.5771812080537,0.6768500000000001,290.0
Sachin Mandy,T20,14-Jul-24,0,0,0,0,0,0.0,0.0,0.0,0.0,0.0,0.0,0.0,0.35,0.0
Sachin Mandy,T20,2024,0,0,0,0,0,0.0,0.0,0.0,0.0,0.0,0.0,0.0,0.35,0.0
Sachin Mandy,T20,2026,0,0,0,0,0,0.0,0.0,0.0,0.0,0.0,0.0,0.0,0.35,0.0
Sadat Said,T20,31-Aug-25,0,0,0,0,0,0.0,0.0,0.0,0.0,0.0,0.0,0.0,0.35,0.0
Sahel Zadran,T20,2025,443,0,0,0,0,22.0,23.31,8.8,62.94799999999999,6.6,11.655,0.0,0.46,443.0
Sahibzada Farhan,ODI,2026,64,89,7,0,0,71.91,21.33,42.763999999999996,23.464,21.572999999999997,10.665,23.595505617977526,0.70955,64.0
Sahibzada Farhan,T20,07-Feb-26,0,0,0,0,0,0.0,0.0,0.0,0.0,0.0,0.0,0.0,0.35,0.0
Sahibzada Farhan,T20,2025,771,577,58,45,1,66.81,30.84,100.0,100.0,100.0,30.42,53.552859618717505,0.68405,453.5294117647059
Sahibzada Farhan,T20,2026,448,288,44,20,1,155.55,49.77,100.0,84.616,100.0,39.885000000000005,66.66666666666666,0.87225,451.0045662100457
Sahil Chauhan,T20,2024,364,176,21,34,3,206.81,52.0,100.0,78.0,100.0,71.0,93.75,0.61595,364.0
Saif Hassan,ODI,11-Mar-26,0,0,0,0,0,0.0,0.0,0.0,0.0,0.0,0.0,0.0,0.35,0.0
Saif Hassan,ODI,13-Mar-26,0,0,0,0,0,0.0,0.0,0.0,0.0,0.0,0.0,0.0,0.35,0.0
Saif Hassan,ODI,2025,180,208,16,11,0,43.265,30.0,49.306,42.0,67.9795,15.0,38.94230769230769,0.566325,82.19178082191782
Saif Hassan,ODI,2026,117,161,15,1,0,36.335,19.5,44.534,27.3,15.9005,9.75,29.81366459627329,0.531675,95.93367548361627
Saif Hassan,T20,2025,391,305,18,29,2,64.095,30.07,61.638000000000005,63.156000000000006,100.0,45.035,46.22950819672131,0.670475,391.0
Saim Ayub,ODI,04-Nov-24,0,0,0,0,0,0.0,0.0,0.0,0.0,0.0,0.0,0.0,0.35,0.0
Saim Ayub,ODI,10-Nov-24,0,0,0,0,0,0.0,0.0,0.0,0.0,0.0,0.0,0.0,0.35,0.0
Saim Ayub,ODI,2024,515,488,59,16,1,52.765,64.37,100.0,100.0,95.8295,47.185,46.10655737704918,0.613825,235.15981735159818
Saim Ayub,ODI,2025,236,263,29,5,0,44.865,29.5,75.946,47.2,38.4595,14.75,38.78326996197718,0.5743250000000001,235.49151204105803
Saim Ayub,ODI,22-Dec-24,0,0,0,0,0,0.0,0.0,0.0,0.0,0.0,0.0,0.0,0.35,150.57156251126898
Saim Ayub,T20,12-Jan-24,0,0,0,0,0,0.0,0.0,0.0,0.0,0.0,0.0,0.0,0.35,0.0
Saim Ayub,T20,15-Feb-26,0,0,0,0,0,0.0,0.0,0.0,0.0,0.0,0.0,0.0,0.35,0.0
Saim Ayub,T20,17-Jan-24,0,0,0,0,0,0.0,0.0,0.0,0.0,0.0,0.0,0.0,0.35,0.0
Saim Ayub,T20,2024,375,261,47,17,2,71.835,23.43,100.0,56.244,100.0,41.715,73.5632183908046,0.7091749999999999,148.04579549940783
Saim Ayub,T20,2025,1048,450,51,28,1,49.606666666666676,22.23,100.0,100.0,100.0,26.115000000000002,52.666666666666664,0.5980333333333334,472.57581767696803
Saim Ayub,T20,2026,354,144,25,9,0,54.693333333333335,21.9,71.87733333333334,52.92,61.408,10.95,70.83333333333333,0.6234666666666666,432.2599509718922
Saim Ayub,TEST,2024,502,657,38,4,0,30.8,34.5,88.32,77.80000000000001,29.240000000000002,17.25,19.17808219178082,0.504,502.0
Sajid Khan,TEST,2024,610,125,5,4,1,52.205,23.77,30.882,80.016,35.6615,26.884999999999998,21.599999999999998,0.611025,610.0
Sajid Khan,TEST,2025,590,102,6,2,1,34.919999999999995,25.0,25.967999999999996,79.0,20.476,27.5,23.52941176470588,0.5246,598.2352941176471
Salman Agha,ODI,12-Feb-25,0,0,0,0,0,0.0,0.0,0.0,0.0,0.0,0.0,0.0,0.35,0.0
Salman Agha,ODI,13-Mar-26,0,0,0,0,0,0.0,0.0,0.0,0.0,0.0,0.0,0.0,0.35,0.0
Salman Agha,ODI,2024,420,219,15,6,1,59.165000000000006,41.8,53.666000000000004,75.44,47.7495,35.9,28.767123287671232,0.6458250000000001,191.78082191780823
Salman Agha,ODI,2025,667,715,60,8,2,46.64,47.64,100.0,100.0,53.992,53.82,28.53146853146853,0.5832,379.39202526648245
Salman Agha,ODI,2026,175,168,17,6,0,52.08,58.33,54.832,64.164,45.623999999999995,29.165,41.07142857142858,0.6103999999999999,305.68677653167936
Salman Agha,T20,07-Feb-26,0,0,0,0,0,0.0,0.0,0.0,0.0,0.0,0.0,0.0,0.35,0.0
Salman Agha,T20,2025,625,542,51,19,8,57.655,26.04,100.0,83.332,100.0,100.0,38.745387453874535,0.638275,367.64705882352945
Salman Agha,T20,2026,241,139,25,13,0,86.69,21.9,84.676,41.620000000000005,91.007,10.95,82.01438848920864,0.78345,309.8173515981735
Salman Agha,TEST,08-May-26,0,0,0,0,0,0.0,0.0,0.0,0.0,0.0,0.0,0.0,0.35,0.0
Salman Agha,TEST,12-Oct-25,0,0,0,0,0,0.0,0.0,0.0,0.0,0.0,0.0,0.0,0.35,0.0
Salman Agha,TEST,17-Jan-25,0,0,0,0,0,0.0,0.0,0.0,0.0,0.0,0.0,0.0,0.35,0.0
Salman Agha,TEST,20-Oct-25,0,0,0,0,0,0.0,0.0,0.0,0.0,0.0,0.0,0.0,0.35,0.0
Salman Agha,TEST,2024,826,663,47,7,2,54.54333333333333,62.0,100.0,100.0,51.363,61.0,24.434389140271495,0.6227166666666666,297.86159893260253
Salman Agha,TEST,2025,498,502,22,3,0,46.39000000000001,55.25,62.556000000000004,94.0,28.917,27.625,14.9402390438247,0.5819500000000001,365.90880499937106
Salman Agha,TEST,2026,58,94,6,1,0,30.85,58.0,24.340000000000003,52.2,14.255,29.0,22.340425531914892,0.50425,265.2461619991245
Salman Mirza,T20,2025,265,0,0,0,0,15.62,16.56,6.248,39.748,4.686,8.28,0.0,0.42810000000000004,265.0
Sami Sohail,T20,2024,515,381,41,20,5,135.17,51.5,100.0,92.7,100.0,100.0,48.03149606299213,0.95,515.0
Sami Sohail,T20,2025,1117,501,55,28,1,73.55,33.73,100.0,100.0,100.0,31.865,49.700598802395206,0.7177500000000001,869.1176470588235
Sami Sohail,T20,2026,117,74,16,3,1,158.1,39.0,95.24000000000001,42.900000000000006,62.43,34.5,77.02702702702702,0.8595,525.6849315068494
Sami Sohail,T20,28-Jun-24,0,0,0,0,0,0.0,0.0,0.0,0.0,0.0,0.0,0.0,0.35,318.15041452822743
Saqlain Arshad,T20,2024,306,242,38,10,0,126.44,17.0,100.0,44.2,87.93199999999999,8.5,59.50413223140496,0.95,306.0
Sarawut Maliwan,T20,2024,382,0,0,0,0,16.81,17.36,6.724,52.088,5.042999999999999,8.68,0.0,0.43405,382.0
Saud Shakeel,TEST,08-May-26,0,0,0,0,0,0.0,0.0,0.0,0.0,0.0,0.0,0.0,0.35,0.0
Saud Shakeel,TEST,2024,544,951,44,1,0,57.2,41.84,100.0,87.872,22.16,20.92,14.19558359621451,0.636,320.0
Saud Shakeel,TEST,2025,269,559,21,0,0,48.12,26.9,61.248000000000005,48.42,14.435999999999998,13.45,11.270125223613597,0.5906,296.71232876712327
Saud Shakeel,TEST,2026,0,0,0,0,0,0.0,0.0,0.0,0.0,0.0,0.0,0.0,0.35,179.57362810896169
Sayed Monib,T20,2024,0,0,0,0,0,0.0,0.0,0.0,0.0,0.0,0.0,0.0,0.35,0.0
Scott Austin,T20,02-Nov-25,0,0,0,0,0,0.0,0.0,0.0,0.0,0.0,0.0,0.0,0.35,0.0
Scott Austin,T20,18-Jun-24,0,0,0,0,0,0.0,0.0,0.0,0.0,0.0,0.0,0.0,0.35,0.0
Scott Austin,T20,2024,0,0,0,0,0,0.0,0.0,0.0,0.0,0.0,0.0,0.0,0.35,0.0
Scott Austin,T20,2025,0,0,0,0,0,0.0,0.0,0.0,0.0,0.0,0.0,0.0,0.35,0.0
Sedik Sahak,T20,06-Sep-25,0,0,0,0,0,0.0,0.0,0.0,0.0,0.0,0.0,0.0,0.35,0.0
Sediqullah Atal,ODI,19-Dec-24,0,0,0,0,0,0.0,0.0,0.0,0.0,0.0,0.0,0.0,0.35,0.0
Sediqullah Atal,ODI,2024,230,277,20,6,0,41.515,46.0,56.606,59.800000000000004,42.454499999999996,23.0,28.158844765342963,0.557575,135.29411764705884
Sediqullah Atal,ODI,2025,147,206,13,3,0,71.35,24.5,54.54,34.3,36.405,12.25,23.300970873786405,0.70675,140.63926940639269
Sediqullah Atal,T20,2025,374,289,24,19,2,129.41,34.0,99.76400000000001,64.6,100.0,47.0,44.636678200692046,0.95,374.0
Sediqullah Atal,T20,2026,151,130,7,6,0,116.15,21.57,60.46000000000001,32.356,64.845,10.785,30.0,0.9307500000000001,242.82352941176472
Selim Salau,T20,2024,565,515,58,11,0,109.7,29.73,100.0,80.284,87.91,14.865,40.19417475728155,0.8985,565.0
Shadab Khan,T20,2026,478,135,17,12,3,89.64,27.12,69.856,69.496,86.892,58.56,64.44444444444444,0.7981999999999999,478.0
Shadman Islam,TEST,08-May-26,0,0,0,0,0,0.0,0.0,0.0,0.0,0.0,0.0,0.0,0.35,0.0
Shadman Islam,TEST,11-Nov-25,0,0,0,0,0,0.0,0.0,0.0,0.0,0.0,0.0,0.0,0.35,0.0
Shadman Islam,TEST,2024,364,733,45,1,1,24.825,28.0,99.93,58.8,12.4475,29.0,18.82673942701228,0.474125,166.21004566210047
Shadman Islam,TEST,2025,477,777,57,2,0,30.69,47.7,100.0,85.86000000000001,19.207,23.85,22.77992277992278,0.50345,288.9064350572444
Shadman Islam,TEST,2026,13,31,2,0,1,20.965,13.0,12.386000000000001,11.700000000000001,6.289499999999999,21.5,19.35483870967742,0.45482500000000003,189.4125707691753
Shadman Islam,TEST,21-Aug-24,0,0,0,0,0,0.0,0.0,0.0,0.0,0.0,0.0,0.0,0.35,125.01215502674106
Shadman Islam,TEST,21-Oct-24,0,0,0,0,0,0.0,0.0,0.0,0.0,0.0,0.0,0.0,0.35,84.14273613443619
Shadman Islam,TEST,28-Apr-25,0,0,0,0,0,0.0,0.0,0.0,0.0,0.0,0.0,0.0,0.35,57.35569572044942
Shah Abrar Hussain,T20,2025,325,289,20,18,3,112.45,36.11,84.98,61.388000000000005,100.0,63.055,39.44636678200692,0.9122499999999999,325.0
Shah Faisal,ODI,2026,130,13,0,0,0,46.92,41.0,18.768,45.800000000000004,14.076,20.5,0.0,0.5846,130.0
Shahadat Hossain,TEST,2024,113,307,13,0,0,18.4,14.12,33.36,22.596,5.52,7.06,12.70358306188925,0.442,113.0
Shaheen Shah Afridi,ODI,13-Mar-26,0,0,0,0,0,0.0,0.0,0.0,0.0,0.0,0.0,0.0,0.35,0.0
Shaheen Shah Afridi,ODI,15-Mar-26,0,0,0,0,0,0.0,0.0,0.0,0.0,0.0,0.0,0.0,0.35,0.0
Shaheen Shah Afridi,ODI,2024,264,0,1,0,0,20.73,17.6,10.292,40.480000000000004,6.219,8.8,100.0,0.45365,120.54794520547945
Shaheen Shah Afridi,ODI,2025,627,0,0,0,0,18.78,39.18,7.5120000000000005,94.04400000000001,5.634,19.59,0.0,0.4439,320.48953809711804
Shaheen Shah Afridi,ODI,2026,156,51,3,2,0,38.75666666666667,28.0,21.50266666666667,38.0,21.627000000000002,14.0,29.41176470588235,0.5437833333333333,261.1734160325989
Shaheen Shah Afridi,T20,10-Feb-26,0,0,0,0,0,0.0,0.0,0.0,0.0,0.0,0.0,0.0,0.35,0.0
Shaheen Shah Afridi,T20,2024,669,0,0,0,0,13.69,18.58,5.476,81.76400000000001,4.106999999999999,9.29,0.0,0.41845,393.5294117647059
Shaheen Shah Afridi,T20,2025,556,0,0,0,0,8.63,21.38,3.4520000000000004,72.70400000000001,2.589,10.69,0.0,0.39315,467.7168949771689
Shaheen Shah Afridi,T20,2026,224,0,0,0,0,6.9,22.4,2.7600000000000002,40.31999999999999,2.07,11.2,0.0,0.3845,371.500197394394
Shaheen Shah Afridi,TEST,08-May-26,0,0,0,0,0,0.0,0.0,0.0,0.0,0.0,0.0,0.0,0.35,0.0
Shaheen Shah Afridi,TEST,2024,67,103,4,3,1,65.04,22.33,34.016000000000005,24.564,34.512,26.165,20.388349514563107,0.6752000000000001,39.411764705882355
Shaheen Shah Afridi,TEST,2025,143,0,0,0,0,47.8,28.6,19.12,37.18000000000001,14.339999999999998,14.3,0.0,0.589,86.7123287671233
Shaheen Shah Afridi,TEST,2026,128,17,2,0,0,46.93333333333334,38.33,22.773333333333337,43.464,14.08,19.165,35.294117647058826,0.5846666666666667,103.01223845242795
Shaheryar Butt,T20,2024,300,234,19,21,3,128.2,25.0,89.28,50.0,100.0,57.5,51.282051282051285,0.95,300.0
Shaheryar Butt,T20,2025,338,256,31,15,2,66.015,33.8,88.406,60.839999999999996,94.8045,46.9,53.90625,0.680075,322.3529411764706
Shahid Afridi,T20,2026,233,48,7,11,1,123.33500000000001,28.75,63.334,46.3,92.0005,29.375,100.0,0.95,233.0
Shahidullah,TEST,02-Jan-25,0,0,0,0,0,0.0,0.0,0.0,0.0,0.0,0.0,0.0,0.35,0.0
Shahzaib Jamil,T20,01-Mar-24,0,0,0,0,0,0.0,0.0,0.0,0.0,0.0,0.0,0.0,0.35,0.0
Shahzaib Jamil,T20,15-Feb-26,0,0,0,0,0,0.0,0.0,0.0,0.0,0.0,0.0,0.0,0.35,0.0
Shahzaib Jamil,T20,2024,0,0,0,0,0,0.0,0.0,0.0,0.0,0.0,0.0,0.0,0.35,0.0
Shahzaib Jamil,T20,2025,274,204,14,21,2,134.31,22.83,81.724,45.664,100.0,41.415,51.470588235294116,0.95,108.17212791156732
Shakeel Ahmed,ODI,08-Apr-26,0,0,0,0,0,0.0,0.0,0.0,0.0,0.0,0.0,0.0,0.35,0.0
Shakeel Ahmed,ODI,10-Apr-26,0,0,0,0,0,0.0,0.0,0.0,0.0,0.0,0.0,0.0,0.35,0.0
Shakeel Ahmed,ODI,2024,186,0,1,0,0,23.29,10.94,11.316,27.352000000000004,6.986999999999999,5.47,100.0,0.46645,84.93150684931507
Shakeel Ahmed,ODI,2025,249,0,0,0,0,20.63,11.31,8.252,33.948,6.188999999999999,5.655,0.0,0.45315,149.70390840900117
Shakeel Ahmed,ODI,2026,343,118,4,2,2,32.17333333333334,27.3,20.869333333333337,56.14,19.652,43.65,15.254237288135593,0.5108666666666667,219.40788287476107
Shakib Al Hasan,TEST,2024,721,284,17,1,1,41.26666666666667,43.53,50.506666666666675,100.0,17.380000000000003,36.765,19.014084507042252,0.5563333333333333,721.0
Shakib Al Hasan,TEST,30-Aug-24,0,0,0,0,0,0.0,0.0,0.0,0.0,0.0,0.0,0.0,0.35,296.88235294117646
Shamim Hossain,ODI,08-Jul-25,0,0,0,0,0,0.0,0.0,0.0,0.0,0.0,0.0,0.0,0.35,0.0
Shamim Hossain,T20,2025,261,215,24,9,4,60.695,15.35,72.278,38.38,63.2085,67.675,46.04651162790698,0.6534749999999999,261.0
Shamyl Hussain,ODI,11-Mar-26,0,0,0,0,0,0.0,0.0,0.0,0.0,0.0,0.0,0.0,0.35,0.0
Shamyl Hussain,ODI,2026,10,29,0,0,0,17.24,5.0,6.896,5.0,5.172,2.5,0.0,0.4362,5.882352941176471
Shan Masood,TEST,08-May-26,0,0,0,0,0,0.0,0.0,0.0,0.0,0.0,0.0,0.0,0.35,0.0
Shan Masood,TEST,2024,410,627,37,3,1,32.695,31.53,87.078,66.224,24.808500000000002,30.765,19.13875598086124,0.513475,241.1764705882353
Shan Masood,TEST,2025,397,731,33,6,0,54.3,39.7,87.72,71.46000000000001,46.29,19.85,16.00547195622435,0.6214999999999999,312.32876712328766
Shan Masood,TEST,2026,9,17,2,0,0,26.47,9.0,14.588000000000001,8.1,7.940999999999999,4.5,35.294117647058826,0.48235,192.57797078562967
Shariq Munir,T20,13-Nov-25,0,0,0,0,0,0.0,0.0,0.0,0.0,0.0,0.0,0.0,0.35,0.0
Shariq Munir,T20,2026,124,0,0,0,0,11.25,15.5,4.5,24.8,3.375,7.75,0.0,0.40625,72.94117647058823
Shariz Ahmad,ODI,15-Aug-24,0,0,0,0,0,0.0,0.0,0.0,0.0,0.0,0.0,0.0,0.35,0.0
Shariz Ahmad,ODI,2024,89,165,8,0,1,26.965,12.71,26.786,19.068,8.0895,21.355,14.545454545454545,0.484825,52.35294117647059
Shayan Jahangir,ODI,2024,263,305,26,4,3,28.74,37.57,63.496,56.356,28.622,63.785,29.508196721311474,0.49369999999999997,263.0
Shayan Jahangir,ODI,2025,194,187,27,3,0,51.87,27.71,74.748,41.568,30.561,13.855,48.12834224598931,0.6093500000000001,222.41176470588238
Shayan Jahangir,T20,10-Feb-26,0,0,0,0,0,0.0,0.0,0.0,0.0,0.0,0.0,0.0,0.35,0.0
Shayan Jahangir,T20,15-Feb-26,0,0,0,0,0,0.0,0.0,0.0,0.0,0.0,0.0,0.0,0.35,0.0
Shayan Jahangir,T20,2025,0,0,0,0,0,0.0,0.0,0.0,0.0,0.0,0.0,0.0,0.35,0.0
Shayan Jahangir,T20,2026,0,0,0,0,0,0.0,0.0,0.0,0.0,0.0,0.0,0.0,0.35,0.0
Shayan Jahangir,T20,26-Apr-25,0,0,0,0,0,0.0,0.0,0.0,0.0,0.0,0.0,0.0,0.35,0.0
Shiraz Khan,T20,2024,258,0,0,0,0,15.05,13.57,6.0200000000000005,36.656000000000006,4.515,6.785,0.0,0.42524999999999996,258.0
Shivam Sharma,ODI,2025,235,0,0,0,0,16.875,29.37,6.75,46.996,5.0625,14.685,0.0,0.434375,235.0
Shivam Sharma,T20,2025,158,0,0,0,0,10.88,9.29,4.352,23.232,3.2640000000000002,4.645,0.0,0.4044,158.0
Shoaib Bashir,TEST,2024,2044,207,11,0,12,33.64333333333334,40.16,35.45733333333334,100.0,10.093000000000002,100.0,15.942028985507246,0.5182166666666668,2044.0
Shoaib Bashir,TEST,2025,684,0,0,0,0,55.36,36.0,22.144000000000002,97.2,16.608,18.0,0.0,0.6268,1244.0000000000002
Shoaib Khan,ODI,2024,117,128,14,2,1,91.4,19.5,64.56,27.3,37.42,24.75,37.5,0.807,117.0
Shoaib Rafiq,T20,2024,169,0,0,0,0,12.57,8.89,5.0280000000000005,24.012,3.771,4.445,0.0,0.41284999999999994,169.0
Shoriful Islam,ODI,2024,347,0,0,0,0,52.85,49.57,21.14,74.35600000000001,15.855,24.785,0.0,0.61425,347.0
Shoriful Islam,ODI,2026,79,3,0,0,0,21.909999999999997,15.6,8.764,20.380000000000003,6.572999999999999,7.8,0.0,0.45954999999999996,189.35294117647058
Shoriful Islam,T20,2025,436,0,0,0,0,19.23,25.64,7.692,64.112,5.769,12.82,0.0,0.44615000000000005,436.0
Shoriful Islam,TEST,2024,293,0,0,0,0,94.0,48.83,37.6,68.364,28.2,24.415,0.0,0.82,293.0
Shubman Gill,ODI,09-Feb-25,0,0,0,0,0,0.0,0.0,0.0,0.0,0.0,0.0,0.0,0.35,0.0
Shubman Gill,ODI,2025,490,552,59,8,1,44.38,49.0,100.0,88.2,53.314,39.5,36.41304347826087,0.5719,288.2352941176471
Shubman Gill,ODI,2026,135,142,16,3,0,95.07,45.0,70.02799999999999,49.5,43.521,22.5,40.14084507042253,0.8253499999999999,218.2648401826484
Shubman Gill,T20,2025,291,212,38,4,3,137.26,24.25,100.0,48.5,61.178,57.125,59.43396226415095,0.95,291.0
Shubman Gill,TEST,02-Feb-24,0,0,0,0,0,0.0,0.0,0.0,0.0,0.0,0.0,0.0,0.35,0.0
Shubman Gill,TEST,02-Jul-25,0,0,0,0,0,0.0,0.0,0.0,0.0,0.0,0.0,0.0,0.35,0.0
Shubman Gill,TEST,2024,866,1393,88,18,2,31.08,43.3,100.0,100.0,99.324,51.65,22.82842785355348,0.5054,395.4337899543379
Shubman Gill,TEST,2025,983,1543,112,15,2,31.85,70.21,100.0,100.0,84.555,65.10499999999999,24.692158133506155,0.50925,627.3983418870904
Sikandar Raza,ODI,06-Jan-24,0,0,0,0,0,0.0,0.0,0.0,0.0,0.0,0.0,0.0,0.35,0.0
Sikandar Raza,ODI,2024,335,171,13,2,2,56.769999999999996,31.28,48.708,58.524,27.031,45.64,26.31578947368421,0.63385,197.05882352941177
Sikandar Raza,ODI,2025,217,225,19,1,1,96.44,72.33,76.576,79.56400000000001,33.932,51.165,26.666666666666668,0.8321999999999999,206.16438356164383
Sikandar Raza,ODI,29-Aug-25,0,0,0,0,0,0.0,0.0,0.0,0.0,0.0,0.0,0.0,0.35,124.77299644690089
Sikandar Raza,T20,2024,1107,391,48,29,3,83.49499999999999,28.65,100.0,100.0,100.0,59.325,59.07928388746803,0.767475,1107.0
Sikandar Raza,T20,2025,1075,420,46,18,3,49.89666666666667,24.36,100.0,100.0,100.0,57.18,45.714285714285715,0.5994833333333334,1088.1764705882354
Sikandar Raza,T20,2026,206,125,17,13,2,164.8,51.5,99.92,61.800000000000004,100.0,55.75,72.0,0.826,685.3561643835617
Sikandar Raza,TEST,02-Jan-25,0,0,0,0,0,0.0,0.0,0.0,0.0,0.0,0.0,0.0,0.35,0.0
Sikandar Raza,TEST,2025,588,403,28,0,0,58.096666666666664,56.83,79.23866666666666,100.0,17.429,28.415,20.843672456575682,0.6404833333333333,345.88235294117646
Simranjeet Singh,ODI,2025,247,0,0,0,0,28.5,20.58,11.4,41.164,8.549999999999999,10.29,0.0,0.4925,247.0
Sohaib Khan,T20,2026,136,104,10,9,1,130.76,22.66,72.304,31.728,84.228,26.33,54.80769230769231,0.95,136.0
Sohail Ahmed,T20,2025,755,606,49,34,16,62.29,62.91,100.0,100.0,100.0,100.0,41.089108910891085,0.66145,755.0
Sohail Ahmed,T20,2026,298,276,17,13,1,53.985,27.09,55.594,51.472,81.1955,28.545,32.608695652173914,0.619925,486.1764705882353
Sohel Ebrahim Desai,T20,11-Dec-24,0,0,0,0,0,0.0,0.0,0.0,0.0,0.0,0.0,0.0,0.35,0.0
Sohel Ebrahim Desai,T20,2024,0,0,0,0,0,0.0,0.0,0.0,0.0,0.0,0.0,0.0,0.35,0.0
Sompal Kami,ODI,2024,543,154,9,6,1,40.82,29.0,34.328,77.5,42.246,29.5,29.22077922077922,0.5540999999999999,543.0
Sompal Kami,ODI,2026,182,33,1,0,2,35.504999999999995,20.62,16.201999999999998,34.696,10.651499999999999,40.31,9.090909090909092,0.527525,330.6470588235294
Soumya Sarkar,ODI,12-Dec-24,0,0,0,0,0,0.0,0.0,0.0,0.0,0.0,0.0,0.0,0.35,0.0
Soumya Sarkar,ODI,2024,257,288,31,7,0,44.615,32.12,79.846,51.396,48.3845,16.06,39.583333333333336,0.573075,151.1764705882353
Soumya Sarkar,ODI,2025,140,186,11,5,0,75.26,35.0,52.104,42.0,47.578,17.5,25.806451612903228,0.7263,146.07305936073058
Soumya Sarkar,ODI,2026,53,37,3,1,0,47.135,27.0,24.854,26.900000000000002,19.1405,13.5,32.432432432432435,0.585675,109.32885906040266
Soumya Sarkar,T20,09-Mar-24,0,0,0,0,0,0.0,0.0,0.0,0.0,0.0,0.0,0.0,0.35,0.0
Soumya Sarkar,T20,2024,0,0,0,0,0,0.0,0.0,0.0,0.0,0.0,0.0,0.0,0.35,0.0
Swann Htet Ko Ko,T20,07-Nov-25,0,0,0,0,0,0.0,0.0,0.0,0.0,0.0,0.0,0.0,0.35,0.0
Swann Htet Ko Ko,T20,2024,0,0,0,0,0,0.0,0.0,0.0,0.0,0.0,0.0,0.0,0.35,0.0
Swann Htet Ko Ko,T20,2025,0,0,0,0,0,0.0,0.0,0.0,0.0,0.0,0.0,0.0,0.35,0.0
Syed Aziz,T20,2024,863,385,44,27,3,75.55,29.11,100.0,100.0,100.0,59.555,55.324675324675326,0.72775,863.0
Syed Aziz,T20,2025,1087,382,33,31,3,73.26,24.95,95.304,100.0,100.0,57.475,50.261780104712045,0.7162999999999999,994.7647058823529
Syed Aziz,T20,2026,254,111,7,8,0,69.945,27.2,41.977999999999994,47.16,60.98349999999999,13.6,40.54054054054054,0.6997249999999999,656.5159817351598
Syed Aziz,T20,22-Aug-24,0,0,0,0,0,0.0,0.0,0.0,0.0,0.0,0.0,0.0,0.35,397.33083300434265
Syed Haider,T20,2024,0,0,0,0,0,0.0,0.0,0.0,0.0,0.0,0.0,0.0,0.35,0.0
Syed Haider,T20,21-Apr-24,0,0,0,0,0,0.0,0.0,0.0,0.0,0.0,0.0,0.0,0.35,0.0
Syed Haider,T20,26-Nov-24,0,0,0,0,0,0.0,0.0,0.0,0.0,0.0,0.0,0.0,0.35,0.0
T Banton,T20,11-Feb-26,0,0,0,0,0,0.0,0.0,0.0,0.0,0.0,0.0,0.0,0.35,0.0
T Banton,T20,14-Feb-26,0,0,0,0,0,0.0,0.0,0.0,0.0,0.0,0.0,0.0,0.35,0.0
T Banton,T20,16-Feb-26,0,0,0,0,0,0.0,0.0,0.0,0.0,0.0,0.0,0.0,0.35,0.0
T Banton,T20,2026,245,168,19,12,2,72.915,27.22,67.166,46.275999999999996,81.8745,43.61,55.35714285714286,0.7145750000000001,96.72325305961311
T Bavuma,ODI,2024,119,141,15,2,1,84.39,23.8,63.756,30.940000000000005,35.317,26.9,36.170212765957444,0.7719499999999999,119.0
T Bavuma,ODI,2025,404,481,42,2,0,83.99,40.4,100.0,72.72,35.197,20.2,27.442827442827443,0.76995,286.64705882352945
T Bavuma,ODI,21-Feb-25,0,0,0,0,0,0.0,0.0,0.0,0.0,0.0,0.0,0.0,0.35,155.7579908675799
T Bavuma,TEST,2024,503,941,45,6,1,53.45,55.88,100.0,95.004,46.035,42.94,16.259298618490966,0.61725,503.0
T Bavuma,TEST,2025,310,647,27,3,1,23.955,51.66,63.582,72.328,22.1865,40.83,13.910355486862443,0.469775,389.4705882352941
T Chanderpaul,TEST,2025,110,345,10,1,0,31.88,18.33,32.752,25.664,14.564,9.165,9.565217391304348,0.5094,110.0
T Gwandu,TEST,2025,212,0,0,0,0,54.0,53.0,21.6,63.60000000000001,16.2,26.5,0.0,0.62,212.0
T Jamtsho,T20,2024,309,246,30,16,3,62.8,19.31,85.12,46.348,98.84,54.655,56.09756097560975,0.664,309.0
T Kaitano,TEST,02-Jan-25,0,0,0,0,0,0.0,0.0,0.0,0.0,0.0,0.0,0.0,0.35,0.0
T Kaitano,TEST,06-Feb-25,0,0,0,0,0,0.0,0.0,0.0,0.0,0.0,0.0,0.0,0.35,0.0
T Kaitano,TEST,2025,113,284,13,1,0,19.89,14.12,33.956,22.596,10.966999999999999,7.06,14.788732394366196,0.44945,51.598173515981735
T Lungameni,ODI,20-Sep-24,0,0,0,0,0,0.0,0.0,0.0,0.0,0.0,0.0,0.0,0.35,0.0
T Lungameni,ODI,2024,370,0,0,0,0,24.33,41.11,9.732,69.888,7.2989999999999995,20.555,0.0,0.47165,217.64705882352942
T Lungameni,ODI,2025,0,0,0,0,0,0.0,0.0,0.0,0.0,0.0,0.0,0.0,0.35,118.2648401826484
T Marumani,ODI,14-Feb-25,0,0,0,0,0,0.0,0.0,0.0,0.0,0.0,0.0,0.0,0.35,0.0
T Marumani,ODI,16-Feb-25,0,0,0,0,0,0.0,0.0,0.0,0.0,0.0,0.0,0.0,0.35,0.0
T Marumani,ODI,18-Feb-25,0,0,0,0,0,0.0,0.0,0.0,0.0,0.0,0.0,0.0,0.35,0.0
T Marumani,ODI,2024,0,0,0,0,0,0.0,0.0,0.0,0.0,0.0,0.0,0.0,0.35,0.0
T Marumani,ODI,2025,0,0,0,0,0,0.0,0.0,0.0,0.0,0.0,0.0,0.0,0.35,0.0
T Marumani,ODI,24-Nov-24,0,0,0,0,0,0.0,0.0,0.0,0.0,0.0,0.0,0.0,0.35,0.0
T Marumani,T20,2024,420,272,55,15,1,77.205,24.7,100.0,61.760000000000005,98.1615,27.35,77.20588235294117,0.7360249999999999,420.0
T Marumani,T20,2025,432,344,43,12,1,62.79,24.0,100.0,62.400000000000006,78.837,27.0,47.96511627906977,0.6639499999999999,427.05882352941177
T Marumani,T20,2026,131,93,20,4,0,70.43,21.83,68.172,30.564,41.129000000000005,10.915,77.41935483870968,0.70215,291.8721461187215
T Musekiwa,T20,13-Feb-26,0,0,0,0,0,0.0,0.0,0.0,0.0,0.0,0.0,0.0,0.35,0.0
T Musekiwa,T20,2025,257,190,20,7,9,135.26,18.35,94.104,40.38,75.578,100.0,42.63157894736842,0.95,151.1764705882353
T Musekiwa,T20,2026,0,0,0,0,0,0.0,0.0,0.0,0.0,0.0,0.0,0.0,0.35,82.14611872146119
T Rossi,T20,2026,119,77,5,8,3,77.27,39.66,40.908,43.628,63.181,64.83,50.64935064935065,0.73635,119.0
T Sandeep,T20,2024,0,0,0,0,0,0.0,0.0,0.0,0.0,0.0,0.0,0.0,0.35,0.0
T Sandeep,T20,30-Mar-24,0,0,0,0,0,0.0,0.0,0.0,0.0,0.0,0.0,0.0,0.35,0.0
T Stubbs,ODI,2024,243,267,13,8,2,91.01,48.6,62.404,63.18000000000001,67.303,54.3,23.595505617977526,0.8050499999999999,243.0
T Stubbs,ODI,2025,143,185,6,2,0,77.29,20.42,42.916000000000004,30.636000000000003,33.187,10.21,12.972972972972974,0.73645,184.1764705882353
T Stubbs,T20,09-Feb-26,0,0,0,0,0,0.0,0.0,0.0,0.0,0.0,0.0,0.0,0.35,0.0
T Stubbs,T20,2024,431,343,40,13,4,62.825,35.91,100.0,71.828,83.8475,77.955,46.35568513119534,0.664125,253.52941176470588
T Stubbs,T20,2026,145,105,5,7,5,69.045,72.5,37.618,72.5,55.713499999999996,100.0,34.285714285714285,0.6952250000000001,203.97260273972603
T Stubbs,T20,22-Feb-26,0,0,0,0,0,0.0,0.0,0.0,0.0,0.0,0.0,0.0,0.35,123.44650611922621
T Stubbs,TEST,07-Aug-24,0,0,0,0,0,0.0,0.0,0.0,0.0,0.0,0.0,0.0,0.35,0.0
T Stubbs,TEST,2024,500,952,42,8,1,26.26,35.71,94.504,78.568,47.878,32.855000000000004,15.756302521008404,0.4813,294.11764705882354
T Stubbs,TEST,2025,259,680,20,4,1,38.08,25.9,55.232,46.62,31.424,27.95,10.588235294117647,0.5404,278.0821917808219
T Stubbs,TEST,27-Nov-24,0,0,0,0,0,0.0,0.0,0.0,0.0,0.0,0.0,0.0,0.35,168.2984603237268
T Suri,ODI,2024,0,0,0,0,0,0.0,0.0,0.0,0.0,0.0,0.0,0.0,0.35,0.0
T Suri,ODI,28-Feb-24,0,0,0,0,0,0.0,0.0,0.0,0.0,0.0,0.0,0.0,0.35,0.0
T Suri,T20,11-Mar-24,0,0,0,0,0,0.0,0.0,0.0,0.0,0.0,0.0,0.0,0.35,0.0
T Suri,T20,2024,0,0,0,0,0,0.0,0.0,0.0,0.0,0.0,0.0,0.0,0.35,0.0
T Tshose,T20,08-Dec-24,0,0,0,0,0,0.0,0.0,0.0,0.0,0.0,0.0,0.0,0.35,0.0
T Wangchuk,T20,2024,481,0,0,0,0,18.25,24.05,7.300000000000001,67.34,5.475,12.025,0.0,0.44125,481.0
T de Zorzi,ODI,2024,173,195,16,6,0,88.71,24.71,67.48400000000001,37.068,56.613,12.355,33.84615384615385,0.7935499999999999,173.0
T de Zorzi,ODI,2025,256,241,33,6,1,106.22,32.0,100.0,51.2,61.866,31.0,48.54771784232366,0.8811,221.82352941176472
T de Zorzi,TEST,20-Oct-25,0,0,0,0,0,0.0,0.0,0.0,0.0,0.0,0.0,0.0,0.35,0.0
T de Zorzi,TEST,2024,458,805,44,6,0,28.445,30.53,99.378,70.224,38.533500000000004,15.265,18.633540372670808,0.49222499999999997,269.4117647058824
T de Zorzi,TEST,2025,319,576,24,7,1,27.69,31.9,59.076,57.42,43.307,30.95,16.145833333333336,0.48845,292.05479452054794
T de Zorzi,TEST,28-Jun-25,0,0,0,0,0,0.0,0.0,0.0,0.0,0.0,0.0,0.0,0.35,176.75483616265296
TA Blundell,TEST,01-Nov-24,0,0,0,0,0,0.0,0.0,0.0,0.0,0.0,0.0,0.0,0.35,0.0
TA Blundell,TEST,04-Feb-24,0,0,0,0,0,0.0,0.0,0.0,0.0,0.0,0.0,0.0,0.35,0.0
TA Blundell,TEST,06-Dec-24,0,0,0,0,0,0.0,0.0,0.0,0.0,0.0,0.0,0.0,0.35,0.0
TA Blundell,TEST,07-Aug-25,0,0,0,0,0,0.0,0.0,0.0,0.0,0.0,0.0,0.0,0.35,0.0
TA Blundell,TEST,08-Mar-24,0,0,0,0,0,0.0,0.0,0.0,0.0,0.0,0.0,0.0,0.35,0.0
TA Blundell,TEST,13-Feb-24,0,0,0,0,0,0.0,0.0,0.0,0.0,0.0,0.0,0.0,0.35,0.0
TA Blundell,TEST,16-Oct-24,0,0,0,0,0,0.0,0.0,0.0,0.0,0.0,0.0,0.0,0.35,0.0
TA Blundell,TEST,18-Dec-25,0,0,0,0,0,0.0,0.0,0.0,0.0,0.0,0.0,0.0,0.35,0.0
TA Blundell,TEST,18-Sep-24,0,0,0,0,0,0.0,0.0,0.0,0.0,0.0,0.0,0.0,0.35,0.0
TA Blundell,TEST,2024,466,644,48,11,2,36.18,23.3,100.0,65.24000000000001,65.854,41.65,27.484472049689444,0.5309,143.86379616436133
TA Blundell,TEST,2025,0,0,0,0,0,0.0,0.0,0.0,0.0,0.0,0.0,0.0,0.35,99.83404527585827
TA Blundell,TEST,26-Sep-24,0,0,0,0,0,0.0,0.0,0.0,0.0,0.0,0.0,0.0,0.35,69.46346375176442
TA Blundell,TEST,28-Nov-24,0,0,0,0,0,0.0,0.0,0.0,0.0,0.0,0.0,0.0,0.35,48.42054183820747
TA Blundell,TEST,29-Feb-24,0,0,0,0,0,0.0,0.0,0.0,0.0,0.0,0.0,0.0,0.35,33.79518675407857
TA Blundell,TEST,30-Jul-25,0,0,0,0,0,0.0,0.0,0.0,0.0,0.0,0.0,0.0,0.35,23.608267703063493
TA Imlach,TEST,02-Dec-25,0,0,0,0,0,0.0,0.0,0.0,0.0,0.0,0.0,0.0,0.35,0.0
TA Imlach,TEST,10-Dec-25,0,0,0,0,0,0.0,0.0,0.0,0.0,0.0,0.0,0.0,0.35,0.0
TA Imlach,TEST,10-Oct-25,0,0,0,0,0,0.0,0.0,0.0,0.0,0.0,0.0,0.0,0.35,0.0
TA Imlach,TEST,17-Jan-25,0,0,0,0,0,0.0,0.0,0.0,0.0,0.0,0.0,0.0,0.35,0.0
TA Imlach,TEST,18-Dec-25,0,0,0,0,0,0.0,0.0,0.0,0.0,0.0,0.0,0.0,0.35,0.0
TA Imlach,TEST,2025,169,476,15,2,1,17.75,15.36,37.1,29.188,15.325,22.68,10.714285714285714,0.43875,57.460126412278115
TA Imlach,TEST,25-Jan-25,0,0,0,0,0,0.0,0.0,0.0,0.0,0.0,0.0,0.0,0.35,38.675057268834806
TB Robinson,T20,02-May-26,0,0,0,0,0,0.0,0.0,0.0,0.0,0.0,0.0,0.0,0.35,0.0
TB Robinson,T20,2025,402,278,31,19,3,144.6,44.66,100.0,75.928,100.0,67.33,53.956834532374096,0.927,236.47058823529412
TB Robinson,T20,2026,125,97,12,3,0,64.43,15.62,49.772000000000006,24.996000000000002,34.329,7.81,46.391752577319586,0.67215,185.57077625570776
TC Barker,T20,26-Jul-25,0,0,0,0,0,0.0,0.0,0.0,0.0,0.0,0.0,0.0,0.35,0.0
TE Tsiga,TEST,20-Oct-25,0,0,0,0,0,0.0,0.0,0.0,0.0,0.0,0.0,0.0,0.35,0.0
TE Tsiga,TEST,2025,178,458,23,0,2,19.43,16.18,53.772,30.744,5.829,38.09,15.065502183406114,0.44715000000000005,104.70588235294117
TE Tsiga,TEST,22-May-25,0,0,0,0,0,0.0,0.0,0.0,0.0,0.0,0.0,0.0,0.35,56.89497716894977
TE Tsiga,TEST,28-Apr-25,0,0,0,0,0,0.0,0.0,0.0,0.0,0.0,0.0,0.0,0.35,34.43347808922227
TE Tsiga,TEST,30-Jul-25,0,0,0,0,0,0.0,0.0,0.0,0.0,0.0,0.0,0.0,0.35,22.01651581262847
TG Southee,T20,14-Jan-24,0,0,0,0,0,0.0,0.0,0.0,0.0,0.0,0.0,0.0,0.35,0.0
TG Southee,TEST,04-Feb-24,0,0,0,0,0,0.0,0.0,0.0,0.0,0.0,0.0,0.0,0.35,0.0
TG Southee,TEST,13-Feb-24,0,0,0,0,0,0.0,0.0,0.0,0.0,0.0,0.0,0.0,0.35,0.0
TG Southee,TEST,2024,1191,238,13,12,0,58.18666666666667,59.11,49.27466666666667,100.0,77.456,29.555,31.51260504201681,0.6409333333333334,543.8356164383562
TH David,T20,2024,304,178,23,20,8,85.39,30.4,80.156,54.72,100.0,100.0,72.47191011235955,0.7769499999999999,304.0
TH David,T20,2025,395,200,26,36,2,98.75,49.37,91.5,78.99600000000001,100.0,54.685,93.0,0.84375,357.52941176470586
TL Chivanga,TEST,2025,656,166,8,2,2,28.55666666666667,43.0,27.422666666666668,100.0,18.567,51.5,18.072289156626507,0.49278333333333335,656.0
TL Seifert,ODI,05-Apr-25,0,0,0,0,0,0.0,0.0,0.0,0.0,0.0,0.0,0.0,0.35,0.0
TL Seifert,ODI,2025,0,0,0,0,0,0.0,0.0,0.0,0.0,0.0,0.0,0.0,0.35,0.0
TL Seifert,T20,08-Feb-26,0,0,0,0,0,0.0,0.0,0.0,0.0,0.0,0.0,0.0,0.35,0.0
TL Seifert,T20,17-Jan-24,0,0,0,0,0,0.0,0.0,0.0,0.0,0.0,0.0,0.0,0.35,0.0
TL Seifert,T20,2024,0,0,0,0,0,0.0,0.0,0.0,0.0,0.0,0.0,0.0,0.35,0.0
TL Seifert,T20,2025,559,340,54,33,3,82.205,50.81,100.0,96.548,100.0,70.405,76.76470588235293,0.761025,220.68693249111726
TL Seifert,T20,2026,429,259,48,19,1,82.815,39.0,100.0,74.1,100.0,34.5,77.6061776061776,0.764075,295.80613753560993
TL Seifert,T20,25-Feb-24,0,0,0,0,0,0.0,0.0,0.0,0.0,0.0,0.0,0.0,0.35,195.2318295100249
TL Seifert,T20,25-Feb-26,0,0,0,0,0,0.0,0.0,0.0,0.0,0.0,0.0,0.0,0.35,131.40594458187948
TL Seifert,T20,27-Feb-26,0,0,0,0,0,0.0,0.0,0.0,0.0,0.0,0.0,0.0,0.35,89.57254921274162
TL Seifert,T20,28-Jan-26,0,0,0,0,0,0.0,0.0,0.0,0.0,0.0,0.0,0.0,0.35,61.57081340689205
TL Seifert,T20,31-Jan-26,0,0,0,0,0,0.0,0.0,0.0,0.0,0.0,0.0,0.0,0.35,42.5626354033662
TM Head,ODI,2024,314,210,34,11,1,65.5,63.0,94.2,81.80000000000001,74.65,46.5,64.28571428571428,0.6775,314.0
TM Head,ODI,2025,362,302,51,9,1,119.86,40.22,100.0,68.376,80.958,35.11,59.602649006622514,0.9493,342.235294117647
TM Head,T20,2024,539,302,62,33,1,178.47,38.5,100.0,84.7,100.0,34.25,94.37086092715232,0.75765,539.0
TM Head,T20,2026,138,88,20,5,0,156.81,23.0,100.0,32.2,72.043,11.5,85.22727272727273,0.86595,303.11764705882354
TM Head,TEST,03-Jan-24,0,0,0,0,0,0.0,0.0,0.0,0.0,0.0,0.0,0.0,0.35,0.0
TM Head,TEST,04-Jan-26,0,0,0,0,0,0.0,0.0,0.0,0.0,0.0,0.0,0.0,0.35,0.0
TM Head,TEST,17-Jan-24,0,0,0,0,0,0.0,0.0,0.0,0.0,0.0,0.0,0.0,0.35,0.0
TM Head,TEST,2024,713,712,67,8,0,43.879999999999995,40.53,100.0,100.0,53.164,20.265,31.601123595505616,0.5694,281.4844058428741
TM Head,TEST,2025,817,1029,97,9,1,39.695,40.85,100.0,100.0,56.908500000000004,35.425,30.903790087463555,0.5484749999999999,474.5952183476975
TM Head,TEST,2026,192,201,28,1,0,47.76,96.0,75.104,96.00000000000001,19.328,48.0,43.28358208955224,0.5888,378.51263272779204
TM Head,TEST,29-Feb-24,0,0,0,0,0,0.0,0.0,0.0,0.0,0.0,0.0,0.0,0.35,254.76793494482678
TM Head,TEST,29-Jan-25,0,0,0,0,0,0.0,0.0,0.0,0.0,0.0,0.0,0.0,0.35,173.66195618688087
TP Ura,T20,2026,180,88,13,10,1,204.54,180.0,100.0,100.0,100.0,100.0,78.4090909090909,0.6273000000000001,180.0
TT Maposa,T20,2025,0,0,0,0,0,0.0,0.0,0.0,0.0,0.0,0.0,0.0,0.35,0.0
TV Badri Narayanan,T20,11-Mar-25,0,0,0,0,0,0.0,0.0,0.0,0.0,0.0,0.0,0.0,0.35,0.0
TV Badri Narayanan,T20,2025,0,0,0,0,0,0.0,0.0,0.0,0.0,0.0,0.0,0.0,0.35,0.0
TV Badri Narayanan,T20,2026,0,0,0,0,0,0.0,0.0,0.0,0.0,0.0,0.0,0.0,0.35,0.0
TV Valivarthi,T20,05-Feb-25,0,0,0,0,0,0.0,0.0,0.0,0.0,0.0,0.0,0.0,0.35,0.0
TV Valivarthi,T20,2025,0,0,0,0,0,0.0,0.0,0.0,0.0,0.0,0.0,0.0,0.35,0.0
TW Hartley,TEST,2024,980,284,23,6,0,66.75,36.13,72.7,100.0,50.025,18.065,30.633802816901408,0.68375,980.0
TW Hartley,TEST,25-Jan-24,0,0,0,0,0,0.0,0.0,0.0,0.0,0.0,0.0,0.0,0.35,403.5294117647059
TW Nightingale,T20,2024,295,188,27,15,0,156.91,24.58,100.0,49.164,100.0,12.29,67.02127659574468,0.86545,295.0
TWM Latham,ODI,02-Mar-25,0,0,0,0,0,0.0,0.0,0.0,0.0,0.0,0.0,0.0,0.35,0.0
TWM Latham,ODI,05-Mar-25,0,0,0,0,0,0.0,0.0,0.0,0.0,0.0,0.0,0.0,0.35,0.0
TWM Latham,ODI,08-Feb-25,0,0,0,0,0,0.0,0.0,0.0,0.0,0.0,0.0,0.0,0.35,0.0
TWM Latham,ODI,08-Jan-25,0,0,0,0,0,0.0,0.0,0.0,0.0,0.0,0.0,0.0,0.35,0.0
TWM Latham,ODI,09-Mar-25,0,0,0,0,0,0.0,0.0,0.0,0.0,0.0,0.0,0.0,0.35,0.0
TWM Latham,ODI,10-Feb-25,0,0,0,0,0,0.0,0.0,0.0,0.0,0.0,0.0,0.0,0.35,0.0
TWM Latham,ODI,11-Jan-25,0,0,0,0,0,0.0,0.0,0.0,0.0,0.0,0.0,0.0,0.35,0.0
TWM Latham,ODI,17-Apr-26,0,0,0,0,0,0.0,0.0,0.0,0.0,0.0,0.0,0.0,0.35,0.0
TWM Latham,ODI,19-Feb-25,0,0,0,0,0,0.0,0.0,0.0,0.0,0.0,0.0,0.0,0.35,0.0
TWM Latham,ODI,20-Apr-26,0,0,0,0,0,0.0,0.0,0.0,0.0,0.0,0.0,0.0,0.35,0.0
TWM Latham,ODI,2025,365,445,30,4,2,41.01,26.07,76.404,57.356,32.303,43.035,22.921348314606742,0.5550499999999999,111.70884894447663
TWM Latham,ODI,2026,33,63,3,0,0,17.46,11.0,12.984000000000002,12.100000000000001,5.238,5.5,14.285714285714285,0.4373,87.7647774913902
TWM Latham,ODI,22-Nov-25,0,0,0,0,0,0.0,0.0,0.0,0.0,0.0,0.0,0.0,0.35,61.177745118344816
TWM Latham,ODI,23-Apr-26,0,0,0,0,0,0.0,0.0,0.0,0.0,0.0,0.0,0.0,0.35,42.699095114967456
TWM Latham,ODI,26-Oct-25,0,0,0,0,0,0.0,0.0,0.0,0.0,0.0,0.0,0.0,0.35,29.82826150623552
TWM Latham,ODI,29-Oct-25,0,0,0,0,0,0.0,0.0,0.0,0.0,0.0,0.0,0.0,0.35,20.84994547904852
TWM Latham,T20,15-Mar-26,0,0,0,0,0,0.0,0.0,0.0,0.0,0.0,0.0,0.0,0.35,0.0
TWM Latham,T20,20-Mar-26,0,0,0,0,0,0.0,0.0,0.0,0.0,0.0,0.0,0.0,0.35,0.0
TWM Latham,T20,2026,0,0,0,0,0,0.0,0.0,0.0,0.0,0.0,0.0,0.0,0.35,0.0
TWM Latham,TEST,02-Dec-25,0,0,0,0,0,0.0,0.0,0.0,0.0,0.0,0.0,0.0,0.35,0.0
TWM Latham,TEST,13-Feb-24,0,0,0,0,0,0.0,0.0,0.0,0.0,0.0,0.0,0.0,0.35,0.0
TWM Latham,TEST,2024,633,1232,75,1,0,25.685,26.37,100.0,84.396,12.705499999999999,13.185,18.506493506493506,0.478425,289.041095890411
TWM Latham,TEST,2025,427,781,40,3,0,18.223333333333333,71.16,87.28933333333333,99.628,20.467,35.58,16.51728553137004,0.44111666666666666,343.505724437426
TWM Latham,TEST,29-Feb-24,0,0,0,0,0,0.0,0.0,0.0,0.0,0.0,0.0,0.0,0.35,219.6350654502182
Taijul Islam,TEST,08-May-26,0,0,0,0,0,0.0,0.0,0.0,0.0,0.0,0.0,0.0,0.35,0.0
Taijul Islam,TEST,2024,1095,540,19,0,0,50.165,35.52,58.066,100.0,15.049499999999998,17.76,10.555555555555555,0.6008249999999999,644.1176470588235
Taijul Islam,TEST,2025,950,159,9,0,0,32.88666666666666,26.57,31.154666666666664,100.0,9.865999999999998,13.285,16.9811320754717,0.5144333333333333,783.7899543378995
Taijul Islam,TEST,2026,63,23,2,0,0,36.13666666666666,23.0,18.454666666666668,24.700000000000003,10.841,11.5,26.08695652173913,0.5306833333333333,499.23016186340305
Tanvir Islam,ODI,2025,371,0,0,0,0,33.0,23.18,13.200000000000001,55.644000000000005,9.9,11.59,0.0,0.515,371.0
Tanzid Hasan,ODI,06-Nov-24,0,0,0,0,0,0.0,0.0,0.0,0.0,0.0,0.0,0.0,0.35,0.0
Tanzid Hasan,ODI,11-Mar-26,0,0,0,0,0,0.0,0.0,0.0,0.0,0.0,0.0,0.0,0.35,0.0
Tanzid Hasan,ODI,2024,234,230,25,10,0,50.865,33.42,70.346,50.136,65.2595,16.71,45.652173913043484,0.604325,106.84931506849315
Tanzid Hasan,ODI,2025,145,149,19,3,0,97.31,20.71,76.924,31.068,44.193,10.355,44.29530201342282,0.83655,121.91077773391237
Tanzid Hasan,ODI,2026,254,225,23,16,1,56.44,50.8,68.576,66.03999999999999,96.932,40.4,52.0,0.6322,169.54311059824744
Tanzid Hasan,T20,02-Dec-25,0,0,0,0,0,0.0,0.0,0.0,0.0,0.0,0.0,0.0,0.35,0.0
Tanzid Hasan,T20,2024,345,302,38,11,2,114.23,21.56,100.0,51.748000000000005,89.269,40.78,48.675496688741724,0.9211500000000001,202.94117647058823
Tanzid Hasan,T20,2025,775,573,63,41,3,67.625,32.29,100.0,100.0,100.0,61.144999999999996,54.45026178010471,0.688125,464.1552511415525
Tanzim Hasan Sakib,ODI,2025,244,0,0,0,0,23.27,22.18,9.308,42.144,6.981,11.09,0.0,0.46635,244.0
Tanzim Hasan Sakib,T20,2024,488,0,0,0,0,8.045,22.18,3.218,66.544,2.4135,11.09,0.0,0.390225,488.0
Tanzim Hasan Sakib,T20,2025,614,0,0,0,0,9.89,26.69,3.9560000000000004,82.75200000000001,2.967,13.345,0.0,0.39945,562.1176470588235
Taranjeet Singh,T20,2025,523,199,33,9,2,73.035,29.33,95.214,75.764,66.9105,44.665,63.31658291457286,0.715175,523.0
Taranjit Singh,T20,18-Jun-24,0,0,0,0,0,0.0,0.0,0.0,0.0,0.0,0.0,0.0,0.35,0.0
Tarun Sharma,T20,10-Jul-24,0,0,0,0,0,0.0,0.0,0.0,0.0,0.0,0.0,0.0,0.35,0.0
Tashi Phuntsho,T20,09-Dec-25,0,0,0,0,0,0.0,0.0,0.0,0.0,0.0,0.0,0.0,0.35,0.0
Tashi Phuntsho,T20,2025,0,0,0,0,0,0.0,0.0,0.0,0.0,0.0,0.0,0.0,0.35,0.0
Tashi Phuntsho,T20,2026,0,0,0,0,0,0.0,0.0,0.0,0.0,0.0,0.0,0.0,0.35,0.0
Taskin Ahmed,ODI,11-Mar-26,0,0,0,0,0,0.0,0.0,0.0,0.0,0.0,0.0,0.0,0.35,0.0
Taskin Ahmed,ODI,2024,335,0,1,0,0,27.0,23.92,12.8,52.636,8.1,11.96,100.0,0.485,197.05882352941177
Taskin Ahmed,ODI,2025,222,0,0,0,0,34.5,27.75,13.8,44.400000000000006,10.35,13.875,0.0,0.5225,208.44748858447488
Taskin Ahmed,ODI,2026,240,19,0,0,0,22.203333333333333,25.88,8.881333333333334,44.704,6.661,12.94,0.0,0.4610166666666667,220.90406632451638
Taskin Ahmed,T20,2024,498,0,0,0,0,14.26,16.6,5.704000000000001,63.08,4.278,8.3,0.0,0.4213,498.0
Taskin Ahmed,T20,2025,444,0,0,0,0,12.33,18.5,4.932,59.2,3.699,9.25,0.0,0.41165,466.235294117647
Taskin Ahmed,TEST,08-May-26,0,0,0,0,0,0.0,0.0,0.0,0.0,0.0,0.0,0.0,0.35,0.0
Taskin Ahmed,TEST,2024,379,0,0,0,0,37.63,19.94,15.052000000000001,53.852000000000004,11.289,9.97,0.0,0.53815,222.94117647058823
Taskin Ahmed,TEST,2026,98,19,3,1,0,67.12,35.0,32.848,37.8,25.136,17.5,63.1578947368421,0.6856,165.8904109589041
Tayyab Tahir,ODI,2025,124,137,12,2,1,90.51,17.71,60.204,26.568,37.153000000000006,23.855,30.656934306569344,0.80255,124.0
Towhid Hridoy,ODI,13-Mar-26,0,0,0,0,0,0.0,0.0,0.0,0.0,0.0,0.0,0.0,0.35,0.0
Towhid Hridoy,ODI,20-Apr-26,0,0,0,0,0,0.0,0.0,0.0,0.0,0.0,0.0,0.0,0.35,0.0
Towhid Hridoy,ODI,2024,150,197,4,5,1,76.14,30.0,38.456,39.0,47.842,30.0,13.705583756345177,0.7306999999999999,68.4931506849315
Towhid Hridoy,ODI,2025,388,577,23,6,0,67.24,35.27,72.896,67.016,50.172,17.635,15.07798960138648,0.6862,194.63087248322148
Towhid Hridoy,ODI,2026,194,202,15,3,3,48.015,97.0,49.206,97.0,29.4045,93.5,26.73267326732673,0.590075,194.4033752839782
Towhid Hridoy,T20,2024,493,379,34,21,4,130.07,30.81,100.0,73.948,100.0,75.405,43.53562005277045,0.95,493.0
Towhid Hridoy,T20,2025,493,423,28,14,3,58.27,25.94,79.308,70.05199999999999,87.481,57.97,29.787234042553195,0.6413500000000001,493.0
Tshering Tashi,T20,2024,0,0,0,0,0,0.0,0.0,0.0,0.0,0.0,0.0,0.0,0.35,0.0
Tshering Tashi,T20,2025,0,0,0,0,0,0.0,0.0,0.0,0.0,0.0,0.0,0.0,0.35,0.0
Tshering Tashi,T20,2026,0,0,0,0,0,0.0,0.0,0.0,0.0,0.0,0.0,0.0,0.35,0.0
Tshering Tashi,T20,22-Oct-24,0,0,0,0,0,0.0,0.0,0.0,0.0,0.0,0.0,0.0,0.35,0.0
Tshering Tashi,T20,23-Nov-24,0,0,0,0,0,0.0,0.0,0.0,0.0,0.0,0.0,0.0,0.35,0.0
Tshering Tashi,T20,29-Dec-25,0,0,0,0,0,0.0,0.0,0.0,0.0,0.0,0.0,0.0,0.35,0.0
U Shantu,T20,2025,170,0,0,0,0,11.5,10.62,4.6000000000000005,25.496000000000002,3.4499999999999997,5.31,0.0,0.4075,170.0
U Shantu,T20,2026,126,0,0,0,0,10.0,14.0,4.0,23.8,3.0,7.0,0.0,0.4,144.11764705882354
US Hathinjar,T20,01-Feb-24,0,0,0,0,0,0.0,0.0,0.0,0.0,0.0,0.0,0.0,0.35,0.0
US Hathinjar,T20,09-Feb-24,0,0,0,0,0,0.0,0.0,0.0,0.0,0.0,0.0,0.0,0.35,0.0
US Hathinjar,T20,11-Feb-24,0,0,0,0,0,0.0,0.0,0.0,0.0,0.0,0.0,0.0,0.35,0.0
US Hathinjar,T20,2024,0,0,0,0,0,0.0,0.0,0.0,0.0,0.0,0.0,0.0,0.35,0.0
UT Khawaja,TEST,04-Jan-26,0,0,0,0,0,0.0,0.0,0.0,0.0,0.0,0.0,0.0,0.35,0.0
UT Khawaja,TEST,2024,415,1006,46,1,2,20.625,25.93,100.0,62.244,11.1875,42.965,14.015904572564612,0.453125,244.11764705882354
UT Khawaja,TEST,2025,614,1091,52,2,1,28.135,36.11,100.0,90.288,18.4405,33.055,14.848762603116407,0.49067500000000003,413.013698630137
UT Khawaja,TEST,2026,23,56,3,0,0,20.535,11.5,14.214,11.5,6.1605,5.75,16.07142857142857,0.452675,259.04066324516384
UT Khawaja,TEST,22-Nov-24,0,0,0,0,0,0.0,0.0,0.0,0.0,0.0,0.0,0.0,0.35,165.6287187623959
UT Khawaja,TEST,25-Jan-24,0,0,0,0,0,0.0,0.0,0.0,0.0,0.0,0.0,0.0,0.35,109.31483049262711
UT Khawaja,TEST,26-Dec-24,0,0,0,0,0,0.0,0.0,0.0,0.0,0.0,0.0,0.0,0.35,73.57723683552379
Umair Qasim,T20,13-Sep-25,0,0,0,0,0,0.0,0.0,0.0,0.0,0.0,0.0,0.0,0.35,0.0
Umair Tariq,T20,2025,533,0,0,0,0,4.895,11.1,1.958,62.18,1.4685,5.55,0.0,0.374475,533.0
Umar Adam,T20,2024,345,229,27,26,0,75.325,21.56,84.13,51.748000000000005,100.0,10.78,69.43231441048036,0.726625,345.0
Umer Toor,T20,10-Mar-24,0,0,0,0,0,0.0,0.0,0.0,0.0,0.0,0.0,0.0,0.35,0.0
Umer Toor,T20,2024,0,0,0,0,0,0.0,0.0,0.0,0.0,0.0,0.0,0.0,0.35,0.0
Usman Khalid,T20,2024,672,252,25,12,6,67.92,21.14,77.168,84.11200000000001,80.376,100.0,44.04761904761905,0.6896000000000001,672.0
Usman Khan,T20,07-Feb-26,0,0,0,0,0,0.0,0.0,0.0,0.0,0.0,0.0,0.0,0.35,0.0
Usman Khan,T20,07-Jan-26,0,0,0,0,0,0.0,0.0,0.0,0.0,0.0,0.0,0.0,0.35,0.0
Usman Khan,T20,18-Feb-26,0,0,0,0,0,0.0,0.0,0.0,0.0,0.0,0.0,0.0,0.35,0.0
Usman Khan,T20,2025,0,0,0,0,0,0.0,0.0,0.0,0.0,0.0,0.0,0.0,0.35,0.0
Usman Khan,T20,2026,305,112,13,4,2,44.836666666666666,19.85,43.93466666666667,46.38,33.451,39.925,45.535714285714285,0.5741833333333334,109.98521510223216
Usman Khan,T20,24-Feb-26,0,0,0,0,0,0.0,0.0,0.0,0.0,0.0,0.0,0.0,0.35,72.59015969835134
Usman Najeeb,T20,2024,582,0,0,0,0,11.92,15.31,4.768,70.44800000000001,3.576,7.655,0.0,0.4096,582.0
Usman Patel,T20,06-Mar-24,0,0,0,0,0,0.0,0.0,0.0,0.0,0.0,0.0,0.0,0.35,0.0
Usman Patel,T20,09-Apr-25,0,0,0,0,0,0.0,0.0,0.0,0.0,0.0,0.0,0.0,0.35,0.0
Usman Patel,T20,2024,414,295,40,15,8,70.165,31.84,100.0,66.872,96.0495,100.0,55.93220338983051,0.7008250000000001,189.04109589041096
Usman Patel,T20,2025,0,0,0,0,0,0.0,0.0,0.0,0.0,0.0,0.0,0.0,0.35,114.40979076194235
Usman Patel,T20,2026,0,0,0,0,0,0.0,0.0,0.0,0.0,0.0,0.0,0.0,0.35,73.15278929717643
Usman Patel,T20,26-Feb-26,0,0,0,0,0,0.0,0.0,0.0,0.0,0.0,0.0,0.0,0.35,48.28078621772967
Usman Tariq,T20,2026,157,0,0,0,0,11.08,13.08,4.432,26.164,3.324,6.54,0.0,0.4054,157.0
Utkarsh Jain,T20,2024,339,0,0,0,0,16.04,16.14,6.416,46.812,4.811999999999999,8.07,0.0,0.43019999999999997,339.0
V Aravind,ODI,05-Mar-24,0,0,0,0,0,0.0,0.0,0.0,0.0,0.0,0.0,0.0,0.35,0.0
V Aravind,ODI,2024,150,296,8,1,0,25.335,25.0,26.134,35.0,12.6005,12.5,9.121621621621623,0.476675,88.23529411764706
V Aravind,ODI,2025,0,0,0,0,0,0.0,0.0,0.0,0.0,0.0,0.0,0.0,0.35,47.945205479452056
V Kohli,ODI,04-Mar-25,0,0,0,0,0,0.0,0.0,0.0,0.0,0.0,0.0,0.0,0.35,0.0
V Kohli,ODI,09-Feb-25,0,0,0,0,0,0.0,0.0,0.0,0.0,0.0,0.0,0.0,0.35,0.0
V Kohli,ODI,20-Feb-25,0,0,0,0,0,0.0,0.0,0.0,0.0,0.0,0.0,0.0,0.35,0.0
V Kohli,ODI,2025,651,677,54,13,3,48.075,65.1,100.0,100.0,79.4225,77.55,29.68980797636632,0.590375,257.007500986972
V Kohli,ODI,2026,240,228,20,4,0,105.26,80.0,82.10400000000001,88.0,51.578,40.0,31.57894736842105,0.8763,250.87447261187842
V Kohli,ODI,23-Feb-25,0,0,0,0,0,0.0,0.0,0.0,0.0,0.0,0.0,0.0,0.35,165.57696426932142
V Kohli,TEST,14-Dec-24,0,0,0,0,0,0.0,0.0,0.0,0.0,0.0,0.0,0.0,0.35,0.0
V Kohli,TEST,19-Sep-24,0,0,0,0,0,0.0,0.0,0.0,0.0,0.0,0.0,0.0,0.35,0.0
V Kohli,TEST,2024,417,673,43,5,2,30.98,24.52,98.392,61.316,34.294,42.26,21.39673105497771,0.5049,190.4109589041096
V Masekesa,TEST,2025,462,0,0,0,0,28.6,46.2,11.440000000000001,83.16,8.58,23.1,0.0,0.493,462.0
V Mbazo,T20,13-Mar-26,0,0,0,0,0,0.0,0.0,0.0,0.0,0.0,0.0,0.0,0.35,0.0
V Mbazo,T20,15-Mar-26,0,0,0,0,0,0.0,0.0,0.0,0.0,0.0,0.0,0.0,0.35,0.0
V Mbazo,T20,2026,0,0,0,0,0,0.0,0.0,0.0,0.0,0.0,0.0,0.0,0.35,0.0
V Ravindran,T20,2025,367,245,38,18,1,74.895,33.36,100.0,63.388000000000005,100.0,31.68,68.57142857142857,0.7244749999999999,367.0
V Ravindran,T20,27-Jul-25,0,0,0,0,0,0.0,0.0,0.0,0.0,0.0,0.0,0.0,0.35,151.1176470588235
V Ravindran,T20,29-Jun-25,0,0,0,0,0,0.0,0.0,0.0,0.0,0.0,0.0,0.0,0.35,82.11415525114154
V Shukla,ODI,03-May-26,0,0,0,0,0,0.0,0.0,0.0,0.0,0.0,0.0,0.0,0.35,0.0
V Shukla,ODI,04-Apr-26,0,0,0,0,0,0.0,0.0,0.0,0.0,0.0,0.0,0.0,0.35,0.0
V Shukla,ODI,05-May-26,0,0,0,0,0,0.0,0.0,0.0,0.0,0.0,0.0,0.0,0.35,0.0
V Shukla,ODI,08-Apr-26,0,0,0,0,0,0.0,0.0,0.0,0.0,0.0,0.0,0.0,0.35,0.0
V Shukla,ODI,10-Apr-26,0,0,0,0,0,0.0,0.0,0.0,0.0,0.0,0.0,0.0,0.35,0.0
V Shukla,ODI,10-Feb-25,0,0,0,0,0,0.0,0.0,0.0,0.0,0.0,0.0,0.0,0.35,0.0
V Shukla,ODI,12-Feb-25,0,0,0,0,0,0.0,0.0,0.0,0.0,0.0,0.0,0.0,0.35,0.0
V Shukla,ODI,16-Feb-25,0,0,0,0,0,0.0,0.0,0.0,0.0,0.0,0.0,0.0,0.35,0.0
V Shukla,ODI,18-Feb-25,0,0,0,0,0,0.0,0.0,0.0,0.0,0.0,0.0,0.0,0.35,0.0
V Shukla,ODI,2025,144,171,6,7,1,42.105,24.0,28.842,33.6,47.6315,27.0,22.807017543859647,0.5605249999999999,44.45576533834342
V Shukla,ODI,2026,168,196,9,6,1,28.569999999999997,28.0,29.427999999999997,39.2,38.571,29.0,22.95918367346939,0.49284999999999995,82.2666810856858
V Shukla,ODI,21-May-25,0,0,0,0,0,0.0,0.0,0.0,0.0,0.0,0.0,0.0,0.35,57.24027914308486
V Shukla,ODI,27-Apr-26,0,0,0,0,0,0.0,0.0,0.0,0.0,0.0,0.0,0.0,0.35,39.90018898255723
V Shukla,ODI,29-Apr-26,0,0,0,0,0,0.0,0.0,0.0,0.0,0.0,0.0,0.0,0.35,27.84839423512054
V Shukla,T20,09-Feb-26,0,0,0,0,0,0.0,0.0,0.0,0.0,0.0,0.0,0.0,0.35,0.0
V Shukla,T20,2025,275,202,19,11,3,68.065,27.5,65.226,49.5,75.4195,58.75,44.554455445544555,0.690325,161.76470588235296
V Shukla,T20,2026,0,0,0,0,0,0.0,0.0,0.0,0.0,0.0,0.0,0.0,0.35,87.89954337899543
V Sukumaran,ODI,2024,177,258,15,6,0,68.6,22.12,57.44,35.396,50.58,11.06,24.41860465116279,0.693,177.0
V Zimonjic,T20,2025,0,0,0,0,0,0.0,0.0,0.0,0.0,0.0,0.0,0.0,0.35,0.0
VJ Kingma,ODI,2024,243,0,0,0,0,22.6,16.2,9.040000000000001,37.260000000000005,6.78,8.1,0.0,0.46299999999999997,243.0
VM Nyauchi,TEST,2025,219,0,0,0,0,102.0,73.0,40.800000000000004,80.30000000000001,30.599999999999998,36.5,0.0,0.86,219.0
Vikramjit Singh,ODI,2024,284,448,25,2,1,63.39,35.5,75.356,56.8,29.017,32.75,18.080357142857142,0.6669499999999999,284.0
Vikramjit Singh,T20,2024,0,0,0,0,0,0.0,0.0,0.0,0.0,0.0,0.0,0.0,0.35,0.0
Vinay Ravi,T20,2026,141,0,0,0,0,10.81,12.81,4.324000000000001,24.348,3.243,6.405,0.0,0.40405,141.0
Virandeep Singh,T20,2024,755,354,32,13,4,43.626666666666665,35.25,81.45066666666666,100.0,78.088,77.625,38.13559322033898,0.5681333333333334,755.0
Virandeep Singh,T20,2025,1278,560,69,27,4,49.32,41.05,100.0,100.0,100.0,80.525,51.42857142857143,0.5966,1062.6470588235295
Virandeep Singh,T20,2026,107,0,0,0,0,19.5,13.37,7.800000000000001,21.396,5.85,6.685,0.0,0.4475,626.2785388127854
Virandeep Singh,T20,29-Apr-25,0,0,0,0,0,0.0,0.0,0.0,0.0,0.0,0.0,0.0,0.35,379.0307935254639
Virk Ali,T20,08-Apr-26,0,0,0,0,0,0.0,0.0,0.0,0.0,0.0,0.0,0.0,0.35,0.0
Virk Ali,T20,2026,0,0,0,0,0,0.0,0.0,0.0,0.0,0.0,0.0,0.0,0.35,0.0
W Barresi,ODI,10-Jun-25,0,0,0,0,0,0.0,0.0,0.0,0.0,0.0,0.0,0.0,0.35,0.0
W Barresi,ODI,11-Aug-24,0,0,0,0,0,0.0,0.0,0.0,0.0,0.0,0.0,0.0,0.35,0.0
W Barresi,ODI,2025,0,0,0,0,0,0.0,0.0,0.0,0.0,0.0,0.0,0.0,0.35,0.0
W Boshoff,T20,06-Sep-25,0,0,0,0,0,0.0,0.0,0.0,0.0,0.0,0.0,0.0,0.35,0.0
W Boshoff,T20,11-Apr-26,0,0,0,0,0,0.0,0.0,0.0,0.0,0.0,0.0,0.0,0.35,0.0
W Boshoff,T20,13-Apr-26,0,0,0,0,0,0.0,0.0,0.0,0.0,0.0,0.0,0.0,0.35,0.0
W Boshoff,T20,2026,139,122,6,5,4,56.965,46.33,34.786,50.964,42.0895,83.16499999999999,27.049180327868854,0.634825,54.8756415317805
W Madhevere,ODI,14-Feb-25,0,0,0,0,0,0.0,0.0,0.0,0.0,0.0,0.0,0.0,0.35,0.0
W Madhevere,ODI,2025,0,0,0,0,0,0.0,0.0,0.0,0.0,0.0,0.0,0.0,0.35,0.0
W Madhevere,TEST,20-Apr-25,0,0,0,0,0,0.0,0.0,0.0,0.0,0.0,0.0,0.0,0.35,0.0
W Madhevere,TEST,2025,487,490,25,2,1,35.45333333333333,34.71,64.18133333333333,76.468,20.636,32.355000000000004,16.53061224489796,0.5272666666666667,286.47058823529414
W Miyauchi,T20,08-May-24,0,0,0,0,0,0.0,0.0,0.0,0.0,0.0,0.0,0.0,0.35,0.0
W Miyauchi,T20,09-May-24,0,0,0,0,0,0.0,0.0,0.0,0.0,0.0,0.0,0.0,0.35,0.0
W Miyauchi,T20,14-May-25,0,0,0,0,0,0.0,0.0,0.0,0.0,0.0,0.0,0.0,0.35,0.0
W Miyauchi,T20,15-Feb-24,0,0,0,0,0,0.0,0.0,0.0,0.0,0.0,0.0,0.0,0.35,0.0
W Miyauchi,T20,17-Feb-24,0,0,0,0,0,0.0,0.0,0.0,0.0,0.0,0.0,0.0,0.35,0.0
W Miyauchi,T20,2024,0,0,0,0,0,0.0,0.0,0.0,0.0,0.0,0.0,0.0,0.35,0.0
W Miyauchi,T20,2026,0,0,0,0,0,0.0,0.0,0.0,0.0,0.0,0.0,0.0,0.35,0.0
W Niyitanga,T20,22-Oct-24,0,0,0,0,0,0.0,0.0,0.0,0.0,0.0,0.0,0.0,0.35,0.0
W O'Rourke,ODI,2025,683,0,0,0,0,21.5,40.17,8.6,100.0,6.45,20.085,0.0,0.4575,683.0
W O'Rourke,ODI,2026,131,16,0,0,0,23.78333333333333,24.8,9.513333333333334,32.940000000000005,7.134999999999999,12.4,0.0,0.46891666666666665,358.2941176470588
W O'Rourke,TEST,2024,893,0,0,0,0,19.775,24.8,7.91,100.0,5.932499999999999,12.4,0.0,0.448875,893.0
W O'Rourke,TEST,2025,54,0,0,0,0,46.0,18.0,18.400000000000002,19.8,13.799999999999999,9.0,0.0,0.58,399.4705882352941
W Wotu,T20,09-May-26,0,0,0,0,0,0.0,0.0,0.0,0.0,0.0,0.0,0.0,0.35,0.0
WA Young,ODI,02-Mar-25,0,0,0,0,0,0.0,0.0,0.0,0.0,0.0,0.0,0.0,0.35,0.0
WA Young,ODI,13-Nov-24,0,0,0,0,0,0.0,0.0,0.0,0.0,0.0,0.0,0.0,0.35,0.0
WA Young,ODI,14-Feb-25,0,0,0,0,0,0.0,0.0,0.0,0.0,0.0,0.0,0.0,0.35,0.0
WA Young,ODI,14-Jan-26,0,0,0,0,0,0.0,0.0,0.0,0.0,0.0,0.0,0.0,0.35,0.0
WA Young,ODI,18-Jan-26,0,0,0,0,0,0.0,0.0,0.0,0.0,0.0,0.0,0.0,0.35,0.0
WA Young,ODI,2024,130,154,19,0,1,84.41,65.0,71.76400000000001,65.0,25.322999999999997,47.5,37.01298701298701,0.77205,44.200097240213935
WA Young,ODI,2025,320,405,39,1,1,39.505,18.82,93.802,47.056,16.8515,24.41,29.629629629629626,0.5475249999999999,134.36558357980647
WA Young,ODI,2026,180,229,16,1,0,39.3,30.0,47.72,42.0,16.79,15.0,22.270742358078603,0.5465,148.89340871450807
WA Young,TEST,07-Aug-25,0,0,0,0,0,0.0,0.0,0.0,0.0,0.0,0.0,0.0,0.35,0.0
WA Young,TEST,08-Mar-24,0,0,0,0,0,0.0,0.0,0.0,0.0,0.0,0.0,0.0,0.35,0.0
WA Young,TEST,13-Feb-24,0,0,0,0,0,0.0,0.0,0.0,0.0,0.0,0.0,0.0,0.35,0.0
WA Young,TEST,2024,481,1008,56,5,2,23.855,40.08,100.0,80.164,32.1565,50.04,18.154761904761905,0.469275,189.89340702724044
WA Young,TEST,2025,152,236,19,0,1,32.2,38.0,50.88,45.6,9.66,34.0,24.152542372881353,0.511,176.22876924741266
WA Young,TEST,24-Oct-24,0,0,0,0,0,0.0,0.0,0.0,0.0,0.0,0.0,0.0,0.35,116.31085588388295
WA Young,TEST,29-Feb-24,0,0,0,0,0,0.0,0.0,0.0,0.0,0.0,0.0,0.0,0.35,78.28609669287395
WA Young,TEST,30-Jul-25,0,0,0,0,0,0.0,0.0,0.0,0.0,0.0,0.0,0.0,0.35,53.363531391279814
WG Jacks,ODI,2024,192,205,19,3,0,46.825,24.0,56.730000000000004,38.400000000000006,29.0475,12.0,32.19512195121951,0.584125,192.0
WG Jacks,ODI,2025,153,130,11,4,1,58.845,38.25,45.538,45.900000000000006,37.653499999999994,34.125,34.61538461538462,0.644225,169.05882352941177
WG Jacks,ODI,2026,98,8,1,0,1,45.333333333333336,30.0,20.133333333333336,33.8,13.6,30.0,37.5,0.5766666666666667,136.61187214611874
WG Jacks,ODI,24-Jan-26,0,0,0,0,0,0.0,0.0,0.0,0.0,0.0,0.0,0.0,0.35,82.6790367153573
WG Jacks,ODI,27-Jan-26,0,0,0,0,0,0.0,0.0,0.0,0.0,0.0,0.0,0.0,0.35,52.86437560852477
WG Jacks,T20,2026,462,132,18,14,4,62.133333333333326,45.8,60.85333333333333,82.84,88.64,82.9,72.72727272727273,0.6606666666666666,462.0
WG Jacks,TEST,04-Jan-26,0,0,0,0,0,0.0,0.0,0.0,0.0,0.0,0.0,0.0,0.35,0.0
WG Jacks,TEST,2025,364,299,9,0,0,57.605000000000004,61.5,41.042,85.6,17.2815,30.75,9.03010033444816,0.6380250000000001,214.11764705882354
WG Jacks,TEST,2026,103,64,2,1,0,29.22666666666667,38.0,15.690666666666669,40.7,13.768,19.0,14.0625,0.49613333333333337,163.37899543378992
WIA Fernando,ODI,17-Nov-24,0,0,0,0,0,0.0,0.0,0.0,0.0,0.0,0.0,0.0,0.35,0.0
WIA Fernando,ODI,2024,515,595,55,14,0,43.275,30.29,100.0,75.732,82.9825,15.145,34.78991596638656,0.5663750000000001,302.94117647058823
WP Masakadza,ODI,14-Feb-25,0,0,0,0,0,0.0,0.0,0.0,0.0,0.0,0.0,0.0,0.35,0.0
WP Masakadza,T20,14-Jan-24,0,0,0,0,0,0.0,0.0,0.0,0.0,0.0,0.0,0.0,0.35,0.0
WP Masakadza,T20,2024,0,0,0,0,0,0.0,0.0,0.0,0.0,0.0,0.0,0.0,0.35,0.0
WP Masakadza,TEST,2025,637,297,14,3,1,36.74,43.5,42.696,98.5,26.022,36.75,17.171717171717173,0.5337000000000001,637.0
WP Myburgh,ODI,10-Apr-26,0,0,0,0,0,0.0,0.0,0.0,0.0,0.0,0.0,0.0,0.35,0.0
WP Myburgh,ODI,2026,97,163,2,0,0,21.540000000000003,21.0,12.616000000000001,26.5,6.462000000000001,10.5,3.6809815950920246,0.45770000000000005,57.05882352941177
Wahidullah Sahak,T20,14-Jun-24,0,0,0,0,0,0.0,0.0,0.0,0.0,0.0,0.0,0.0,0.35,0.0
Wahidullah Sahak,T20,16-Jun-24,0,0,0,0,0,0.0,0.0,0.0,0.0,0.0,0.0,0.0,0.35,0.0
Wahidullah Sahak,T20,2024,0,0,0,0,0,0.0,0.0,0.0,0.0,0.0,0.0,0.0,0.35,0.0
Waji Ul Hassan,T20,18-Jul-25,0,0,0,0,0,0.0,0.0,0.0,0.0,0.0,0.0,0.0,0.35,0.0
Waji Ul Hassan,T20,2024,434,339,36,16,3,128.02,27.12,100.0,65.096,100.0,58.56,46.017699115044245,0.95,255.29411764705884
Waji Ul Hassan,T20,2025,222,0,0,0,0,5.56,13.87,2.2239999999999998,33.296,1.668,6.935,0.0,0.3778,240.09132420091322
Walid Ghauri,T20,14-Jun-25,0,0,0,0,0,0.0,0.0,0.0,0.0,0.0,0.0,0.0,0.35,0.0
Walid Ghauri,T20,2025,455,350,42,17,2,130.0,37.91,100.0,75.828,100.0,48.955,50.57142857142857,0.95,267.6470588235294
Walid Sahibzada,T20,2025,0,0,0,0,0,0.0,0.0,0.0,0.0,0.0,0.0,0.0,0.35,0.0
Waqar Ali,T20,2025,176,0,0,0,0,10.36,8.0,4.144,24.0,3.1079999999999997,4.0,0.0,0.4018,176.0
Waqar Zalmai,T20,2025,489,0,0,0,0,17.5,27.16,7.0,70.628,5.25,13.58,0.0,0.4375,489.0
Waqar Zalmai,T20,2026,210,0,0,0,0,15.75,26.25,6.300000000000001,42.0,4.725,13.125,0.0,0.42875,324.88235294117646
Waqas Barkat,T20,13-Apr-25,0,0,0,0,0,0.0,0.0,0.0,0.0,0.0,0.0,0.0,0.35,0.0
Washington Sundar,ODI,2024,105,0,0,0,0,32.4,21.0,12.96,27.3,9.719999999999999,10.5,0.0,0.512,105.0
Washington Sundar,ODI,2026,7,7,0,0,1,100.0,0.0,40.0,0.7,30.0,15.0,0.0,0.85,47.35294117647059
Washington Sundar,TEST,2024,508,445,9,4,3,36.75,35.4,32.7,79.12,31.025,62.7,8.764044943820226,0.53375,508.0
Washington Sundar,TEST,2025,1000,983,35,10,3,45.95666666666667,50.63,88.38266666666667,100.0,63.787,70.315,13.733468972533062,0.5797833333333334,797.4117647058823
Wasim Ali,ODI,07-Nov-24,0,0,0,0,0,0.0,0.0,0.0,0.0,0.0,0.0,0.0,0.35,0.0
Wasim Ali,ODI,08-Apr-26,0,0,0,0,0,0.0,0.0,0.0,0.0,0.0,0.0,0.0,0.35,0.0
Wasim Ali,ODI,10-Apr-26,0,0,0,0,0,0.0,0.0,0.0,0.0,0.0,0.0,0.0,0.35,0.0
Wasim Ali,ODI,2024,0,0,0,0,0,0.0,0.0,0.0,0.0,0.0,0.0,0.0,0.35,0.0
Wasim Ali,ODI,2026,219,126,8,2,1,40.01,32.66,32.004000000000005,48.028,22.003,31.33,23.809523809523807,0.5500499999999999,78.972990516029
XC Bartlett,ODI,2024,38,0,2,0,0,12.12,4.75,8.847999999999999,7.6,3.6359999999999997,2.375,100.0,0.4106,38.0
XC Bartlett,ODI,2025,129,0,0,0,0,21.42,18.42,8.568000000000001,27.636000000000003,6.426,9.21,0.0,0.4571,91.52941176470588
XC Bartlett,T20,29-Jan-26,0,0,0,0,0,0.0,0.0,0.0,0.0,0.0,0.0,0.0,0.35,0.0
XSD Smith,T20,2026,108,0,0,0,0,11.45,9.81,4.58,18.648000000000003,3.4349999999999996,4.905,0.0,0.40725,108.0
Y Naing Tun,T20,2024,0,0,0,0,0,0.0,0.0,0.0,0.0,0.0,0.0,0.0,0.35,0.0
Y Naing Tun,T20,27-Jan-24,0,0,0,0,0,0.0,0.0,0.0,0.0,0.0,0.0,0.0,0.35,0.0
Y Saranonnakkun,T20,2024,0,0,0,0,0,0.0,0.0,0.0,0.0,0.0,0.0,0.0,0.35,0.0
YBK Jaiswal,ODI,2025,171,197,19,4,1,86.8,57.0,72.72,62.7,46.04,43.5,35.0253807106599,0.784,171.0
YBK Jaiswal,T20,2024,293,170,32,16,1,172.35,41.85,100.0,62.78,100.0,35.925,84.70588235294117,0.78825,293.0
YBK Jaiswal,TEST,03-Jan-24,0,0,0,0,0,0.0,0.0,0.0,0.0,0.0,0.0,0.0,0.35,0.0
YBK Jaiswal,TEST,03-Jan-25,0,0,0,0,0,0.0,0.0,0.0,0.0,0.0,0.0,0.0,0.35,0.0
YBK Jaiswal,TEST,15-Feb-24,0,0,0,0,0,0.0,0.0,0.0,0.0,0.0,0.0,0.0,0.35,0.0
YBK Jaiswal,TEST,19-Sep-24,0,0,0,0,0,0.0,0.0,0.0,0.0,0.0,0.0,0.0,0.35,0.0
YBK Jaiswal,TEST,2024,1478,2131,168,36,2,34.675,54.74,100.0,100.0,100.0,57.370000000000005,28.71891130924449,0.523375,532.9775341675381
YBK Jaiswal,TEST,2025,745,1126,110,6,0,33.08,39.21,100.0,100.0,39.924,19.605,30.905861456483123,0.5154,605.0653311437286
YBK Jaiswal,TEST,22-Nov-25,0,0,0,0,0,0.0,0.0,0.0,0.0,0.0,0.0,0.0,0.35,407.25521843561194
YI Patel,T20,2024,561,0,0,0,0,7.86,15.58,3.144,68.56400000000001,2.358,7.79,0.0,0.3893,561.0
YS Chauhan,T20,2026,207,154,14,13,0,67.205,29.57,54.882000000000005,44.356,85.1615,14.785,52.5974025974026,0.6860249999999999,207.0
YS Samra,ODI,2025,172,256,19,5,0,67.18,24.57,64.872,36.856,45.153999999999996,12.285,28.125,0.6859000000000001,172.0
YS Samra,T20,2025,442,275,39,27,3,160.72,36.83,100.0,73.664,100.0,63.415,72.0,0.8464,442.0
YS Samra,T20,2026,144,92,17,6,0,156.52,36.0,96.608,43.2,76.956,18.0,75.0,0.8674,266.70588235294116
YSD Seneveratne,T20,2024,324,219,23,20,3,147.94,64.8,100.0,84.24000000000001,100.0,77.4,58.90410958904109,0.9103,324.0
YSD Seneveratne,T20,2026,215,171,17,8,4,125.73,107.5,84.292,100.0,77.719,100.0,43.859649122807014,0.95,259.88235294117646
Yamin Ahmadzai,TEST,02-Jan-25,0,0,0,0,0,0.0,0.0,0.0,0.0,0.0,0.0,0.0,0.35,0.0
Yamin Ahmadzai,TEST,2025,148,0,0,0,0,108.0,49.33,43.2,54.263999999999996,32.4,24.665,0.0,0.89,87.05882352941177
Yaseer Nazeer,T20,2026,202,171,22,7,2,118.12,20.2,91.248,36.36,70.436,40.1,50.87719298245614,0.9406,202.0
Yasim Murtaza,T20,2024,803,211,20,15,2,74.14,15.87,69.656,92.996,97.242,37.935,49.763033175355446,0.7206999999999999,803.0
Yasim Murtaza,T20,2025,491,0,0,0,0,17.65,21.34,7.06,66.172,5.294999999999999,10.67,0.0,0.43825000000000003,619.470588235294
Yasir Ali,T20,07-Dec-25,0,0,0,0,0,0.0,0.0,0.0,0.0,0.0,0.0,0.0,0.35,0.0
Yasir Mohammad,T20,2025,147,0,0,0,0,8.81,9.18,3.5240000000000005,22.044,2.6430000000000002,4.59,0.0,0.39405,147.0
Z Bimenyimana,T20,2024,472,0,0,0,0,18.35,23.6,7.340000000000001,66.08000000000001,5.505,11.8,0.0,0.44175,472.0
Z Bimenyimana,T20,2025,321,0,0,0,0,18.37,20.06,7.348000000000001,48.147999999999996,5.511,10.03,0.0,0.44185,383.1764705882353
Z Burgess,T20,07-Dec-24,0,0,0,0,0,0.0,0.0,0.0,0.0,0.0,0.0,0.0,0.35,0.0
Z Burgess,T20,16-Jun-25,0,0,0,0,0,0.0,0.0,0.0,0.0,0.0,0.0,0.0,0.35,0.0
Z Crawley,ODI,2026,6,11,1,0,0,54.54,6.0,23.816000000000003,5.4,16.362,3.0,27.272727272727273,0.6226999999999999,6.0
Z Crawley,TEST,02-Jul-25,0,0,0,0,0,0.0,0.0,0.0,0.0,0.0,0.0,0.0,0.35,0.0
Z Crawley,TEST,04-Jan-26,0,0,0,0,0,0.0,0.0,0.0,0.0,0.0,0.0,0.0,0.35,0.0
Z Crawley,TEST,20-Jun-25,0,0,0,0,0,0.0,0.0,0.0,0.0,0.0,0.0,0.0,0.35,0.0
Z Crawley,TEST,2024,695,968,99,7,0,35.895,27.8,100.0,91.74000000000001,45.7685,13.9,32.85123966942149,0.529475,274.3782076589025
Z Crawley,TEST,2025,670,1033,89,2,0,32.425,37.22,100.0,96.776,19.7275,18.61,26.42787996127783,0.5121249999999999,417.04229923190655
Z Crawley,TEST,2026,17,31,3,0,0,27.415,8.5,16.966,8.5,8.224499999999999,4.25,29.032258064516128,0.487075,281.0276182607602
Z Crawley,TEST,28-Nov-24,0,0,0,0,0,0.0,0.0,0.0,0.0,0.0,0.0,0.0,0.35,189.1530685535823
ZB Lion-Cachet,ODI,2025,367,280,15,1,0,31.64,20.87,42.656,53.396,14.491999999999999,10.435,17.142857142857142,0.5082,367.0
ZE Green,ODI,02-Sep-25,0,0,0,0,0,0.0,0.0,0.0,0.0,0.0,0.0,0.0,0.35,0.0
ZE Green,ODI,04-Apr-26,0,0,0,0,0,0.0,0.0,0.0,0.0,0.0,0.0,0.0,0.35,0.0
ZE Green,ODI,07-Mar-25,0,0,0,0,0,0.0,0.0,0.0,0.0,0.0,0.0,0.0,0.35,0.0
ZE Green,ODI,09-Mar-25,0,0,0,0,0,0.0,0.0,0.0,0.0,0.0,0.0,0.0,0.35,0.0
ZE Green,ODI,10-Apr-26,0,0,0,0,0,0.0,0.0,0.0,0.0,0.0,0.0,0.0,0.35,0.0
ZE Green,ODI,10-Feb-25,0,0,0,0,0,0.0,0.0,0.0,0.0,0.0,0.0,0.0,0.35,0.0
ZE Green,ODI,12-Apr-26,0,0,0,0,0,0.0,0.0,0.0,0.0,0.0,0.0,0.0,0.35,0.0
ZE Green,ODI,14-Feb-25,0,0,0,0,0,0.0,0.0,0.0,0.0,0.0,0.0,0.0,0.35,0.0
ZE Green,ODI,15-Mar-25,0,0,0,0,0,0.0,0.0,0.0,0.0,0.0,0.0,0.0,0.35,0.0
ZE Green,ODI,2024,115,165,15,1,1,34.845,19.16,43.938,26.828000000000003,15.4535,24.58,29.09090909090909,0.5242249999999999,35.502868152149254
ZE Green,ODI,2025,165,295,19,0,0,27.965,16.5,49.186,29.700000000000003,8.3895,8.25,19.322033898305083,0.489825,75.13567785169592
ZE Green,ODI,2026,156,176,15,3,1,29.543333333333333,52.0,41.81733333333334,57.2,23.863,41.0,30.681818181818183,0.4977166666666667,99.73546724628173
ZE Green,ODI,21-Feb-24,0,0,0,0,0,0.0,0.0,0.0,0.0,0.0,0.0,0.0,0.35,69.52209267608093
ZE Green,ODI,22-Sep-24,0,0,0,0,0,0.0,0.0,0.0,0.0,0.0,0.0,0.0,0.35,48.523044483334765
ZE Green,ODI,23-Feb-24,0,0,0,0,0,0.0,0.0,0.0,0.0,0.0,0.0,0.0,0.35,33.896691628489826
ZE Green,T20,01-Apr-24,0,0,0,0,0,0.0,0.0,0.0,0.0,0.0,0.0,0.0,0.35,0.0
ZE Green,T20,19-Mar-25,0,0,0,0,0,0.0,0.0,0.0,0.0,0.0,0.0,0.0,0.35,0.0
ZE Green,T20,2024,0,0,0,0,0,0.0,0.0,0.0,0.0,0.0,0.0,0.0,0.35,0.0
ZE Green,T20,2025,0,0,0,0,0,0.0,0.0,0.0,0.0,0.0,0.0,0.0,0.35,0.0
ZE Green,T20,2026,0,0,0,0,0,0.0,0.0,0.0,0.0,0.0,0.0,0.0,0.35,0.0
ZG Foulkes,ODI,18-Jan-26,0,0,0,0,0,0.0,0.0,0.0,0.0,0.0,0.0,0.0,0.35,0.0
ZG Foulkes,ODI,2025,144,0,0,0,0,21.33,16.0,8.532,27.200000000000003,6.398999999999999,8.0,0.0,0.45665,84.70588235294117
ZG Foulkes,ODI,2026,204,10,1,0,0,50.666666666666664,48.25,22.266666666666666,59.0,15.2,24.125,30.0,0.6033333333333333,139.17808219178082
ZG Foulkes,TEST,2025,369,0,0,0,0,29.535,28.38,11.814,59.604,8.8605,14.19,0.0,0.497675,369.0
Zada Sher,T20,2026,135,93,10,7,0,145.16,19.28,78.064,28.924,78.548,9.64,54.83870967741936,0.9242,135.0
Zafer Durmaz,T20,12-Jul-25,0,0,0,0,0,0.0,0.0,0.0,0.0,0.0,0.0,0.0,0.35,0.0
Zahir Khan,TEST,2024,250,0,0,0,0,66.0,50.0,26.400000000000002,65.0,19.8,25.0,0.0,0.68,250.0
Zahir Mohammed,T20,2025,288,188,19,20,0,153.19,16.94,99.27600000000001,42.352000000000004,100.0,8.47,62.234042553191486,0.88405,288.0
Zain Muzaffar,T20,2026,176,0,0,0,0,13.81,16.0,5.524000000000001,30.400000000000002,4.143,8.0,0.0,0.41905000000000003,176.0
Zain Ul Abidin,T20,2025,196,0,0,0,0,12.0,10.31,4.800000000000001,27.848000000000003,3.5999999999999996,5.155,0.0,0.41,196.0
Zakir Hasan,TEST,19-Sep-24,0,0,0,0,0,0.0,0.0,0.0,0.0,0.0,0.0,0.0,0.35,0.0
Zakir Hasan,TEST,2024,239,492,30,3,1,24.285,15.93,69.714,36.644,22.2855,22.965,20.121951219512198,0.471425,140.58823529411765
Zakir Hasan,TEST,22-Mar-24,0,0,0,0,0,0.0,0.0,0.0,0.0,0.0,0.0,0.0,0.35,76.39269406392695
Zeeshan Ali,T20,10-Apr-25,0,0,0,0,0,0.0,0.0,0.0,0.0,0.0,0.0,0.0,0.35,0.0
Zeeshan Ali,T20,14-Mar-25,0,0,0,0,0,0.0,0.0,0.0,0.0,0.0,0.0,0.0,0.35,0.0
Zeeshan Ali,T20,17-Apr-24,0,0,0,0,0,0.0,0.0,0.0,0.0,0.0,0.0,0.0,0.35,0.0
Zeeshan Ali,T20,2024,506,332,43,25,8,76.2,42.16,100.0,84.328,100.0,100.0,61.44578313253012,0.731,199.76312672720096
Zeeshan Ali,T20,2025,581,416,68,22,0,69.83,27.66,100.0,80.22800000000001,100.0,13.83,64.90384615384616,0.6991499999999999,337.2399120118279
Zeeshan Ali,T20,23-Aug-24,0,0,0,0,0,0.0,0.0,0.0,0.0,0.0,0.0,0.0,0.35,222.5780896717973
Zeeshan Khan,T20,2026,132,100,10,4,1,132.0,33.0,72.80000000000001,39.6,59.6,31.5,42.00000000000001,0.95,132.0
Zeeshan Khan,T20,25-Aug-24,0,0,0,0,0,0.0,0.0,0.0,0.0,0.0,0.0,0.0,0.35,54.35294117647059
Zeeshan Kukikhel,T20,2025,271,192,22,15,1,141.14,24.63,100.0,46.804,100.0,27.314999999999998,57.8125,0.9443,271.0
Zeeshan Maqsood,ODI,2024,146,280,14,0,1,52.14,29.2,48.856,37.96,15.642,29.6,15.0,0.6107,146.0
Zhuang Zelin,T20,29-Jan-24,0,0,0,0,0,0.0,0.0,0.0,0.0,0.0,0.0,0.0,0.35,0.0
Zia-ur-Rehman,TEST,02-Jan-25,0,0,0,0,0,0.0,0.0,0.0,0.0,0.0,0.0,0.0,0.35,0.0
Zia-ur-Rehman,TEST,2024,328,0,0,0,0,80.25,41.0,32.1,65.6,24.075,20.5,0.0,0.75125,192.94117647058823
Zia-ur-Rehman,TEST,2025,76,0,0,0,0,50.0,25.33,20.0,27.863999999999997,15.0,12.665,0.0,0.6,139.5433789954338
Ziaur Rahman,T20,2026,0,0,0,0,0,0.0,0.0,0.0,0.0,0.0,0.0,0.0,0.35,0.0
Ziaur Rahman,T20,22-Jan-26,0,0,0,0,0,0.0,0.0,0.0,0.0,0.0,0.0,0.0,0.35,0.0
Ziaur Rahman,TEST,2025,97,0,0,0,0,27.42,13.85,10.968000000000002,20.78,8.226,6.925,0.0,0.48710000000000003,97.0
Zubaidi Zulkifle,T20,2026,0,0,0,0,0,0.0,0.0,0.0,0.0,0.0,0.0,0.0,0.35,0.0
Zubair Ali,T20,2026,200,138,21,8,0,144.92,40.0,99.96799999999999,52.0,83.476,20.0,63.04347826086956,0.9254000000000001,200.0
Zubayr Hamza,TEST,2024,95,292,13,0,0,32.53,23.75,39.012,28.5,9.759,11.875,13.356164383561643,0.51265,95.0
Zuhaib Zubair,ODI,2026,1,10,0,0,0,10.0,1.0,4.0,0.9,3.0,0.5,0.0,0.4,1.0
