player_name,team,role,age,availability,is_available,total_matches,form_momentum,rising,declining,runs,bat_avg,strike_rate,wickets,economy,bowl_avg,impact_score,probability_base,rating,year,period,period_label
A M Ghazanfar,Afghanistan,Spin Bowler,21.25,1.0,1,44.0,-0.4942,0,0,83.01,15.07,79.91,23.29,4.87,0.0,35.8412,0.5764,35.79,2027,H1,Jan-Jun
Abdul Malik,Afghanistan,Top Order Batter,30.25,1.0,1,52.0,-0.6172,0,1,419.3,35.25,83.34,0.0,0.0,0.0,39.5501,0.4742,39.54,2027,H1,Jan-Jun
Abdul Rahman,Afghanistan,Pace Bowler,28.25,1.0,1,44.0,-0.3754,0,0,55.38,12.53,73.75,19.67,5.57,0.0,30.9545,0.185,30.88,2027,H1,Jan-Jun
Azizullah Mia Khil,Afghanistan,Top Order Batter,26.25,1.0,1,39.0,0.6699,1,0,296.48,32.94,81.4,0.0,0.0,0.0,37.0922,0.5614,37.14,2027,H1,Jan-Jun
Azmatullah Omarzai,Afghanistan,Bowling All-Rounder,27.25,1.0,1,77.0,-0.273,0,0,665.85,44.11,92.32,22.36,5.2,0.0,60.3904,0.0182,57.32,2027,H1,Jan-Jun
Bahir Shah,Afghanistan,Middle Order Batter,26.25,1.0,1,41.0,0.9364,1,0,337.8,48.15,89.54,0.0,0.0,0.0,49.4193,0.7688,49.53,2027,H1,Jan-Jun
Bashir Ahmad,Afghanistan,Bowling All-Rounder,27.25,1.0,1,42.0,0.2437,0,0,246.09,29.2,80.15,15.2,5.97,0.0,42.3679,0.0169,42.49,2027,H1,Jan-Jun
Bilal Sami,Afghanistan,Pace Bowler,26.25,1.0,1,41.0,0.124,0,0,60.3,11.51,67.82,22.43,5.75,0.0,30.643,0.2185,30.59,2027,H1,Jan-Jun
Darwish Rasooli,Afghanistan,Top Order Batter,28.25,1.0,1,58.0,0.437,0,0,489.95,37.27,81.05,0.0,0.0,0.0,40.9362,0.7017,40.9,2027,H1,Jan-Jun
Faisal Khan Ahmadzai,Afghanistan,Pace Bowler,27.25,1.0,1,40.0,0.2292,0,0,58.3,13.72,69.26,18.99,5.86,0.0,30.7183,0.2508,30.65,2027,H1,Jan-Jun
Fareed Ahmad,Afghanistan,Pace Bowler,32.25,1.0,1,55.0,-0.7562,0,1,51.73,12.97,70.86,18.81,5.95,0.0,30.2885,0.4115,30.27,2027,H1,Jan-Jun
Faridoon Dawoodzai,Afghanistan,Pace Bowler,27.25,1.0,1,42.0,0.215,0,0,59.53,13.99,69.83,20.79,5.84,0.0,31.8962,0.3934,31.82,2027,H1,Jan-Jun
Fazalhaq Farooqi,Afghanistan,Pace Bowler,26.25,1.0,1,72.0,-0.9637,0,1,60.38,12.13,70.09,25.63,5.73,0.0,33.0182,0.7186,32.9,2027,H1,Jan-Jun
Gulbadin Naib,Afghanistan,Batting All-Rounder,36.25,0.375,1,64.0,-1.4567,0,1,225.66,28.4,78.19,6.39,6.38,0.0,36.9771,0.0087,36.46,2027,H1,Jan-Jun
Hashmatullah Shahidi,Afghanistan,Middle Order Batter,32.25,1.0,1,99.0,-0.1776,0,0,886.26,48.12,79.36,0.0,0.0,0.0,50.0809,0.9812,49.49,2027,H1,Jan-Jun
Ibrahim Zadran,Afghanistan,Top Order Batter,25.25,1.0,1,77.0,-0.6476,0,1,824.92,52.72,89.32,0.0,0.0,0.0,54.6587,0.9708,54.12,2027,H1,Jan-Jun
Ikram Ali Khil,Afghanistan,Wicketkeeper,25.25,1.0,1,58.0,-0.0275,0,0,488.37,37.15,88.32,0.0,0.0,0.0,41.9608,0.2581,41.84,2027,H1,Jan-Jun
Karim Janat,Afghanistan,Bowling All-Rounder,28.25,1.0,1,65.0,-0.1393,0,0,488.94,37.05,83.35,17.07,6.01,0.0,50.3954,0.02,50.15,2027,H1,Jan-Jun
Khatir Stanikzai,Afghanistan,Middle Order Batter,28.25,1.0,1,48.0,0.3579,0,0,416.02,37.82,89.86,0.0,0.0,0.0,42.3815,0.5469,42.44,2027,H1,Jan-Jun
Mohammad Ishaq,Afghanistan,Wicketkeeper,25.25,1.0,1,43.0,1.0059,1,0,350.81,38.84,85.26,0.0,0.0,0.0,42.1388,0.226,42.22,2027,H1,Jan-Jun
Mohammad Nabi,Afghanistan,Bowling All-Rounder,42.25,0.0,0,92.0,-2.4656,0,1,105.48,32.78,80.88,3.8,5.72,0.0,38.919,0.0031,38.51,2027,H1,Jan-Jun
Mohammad Saleem,Afghanistan,Pace Bowler,25.25,1.0,1,37.0,0.6069,1,0,67.32,15.89,75.75,22.73,5.42,0.0,35.2703,0.6779,35.17,2027,H1,Jan-Jun
Mujeeb Ur Rahman,Afghanistan,Spin Bowler,26.25,1.0,1,64.0,-1.4718,0,1,68.17,13.63,74.45,22.08,4.86,0.0,33.3164,0.6842,33.31,2027,H1,Jan-Jun
Munir Ahmad Kakar,Afghanistan,Wicketkeeper,28.25,1.0,1,46.0,0.249,0,0,355.92,34.94,87.6,0.0,0.0,0.0,39.7227,0.181,39.69,2027,H1,Jan-Jun
Najibullah Zadran,Afghanistan,Wicketkeeper,33.25,1.0,1,65.0,-0.5949,0,1,414.91,35.17,86.71,0.0,0.0,0.0,39.9926,0.2358,39.94,2027,H1,Jan-Jun
Nangeyalia Kharote,Afghanistan,Spin Bowler,23.25,1.0,1,41.0,0.428,0,0,246.59,30.15,84.95,21.01,5.14,0.0,46.8837,0.9681,46.92,2027,H1,Jan-Jun
Naveed Zadran,Afghanistan,Pace Bowler,26.25,1.0,1,48.0,-0.0521,0,0,69.65,13.15,71.84,21.52,5.71,0.0,32.0374,0.3566,31.98,2027,H1,Jan-Jun
Naveen-ul-Haq,Afghanistan,Pace Bowler,27.25,1.0,1,67.0,-1.1179,0,1,43.37,10.89,68.78,21.64,5.87,0.0,29.8568,0.4171,30.0,2027,H1,Jan-Jun
Nazifullah Amiri,Afghanistan,Top Order Batter,24.25,1.0,1,37.0,1.1004,1,0,308.74,38.6,91.29,0.0,0.0,0.0,42.7209,0.5531,42.73,2027,H1,Jan-Jun
Noor Ahmad,Afghanistan,Spin Bowler,22.25,1.0,1,59.0,-1.0101,0,1,94.49,15.25,76.46,24.46,5.22,0.0,35.9448,0.7525,35.97,2027,H1,Jan-Jun
Qais Ahmad,Afghanistan,Spin Bowler,26.25,1.0,1,52.0,-0.6376,0,1,72.67,13.98,72.21,21.95,5.65,0.0,32.9296,0.5466,32.89,2027,H1,Jan-Jun
Rahmanullah Gurbaz,Afghanistan,Wicketkeeper,25.25,1.0,1,86.0,-0.4631,0,0,1155.24,47.85,95.14,0.0,0.0,0.0,53.4143,0.9264,52.59,2027,H1,Jan-Jun
Rahmat Shah,Afghanistan,Top Order Batter,34.25,1.0,1,101.0,-0.1939,0,0,885.85,48.35,76.19,0.0,0.0,0.0,49.7571,0.9634,49.49,2027,H1,Jan-Jun
Rashid Khan,Afghanistan,Spin Bowler,28.25,1.0,1,86.0,-1.7821,0,1,330.53,29.65,93.87,32.38,4.58,0.0,54.0453,0.9645,54.07,2027,H1,Jan-Jun
Riaz Hassan,Afghanistan,Top Order Batter,27.25,1.0,1,56.0,0.2114,0,0,505.57,38.17,84.42,0.0,0.0,0.0,42.1635,0.707,42.22,2027,H1,Jan-Jun
Rohullah Arab,Afghanistan,Pace Bowler,25.25,1.0,1,39.0,0.3801,0,0,57.19,13.05,68.9,18.06,5.97,0.0,29.6928,0.3484,29.56,2027,H1,Jan-Jun
Sediqullah Atal,Afghanistan,Top Order Batter,25.25,1.0,1,49.0,1.658,1,0,732.63,52.04,90.34,0.0,0.0,0.0,53.9496,0.9709,54.12,2027,H1,Jan-Jun
Shahidullah Kamal,Afghanistan,Middle Order Batter,31.25,1.0,1,81.0,0.212,0,0,697.44,45.89,82.08,0.0,0.0,0.0,48.1261,0.9634,48.12,2027,H1,Jan-Jun
Sharafuddin Ashraf,Afghanistan,Batting All-Rounder,31.25,1.0,1,59.0,-0.334,0,0,410.11,33.65,81.29,13.73,5.95,0.0,45.687,0.8919,45.67,2027,H1,Jan-Jun
Wafiullah Tarakhil,Afghanistan,Top Order Batter,23.25,1.0,1,45.0,1.0772,1,0,476.69,43.07,96.26,0.0,0.0,0.0,47.3782,0.6495,47.14,2027,H1,Jan-Jun
Wahidullah Zadran,Afghanistan,Top Order Batter,23.25,1.0,1,38.0,1.6886,1,0,378.2,47.27,91.65,0.0,0.0,0.0,49.2781,0.927,49.53,2027,H1,Jan-Jun
Zia-Ur-Rehman Abdul Malik,Afghanistan,Spin Bowler,26.25,1.0,1,44.0,0.0277,0,0,90.44,17.46,71.87,24.36,5.49,0.0,36.6772,0.7287,36.64,2027,H1,Jan-Jun
Zubaid Akbari,Afghanistan,Top Order Batter,24.25,1.0,1,52.0,1.0328,1,0,471.62,41.86,89.74,0.0,0.0,0.0,45.4879,0.6149,45.44,2027,H1,Jan-Jun
Aaron Hardie,Australia,Bowling All-Rounder,28.25,1.0,1,101.0,1.0052,1,0,759.16,45.37,95.86,24.99,5.52,0.0,63.4196,0.0224,57.32,2027,H1,Jan-Jun
Adam Zampa,Australia,Spin Bowler,35.25,0.75,1,197.2,-3.3881,0,1,32.71,10.42,71.99,42.17,5.25,0.0,40.2551,0.7693,38.98,2027,H1,Jan-Jun
Alex Carey,Australia,Wicketkeeper,35.25,0.9375,1,165.0,-0.2162,0,0,592.03,37.66,84.21,0.0,0.0,0.0,42.1198,0.3421,41.58,2027,H1,Jan-Jun
Ashton Agar,Australia,Spin Bowler,33.25,1.0,1,129.0,-3.4644,0,1,30.83,8.72,60.66,12.86,5.89,0.0,22.6719,0.2376,22.61,2027,H1,Jan-Jun
Beau Webster,Australia,Bowling All-Rounder,33.25,1.0,1,96.0,0.5936,1,0,729.37,41.04,88.3,29.04,5.87,0.0,60.9326,0.031,57.11,2027,H1,Jan-Jun
Ben Dwarshuis,Australia,Pace Bowler,32.25,1.0,1,84.0,-1.155,0,1,34.01,11.77,68.32,27.86,6.89,0.0,33.2252,0.5356,33.13,2027,H1,Jan-Jun
Ben Kellaway,Australia,Batting All-Rounder,22.25,1.0,1,41.0,2.9159,1,0,295.17,38.17,100.31,9.03,5.64,0.0,49.1445,0.7459,48.91,2027,H1,Jan-Jun
Ben Manenti,Australia,Bowling All-Rounder,30.25,1.0,1,72.0,-0.8421,0,1,167.25,25.72,79.81,14.08,6.34,0.0,38.8612,0.0086,38.82,2027,H1,Jan-Jun
Billy Stanlake,Australia,Pace Bowler,32.25,1.0,1,64.0,-2.1014,0,1,1.73,1.52,49.94,5.16,7.55,0.0,11.6278,0.0185,11.53,2027,H1,Jan-Jun
Brendan Doggett,Australia,Pace Bowler,32.25,1.0,1,73.0,-1.4562,0,1,17.03,7.99,60.33,19.7,6.27,0.0,25.3216,0.2757,24.98,2027,H1,Jan-Jun
Cameron Gannon,Australia,Pace Bowler,36.25,0.375,1,49.0,-1.246,0,1,2.08,1.76,57.61,4.27,6.52,0.0,12.7219,0.0037,12.77,2027,H1,Jan-Jun
Cameron Green,Australia,Batting All-Rounder,28.25,1.0,1,122.0,-0.3193,0,0,606.69,42.68,97.05,19.01,5.32,0.0,58.1619,0.049,57.32,2027,H1,Jan-Jun
Campbell Kellaway,Australia,Top Order Batter,25.25,1.0,1,61.0,1.0464,1,0,345.8,36.0,90.78,0.0,0.0,0.0,40.93,0.7792,40.9,2027,H1,Jan-Jun
Cooper Connolly,Australia,Batting All-Rounder,23.25,1.0,1,71.0,1.2337,1,0,612.89,47.69,102.72,16.3,5.08,0.0,61.3929,0.7833,57.0,2027,H1,Jan-Jun
Corey Rocchiccioli,Australia,Spin Bowler,30.25,1.0,1,62.0,-0.9047,0,1,13.14,6.57,66.27,19.9,5.4,0.0,25.5202,0.2915,25.18,2027,H1,Jan-Jun
Fergus O'Neill,Australia,Pace Bowler,26.25,1.0,1,54.0,-0.2598,0,0,13.36,5.99,66.8,17.79,6.21,0.0,23.9391,0.086,23.82,2027,H1,Jan-Jun
Glenn Maxwell,Australia,Batting All-Rounder,39.25,0.0,0,218.0,-2.3845,0,1,178.54,33.53,94.63,4.82,6.57,0.0,42.1765,0.0047,40.92,2027,H1,Jan-Jun
Harry Nielsen,Australia,Wicketkeeper,31.25,1.0,1,102.0,-0.1674,0,0,346.54,30.09,85.1,0.0,0.0,0.0,35.8222,0.1402,35.93,2027,H1,Jan-Jun
Henry Hunt,Australia,Top Order Batter,29.25,1.0,1,67.0,0.3843,0,0,300.32,36.85,85.5,0.0,0.0,0.0,40.5418,0.7502,40.56,2027,H1,Jan-Jun
Henry Thornton,Australia,Pace Bowler,31.25,1.0,1,72.0,-1.4441,0,1,13.77,6.89,65.89,11.64,6.62,0.0,21.3311,0.0986,21.24,2027,H1,Jan-Jun
Jack Edwards,Australia,Batting All-Rounder,27.25,1.0,1,88.0,0.2612,0,0,387.62,36.1,94.41,12.21,5.51,0.0,48.7348,0.7314,48.58,2027,H1,Jan-Jun
Jake Fraser-McGurk,Australia,Top Order Batter,25.25,1.0,1,74.0,-1.986,0,1,409.11,29.85,104.94,0.0,0.0,0.0,38.9551,0.5693,38.91,2027,H1,Jan-Jun
Jake Lehmann,Australia,Middle Order Batter,34.25,1.0,1,82.0,-0.6477,0,1,178.7,26.17,75.03,0.0,0.0,0.0,30.776,0.2143,30.78,2027,H1,Jan-Jun
Jake Weatherald,Australia,Top Order Batter,33.25,1.0,1,153.0,-0.4672,0,0,708.72,43.67,88.04,0.0,0.0,0.0,47.4962,0.9512,47.14,2027,H1,Jan-Jun
Jason Behrendorff,Australia,Pace Bowler,37.25,0.35,1,132.2,-2.7731,0,1,4.68,9.35,63.01,12.02,6.43,0.0,22.841,0.0172,22.76,2027,H1,Jan-Jun
Jason Sangha,Australia,Middle Order Batter,28.25,1.0,1,96.0,-0.775,0,1,301.4,29.96,89.65,0.0,0.0,0.0,36.2432,0.5927,36.37,2027,H1,Jan-Jun
Jhye Richardson,Australia,Pace Bowler,30.25,1.0,1,96.0,-2.2689,0,1,13.44,7.56,67.1,19.74,5.72,0.0,26.1907,0.1769,25.82,2027,H1,Jan-Jun
Joel Davies,Australia,Middle Order Batter,23.25,1.0,1,32.0,3.3883,1,0,291.07,46.07,106.93,0.0,0.0,0.0,50.4085,0.8405,50.14,2027,H1,Jan-Jun
Jordan Buckingham,Australia,Pace Bowler,26.25,1.0,1,44.0,-0.4146,0,0,17.36,7.72,70.23,17.86,6.06,0.0,25.7919,0.0847,25.46,2027,H1,Jan-Jun
Josh Hazlewood,Australia,Pace Bowler,36.25,0.4375,1,147.0,-1.6984,0,1,13.38,8.24,65.42,21.42,5.95,0.0,27.1892,0.0176,26.39,2027,H1,Jan-Jun
Josh Inglis,Australia,Wicketkeeper,32.25,1.0,1,137.0,0.9926,1,0,1006.69,45.25,97.87,0.0,0.0,0.0,51.3607,0.9428,51.34,2027,H1,Jan-Jun
Josh Philippe,Australia,Wicketkeeper,30.25,1.0,1,161.0,-0.7511,0,1,620.45,36.46,95.01,0.0,0.0,0.0,43.0353,0.3376,43.04,2027,H1,Jan-Jun
Lance Morris,Australia,Pace Bowler,29.25,1.0,1,51.0,-0.9395,0,1,3.89,3.89,65.12,17.16,5.94,0.0,21.889,0.1006,21.64,2027,H1,Jan-Jun
Liam Hatcher,Australia,Pace Bowler,30.25,1.0,1,71.0,-1.3878,0,1,12.34,5.36,66.35,12.06,6.51,0.0,20.5276,0.0787,20.46,2027,H1,Jan-Jun
Liam Scott,Australia,Batting All-Rounder,26.25,1.0,1,73.0,1.8499,1,0,610.2,41.37,102.52,15.71,5.36,0.0,56.4399,0.7032,57.35,2027,H1,Jan-Jun
Mackenzie Harvey,Australia,Wicketkeeper,26.25,1.0,1,97.0,-0.8342,0,1,258.14,27.47,85.38,0.0,0.0,0.0,33.6242,0.1313,33.66,2027,H1,Jan-Jun
Mahli Beardman,Australia,Pace Bowler,21.25,1.0,1,28.0,0.6828,1,0,12.98,11.29,84.5,10.42,5.48,0.0,27.0126,0.4229,26.72,2027,H1,Jan-Jun
Marcus Stoinis,Australia,Batting All-Rounder,38.25,0.0,0,244.0,-2.0386,0,1,126.12,32.26,89.53,3.55,6.59,0.0,39.6378,0.0046,38.89,2027,H1,Jan-Jun
Marnus Labuschagne,Australia,Middle Order Batter,33.25,1.0,1,152.0,-0.7433,0,1,614.63,38.58,78.91,0.0,0.0,0.0,42.0577,0.9127,42.12,2027,H1,Jan-Jun
Matthew Gilkes,Australia,Wicketkeeper,28.25,1.0,1,111.0,-0.5671,0,1,369.49,34.08,93.47,0.0,0.0,0.0,40.0636,0.2084,40.19,2027,H1,Jan-Jun
Matthew Kuhnemann,Australia,Spin Bowler,30.25,1.0,1,74.0,-0.7711,0,1,19.1,9.85,65.49,29.01,5.4,0.0,32.264,0.8443,32.24,2027,H1,Jan-Jun
Matthew Renshaw,Australia,Top Order Batter,31.25,1.0,1,167.0,-0.7015,0,1,646.4,37.66,87.3,0.67,6.17,0.0,43.9698,0.526,43.92,2027,H1,Jan-Jun
Matthew Short,Australia,Batting All-Rounder,31.25,1.0,1,154.0,-1.3185,0,1,888.4,43.19,96.38,14.31,6.26,0.0,57.0207,0.8695,57.16,2027,H1,Jan-Jun
Matthew Wade,Australia,Wicketkeeper,39.25,0.125,1,183.0,-1.9889,0,1,23.55,18.78,73.2,0.0,0.0,0.0,24.5598,0.0039,24.19,2027,H1,Jan-Jun
Michael Neser,Australia,Bowling All-Rounder,37.25,0.0,0,128.0,-2.5268,0,1,91.15,25.23,79.94,8.18,6.03,0.0,35.3817,0.0026,34.41,2027,H1,Jan-Jun
Mitchell Marsh,Australia,Bowling All-Rounder,35.25,0.95,1,175.2,-1.1962,0,1,794.14,40.77,94.15,10.64,6.26,0.0,52.7487,0.1293,50.93,2027,H1,Jan-Jun
Mitchell Owen,Australia,Batting All-Rounder,26.25,1.0,1,76.0,1.4973,1,0,567.25,41.84,97.65,10.07,6.29,0.0,52.8368,0.6606,52.55,2027,H1,Jan-Jun
Mitchell Starc,Australia,Pace Bowler,37.25,0.6875,1,200.5,1.947,1,0,17.62,9.02,69.89,69.62,5.66,0.0,52.2686,0.9678,44.17,2027,H1,Jan-Jun
Mitchell Stoinis,Australia,Batting All-Rounder,38.25,0.0,0,244.0,-2.0386,0,1,133.01,34.02,94.42,3.74,6.25,0.0,41.8442,0.0038,40.64,2027,H1,Jan-Jun
Nathan Ellis,Australia,Pace Bowler,32.25,1.0,1,93.0,-1.9794,0,1,22.32,7.74,68.3,24.62,6.41,0.0,28.7821,0.2315,28.34,2027,H1,Jan-Jun
Nathan Lyon,Australia,Spin Bowler,39.25,0.0,0,82.0,-3.8812,0,1,3.21,6.71,56.94,10.26,5.16,0.0,19.4721,0.014,19.51,2027,H1,Jan-Jun
Nathan McAndrew,Australia,Bowling All-Rounder,32.25,1.0,1,101.0,-0.2638,0,0,307.97,29.3,83.3,24.33,6.12,0.0,47.6389,0.0136,47.87,2027,H1,Jan-Jun
Nathan McSweeney,Australia,Middle Order Batter,28.25,1.0,1,85.0,0.3499,0,0,537.77,42.61,89.6,0.0,0.0,0.0,46.2753,0.8022,46.29,2027,H1,Jan-Jun
Nikhil Chaudhary,Australia,Batting All-Rounder,31.25,1.0,1,82.0,1.0003,1,0,538.89,36.14,101.05,14.34,6.1,0.0,51.3015,0.6867,51.32,2027,H1,Jan-Jun
Oliver Peake,Australia,Middle Order Batter,21.25,1.0,1,25.0,2.319,1,0,197.82,36.01,90.11,0.0,0.0,0.0,40.2278,0.59,40.29,2027,H1,Jan-Jun
Pat Cummins,Australia,Pace Bowler,34.25,0.9167,1,161.6667,-2.7793,0,1,52.4,11.8,73.51,31.71,5.8,0.0,36.251,0.6341,35.39,2027,H1,Jan-Jun
Riley Meredith,Australia,Pace Bowler,31.25,1.0,1,78.0,-1.7714,0,1,8.85,4.83,67.26,15.76,6.24,0.0,22.1529,0.1909,22.07,2027,H1,Jan-Jun
Sam Elliott,Australia,Pace Bowler,25.25,1.0,1,35.0,-0.2929,0,0,22.97,9.54,75.06,6.14,5.9,0.0,22.1279,0.0512,22.16,2027,H1,Jan-Jun
Sam Konstas,Australia,Top Order Batter,21.25,1.0,1,45.0,3.4904,1,0,823.42,48.86,104.4,0.0,0.0,0.0,54.2018,0.9162,53.95,2027,H1,Jan-Jun
Scott Boland,Australia,Pace Bowler,38.25,0.0,0,74.0,-1.8017,0,1,4.99,8.68,63.31,6.65,5.76,0.0,19.9187,0.013,19.81,2027,H1,Jan-Jun
Sean Abbott,Australia,Bowling All-Rounder,35.25,0.6875,1,192.5,-2.6925,0,1,331.65,27.09,80.26,28.02,6.56,0.0,47.4072,0.0614,42.82,2027,H1,Jan-Jun
Spencer Johnson,Australia,Pace Bowler,31.25,1.0,1,61.0,-0.8558,0,1,21.33,9.36,74.89,23.89,6.06,0.0,30.6705,0.1904,30.63,2027,H1,Jan-Jun
Tanveer Sangha,Australia,Spin Bowler,25.25,1.0,1,67.0,-0.8269,0,1,15.88,8.35,70.47,31.15,5.25,0.0,33.0401,0.7765,33.11,2027,H1,Jan-Jun
Tim David,Australia,Middle Order Batter,31.25,1.0,1,98.0,0.0158,0,0,476.96,38.39,102.29,0.0,0.0,0.0,44.9499,0.7927,44.92,2027,H1,Jan-Jun
Todd Murphy,Australia,Spin Bowler,26.25,1.0,1,42.0,-1.1286,0,1,8.76,9.6,57.51,10.74,5.75,0.0,21.7199,0.3998,21.63,2027,H1,Jan-Jun
Travis Head,Australia,Top Order Batter,33.25,1.0,1,158.0,-0.1483,0,0,1100.72,49.38,101.14,0.0,0.0,0.0,55.21,0.9751,53.95,2027,H1,Jan-Jun
Will Sutherland,Australia,Bowling All-Rounder,27.25,1.0,1,105.0,0.1147,0,0,467.68,40.72,93.45,26.84,5.52,0.0,59.4317,0.0114,57.25,2027,H1,Jan-Jun
Xavier Bartlett,Australia,Pace Bowler,28.25,1.0,1,65.0,-0.6519,0,1,24.74,10.95,76.18,23.93,6.24,0.0,32.0015,0.3218,31.98,2027,H1,Jan-Jun
A. G. Saqlain,Bangladesh,Bowling All-Rounder,25.25,1.0,1,28.0,1.5243,1,0,194.58,30.48,156.05,18.07,7.59,0.0,55.8432,0.0192,57.16,2027,H1,Jan-Jun
Abdul Gaffar Saqlain,Bangladesh,Bowling All-Rounder,25.25,1.0,1,28.0,1.5243,1,0,195.81,30.68,157.04,18.19,7.54,0.0,56.2104,0.0207,57.16,2027,H1,Jan-Jun
Afif Hossain,Bangladesh,Batting All-Rounder,27.25,1.0,1,142.0,-2.0747,0,1,344.67,22.12,145.5,10.55,8.06,0.0,45.0719,0.5695,44.95,2027,H1,Jan-Jun
Akbar Ali,Bangladesh,Wicketkeeper,26.25,1.0,1,44.0,1.424,1,0,463.46,30.88,146.78,0.0,0.0,0.0,46.3457,0.2746,46.29,2027,H1,Jan-Jun
Amite Hasan,Bangladesh,Middle Order Batter,26.25,1.0,1,41.0,1.6032,1,0,325.57,28.23,133.81,0.0,0.0,0.0,41.8874,0.8173,41.84,2027,H1,Jan-Jun
Anamul Haque,Bangladesh,Wicketkeeper,34.25,1.0,1,153.0,-1.296,0,1,314.26,21.58,127.82,0.0,0.0,0.0,36.1519,0.1264,36.18,2027,H1,Jan-Jun
Ebadat Hossain,Bangladesh,Pace Bowler,33.25,1.0,1,55.0,0.4398,0,0,24.19,11.2,103.69,19.84,8.69,0.0,34.0017,0.3455,33.93,2027,H1,Jan-Jun
Hasan Mahmud,Bangladesh,Pace Bowler,28.25,1.0,1,93.0,-0.667,0,1,90.06,13.8,122.8,43.54,8.0,0.0,50.8319,0.8148,51.1,2027,H1,Jan-Jun
Hasan Murad,Bangladesh,Spin Bowler,25.25,1.0,1,48.0,1.4761,1,0,70.57,16.36,119.11,30.89,7.59,0.0,45.8481,0.8711,45.76,2027,H1,Jan-Jun
Jaker Ali,Bangladesh,Wicketkeeper,29.25,1.0,1,77.0,1.2723,1,0,638.44,34.24,147.3,0.0,0.0,0.0,49.5521,0.5856,49.54,2027,H1,Jan-Jun
Jishan Alam,Bangladesh,Top Order Batter,25.25,1.0,1,41.0,1.6795,1,0,393.68,30.99,142.98,0.0,0.0,0.0,45.5547,0.8855,45.44,2027,H1,Jan-Jun
Khaled Ahmed,Bangladesh,Pace Bowler,34.25,1.0,1,81.0,0.4571,0,0,39.16,12.44,103.0,29.46,9.17,0.0,39.5328,0.5055,39.38,2027,H1,Jan-Jun
Litton Das,Bangladesh,Wicketkeeper,32.25,1.0,1,220.0,-0.81,0,1,754.86,32.47,149.33,0.0,0.0,0.0,49.0718,0.7672,48.88,2027,H1,Jan-Jun
Mahedi Hasan,Bangladesh,Batting All-Rounder,32.25,1.0,1,163.0,0.0353,0,0,620.22,29.28,141.41,37.48,8.28,0.0,63.9432,0.8804,57.26,2027,H1,Jan-Jun
Mahidul Islam Ankon,Bangladesh,Wicketkeeper,26.25,1.0,1,55.0,1.7718,1,0,418.93,33.62,145.31,0.0,0.0,0.0,47.9022,0.5066,47.79,2027,H1,Jan-Jun
Mahmudul Hasan Joy,Bangladesh,Middle Order Batter,26.25,1.0,1,82.0,0.2224,0,0,414.95,28.17,130.37,0.0,0.0,0.0,41.682,0.859,41.64,2027,H1,Jan-Jun
Mahmudullah,Bangladesh,Batting All-Rounder,41.25,0.0,0,250.0,-5.119,0,1,0.0,22.38,139.46,0.0,8.32,0.0,37.6879,0.006,36.81,2027,H1,Jan-Jun
Mehidy Hasan Miraz,Bangladesh,Bowling All-Rounder,29.25,1.0,1,178.0,-0.4125,0,0,664.12,32.94,145.69,44.88,7.12,0.0,71.2199,0.0933,57.49,2027,H1,Jan-Jun
Mohammad Naim,Bangladesh,Middle Order Batter,27.25,1.0,1,118.0,-1.1598,0,1,418.85,25.77,141.6,0.0,0.0,0.0,41.7026,0.834,41.64,2027,H1,Jan-Jun
Mohammad Saifuddin,Bangladesh,Bowling All-Rounder,30.25,1.0,1,121.0,-0.5889,0,1,434.43,24.94,146.54,37.12,8.13,0.0,60.6999,0.0237,57.22,2027,H1,Jan-Jun
Mominul Haque,Bangladesh,Top Order Batter,35.25,0.9375,1,107.0,-0.4437,0,0,249.44,22.6,114.76,0.0,0.0,0.0,34.6109,0.3107,34.09,2027,H1,Jan-Jun
Mosaddek Hossain,Bangladesh,Batting All-Rounder,31.25,1.0,1,147.0,-1.0736,0,1,461.88,26.55,142.25,16.1,7.72,0.0,51.0103,0.807,51.31,2027,H1,Jan-Jun
Musfik Hasan,Bangladesh,Pace Bowler,23.25,1.0,1,34.0,1.3273,1,0,39.69,12.01,118.78,24.27,7.85,0.0,39.2531,0.5804,39.05,2027,H1,Jan-Jun
Mushfiqur Rahim,Bangladesh,Wicketkeeper,40.25,0.0,0,190.0,-1.6022,0,1,66.47,23.02,116.44,0.0,0.0,0.0,34.4205,0.003,34.56,2027,H1,Jan-Jun
Mustafizur Rahman,Bangladesh,Pace Bowler,31.25,1.0,1,215.0,-1.4401,0,1,68.62,12.29,108.18,47.22,8.05,0.0,49.2206,0.8838,48.68,2027,H1,Jan-Jun
Nahid Rana,Bangladesh,Pace Bowler,24.25,1.0,1,74.0,0.6137,1,0,42.14,12.31,116.32,44.72,7.87,0.0,49.1704,0.8249,48.68,2027,H1,Jan-Jun
Najmul Hossain Apu,Bangladesh,Spin Bowler,28.25,1.0,1,37.0,1.293,1,0,57.94,13.31,119.26,25.8,7.53,0.0,41.1341,0.7855,40.97,2027,H1,Jan-Jun
Najmul Hossain Shanto,Bangladesh,Middle Order Batter,28.25,1.0,1,128.0,-0.2388,0,0,726.68,32.8,133.81,0.0,0.0,0.0,46.8081,0.9712,46.57,2027,H1,Jan-Jun
Nasum Ahmed,Bangladesh,Spin Bowler,33.25,1.0,1,149.0,-1.324,0,1,66.13,11.82,104.04,38.8,7.54,0.0,44.1623,0.8142,43.95,2027,H1,Jan-Jun
Nasum Ahmed Jr,Bangladesh,Spin Bowler,22.25,1.0,1,29.0,1.0085,1,0,53.88,12.24,118.72,21.7,7.47,0.0,38.2569,0.5907,38.13,2027,H1,Jan-Jun
Nayeem Hasan,Bangladesh,Spin Bowler,26.25,1.0,1,61.0,-0.6,0,1,58.81,14.03,110.74,27.97,7.32,0.0,41.4465,0.7763,41.19,2027,H1,Jan-Jun
Nurul Hasan,Bangladesh,Wicketkeeper,34.25,1.0,1,158.0,0.0764,0,0,474.74,26.56,137.71,0.0,0.0,0.0,41.9004,0.3852,41.84,2027,H1,Jan-Jun
Parvez Hossain Emon,Bangladesh,Wicketkeeper,25.25,1.0,1,75.0,1.3541,1,0,776.46,40.66,158.39,0.0,0.0,0.0,56.4255,0.8952,57.26,2027,H1,Jan-Jun
Pritom Kumar,Bangladesh,Wicketkeeper,23.25,1.0,1,38.0,1.8842,1,0,416.94,33.15,151.08,0.0,0.0,0.0,48.4436,0.4509,48.53,2027,H1,Jan-Jun
Rejaur Rahman Raja,Bangladesh,Pace Bowler,26.25,1.0,1,43.0,1.2786,1,0,53.04,12.22,110.22,26.11,8.49,0.0,38.9666,0.6398,38.75,2027,H1,Jan-Jun
Ripon Mondol,Bangladesh,Pace Bowler,24.25,1.0,1,39.0,1.2736,1,0,43.17,12.89,116.21,28.02,8.15,0.0,41.3102,0.6961,41.17,2027,H1,Jan-Jun
Rishad Hossain,Bangladesh,Spin Bowler,24.25,1.0,1,101.0,1.8401,1,0,633.74,33.69,150.51,45.24,7.52,0.0,72.4869,0.9793,57.05,2027,H1,Jan-Jun
Saif Hassan,Bangladesh,Top Order Batter,28.25,1.0,1,92.0,1.1672,1,0,579.51,30.14,141.7,0.0,0.0,0.0,45.51,0.8678,45.44,2027,H1,Jan-Jun
Shadman Islam,Bangladesh,Top Order Batter,31.25,1.0,1,74.0,0.6824,1,0,371.56,29.9,126.28,0.0,0.0,0.0,42.1163,0.8381,42.22,2027,H1,Jan-Jun
Shahadat Hossain,Bangladesh,Top Order Batter,25.25,1.0,1,47.0,1.697,1,0,384.79,33.23,144.69,0.0,0.0,0.0,47.3874,0.9315,47.13,2027,H1,Jan-Jun
Shakib Al Hasan,Bangladesh,Batting All-Rounder,40.25,0.0,0,310.0,-8.1687,0,1,0.0,21.55,136.64,0.0,8.0,0.0,36.7008,0.0022,36.06,2027,H1,Jan-Jun
Shamim Hossain,Bangladesh,Batting All-Rounder,26.25,1.0,1,86.0,1.7462,1,0,678.72,36.82,153.49,18.67,7.94,0.0,62.2255,0.8649,57.38,2027,H1,Jan-Jun
Shoriful Islam,Bangladesh,Pace Bowler,26.25,1.0,1,114.0,-1.0289,0,1,70.92,13.68,114.13,39.28,8.42,0.0,47.1831,0.8163,46.96,2027,H1,Jan-Jun
Soumya Sarkar,Bangladesh,Batting All-Rounder,34.25,0.9167,1,188.6667,-1.854,0,1,435.42,22.86,138.49,12.78,8.6,0.0,45.9285,0.4564,43.85,2027,H1,Jan-Jun
Taijul Islam,Bangladesh,Spin Bowler,35.25,0.75,1,110.2,-3.1901,0,1,37.51,10.36,89.31,22.06,7.93,0.0,32.4329,0.095,30.74,2027,H1,Jan-Jun
Tanvir Islam,Bangladesh,Spin Bowler,30.25,1.0,1,82.0,0.2649,0,0,77.06,14.88,111.73,44.34,7.27,0.0,50.3543,0.9607,49.91,2027,H1,Jan-Jun
Tanzid Hasan,Bangladesh,Top Order Batter,26.25,1.0,1,92.0,0.865,1,0,779.85,34.94,144.84,0.0,0.0,0.0,50.2555,0.9406,50.17,2027,H1,Jan-Jun
Tanzim Hasan Sakib,Bangladesh,Pace Bowler,24.25,1.0,1,84.0,0.2146,0,0,106.89,20.3,143.2,36.91,8.13,0.0,55.4138,0.9428,53.6,2027,H1,Jan-Jun
Taskin Ahmed,Bangladesh,Pace Bowler,32.25,1.0,1,158.0,-0.8099,0,1,73.83,12.03,105.58,42.61,8.61,0.0,46.3157,0.8219,46.11,2027,H1,Jan-Jun
Towhid Hridoy,Bangladesh,Top Order Batter,26.25,1.0,1,115.0,1.2181,1,0,942.57,36.24,151.34,2.42,8.04,0.0,54.5427,0.8811,54.13,2027,H1,Jan-Jun
Yasir Ali Chowdhury,Bangladesh,Middle Order Batter,31.25,1.0,1,93.0,0.2857,0,0,418.92,27.51,133.66,0.0,0.0,0.0,41.7305,0.8661,41.64,2027,H1,Jan-Jun
Zakir Hasan,Bangladesh,Middle Order Batter,29.25,1.0,1,71.0,0.2371,0,0,399.04,27.59,132.06,0.0,0.0,0.0,41.4606,0.8489,41.36,2027,H1,Jan-Jun
Adil Rashid,England,Spin Bowler,39.25,0.0,0,337.0,-3.2729,0,1,21.47,11.1,73.86,11.21,5.12,0.0,25.7759,0.0341,24.95,2027,H1,Jan-Jun
Alex Horton,England,Wicketkeeper,24.25,1.0,1,32.0,1.2558,1,0,355.1,31.85,91.52,0.0,0.0,0.0,38.1059,0.1823,38.16,2027,H1,Jan-Jun
Archie Vaughan,England,Batting All-Rounder,22.25,1.0,1,40.0,1.7508,1,0,430.88,34.29,88.34,14.63,5.6,0.0,47.8483,0.6967,47.83,2027,H1,Jan-Jun
Ben Duckett,England,Top Order Batter,32.25,1.0,1,188.0,0.0879,0,0,1054.26,40.31,95.09,0.0,0.0,0.0,47.586,0.9622,47.79,2027,H1,Jan-Jun
Ben Foakes,England,Wicketkeeper,34.25,1.0,1,136.0,0.0596,0,0,427.28,31.38,78.32,0.0,0.0,0.0,36.0362,0.4518,36.11,2027,H1,Jan-Jun
Ben Geddes,England,Top Order Batter,25.25,1.0,1,54.0,1.3094,1,0,580.98,35.51,94.43,0.0,0.0,0.0,42.1032,0.6833,42.22,2027,H1,Jan-Jun
Ben McKinney,England,Top Order Batter,22.25,1.0,1,41.0,1.368,1,0,464.15,36.51,94.04,0.0,0.0,0.0,42.2816,0.682,42.22,2027,H1,Jan-Jun
Brydon Carse,England,Pace Bowler,32.25,1.0,1,101.0,-1.1245,0,1,226.03,23.99,91.42,57.85,5.58,0.0,61.3902,0.8408,57.26,2027,H1,Jan-Jun
Chris Jordan,England,Pace Bowler,38.25,0.0,0,314.0,-1.6142,0,1,106.98,19.98,85.35,12.08,6.39,0.0,34.3536,0.0123,33.01,2027,H1,Jan-Jun
Chris Woakes,England,Bowling All-Rounder,38.25,0.0,0,191.0,-2.9738,0,1,63.78,26.62,79.93,6.85,6.0,0.0,35.6168,0.006,35.22,2027,H1,Jan-Jun
Dan Lawrence,England,Batting All-Rounder,30.25,1.0,1,148.0,-0.2645,0,0,856.78,41.73,94.73,8.81,5.14,0.0,53.1816,0.846,52.58,2027,H1,Jan-Jun
Dan Mousley,England,Batting All-Rounder,26.25,1.0,1,101.0,1.04,1,0,814.1,37.92,93.39,22.48,5.48,0.0,56.6979,0.7753,57.35,2027,H1,Jan-Jun
Emilio Gay,England,Top Order Batter,30.25,1.0,1,101.0,0.1781,0,0,755.79,38.8,88.14,0.0,0.0,0.0,44.2122,0.8205,44.24,2027,H1,Jan-Jun
Farhan Ahmed,England,Spin Bowler,20.25,1.0,1,33.0,1.4017,1,0,83.89,15.32,83.82,31.2,5.07,0.0,40.4513,0.7665,40.27,2027,H1,Jan-Jun
George Bell,England,Wicketkeeper,24.25,1.0,1,52.0,1.1959,1,0,510.98,33.98,93.36,0.0,0.0,0.0,40.5548,0.2691,40.56,2027,H1,Jan-Jun
George Hill,England,Batting All-Rounder,28.25,1.0,1,82.0,1.1122,1,0,653.54,34.03,90.22,22.03,5.56,0.0,52.5191,0.7642,52.63,2027,H1,Jan-Jun
George Thomas,England,Top Order Batter,25.25,1.0,1,61.0,0.8743,1,0,656.25,35.38,97.68,0.0,0.0,0.0,42.8178,0.7171,42.73,2027,H1,Jan-Jun
Gus Atkinson,England,Pace Bowler,29.25,1.0,1,96.0,-0.8209,0,1,112.8,17.32,85.0,51.39,5.77,0.0,51.9239,0.7589,51.14,2027,H1,Jan-Jun
Harry Brook,England,Middle Order Batter,28.25,1.0,1,152.0,0.8266,1,0,1262.33,51.18,104.67,1.48,5.16,0.0,59.5303,0.9735,57.36,2027,H1,Jan-Jun
Henry Crocombe,England,Pace Bowler,25.25,1.0,1,44.0,0.7751,1,0,57.16,12.78,80.73,31.82,5.36,0.0,38.2589,0.5661,38.13,2027,H1,Jan-Jun
Jack Carson,England,Spin Bowler,26.25,1.0,1,56.0,0.4887,0,0,90.99,15.83,77.22,35.79,5.15,0.0,42.0664,0.8999,41.96,2027,H1,Jan-Jun
Jack Haynes,England,Top Order Batter,26.25,1.0,1,98.0,0.44,0,0,771.36,34.99,94.26,0.0,0.0,0.0,42.4843,0.8028,42.44,2027,H1,Jan-Jun
Jack Leach,England,Spin Bowler,36.25,0.4375,1,131.0,-3.6338,0,1,16.99,12.35,70.46,9.6,5.48,0.0,25.2279,0.0168,24.45,2027,H1,Jan-Jun
Jacob Bethell,England,Batting All-Rounder,23.25,1.0,1,92.0,1.6991,1,0,975.29,49.47,102.02,23.63,5.28,0.0,67.593,0.9192,56.98,2027,H1,Jan-Jun
James Anderson,England,Pace Bowler,45.25,0.0,0,44.0,-0.2853,0,0,0.0,0.0,0.0,0.0,6.67,0.0,0.4658,0.0023,0.79,2027,H1,Jan-Jun
James Coles,England,Batting All-Rounder,23.25,1.0,1,48.0,1.8564,1,0,499.65,33.38,94.92,20.09,5.33,0.0,51.256,0.7124,51.38,2027,H1,Jan-Jun
James Rew,England,Wicketkeeper,23.25,1.0,1,65.0,1.2263,1,0,782.72,44.63,96.87,0.0,0.0,0.0,49.8447,0.474,49.54,2027,H1,Jan-Jun
Jamie Overton,England,Bowling All-Rounder,33.25,1.0,1,151.0,-0.8046,0,1,550.8,29.61,90.12,45.19,5.8,0.0,60.2569,0.1037,57.16,2027,H1,Jan-Jun
Jamie Smith,England,Wicketkeeper,26.25,1.0,1,88.0,1.3645,1,0,819.29,47.61,95.62,0.0,0.0,0.0,51.9394,0.5777,51.37,2027,H1,Jan-Jun
Joe Root,England,Top Order Batter,36.25,0.5833,1,280.3333,-1.2134,0,1,716.67,44.82,88.57,3.47,4.98,0.0,51.3003,0.2858,43.2,2027,H1,Jan-Jun
Jofra Archer,England,Pace Bowler,32.25,1.0,1,119.0,-0.8589,0,1,85.14,16.17,81.05,41.34,5.58,0.0,45.4795,0.7675,45.26,2027,H1,Jan-Jun
John Turner,England,Pace Bowler,24.25,1.0,1,46.0,1.4679,1,0,66.34,19.82,86.31,33.55,5.26,0.0,45.085,0.7916,44.73,2027,H1,Jan-Jun
Jonny Bairstow,England,Wicketkeeper,38.25,0.0,0,211.0,-1.2164,0,1,166.18,29.93,85.3,0.0,0.0,0.0,34.9991,0.0076,35.34,2027,H1,Jan-Jun
Jordan Cox,England,Middle Order Batter,26.25,1.0,1,106.0,1.3002,1,0,997.62,44.46,94.47,0.0,0.0,0.0,50.2345,0.8751,50.16,2027,H1,Jan-Jun
Jos Buttler,England,Wicketkeeper,36.25,0.375,1,273.0,-0.9306,0,1,530.91,38.53,92.88,0.0,0.0,0.0,43.8254,0.9143,41.43,2027,H1,Jan-Jun
Josh Hull,England,Pace Bowler,23.25,1.0,1,45.0,1.1943,1,0,57.68,13.55,81.15,35.52,5.48,0.0,40.665,0.505,40.44,2027,H1,Jan-Jun
Josh Tongue,England,Pace Bowler,29.25,1.0,1,68.0,-0.0176,0,0,59.75,18.92,79.76,28.79,5.62,0.0,40.9566,0.5898,40.73,2027,H1,Jan-Jun
Liam Dawson,England,Bowling All-Rounder,37.25,0.0,0,251.0,-2.6943,0,1,204.25,33.41,84.91,10.55,5.24,0.0,43.8576,0.0131,41.27,2027,H1,Jan-Jun
Liam Livingstone,England,Batting All-Rounder,34.25,1.0,1,157.0,-1.0399,0,1,843.92,37.96,95.7,26.98,5.86,0.0,59.3183,0.7516,57.16,2027,H1,Jan-Jun
Luc Benkenstein,England,Batting All-Rounder,22.25,1.0,1,38.0,2.0211,1,0,420.31,34.8,94.42,17.94,5.24,0.0,50.8411,0.6415,51.38,2027,H1,Jan-Jun
Luke Wood,England,Pace Bowler,31.25,1.0,1,159.0,-0.7712,0,1,106.15,15.17,84.09,45.61,5.97,0.0,47.318,0.8347,46.96,2027,H1,Jan-Jun
Mark Wood,England,Pace Bowler,37.25,0.0,0,107.0,-1.1578,0,1,9.55,10.4,70.99,8.5,6.66,0.0,23.06,0.0147,22.99,2027,H1,Jan-Jun
Matthew Fisher,England,Pace Bowler,30.25,1.0,1,79.0,-0.2388,0,0,80.59,19.27,82.41,34.31,5.58,0.0,44.4301,0.6568,44.19,2027,H1,Jan-Jun
Matthew Potts,England,Pace Bowler,28.25,1.0,1,92.0,-0.6259,0,1,161.11,24.79,88.95,43.56,5.26,0.0,54.3735,0.7925,53.96,2027,H1,Jan-Jun
Ollie Pope,England,Top Order Batter,29.25,1.0,1,128.0,-0.3341,0,0,605.79,35.81,81.23,0.0,6.06,0.0,41.2394,0.5545,41.14,2027,H1,Jan-Jun
Ollie Robinson,England,Pace Bowler,28.25,1.0,1,73.0,-0.1986,0,0,81.29,19.51,81.59,34.28,5.48,0.0,44.4925,0.6522,44.38,2027,H1,Jan-Jun
Olly Stone,England,Pace Bowler,33.25,1.0,1,89.0,-0.4774,0,0,64.76,21.19,81.97,37.39,5.62,0.0,47.1805,0.7088,46.95,2027,H1,Jan-Jun
Phil Salt,England,Wicketkeeper,31.25,1.0,1,138.0,-0.474,0,0,1064.24,46.67,106.16,0.0,0.0,0.0,53.8886,0.901,53.95,2027,H1,Jan-Jun
Reece Topley,England,Pace Bowler,33.25,1.0,1,129.0,-0.389,0,0,77.75,19.29,81.76,43.1,5.8,0.0,48.604,0.8632,48.34,2027,H1,Jan-Jun
Rehan Ahmed,England,Spin Bowler,22.25,1.0,1,92.0,0.4494,0,0,512.01,32.02,94.29,48.25,5.04,0.0,64.1982,0.9547,56.99,2027,H1,Jan-Jun
Rocky Flintoff,England,Middle Order Batter,21.25,1.0,0,33.0,1.6829,1,0,390.87,37.24,95.31,0.0,0.0,0.0,42.6999,0.9158,42.73,2027,H1,Jan-Jun
Sam Cook,England,Pace Bowler,29.25,1.0,1,92.0,-0.3005,0,0,72.41,17.41,78.24,39.87,5.58,0.0,45.1607,0.7211,44.98,2027,H1,Jan-Jun
Sam Curran,England,Bowling All-Rounder,29.25,1.0,1,164.0,-0.8161,0,1,749.64,34.98,92.16,41.69,5.53,0.0,63.5845,0.6899,57.46,2027,H1,Jan-Jun
Saqib Mahmood,England,Pace Bowler,30.25,1.0,1,99.0,0.1678,0,0,76.76,18.48,83.16,43.02,5.5,0.0,48.2759,0.7706,47.95,2027,H1,Jan-Jun
Shoaib Bashir,England,Spin Bowler,23.25,1.0,1,63.0,-0.7253,0,1,68.89,12.51,73.88,33.4,5.07,0.0,37.931,0.7789,37.71,2027,H1,Jan-Jun
Sonny Baker,England,Pace Bowler,22.25,1.0,1,53.0,1.3198,1,0,67.02,15.41,81.89,37.54,5.48,0.0,43.1458,0.8182,42.86,2027,H1,Jan-Jun
Tom Banton,England,Top Order Batter,29.25,1.0,1,149.0,0.4016,0,0,967.9,39.23,98.49,0.0,0.0,0.0,46.9801,0.7648,46.89,2027,H1,Jan-Jun
Tom Hartley,England,Spin Bowler,28.25,1.0,1,71.0,-2.6063,0,1,86.82,16.78,88.1,26.41,5.04,0.0,39.8187,0.8526,39.73,2027,H1,Jan-Jun
Tom Rew,England,Wicketkeeper,22.25,1.0,1,37.0,1.386,1,0,381.0,35.05,93.76,0.0,0.0,0.0,40.8509,0.3091,40.89,2027,H1,Jan-Jun
Will Jacks,England,Batting All-Rounder,28.25,1.0,1,113.0,-0.1446,0,0,763.35,36.6,95.95,13.79,5.86,0.0,51.5544,0.7683,51.34,2027,H1,Jan-Jun
Zak Crawley,England,Top Order Batter,29.25,1.0,1,113.0,-0.0777,0,0,660.95,35.45,95.43,0.0,0.0,0.0,42.5415,0.7069,42.44,2027,H1,Jan-Jun
Abhishek Sharma,India,Top Order Batter,27.25,1.0,1,80.0,1.1705,1,0,789.08,45.86,101.1,14.31,6.11,0.0,59.2874,0.6135,57.35,2027,H1,Jan-Jun
Akash Deep,India,Pace Bowler,30.25,1.0,1,58.0,-0.2158,0,0,69.48,14.8,75.05,21.32,5.49,0.0,33.6751,0.3339,33.64,2027,H1,Jan-Jun
Akshat Raghuwanshi,India,Top Order Batter,22.25,1.0,1,38.0,1.1828,1,0,344.61,39.12,93.33,0.0,0.0,0.0,43.5543,0.6238,43.56,2027,H1,Jan-Jun
Aman Mokhade,India,Middle Order Batter,25.25,1.0,1,68.0,0.2971,0,0,471.26,37.53,87.5,0.0,0.0,0.0,42.0372,0.7747,42.12,2027,H1,Jan-Jun
Angkrish Raghuwanshi,India,Wicketkeeper,22.25,1.0,1,46.0,2.6714,1,0,520.36,53.73,107.29,0.0,0.0,0.0,56.8963,0.6731,56.84,2027,H1,Jan-Jun
Anshul Kamboj,India,Pace Bowler,26.25,1.0,1,64.0,-1.2672,0,1,43.87,11.96,75.93,21.77,5.39,0.0,31.9197,0.2469,31.84,2027,H1,Jan-Jun
Arshdeep Singh,India,Pace Bowler,28.25,1.0,1,105.0,-1.2114,0,1,46.28,10.14,65.53,31.0,5.19,0.0,33.6343,0.4358,33.67,2027,H1,Jan-Jun
Ashok Sharma,India,Pace Bowler,26.25,1.0,1,49.0,0.448,0,0,29.53,14.77,68.99,21.14,5.97,0.0,32.3438,0.3577,32.3,2027,H1,Jan-Jun
Atharva Taide,India,Top Order Batter,25.25,1.0,1,65.0,0.2251,0,0,553.13,43.04,98.34,0.0,0.0,0.0,47.9896,0.6603,47.79,2027,H1,Jan-Jun
Auqib Nabi,India,Bowling All-Rounder,26.25,1.0,1,41.0,0.755,1,0,366.95,37.74,88.65,24.08,5.67,0.0,54.7436,0.0172,54.08,2027,H1,Jan-Jun
Avesh Khan,India,Pace Bowler,30.25,1.0,1,94.0,-1.5949,0,1,30.22,13.5,68.66,24.59,5.56,0.0,33.191,0.4909,33.03,2027,H1,Jan-Jun
Axar Patel,India,Bowling All-Rounder,33.25,1.0,1,180.0,-0.7269,0,1,629.55,41.88,90.24,22.0,5.11,0.0,58.1748,0.0394,57.11,2027,H1,Jan-Jun
Ayush Mhatre,India,Top Order Batter,20.25,1.0,0,40.0,2.9733,1,0,431.83,52.46,105.1,9.2,4.86,0.0,61.0169,0.819,56.91,2027,H1,Jan-Jun
Brijesh Sharma,India,Pace Bowler,25.25,1.0,1,68.0,0.6321,1,0,58.56,42.2,55.58,21.5,6.09,0.0,50.2209,0.983,49.86,2027,H1,Jan-Jun
Devdutt Padikkal,India,Top Order Batter,27.25,1.0,1,77.0,0.039,0,0,491.3,38.66,86.17,0.0,0.0,0.0,42.7253,0.5389,42.73,2027,H1,Jan-Jun
Dhruv Jurel,India,Wicketkeeper,26.25,1.0,1,52.0,0.8529,1,0,356.53,40.16,88.42,0.0,0.0,0.0,43.5944,0.2535,43.56,2027,H1,Jan-Jun
Digvesh Rathi,India,Spin Bowler,27.25,1.0,0,46.0,0.3626,0,0,82.71,15.1,73.11,26.87,5.37,0.0,36.4152,0.8061,36.34,2027,H1,Jan-Jun
Gurnoor Brar,India,Pace Bowler,26.25,1.0,1,41.0,0.1687,0,0,41.17,12.57,69.39,21.52,5.63,0.0,31.1497,0.1923,31.09,2027,H1,Jan-Jun
Hardik Pandya,India,Batting All-Rounder,33.25,1.0,1,185.0,-1.4176,0,1,516.39,38.72,84.03,12.04,6.35,0.0,49.2555,0.6637,49.53,2027,H1,Jan-Jun
Harsh Dubey,India,Bowling All-Rounder,25.25,1.0,1,58.0,0.7898,1,0,505.13,42.7,92.81,31.6,5.25,0.0,63.3316,0.0178,57.22,2027,H1,Jan-Jun
Harshit Rana,India,Pace Bowler,24.25,1.0,1,56.0,-0.1021,0,0,35.0,10.52,73.22,24.12,5.59,0.0,31.5346,0.2452,31.55,2027,H1,Jan-Jun
Ishan Kishan,India,Wicketkeeper,29.25,1.0,1,135.0,0.1316,0,0,664.31,43.39,94.61,0.0,0.0,0.0,48.123,0.6287,48.13,2027,H1,Jan-Jun
Jasprit Bumrah,India,Pace Bowler,33.25,1.0,1,165.0,1.893,1,0,30.09,10.54,62.08,85.21,4.7,0.0,60.1997,0.9839,57.25,2027,H1,Jan-Jun
Jitesh Sharma,India,Wicketkeeper,33.25,1.0,1,92.0,0.2796,0,0,500.07,37.07,92.14,0.0,0.0,0.0,42.5384,0.2553,42.45,2027,H1,Jan-Jun
KL Rahul,India,Wicketkeeper,35.25,0.95,1,164.2,-0.8516,0,1,531.87,40.12,83.63,0.0,0.0,0.0,43.5482,0.304,42.41,2027,H1,Jan-Jun
KS Bharat,India,Wicketkeeper,33.25,1.0,1,52.0,0.1394,0,0,241.45,32.63,78.6,0.0,0.0,0.0,36.2142,0.144,36.27,2027,H1,Jan-Jun
Kartik Sharma,India,Wicketkeeper,22.25,1.0,1,42.0,1.3296,1,0,363.79,40.67,98.22,0.0,0.0,0.0,45.4958,0.3236,45.45,2027,H1,Jan-Jun
Karun Nair,India,Top Order Batter,35.25,0.9375,1,91.0,-0.4225,0,0,475.91,43.55,84.7,0.0,0.0,0.0,45.9429,0.4082,44.42,2027,H1,Jan-Jun
Khaleel Ahmed,India,Pace Bowler,29.25,1.0,1,85.0,-1.1822,0,1,38.23,17.11,74.33,29.09,5.29,0.0,38.9795,0.7223,38.78,2027,H1,Jan-Jun
Kuldeep Yadav,India,Spin Bowler,32.25,1.0,1,155.0,-1.7942,0,1,68.11,11.92,67.4,27.4,5.04,0.0,33.5637,0.7097,33.44,2027,H1,Jan-Jun
Kumar Kushagra,India,Wicketkeeper,22.25,1.0,1,48.0,0.9844,1,0,467.33,48.13,97.42,0.0,0.0,0.0,51.1466,0.2801,51.33,2027,H1,Jan-Jun
Manav Suthar,India,Spin Bowler,25.25,1.0,1,48.0,0.2155,0,0,166.74,25.53,81.75,30.28,4.85,0.0,47.4182,0.9611,47.13,2027,H1,Jan-Jun
Mangesh Yadav,India,Pace Bowler,24.25,1.0,1,53.0,0.277,0,0,62.1,14.89,71.91,25.09,5.77,0.0,35.0077,0.7381,34.95,2027,H1,Jan-Jun
Mayank Yadav,India,Pace Bowler,25.25,1.0,1,41.0,0.0713,0,0,21.43,9.63,70.43,21.0,5.14,0.0,29.0102,0.1363,28.56,2027,H1,Jan-Jun
Mohammed Shami,India,Pace Bowler,37.25,0.0,0,160.0,-1.4329,0,1,7.04,6.79,58.37,11.39,5.81,0.0,20.1346,0.0101,20.1,2027,H1,Jan-Jun
Mohammed Siraj,India,Pace Bowler,33.25,1.0,1,175.0,-2.0001,0,1,36.06,9.47,63.12,31.91,5.45,0.0,33.1107,0.5608,33.12,2027,H1,Jan-Jun
Mukesh Kumar,India,Pace Bowler,33.25,1.0,1,82.0,-1.2457,0,1,25.55,14.09,64.18,22.16,5.78,0.0,31.6506,0.3111,31.64,2027,H1,Jan-Jun
Nithish Kumar Reddy,India,Batting All-Rounder,24.25,1.0,1,45.0,1.8849,1,0,442.38,42.82,101.48,17.3,5.0,0.0,57.5312,0.7052,56.9,2027,H1,Jan-Jun
Prabhsimran Singh,India,Wicketkeeper,27.25,1.0,1,85.0,0.8032,1,0,644.92,44.48,101.45,0.0,0.0,0.0,49.8762,0.3523,49.54,2027,H1,Jan-Jun
Prashant Veer,India,Batting All-Rounder,25.25,1.0,1,44.0,2.0276,1,0,450.9,46.75,106.58,15.01,5.46,0.0,59.8947,0.7699,57.27,2027,H1,Jan-Jun
Prasidh Krishna,India,Pace Bowler,31.25,1.0,1,100.0,-1.619,0,1,20.01,6.66,62.42,28.93,5.28,0.0,29.5054,0.2643,29.07,2027,H1,Jan-Jun
Prince Yadav,India,Pace Bowler,26.25,1.0,1,53.0,0.0246,0,0,37.11,11.38,68.15,24.86,5.88,0.0,31.6693,0.3243,31.62,2027,H1,Jan-Jun
Rajat Patidar,India,Middle Order Batter,33.25,1.0,1,62.0,-0.1297,0,0,423.32,36.75,86.07,0.0,0.0,0.0,41.0617,0.5876,40.95,2027,H1,Jan-Jun
Ramandeep Singh,India,Batting All-Rounder,30.25,1.0,1,64.0,1.1133,1,0,499.33,46.6,106.72,20.69,5.7,0.0,62.7384,0.7263,57.29,2027,H1,Jan-Jun
Ravi Ashwin,India,Spin Bowler,40.25,0.0,0,190.0,-3.261,0,1,12.45,11.53,66.72,4.82,5.2,0.0,21.7768,0.0121,21.83,2027,H1,Jan-Jun
Ravi Bishnoi,India,Spin Bowler,27.25,1.0,1,100.0,-0.2805,0,0,60.44,15.11,70.86,30.12,5.26,0.0,37.6198,0.8441,37.48,2027,H1,Jan-Jun
Ravindra Jadeja,India,Bowling All-Rounder,38.25,0.35,1,213.2,-1.4028,0,1,239.1,36.34,87.3,10.93,5.0,0.0,46.7349,0.0101,42.62,2027,H1,Jan-Jun
Rinku Singh,India,Middle Order Batter,30.25,1.0,1,100.0,1.0572,1,0,624.65,46.49,110.31,0.0,0.0,0.0,52.596,0.8493,52.59,2027,H1,Jan-Jun
Rishabh Pant,India,Wicketkeeper,29.25,1.0,1,115.0,-0.3609,0,0,615.97,45.39,98.78,0.0,0.0,0.0,49.9999,0.4386,49.54,2027,H1,Jan-Jun
Riyan Parag,India,Batting All-Rounder,25.25,1.0,1,105.0,1.0461,1,0,785.64,46.58,104.0,18.33,5.71,0.0,62.3142,0.877,57.36,2027,H1,Jan-Jun
Rohit Sharma,India,Top Order Batter,40.25,0.0,1,275.0,-1.4563,0,1,134.04,41.8,89.92,0.0,0.0,0.0,64.0892,0.9696,69.44,2027,H1,Jan-Jun
Ruturaj Gaikwad,India,Top Order Batter,30.25,1.0,1,100.0,1.4894,1,0,586.0,47.06,94.63,0.0,0.0,0.0,50.4369,0.7083,50.16,2027,H1,Jan-Jun
Sakib Hussain,India,Pace Bowler,22.25,1.0,1,38.0,0.1904,0,0,39.99,11.52,77.21,24.73,5.21,0.0,33.2982,0.4068,33.31,2027,H1,Jan-Jun
Salil Arora,India,Wicketkeeper,24.25,1.0,1,55.0,0.6122,1,0,411.56,43.22,93.18,0.0,0.0,0.0,46.7456,0.3196,46.57,2027,H1,Jan-Jun
Sanju Samson,India,Wicketkeeper,32.25,1.0,1,135.0,0.273,0,0,730.71,44.6,95.26,0.0,0.0,0.0,49.3626,0.6933,49.54,2027,H1,Jan-Jun
Sarfaraz Khan,India,Middle Order Batter,29.25,1.0,1,65.0,0.1166,0,0,518.6,48.21,92.83,0.0,0.0,0.0,50.7088,0.7577,51.33,2027,H1,Jan-Jun
Sarthak Ranjan,India,Middle Order Batter,24.25,1.0,1,34.0,1.8025,1,0,338.35,45.56,96.64,0.0,0.0,0.0,28.6553,0.4462,28.53,2027,H1,Jan-Jun
Shardul Thakur,India,Bowling All-Rounder,35.25,0.9167,1,153.6667,-0.844,0,1,530.71,34.58,88.39,23.36,5.67,0.0,52.754,0.0146,49.97,2027,H1,Jan-Jun
Shivam Dube,India,Batting All-Rounder,34.25,1.0,1,115.0,-0.6292,0,1,587.15,41.11,92.14,4.9,6.47,0.0,48.9635,0.674,48.92,2027,H1,Jan-Jun
Shreyas Iyer,India,Middle Order Batter,32.25,1.0,1,175.0,-0.3177,0,0,873.38,47.68,93.86,0.0,0.0,0.0,51.9408,0.947,51.36,2027,H1,Jan-Jun
Shubman Gill,India,Top Order Batter,28.25,1.0,1,155.0,-0.8876,0,1,1058.16,52.73,101.13,0.0,0.0,0.0,57.4364,0.9705,57.29,2027,H1,Jan-Jun
Suryakumar Yadav,India,Middle Order Batter,37.25,0.0,0,145.0,-0.3177,0,0,191.73,40.26,93.31,0.0,0.0,0.0,43.7422,0.0324,41.25,2027,H1,Jan-Jun
Suryansh Shedge,India,Batting All-Rounder,23.25,1.0,1,38.0,1.46,1,0,357.25,41.44,101.96,13.92,5.74,0.0,54.3794,0.7217,53.92,2027,H1,Jan-Jun
Tejasvi Dahiya,India,Wicketkeeper,23.25,1.0,1,39.0,0.9948,1,0,365.45,47.33,96.44,0.0,0.0,0.0,50.0049,0.2445,49.53,2027,H1,Jan-Jun
Tushar Deshpande,India,Pace Bowler,32.25,1.0,1,76.0,-0.8291,0,1,31.74,14.08,67.17,20.32,6.14,0.0,31.1345,0.2786,31.09,2027,H1,Jan-Jun
Vaibhav Suryavanshi,India,Top Order Batter,16.25,1.0,0,28.0,4.4262,1,0,954.1,43.91,107.46,0.0,0.0,0.0,51.6579,0.8163,51.36,2027,H1,Jan-Jun
Varun Chakravarthy,India,Spin Bowler,36.25,0.7917,1,101.6667,-0.3543,0,0,25.82,15.12,68.8,26.38,5.08,0.0,35.3844,0.5409,33.89,2027,H1,Jan-Jun
Virat Kohli,India,Top Order Batter,38.25,0.4583,1,304.3333,-0.4963,0,0,615.38,52.64,85.42,0.0,0.0,0.0,40.1434,0.6252,34.04,2027,H1,Jan-Jun
Washington Sundar,India,Bowling All-Rounder,27.25,1.0,1,92.0,0.1695,0,0,486.86,44.39,97.45,21.48,4.74,0.0,60.3735,0.0157,57.23,2027,H1,Jan-Jun
Yash Thakur,India,Pace Bowler,27.25,1.0,1,52.0,-0.1711,0,0,35.26,15.87,75.94,26.99,5.31,0.0,37.285,0.5115,37.26,2027,H1,Jan-Jun
Yashasvi Jaiswal,India,Top Order Batter,25.25,1.0,1,82.0,-0.2176,0,0,655.36,43.03,94.59,0.0,0.0,0.0,46.8251,0.7477,46.79,2027,H1,Jan-Jun
Adam Leckey,Ireland,Pace Bowler,22.25,1.0,1,30.0,1.502,1,0,45.22,13.81,74.69,21.21,5.58,0.0,32.731,0.1177,32.64,2027,H1,Jan-Jun
Andrew Balbirnie,Ireland,Top Order Batter,36.25,0.4375,1,214.0,-1.5995,0,1,367.84,27.27,75.64,0.0,0.0,0.0,32.4336,0.0643,32.41,2027,H1,Jan-Jun
Andy McBrine,Ireland,Bowling All-Rounder,34.25,1.0,1,129.0,0.1867,0,0,502.0,28.78,80.23,35.8,5.68,0.0,53.3482,0.0226,52.51,2027,H1,Jan-Jun
Barry McCarthy,Ireland,Pace Bowler,34.25,1.0,1,132.0,-1.214,0,1,80.88,16.18,69.23,40.56,6.06,0.0,43.1464,0.8498,42.9,2027,H1,Jan-Jun
Ben Calitz,Ireland,Middle Order Batter,26.25,1.0,1,48.0,1.5226,1,0,515.89,35.52,89.06,0.0,0.0,0.0,41.0184,0.8066,40.95,2027,H1,Jan-Jun
Ben White,Ireland,Spin Bowler,28.25,1.0,1,81.0,-0.2932,0,0,69.41,17.34,76.19,38.31,5.03,0.0,44.1837,0.8841,43.94,2027,H1,Jan-Jun
Cade Carmichael,Ireland,Middle Order Batter,25.25,1.0,1,58.0,1.6499,1,0,595.69,38.22,90.89,0.0,0.0,0.0,43.5628,0.9241,43.56,2027,H1,Jan-Jun
Chris de Freitas,Ireland,Top Order Batter,26.25,1.0,1,35.0,1.3176,1,0,286.7,30.81,90.31,0.0,0.0,0.0,36.8939,0.7502,36.92,2027,H1,Jan-Jun
Cian Carmichael,Ireland,Top Order Batter,25.25,1.0,1,28.0,1.5431,1,0,218.81,30.93,86.26,0.0,0.0,0.0,36.0794,0.7185,36.18,2027,H1,Jan-Jun
Craig Young,Ireland,Pace Bowler,35.25,0.9167,1,109.6667,-0.6428,0,1,46.71,11.89,70.89,35.34,6.09,0.0,37.6069,0.4011,36.48,2027,H1,Jan-Jun
Curtis Campher,Ireland,Bowling All-Rounder,28.25,1.0,1,148.0,-0.2978,0,0,748.6,37.48,93.29,39.72,5.28,0.0,64.65,0.0434,57.48,2027,H1,Jan-Jun
Fionn Hand,Ireland,Pace Bowler,29.25,1.0,1,99.0,-0.2212,0,0,73.05,13.82,77.27,39.7,5.37,0.0,42.4166,0.586,42.27,2027,H1,Jan-Jun
Gareth Delany,Ireland,Batting All-Rounder,30.25,1.0,1,122.0,-0.3094,0,0,583.77,29.62,88.85,23.01,5.63,0.0,49.3238,0.8457,49.58,2027,H1,Jan-Jun
Gavin Hoey,Ireland,Spin Bowler,24.25,1.0,1,62.0,1.6008,1,0,227.31,28.46,84.06,32.19,5.29,0.0,50.9154,0.9789,51.35,2027,H1,Jan-Jun
Gavin Roulston,Ireland,Middle Order Batter,24.25,1.0,1,38.0,2.0579,1,0,325.75,35.82,87.75,0.0,0.0,0.0,40.2531,0.788,40.29,2027,H1,Jan-Jun
George Dockrell,Ireland,Batting All-Rounder,34.25,1.0,1,174.0,-0.9925,0,1,472.43,24.48,74.64,17.91,5.78,0.0,40.4463,0.6061,40.4,2027,H1,Jan-Jun
Graham Hume,Ireland,Pace Bowler,36.25,0.375,1,115.0,-0.914,0,1,30.01,13.3,67.94,21.55,6.04,0.0,31.3155,0.0201,29.16,2027,H1,Jan-Jun
Harry Tector,Ireland,Top Order Batter,27.25,1.0,1,167.0,0.4733,0,0,1011.86,37.82,87.34,2.0,6.01,0.0,46.2805,0.9465,46.29,2027,H1,Jan-Jun
Jai Moondra,Ireland,Pace Bowler,24.25,1.0,1,37.0,1.2562,1,0,43.0,12.84,72.95,23.36,5.66,0.0,32.7961,0.1368,32.66,2027,H1,Jan-Jun
Jake Egan,Ireland,Top Order Batter,23.25,1.0,1,34.0,1.8563,1,0,337.56,33.76,85.1,0.0,0.0,0.0,38.4171,0.7856,38.41,2027,H1,Jan-Jun
James West,Ireland,Top Order Batter,24.25,1.0,1,36.0,1.7561,1,0,361.25,36.13,93.94,0.0,0.0,0.0,41.5721,0.8113,41.64,2027,H1,Jan-Jun
Jordan Neill,Ireland,Pace Bowler,25.25,1.0,1,51.0,0.6817,1,0,48.36,10.99,72.36,27.27,5.75,0.0,33.3029,0.2022,33.3,2027,H1,Jan-Jun
Josh Little,Ireland,Pace Bowler,27.25,1.0,1,114.0,-0.6463,0,1,56.1,18.63,77.06,40.4,5.62,0.0,46.0374,0.8133,45.73,2027,H1,Jan-Jun
Liam McCarthy,Ireland,Pace Bowler,28.25,1.0,1,57.0,0.8579,1,0,61.46,14.03,75.33,33.66,5.5,0.0,39.2085,0.5827,39.03,2027,H1,Jan-Jun
Lorcan Tucker,Ireland,Wicketkeeper,31.25,1.0,1,122.0,0.5,0,0,709.11,30.54,80.84,0.0,0.0,0.0,36.976,0.7699,37.07,2027,H1,Jan-Jun
Luke Murray,Ireland,Wicketkeeper,24.25,1.0,1,31.0,1.9319,1,0,294.09,31.89,84.05,0.0,0.0,0.0,36.7367,0.2426,36.79,2027,H1,Jan-Jun
Mark Adair,Ireland,Bowling All-Rounder,31.25,1.0,1,175.0,-2.7607,0,1,458.5,25.14,90.65,38.72,5.73,0.0,53.5859,0.1169,53.9,2027,H1,Jan-Jun
Matt Hollard,Ireland,Batting All-Rounder,24.25,1.0,1,39.0,2.1049,1,0,286.48,34.67,94.54,18.86,5.11,0.0,50.7129,0.807,51.37,2027,H1,Jan-Jun
Matthew Foster,Ireland,Pace Bowler,27.25,1.0,1,48.0,0.8945,1,0,54.11,12.47,72.69,29.56,5.59,0.0,35.6093,0.4209,35.54,2027,H1,Jan-Jun
Matthew Humphreys,Ireland,Spin Bowler,24.25,1.0,1,65.0,0.2956,0,0,75.17,14.58,76.8,36.28,4.98,0.0,41.3391,0.9136,41.17,2027,H1,Jan-Jun
Morgan Topping,Ireland,Middle Order Batter,23.25,1.0,1,42.0,1.7408,1,0,431.55,35.21,93.03,0.0,0.0,0.0,41.0606,0.8432,40.95,2027,H1,Jan-Jun
Neil Rock,Ireland,Wicketkeeper,26.25,1.0,1,71.0,0.9481,1,0,421.61,32.0,86.94,0.0,0.0,0.0,37.7822,0.3602,37.8,2027,H1,Jan-Jun
Paul Stirling,Ireland,Batting All-Rounder,36.25,0.55,1,365.2,-4.0064,0,1,647.33,25.72,79.98,3.8,6.85,0.0,35.6897,0.0302,35.64,2027,H1,Jan-Jun
Peter Moor,Ireland,Wicketkeeper,36.25,0.6875,1,110.5,-0.7797,0,1,136.97,20.28,72.3,0.0,0.0,0.0,25.9619,0.0359,25.9,2027,H1,Jan-Jun
Reuben Wilson,Ireland,Pace Bowler,22.25,1.0,1,41.0,1.8185,1,0,128.61,24.83,81.95,26.07,5.36,0.0,44.5479,0.9161,44.49,2027,H1,Jan-Jun
Ross Adair,Ireland,Middle Order Batter,32.25,1.0,1,86.0,0.9123,1,0,796.38,38.18,94.96,0.0,0.0,0.0,44.9819,0.9035,44.92,2027,H1,Jan-Jun
Sam Topping,Ireland,Middle Order Batter,24.25,1.0,1,44.0,1.9326,1,0,434.94,36.2,90.89,0.0,0.0,0.0,41.4556,0.8151,41.36,2027,H1,Jan-Jun
Scott Macbeth,Ireland,Pace Bowler,26.25,1.0,1,32.0,1.2961,1,0,52.04,15.56,76.63,22.96,5.38,0.0,35.2314,0.3164,35.1,2027,H1,Jan-Jun
Seamus Lynch,Ireland,Wicketkeeper,25.25,1.0,1,41.0,1.7348,1,0,399.65,35.26,91.18,0.0,0.0,0.0,40.6815,0.5355,40.7,2027,H1,Jan-Jun
Sebastian Dijkstra,Ireland,Top Order Batter,23.25,1.0,1,27.0,1.571,1,0,249.91,31.28,88.26,0.0,0.0,0.0,36.7651,0.7246,36.84,2027,H1,Jan-Jun
Stephen Doheny,Ireland,Wicketkeeper,27.25,1.0,1,58.0,1.2326,1,0,569.17,36.57,94.11,0.0,0.0,0.0,42.7657,0.3758,42.73,2027,H1,Jan-Jun
Theo van Woerkom,Ireland,Pace Bowler,31.25,1.0,1,64.0,0.2844,0,0,54.68,13.23,75.16,28.26,5.54,0.0,35.9098,0.607,35.79,2027,H1,Jan-Jun
Tim Tector,Ireland,Top Order Batter,24.25,1.0,1,51.0,1.649,1,0,502.28,34.75,91.92,0.0,0.0,0.0,40.85,0.9179,40.89,2027,H1,Jan-Jun
Tom Mayes,Ireland,Pace Bowler,25.25,1.0,1,46.0,1.337,1,0,64.76,14.94,78.17,30.6,5.38,0.0,38.8387,0.5358,38.67,2027,H1,Jan-Jun
Adam Milne,New Zealand,Pace Bowler,35.25,0.5833,1,210.3333,-2.8034,0,1,29.26,13.56,71.57,22.64,5.98,0.0,32.6079,0.104,29.92,2027,H1,Jan-Jun
Adithya Ashok,New Zealand,Spin Bowler,24.25,1.0,1,44.0,0.5087,1,0,56.52,12.62,78.41,26.83,4.79,0.0,35.5185,0.7096,35.5,2027,H1,Jan-Jun
Ajaz Patel,New Zealand,Spin Bowler,38.25,0.2917,1,89.6667,-2.0677,0,1,5.73,7.44,68.72,7.3,4.65,0.0,20.5413,0.0227,20.52,2027,H1,Jan-Jun
Ben Lister,New Zealand,Pace Bowler,31.25,1.0,1,89.0,0.2277,0,0,61.78,15.5,75.57,42.49,5.55,0.0,44.6361,0.6474,44.37,2027,H1,Jan-Jun
Ben Sears,New Zealand,Pace Bowler,29.25,1.0,1,84.0,0.6359,1,0,46.63,14.44,78.6,44.61,5.35,0.0,45.3817,0.6747,45.25,2027,H1,Jan-Jun
Benjamin Jacobs,New Zealand,Middle Order Batter,25.25,1.0,1,35.0,1.6761,1,0,319.33,33.2,95.28,0.0,0.0,0.0,39.5051,0.7075,39.54,2027,H1,Jan-Jun
Bharat Popli,New Zealand,Middle Order Batter,35.25,0.9375,1,76.0,0.5639,1,0,405.8,26.95,76.54,0.0,0.0,0.0,32.498,0.4917,31.93,2027,H1,Jan-Jun
Blair Tickner,New Zealand,Pace Bowler,33.25,1.0,1,114.0,-1.5604,0,1,37.2,12.36,72.31,28.85,6.24,0.0,34.8924,0.6958,34.88,2027,H1,Jan-Jun
Cole McConchie,New Zealand,Batting All-Rounder,31.25,1.0,1,101.0,0.2715,0,0,514.02,29.56,88.69,18.42,5.26,0.0,46.8172,0.7623,46.61,2027,H1,Jan-Jun
Curtis Heaphy,New Zealand,Batting All-Rounder,25.25,1.0,1,44.0,2.0963,1,0,473.05,34.84,94.8,19.87,4.97,0.0,52.1843,0.7719,51.39,2027,H1,Jan-Jun
Dane Cleaver,New Zealand,Wicketkeeper,34.25,1.0,1,88.0,0.313,0,0,408.89,28.43,82.9,0.0,0.0,0.0,34.5492,0.1775,34.71,2027,H1,Jan-Jun
Daryl Foxcroft,New Zealand,Batting All-Rounder,28.25,1.0,1,71.0,2.4655,1,0,649.99,39.84,94.53,21.41,5.1,0.0,57.1676,0.8036,57.35,2027,H1,Jan-Jun
Daryl Mitchell,New Zealand,Batting All-Rounder,36.25,0.25,1,178.0,-2.0684,0,1,259.26,28.15,78.65,5.23,6.3,0.0,36.4519,0.0076,36.22,2027,H1,Jan-Jun
Devon Conway,New Zealand,Wicketkeeper,36.25,0.75,1,191.2,-1.1502,0,1,557.04,31.4,78.19,0.0,0.0,0.0,36.5623,0.2102,36.55,2027,H1,Jan-Jun
Finn Allen,New Zealand,Top Order Batter,28.25,1.0,1,180.0,-0.6176,0,1,1087.53,38.08,104.88,0.0,0.0,0.0,47.6275,0.9704,47.79,2027,H1,Jan-Jun
Fraser Sheat,New Zealand,Pace Bowler,25.25,1.0,1,45.0,1.0405,1,0,60.71,13.95,83.03,30.19,4.95,0.0,38.7962,0.5336,38.67,2027,H1,Jan-Jun
Glenn Phillips,New Zealand,Batting All-Rounder,31.25,1.0,1,220.0,-1.0925,0,1,998.59,35.26,99.88,24.78,5.33,0.0,57.7209,0.9364,57.15,2027,H1,Jan-Jun
Henry Nicholls,New Zealand,Top Order Batter,36.25,0.375,1,95.0,-0.8776,0,1,119.59,19.2,76.29,0.0,0.0,0.0,25.7293,0.017,25.34,2027,H1,Jan-Jun
Ish Sodhi,New Zealand,Spin Bowler,34.25,0.875,1,198.0,-2.8436,0,1,48.99,10.63,69.36,23.84,5.38,0.0,30.9999,0.615,29.84,2027,H1,Jan-Jun
Jacob Cumming,New Zealand,Top Order Batter,25.25,1.0,1,41.0,1.4784,1,0,448.0,32.72,91.28,0.0,0.0,0.0,39.0735,0.8391,39.04,2027,H1,Jan-Jun
Jacob Duffy,New Zealand,Pace Bowler,32.25,1.0,1,88.0,0.5432,1,0,57.56,13.81,74.73,48.26,5.49,0.0,46.1369,0.7862,45.73,2027,H1,Jan-Jun
Jayden Lennox,New Zealand,Pace Bowler,25.25,1.0,1,31.0,1.3839,1,0,36.46,11.77,73.9,22.7,5.5,0.0,31.8672,0.0939,31.77,2027,H1,Jan-Jun
Jesse Tashkoff,New Zealand,Batting All-Rounder,28.25,1.0,1,49.0,1.8598,1,0,458.1,30.84,86.73,20.53,5.37,0.0,48.2105,0.7032,48.18,2027,H1,Jan-Jun
Jimmy Neesham,New Zealand,Bowling All-Rounder,36.25,0.55,1,230.2,-1.7394,0,1,314.48,24.55,84.95,15.65,6.23,0.0,40.2126,0.0137,38.79,2027,H1,Jan-Jun
Josh Clarkson,New Zealand,Batting All-Rounder,30.25,1.0,1,75.0,1.7262,1,0,647.71,33.83,95.33,22.17,5.14,0.0,53.3327,0.775,52.64,2027,H1,Jan-Jun
Katene Clarke,New Zealand,Top Order Batter,26.25,1.0,1,47.0,1.2402,1,0,450.62,32.14,89.64,0.0,0.0,0.0,38.4163,0.7057,38.41,2027,H1,Jan-Jun
Kristian Clarke,New Zealand,Bowling All-Rounder,25.25,1.0,1,41.0,1.8875,1,0,410.8,31.6,92.77,22.14,4.99,0.0,50.405,0.0215,50.22,2027,H1,Jan-Jun
Kyle Jamieson,New Zealand,Pace Bowler,32.25,1.0,1,104.0,-0.8741,0,1,68.68,12.95,78.0,36.47,5.15,0.0,40.3645,0.6756,40.26,2027,H1,Jan-Jun
Lachlan Stackpole,New Zealand,Top Order Batter,24.25,1.0,1,32.0,1.4015,1,0,279.29,29.5,84.64,0.0,0.0,0.0,35.0528,0.7394,35.21,2027,H1,Jan-Jun
Lockie Ferguson,New Zealand,Pace Bowler,36.25,0.375,1,140.0,-1.4864,0,1,21.84,12.81,77.22,19.33,5.62,0.0,31.3698,0.0168,29.2,2027,H1,Jan-Jun
Mark Chapman,New Zealand,Batting All-Rounder,32.25,1.0,1,153.0,-0.2326,0,0,710.88,32.73,89.84,15.35,5.65,0.0,48.4485,0.8845,48.58,2027,H1,Jan-Jun
Matt Bacon,New Zealand,Pace Bowler,32.25,1.0,1,53.0,0.4986,0,0,39.67,8.98,70.56,26.44,5.83,0.0,31.1199,0.1516,31.1,2027,H1,Jan-Jun
Matt Henry,New Zealand,Pace Bowler,35.25,0.875,1,159.0,-1.2645,0,1,39.66,10.81,74.92,33.78,5.48,0.0,36.812,0.6139,35.28,2027,H1,Jan-Jun
Matthew Boyle,New Zealand,Top Order Batter,25.25,1.0,1,39.0,1.6778,1,0,378.18,33.22,90.78,0.0,0.0,0.0,39.0691,0.8571,39.04,2027,H1,Jan-Jun
Matthew Fisher,New Zealand,Pace Bowler,26.25,1.0,1,34.0,1.1376,1,0,36.66,10.77,75.44,24.49,5.36,0.0,32.3102,0.1055,32.23,2027,H1,Jan-Jun
Max Chu,New Zealand,Wicketkeeper,28.25,1.0,1,41.0,1.5857,1,0,369.42,32.36,86.5,0.0,0.0,0.0,37.7589,0.4341,37.8,2027,H1,Jan-Jun
Michael Bracewell,New Zealand,Batting All-Rounder,36.25,0.375,1,133.0,0.1999,0,0,365.97,34.09,87.13,16.47,5.36,0.0,48.2282,0.0507,43.04,2027,H1,Jan-Jun
Michael Rae,New Zealand,Pace Bowler,32.25,1.0,1,56.0,0.3501,0,0,32.84,10.08,68.24,25.11,6.08,0.0,30.8083,0.1945,30.79,2027,H1,Jan-Jun
Mitchell Hay,New Zealand,Wicketkeeper,31.25,1.0,1,72.0,1.5117,1,0,618.23,36.71,92.99,0.0,0.0,0.0,42.895,0.5179,42.82,2027,H1,Jan-Jun
Mitchell Santner,New Zealand,Spin Bowler,35.25,0.875,1,243.0,-1.1665,0,1,491.84,30.04,85.3,35.17,4.83,0.0,54.9459,0.9688,50.62,2027,H1,Jan-Jun
Muhammad Abbas,New Zealand,Top Order Batter,26.25,1.0,1,22.0,0.2739,0,0,35.17,13.92,71.69,0.0,0.0,0.0,20.8903,0.0825,20.88,2027,H1,Jan-Jun
Nathan Smith,New Zealand,Pace Bowler,28.25,1.0,1,80.0,0.9517,1,0,193.97,25.94,87.36,35.62,5.28,0.0,51.1714,0.8973,51.28,2027,H1,Jan-Jun
Nicholas Kelly,New Zealand,Middle Order Batter,31.25,1.0,1,54.0,1.3841,1,0,485.13,29.84,83.21,0.0,0.0,0.0,35.9204,0.8007,36.11,2027,H1,Jan-Jun
Rachin Ravindra,New Zealand,Batting All-Rounder,27.25,1.0,1,101.0,1.0588,1,0,906.96,38.98,92.36,25.13,5.3,0.0,59.039,0.8619,57.35,2027,H1,Jan-Jun
Rhys Mariu,New Zealand,Middle Order Batter,25.25,1.0,1,53.0,1.4087,1,0,480.66,31.91,86.36,0.0,0.0,0.0,37.8705,0.8058,37.86,2027,H1,Jan-Jun
Rohit Gulati,New Zealand,Top Order Batter,25.25,1.0,1,30.0,1.2059,1,0,222.74,26.68,82.74,0.0,0.0,0.0,32.507,0.4249,32.54,2027,H1,Jan-Jun
Simon Johnston,New Zealand,Top Order Batter,24.25,1.0,1,34.0,1.5606,1,0,269.04,33.03,88.55,0.0,0.0,0.0,38.143,0.7962,38.16,2027,H1,Jan-Jun
Simon Keene,New Zealand,Pace Bowler,25.25,1.0,1,34.0,1.3373,1,0,49.74,14.87,75.91,22.83,5.38,0.0,34.5525,0.2311,34.51,2027,H1,Jan-Jun
Tim Pringle,New Zealand,Spin Bowler,23.25,1.0,1,49.0,1.9026,1,0,324.18,33.12,92.67,28.25,4.94,0.0,54.1518,0.972,53.88,2027,H1,Jan-Jun
Tim Robinson,New Zealand,Middle Order Batter,24.25,1.0,1,64.0,1.7045,1,0,734.22,38.42,93.43,0.0,0.0,0.0,44.6642,0.9454,44.56,2027,H1,Jan-Jun
Tim Seifert,New Zealand,Wicketkeeper,32.25,1.0,1,200.0,-0.1157,0,0,975.99,36.15,92.58,0.0,0.0,0.0,43.8964,0.8521,43.92,2027,H1,Jan-Jun
Tim Southee,New Zealand,Pace Bowler,38.25,0.0,0,220.0,-3.6623,0,1,1.16,4.69,64.28,3.65,6.39,0.0,15.5657,0.0041,15.31,2027,H1,Jan-Jun
Tom Blundell,New Zealand,Wicketkeeper,36.25,0.7917,1,79.6667,-0.1609,0,0,227.47,23.49,79.98,0.0,0.0,0.0,29.8147,0.031,29.54,2027,H1,Jan-Jun
Tom Latham,New Zealand,Wicketkeeper,35.25,0.95,1,137.2,-0.754,0,1,321.77,24.75,79.27,0.0,0.0,0.0,30.9956,0.1167,30.49,2027,H1,Jan-Jun
Trent Boult,New Zealand,Pace Bowler,38.25,0.0,0,168.0,-3.6887,0,1,2.99,6.63,62.47,3.91,6.14,0.0,16.8692,0.0055,17.15,2027,H1,Jan-Jun
Will ORourke,New Zealand,Pace Bowler,26.25,1.0,1,62.0,1.0005,1,0,70.82,16.31,81.33,40.68,5.06,0.0,45.3979,0.7041,45.26,2027,H1,Jan-Jun
Will Young,New Zealand,Middle Order Batter,35.25,0.95,1,122.2,0.3119,0,0,483.25,30.09,82.56,0.0,0.0,0.0,35.9921,0.7102,35.7,2027,H1,Jan-Jun
Zak Foulkes,New Zealand,Pace Bowler,25.25,1.0,1,56.0,2.648,1,0,513.16,38.3,97.97,29.84,4.92,0.0,60.2454,0.9616,57.26,2027,H1,Jan-Jun
Zak Gibson,New Zealand,Pace Bowler,25.25,1.0,1,28.0,1.4059,1,0,37.23,12.01,75.28,22.18,5.48,0.0,32.0041,0.1052,31.95,2027,H1,Jan-Jun
Aamir Jamal,Pakistan,Bowling All-Rounder,31.25,1.0,1,72.0,-0.3155,0,0,419.68,31.43,90.6,22.3,5.47,0.0,49.9133,0.0141,49.58,2027,H1,Jan-Jun
Abbas Afridi,Pakistan,Pace Bowler,26.25,1.0,1,57.0,-1.6149,0,1,109.18,17.81,87.92,47.87,5.44,0.0,51.0659,0.5287,51.1,2027,H1,Jan-Jun
Abdul Faseeh,Pakistan,Middle Order Batter,24.25,1.0,1,17.0,1.3386,1,0,42.79,15.88,86.26,0.0,0.0,0.0,24.5659,0.3189,24.56,2027,H1,Jan-Jun
Abdul Faseeh Jr,Pakistan,Middle Order Batter,24.25,1.0,1,18.0,0.7065,1,0,65.7,13.5,86.48,0.0,0.0,0.0,22.9869,0.1564,22.82,2027,H1,Jan-Jun
Abdul Samad,Pakistan,Middle Order Batter,25.25,1.0,1,77.0,-0.0361,0,0,945.57,38.93,101.09,0.0,0.0,0.0,47.073,0.8586,46.89,2027,H1,Jan-Jun
Abdullah Fazal,Pakistan,Middle Order Batter,28.25,1.0,1,41.0,0.8042,1,0,381.54,37.7,91.54,0.0,0.0,0.0,42.4123,0.6129,42.44,2027,H1,Jan-Jun
Abdullah Shafique,Pakistan,Top Order Batter,27.25,1.0,1,101.0,-2.1327,0,1,1154.13,47.11,92.58,0.0,0.0,0.0,52.4857,0.9569,52.59,2027,H1,Jan-Jun
Abrar Ahmed,Pakistan,Spin Bowler,28.25,1.0,1,71.0,-3.1001,0,1,205.42,22.42,87.92,69.73,4.53,0.0,65.8518,0.9055,57.57,2027,H1,Jan-Jun
Ahmed Daniyal,Pakistan,Pace Bowler,30.25,1.0,1,45.0,-0.4139,0,0,152.68,18.23,94.02,44.85,5.26,0.0,51.0494,0.4923,51.26,2027,H1,Jan-Jun
Akif Javed,Pakistan,Pace Bowler,32.25,1.0,1,64.0,-1.04,0,1,136.07,16.73,81.26,40.31,6.11,0.0,45.4807,0.6417,45.43,2027,H1,Jan-Jun
Ali Raza,Pakistan,Pace Bowler,21.25,1.0,1,29.0,3.2668,1,0,159.4,23.27,104.93,50.46,5.14,0.0,59.169,0.7106,56.79,2027,H1,Jan-Jun
Ali Usman,Pakistan,Spin Bowler,36.25,0.75,1,49.2,-0.6145,0,1,97.17,14.52,79.89,31.0,5.04,0.0,39.2397,0.1539,37.7,2027,H1,Jan-Jun
Arafat Minhas,Pakistan,Bowling All-Rounder,23.25,1.0,1,48.0,1.2588,1,0,521.27,45.54,104.06,28.77,4.47,0.0,66.0555,0.0149,57.0,2027,H1,Jan-Jun
Asif Afridi,Pakistan,Spin Bowler,40.25,0.0,0,51.0,-2.2689,0,1,27.64,11.55,70.79,10.56,5.36,0.0,25.2566,0.0232,24.48,2027,H1,Jan-Jun
Awais Zafar,Pakistan,Middle Order Batter,32.25,1.0,1,54.0,0.2452,0,0,563.61,35.48,92.37,0.0,0.0,0.0,41.6939,0.6962,41.64,2027,H1,Jan-Jun
Azam Khan,Pakistan,Wicketkeeper,28.25,1.0,1,67.0,-0.3443,0,0,909.92,33.19,109.36,0.0,0.0,0.0,44.0816,0.3572,43.92,2027,H1,Jan-Jun
Azan Awais,Pakistan,Middle Order Batter,23.25,1.0,1,39.0,1.9917,1,0,583.94,47.8,102.97,0.0,0.0,0.0,52.2406,0.8012,52.11,2027,H1,Jan-Jun
Babar Azam,Pakistan,Top Order Batter,32.25,1.0,1,184.0,-4.4918,0,1,1441.48,44.61,88.63,0.0,0.0,0.0,51.2635,0.9613,51.35,2027,H1,Jan-Jun
Faheem Ashraf,Pakistan,Bowling All-Rounder,33.25,1.0,1,104.0,-3.2527,0,1,734.41,30.53,91.13,55.26,5.56,0.0,66.8484,0.0125,57.54,2027,H1,Jan-Jun
Faisal Akram,Pakistan,Spin Bowler,24.25,1.0,1,43.0,0.0897,0,0,125.67,17.46,84.89,44.3,4.75,0.0,48.8886,0.6262,48.5,2027,H1,Jan-Jun
Fakhar Zaman,Pakistan,Top Order Batter,37.25,0.0,0,143.0,-4.7932,0,1,336.28,35.91,89.93,0.0,0.0,0.0,40.6958,0.0234,39.83,2027,H1,Jan-Jun
Ghazi Ghori,Pakistan,Wicketkeeper,23.25,1.0,1,36.0,1.8661,1,0,450.29,40.02,99.72,0.0,0.0,0.0,45.6146,0.2823,45.45,2027,H1,Jan-Jun
Haris Rauf,Pakistan,Pace Bowler,33.25,1.0,1,119.0,-6.1124,0,1,96.3,12.05,82.22,71.84,5.95,0.0,57.6777,0.7941,56.98,2027,H1,Jan-Jun
Hasan Ali,Pakistan,Pace Bowler,32.25,1.0,1,136.0,-6.69,0,1,402.61,15.59,86.08,79.68,5.65,0.0,66.0032,0.9163,58.29,2027,H1,Jan-Jun
Haseebullah Khan,Pakistan,Wicketkeeper,23.25,1.0,1,44.0,1.7595,1,0,632.69,43.59,99.8,0.0,0.0,0.0,48.9343,0.485,48.88,2027,H1,Jan-Jun
Hassan Nawaz,Pakistan,Middle Order Batter,23.25,1.0,1,38.0,3.0248,1,0,692.78,47.89,105.25,0.0,0.0,0.0,53.1015,0.8934,52.54,2027,H1,Jan-Jun
Hussain Talat,Pakistan,Batting All-Rounder,31.25,1.0,1,85.0,-0.3581,0,0,702.88,35.23,92.63,29.58,5.46,0.0,57.6994,0.5686,57.15,2027,H1,Jan-Jun
Iftikhar Ahmed,Pakistan,Batting All-Rounder,36.25,0.0,0,129.0,-3.9999,0,1,313.63,35.59,87.16,9.39,5.32,0.0,45.6187,0.0204,41.99,2027,H1,Jan-Jun
Imad Wasim,Pakistan,Bowling All-Rounder,38.25,0.0,0,166.0,-9.8614,0,1,124.48,25.96,84.53,6.63,5.11,0.0,36.241,0.0031,36.15,2027,H1,Jan-Jun
Imam-ul-Haq,Pakistan,Top Order Batter,31.25,1.0,1,101.0,-2.7301,0,1,810.24,42.97,85.83,0.0,0.0,0.0,47.0706,0.8109,46.89,2027,H1,Jan-Jun
Irfan Khan,Pakistan,Top Order Batter,25.25,1.0,1,53.0,1.9012,1,0,779.22,50.37,106.75,0.0,0.0,0.0,55.4646,0.8924,54.12,2027,H1,Jan-Jun
Jahandad Khan,Pakistan,Bowling All-Rounder,24.25,1.0,1,41.0,3.075,1,0,480.85,42.68,100.02,33.27,5.29,0.0,65.1358,0.0177,57.01,2027,H1,Jan-Jun
Kamran Ghulam,Pakistan,Middle Order Batter,31.25,1.0,1,71.0,0.409,0,0,753.31,41.58,89.91,0.0,0.0,0.0,46.4675,0.8272,46.29,2027,H1,Jan-Jun
Kashif Ali,Pakistan,Pace Bowler,25.25,1.0,1,40.0,0.5927,1,0,145.44,17.75,91.48,39.41,5.49,0.0,47.537,0.6445,47.12,2027,H1,Jan-Jun
Khawaja Nafay,Pakistan,Wicketkeeper,25.25,1.0,1,48.0,2.2118,1,0,952.83,50.25,111.39,0.0,0.0,0.0,56.803,0.5799,57.27,2027,H1,Jan-Jun
Khurram Shahzad,Pakistan,Pace Bowler,32.25,1.0,1,63.0,-0.4063,0,0,143.99,17.03,85.81,46.49,5.7,0.0,49.573,0.5845,49.46,2027,H1,Jan-Jun
Khushdil Shah,Pakistan,Batting All-Rounder,32.25,1.0,1,106.0,-1.7074,0,1,1043.86,40.2,99.56,42.67,5.3,0.0,70.2208,0.5778,57.29,2027,H1,Jan-Jun
Maaz Sadaqat,Pakistan,Batting All-Rounder,22.25,1.0,1,35.0,3.4321,1,0,623.39,55.52,110.75,22.37,4.83,0.0,71.3624,0.7074,57.24,2027,H1,Jan-Jun
Mir Hamza,Pakistan,Pace Bowler,34.25,1.0,1,52.0,-1.0573,0,1,54.17,9.02,77.29,36.94,5.51,0.0,37.5,0.2574,37.36,2027,H1,Jan-Jun
Mohammad Abbas,Pakistan,Pace Bowler,37.25,0.55,1,42.2,-0.9006,0,1,32.33,7.4,68.75,20.39,5.64,0.0,26.7485,0.0118,26.13,2027,H1,Jan-Jun
Mohammad Ali,Pakistan,Pace Bowler,33.25,1.0,1,66.0,-0.6481,0,1,144.49,15.69,90.64,53.75,5.38,0.0,53.0223,0.5241,52.64,2027,H1,Jan-Jun
Mohammad Amir,Pakistan,Pace Bowler,35.25,0.6875,1,100.5,-5.6365,0,1,45.1,9.68,74.89,29.0,5.52,0.0,33.6535,0.19,31.59,2027,H1,Jan-Jun
Mohammad Faiq,Pakistan,Top Order Batter,24.25,1.0,1,31.0,2.6175,1,0,418.64,45.27,100.86,0.0,0.0,0.0,49.4248,0.818,49.53,2027,H1,Jan-Jun
Mohammad Haris,Pakistan,Wicketkeeper,26.25,1.0,1,72.0,1.2055,1,0,844.76,41.66,105.54,0.0,0.0,0.0,49.3014,0.4759,49.54,2027,H1,Jan-Jun
Mohammad Hasnain,Pakistan,Pace Bowler,27.25,1.0,1,91.0,-2.4027,0,1,119.61,13.07,89.34,63.84,5.55,0.0,55.7627,0.6187,55.13,2027,H1,Jan-Jun
Mohammad Huraira,Pakistan,Top Order Batter,25.25,1.0,1,52.0,1.77,1,0,819.15,44.66,101.86,0.0,0.0,0.0,50.7822,0.8716,51.35,2027,H1,Jan-Jun
Mohammad Nawaz,Pakistan,Bowling All-Rounder,33.25,1.0,1,143.0,-4.4159,0,1,889.59,30.29,84.33,60.99,5.18,0.0,69.2034,0.0386,57.59,2027,H1,Jan-Jun
Mohammad Rizwan,Pakistan,Wicketkeeper,35.25,0.75,1,145.2,-2.6697,0,1,1114.88,45.53,91.31,0.0,0.0,0.0,50.9968,0.8424,44.73,2027,H1,Jan-Jun
Mohammad Wasim,Pakistan,Pace Bowler,26.25,1.0,1,73.0,-1.7049,0,1,137.98,13.36,94.04,57.52,5.09,0.0,53.7955,0.5769,54.2,2027,H1,Jan-Jun
Mubasir Khan,Pakistan,Bowling All-Rounder,25.25,1.0,1,58.0,1.5054,1,0,582.79,41.26,99.57,36.7,5.11,0.0,66.213,0.0154,57.36,2027,H1,Jan-Jun
Naseem Shah,Pakistan,Pace Bowler,24.25,1.0,1,76.0,-1.3674,0,1,120.9,13.24,85.67,52.65,5.22,0.0,49.9123,0.6069,49.5,2027,H1,Jan-Jun
Noman Ali,Pakistan,Spin Bowler,41.25,0.0,0,31.0,-0.7494,0,1,11.74,7.66,70.12,9.0,5.16,0.0,21.593,0.0151,21.55,2027,H1,Jan-Jun
Omair Yousuf,Pakistan,Middle Order Batter,29.25,1.0,1,61.0,0.6701,1,0,674.83,37.23,96.34,0.0,0.0,0.0,44.0146,0.6882,43.92,2027,H1,Jan-Jun
Qasim Akram,Pakistan,Batting All-Rounder,24.25,1.0,1,63.0,1.8237,1,0,495.13,40.62,98.15,23.24,5.18,0.0,58.5239,0.7776,56.92,2027,H1,Jan-Jun
Saad Masood,Pakistan,Top Order Batter,25.25,1.0,1,33.0,2.6207,1,0,501.81,45.29,104.69,0.0,0.0,0.0,50.3685,0.7952,50.16,2027,H1,Jan-Jun
Sahibzada Farhan,Pakistan,Wicketkeeper,31.25,1.0,1,114.0,-0.2614,0,0,1443.92,48.27,102.22,0.0,0.0,0.0,55.9863,0.7738,57.06,2027,H1,Jan-Jun
Saim Ayub,Pakistan,Batting All-Rounder,25.25,1.0,1,82.0,0.0838,0,0,1262.94,48.93,109.21,30.82,4.89,0.0,73.1611,0.7725,57.48,2027,H1,Jan-Jun
Sajid Khan,Pakistan,Spin Bowler,34.25,0.9375,1,57.0,-1.6044,0,1,110.47,12.65,78.59,44.21,4.83,0.0,44.3346,0.5697,42.62,2027,H1,Jan-Jun
Salman Ali Agha,Pakistan,Batting All-Rounder,33.25,1.0,1,115.0,-2.2557,0,1,1219.91,38.61,90.5,27.85,5.12,0.0,61.1672,0.7725,57.17,2027,H1,Jan-Jun
Salman Mirza,Pakistan,Pace Bowler,30.25,1.0,1,41.0,0.8651,1,0,121.2,14.42,88.4,38.95,5.39,0.0,44.379,0.5382,44.22,2027,H1,Jan-Jun
Saud Shakeel,Pakistan,Top Order Batter,32.25,1.0,1,75.0,0.506,1,0,792.66,46.44,82.62,0.0,0.0,0.0,48.9936,0.8703,48.9,2027,H1,Jan-Jun
Shadab Khan,Pakistan,Bowling All-Rounder,29.25,1.0,1,147.0,-4.4196,0,1,1210.66,37.41,95.77,69.52,5.13,0.0,81.6004,0.0399,57.82,2027,H1,Jan-Jun
Shaheen Afridi,Pakistan,Pace Bowler,27.25,1.0,1,118.0,-5.4713,0,1,135.49,11.11,83.83,91.46,4.94,0.0,67.3719,0.8669,58.65,2027,H1,Jan-Jun
Shahzaib Khan,Pakistan,Middle Order Batter,25.25,1.0,1,35.0,2.4534,1,0,495.29,44.37,104.54,0.0,0.0,0.0,49.659,0.7404,49.53,2027,H1,Jan-Jun
Shamyl Hussain,Pakistan,Middle Order Batter,22.25,1.0,1,34.0,3.9117,1,0,662.55,53.52,104.29,0.0,0.0,0.0,56.8674,0.8734,56.91,2027,H1,Jan-Jun
Shan Masood,Pakistan,Top Order Batter,37.25,0.0,0,75.0,-0.428,0,0,180.07,33.54,85.67,0.0,0.0,0.0,37.7016,0.027,37.72,2027,H1,Jan-Jun
Sufiyan Muqeem,Pakistan,Spin Bowler,26.25,1.0,1,45.0,1.301,1,0,174.63,21.35,91.98,55.85,4.44,0.0,58.784,0.8966,57.57,2027,H1,Jan-Jun
Tayyab Tahir,Pakistan,Middle Order Batter,33.25,1.0,1,86.0,0.733,1,0,845.39,42.03,87.29,0.23,5.76,0.0,47.8001,0.6915,47.79,2027,H1,Jan-Jun
Ubaid Shah,Pakistan,Pace Bowler,22.25,1.0,1,37.0,1.567,1,0,138.57,17.3,97.19,40.12,5.16,0.0,48.5137,0.6382,48.52,2027,H1,Jan-Jun
Usama Mir,Pakistan,Spin Bowler,31.25,1.0,1,66.0,-0.7556,0,1,287.67,23.6,94.47,53.33,4.78,0.0,59.8639,0.8766,57.34,2027,H1,Jan-Jun
Usman Khan,Pakistan,Wicketkeeper,31.25,1.0,1,79.0,0.9113,1,0,1089.19,44.81,103.35,0.0,0.0,0.0,52.2253,0.6395,52.12,2027,H1,Jan-Jun
Usman Tariq,Pakistan,Spin Bowler,28.25,1.0,1,42.0,1.5712,1,0,167.77,16.78,88.26,44.19,4.88,0.0,48.9888,0.8333,48.86,2027,H1,Jan-Jun
Yasir Khan,Pakistan,Top Order Batter,24.25,1.0,1,39.0,2.5914,1,0,647.37,47.76,106.94,0.0,0.0,0.0,53.0819,0.8458,52.55,2027,H1,Jan-Jun
Zahid Mahmood,Pakistan,Pace Bowler,39.25,0.15,1,50.2,-1.0963,0,1,34.28,10.54,82.04,16.73,5.69,0.0,29.2341,0.0048,27.89,2027,H1,Jan-Jun
Zaman Khan,Pakistan,Pace Bowler,25.25,1.0,1,64.0,-0.0384,0,0,142.62,17.52,98.93,59.27,5.16,0.0,58.388,0.5778,57.44,2027,H1,Jan-Jun
Aiden Markram,South Africa,Top Order Batter,32.25,1.0,1,200.0,-4.6912,0,1,1225.54,36.88,95.07,22.16,5.11,0.0,57.8525,0.946,57.11,2027,H1,Jan-Jun
Alfred Mothoa,South Africa,Pace Bowler,25.25,1.0,1,37.0,1.4454,1,0,87.64,13.87,101.0,27.93,5.28,0.0,40.3885,0.5831,40.27,2027,H1,Jan-Jun
Andile Phehlukwayo,South Africa,Bowling All-Rounder,31.25,1.0,1,175.0,-5.8708,0,1,599.25,24.58,90.65,40.22,5.83,0.0,54.4742,0.0473,53.98,2027,H1,Jan-Jun
Andile Simelane,South Africa,Bowling All-Rounder,23.25,1.0,1,53.0,0.396,0,0,266.96,29.18,104.53,21.08,4.86,0.0,49.4114,0.0137,49.59,2027,H1,Jan-Jun
Anrich Nortje,South Africa,Pace Bowler,33.25,1.0,1,125.0,-3.4491,0,1,43.39,10.5,96.86,42.09,5.51,0.0,44.061,0.6431,43.75,2027,H1,Jan-Jun
Beyers Swanepoel,South Africa,Pace Bowler,26.25,1.0,1,49.0,0.8479,1,0,136.18,16.75,100.3,31.89,5.15,0.0,44.5368,0.653,44.55,2027,H1,Jan-Jun
Bjorn Fortuin,South Africa,Spin Bowler,32.25,1.0,1,122.0,-3.9407,0,1,106.85,12.97,88.87,41.28,4.92,0.0,44.6531,0.8126,44.38,2027,H1,Jan-Jun
Clyde Fortuin,South Africa,Wicketkeeper,31.25,1.0,1,97.0,-0.2078,0,0,446.46,28.62,92.41,0.0,0.0,0.0,36.3008,0.3237,36.39,2027,H1,Jan-Jun
Codi Yusuf,South Africa,Pace Bowler,25.25,1.0,1,46.0,0.6996,1,0,72.35,11.6,96.41,25.8,5.76,0.0,36.8075,0.3829,36.69,2027,H1,Jan-Jun
Connor Esterhuizen,South Africa,Wicketkeeper,22.25,1.0,1,38.0,4.1917,1,0,490.41,51.29,96.08,0.0,0.0,0.0,53.3013,0.5952,52.53,2027,H1,Jan-Jun
Corbin Bosch,South Africa,Bowling All-Rounder,32.25,1.0,1,108.0,-0.4491,0,0,854.92,38.78,101.33,29.26,5.15,0.0,62.1424,0.0141,57.13,2027,H1,Jan-Jun
Dane Paterson,South Africa,Pace Bowler,36.25,0.0,0,98.0,-3.3207,0,1,12.64,7.83,85.93,10.56,5.72,0.0,24.7528,0.0096,24.19,2027,H1,Jan-Jun
Dane Piedt,South Africa,Spin Bowler,37.25,0.0,0,72.0,-2.2967,0,1,17.47,9.67,82.96,8.97,5.16,0.0,25.016,0.0119,24.25,2027,H1,Jan-Jun
Daniel Smith,South Africa,Wicketkeeper,26.25,1.0,1,55.0,2.9094,1,0,512.8,43.44,100.71,0.0,0.0,0.0,48.4753,0.4519,48.53,2027,H1,Jan-Jun
David Bedingham,South Africa,Middle Order Batter,33.25,1.0,1,85.0,0.6258,1,0,640.12,39.78,103.3,0.0,0.0,0.0,46.7705,0.811,46.57,2027,H1,Jan-Jun
David Miller,South Africa,Middle Order Batter,38.25,0.0,0,275.0,-5.5557,0,1,289.58,35.4,96.95,0.0,0.0,0.0,41.2174,0.0293,40.16,2027,H1,Jan-Jun
Dayyaan Galiem,South Africa,Bowling All-Rounder,29.25,1.0,1,65.0,-0.4328,0,0,376.11,26.71,94.14,16.35,5.58,0.0,43.9322,0.009,43.96,2027,H1,Jan-Jun
Delano Potgieter,South Africa,Bowling All-Rounder,30.25,1.0,1,68.0,0.657,1,0,499.91,35.03,101.55,25.24,5.32,0.0,55.9988,0.0154,57.23,2027,H1,Jan-Jun
Dewald Brevis,South Africa,Middle Order Batter,24.25,1.0,1,115.0,2.9913,1,0,1379.73,44.87,105.68,9.26,5.61,0.0,59.3399,0.9518,57.01,2027,H1,Jan-Jun
Dian Forrester,South Africa,Batting All-Rounder,27.25,1.0,1,41.0,4.2028,1,0,702.89,43.28,103.63,9.63,5.39,0.0,55.3562,0.7832,54.17,2027,H1,Jan-Jun
Donovan Ferreira,South Africa,Batting All-Rounder,29.25,1.0,1,103.0,-1.0287,0,1,794.14,35.74,100.15,18.5,5.79,0.0,54.047,0.6387,54.17,2027,H1,Jan-Jun
Eathan Bosch,South Africa,Pace Bowler,29.25,1.0,1,86.0,-2.2423,0,1,83.03,11.76,98.24,34.69,5.27,0.0,41.7653,0.5039,41.47,2027,H1,Jan-Jun
Gavin Kaplan,South Africa,Top Order Batter,29.25,1.0,1,44.0,3.8924,1,0,510.05,42.8,101.55,0.0,0.0,0.0,48.1342,0.8653,48.13,2027,H1,Jan-Jun
George Linde,South Africa,Bowling All-Rounder,35.25,0.375,1,130.0,-4.6609,0,1,280.94,25.26,92.65,26.02,4.74,0.0,47.3104,0.0052,42.24,2027,H1,Jan-Jun
Gerald Coetzee,South Africa,Pace Bowler,26.25,1.0,1,92.0,-1.5111,0,1,69.56,11.27,94.69,40.2,5.57,0.0,43.4391,0.45,43.12,2027,H1,Jan-Jun
Gideon Peters,South Africa,Pace Bowler,25.25,1.0,1,44.0,0.9374,1,0,90.72,12.62,97.56,28.61,5.36,0.0,39.2867,0.4623,39.19,2027,H1,Jan-Jun
Heinrich Klaasen,South Africa,Wicketkeeper,36.25,0.0,0,225.0,-3.4191,0,1,373.36,42.75,102.45,0.0,0.0,0.0,47.6765,0.0209,42.8,2027,H1,Jan-Jun
Jason Smith,South Africa,Batting All-Rounder,32.25,1.0,1,88.0,0.4218,0,0,566.16,37.17,95.16,17.41,5.64,0.0,52.8742,0.5867,52.56,2027,H1,Jan-Jun
Jordan Hermann,South Africa,Top Order Batter,25.25,1.0,1,53.0,3.9414,1,0,669.46,52.4,109.57,0.0,0.0,0.0,56.9039,0.8913,57.27,2027,H1,Jan-Jun
Junaid Dawood,South Africa,Spin Bowler,25.25,1.0,1,39.0,1.0573,1,0,81.72,13.17,92.28,26.61,4.93,0.0,37.988,0.7261,37.82,2027,H1,Jan-Jun
Junior Dala,South Africa,Pace Bowler,37.25,0.0,0,95.0,-3.8199,0,1,14.93,9.69,91.6,9.63,6.06,0.0,26.4246,0.0085,25.39,2027,H1,Jan-Jun
Kagiso Rabada,South Africa,Pace Bowler,32.25,1.0,1,205.0,-6.9449,0,1,84.35,10.51,98.8,71.59,4.79,0.0,59.2999,0.9403,57.03,2027,H1,Jan-Jun
Keshav Maharaj,South Africa,Spin Bowler,37.25,0.0,0,152.0,-5.6797,0,1,70.69,18.24,92.9,16.2,4.52,0.0,36.7048,0.0573,34.72,2027,H1,Jan-Jun
Kwena Maphaka,South Africa,Pace Bowler,21.25,1.0,1,64.0,0.3083,0,0,128.9,17.45,101.37,36.93,5.24,0.0,47.6271,0.7283,47.77,2027,H1,Jan-Jun
Kyle Simmonds,South Africa,Spin Bowler,28.25,1.0,1,58.0,-0.1165,0,0,132.19,15.95,97.52,34.12,4.58,0.0,44.8263,0.7649,44.75,2027,H1,Jan-Jun
Kyle Verreynne,South Africa,Wicketkeeper,29.25,1.0,1,95.0,0.0833,0,0,547.03,36.42,93.68,0.0,0.0,0.0,42.5014,0.3495,42.45,2027,H1,Jan-Jun
Lesego Senokwane,South Africa,Top Order Batter,28.25,1.0,1,58.0,1.6623,1,0,456.44,37.26,95.39,0.0,0.0,0.0,42.9953,0.8574,43.03,2027,H1,Jan-Jun
Lesiba Ngoepe,South Africa,Middle Order Batter,31.25,1.0,1,58.0,1.1313,1,0,382.12,33.42,98.99,0.0,0.0,0.0,40.4903,0.8156,40.47,2027,H1,Jan-Jun
Lhuan-dre Pretorius,South Africa,Wicketkeeper,21.25,1.0,1,57.0,5.2704,1,0,960.75,53.58,114.91,0.0,0.0,0.0,59.7642,0.6671,56.93,2027,H1,Jan-Jun
Lizaad Williams,South Africa,Pace Bowler,33.25,1.0,1,101.0,-2.546,0,1,47.11,8.8,87.02,35.41,5.8,0.0,37.9766,0.3709,37.82,2027,H1,Jan-Jun
Lungi Ngidi,South Africa,Pace Bowler,31.25,1.0,1,147.0,-3.5797,0,1,93.01,13.2,99.9,59.01,4.97,0.0,55.1717,0.8875,53.81,2027,H1,Jan-Jun
Lutho Sipamla,South Africa,Pace Bowler,29.25,1.0,1,89.0,-2.0847,0,1,61.16,11.69,97.37,33.47,5.32,0.0,40.8755,0.4595,40.73,2027,H1,Jan-Jun
Marco Jansen,South Africa,Bowling All-Rounder,27.25,1.0,1,142.0,-4.5021,0,1,576.13,31.35,94.99,46.2,5.32,0.0,62.9883,0.0186,57.39,2027,H1,Jan-Jun
Matthew Boast,South Africa,Pace Bowler,26.25,1.0,1,41.0,0.8971,1,0,82.55,12.65,97.88,25.45,5.53,0.0,37.718,0.4374,37.64,2027,H1,Jan-Jun
Matthew Breetzke,South Africa,Top Order Batter,28.25,1.0,1,112.0,1.1938,1,0,793.34,39.02,100.71,0.0,0.0,0.0,46.4553,0.885,46.29,2027,H1,Jan-Jun
Meeka-eel Prince,South Africa,Wicketkeeper,22.25,1.0,1,48.0,3.0889,1,0,415.12,43.83,103.48,0.0,0.0,0.0,48.7804,0.5085,48.53,2027,H1,Jan-Jun
Mihlali Mpongwana,South Africa,Pace Bowler,27.25,1.0,1,62.0,-0.4075,0,0,81.87,13.04,97.02,31.57,5.42,0.0,40.9088,0.6315,40.73,2027,H1,Jan-Jun
Nandre Burger,South Africa,Pace Bowler,32.25,1.0,1,73.0,-0.6872,0,1,66.54,12.81,98.71,35.79,5.32,0.0,43.0493,0.5951,42.87,2027,H1,Jan-Jun
Nqaba Peter,South Africa,Spin Bowler,26.25,1.0,1,61.0,0.4825,0,0,135.33,18.26,100.28,39.44,4.43,0.0,49.604,0.8983,49.46,2027,H1,Jan-Jun
Nqobani Mokoena,South Africa,Pace Bowler,21.25,1.0,1,39.0,5.4474,1,0,186.98,21.63,96.86,35.2,5.4,0.0,49.2687,0.8465,49.47,2027,H1,Jan-Jun
Ottneil Baartman,South Africa,Pace Bowler,34.25,0.9375,1,82.0,-1.8824,0,1,53.88,10.97,95.44,35.36,5.1,0.0,41.0336,0.3757,39.79,2027,H1,Jan-Jun
Patrick Kruger,South Africa,Bowling All-Rounder,31.25,1.0,1,78.0,-0.148,0,0,433.82,33.02,97.24,24.89,5.48,0.0,53.4046,0.0094,52.56,2027,H1,Jan-Jun
Prenelan Subrayen,South Africa,Spin Bowler,33.25,1.0,1,81.0,-1.6344,0,1,193.21,21.26,95.94,42.52,4.58,0.0,52.7789,0.8431,52.42,2027,H1,Jan-Jun
Quinton de Kock,South Africa,Wicketkeeper,34.25,0.875,1,258.0,-4.8246,0,1,741.07,36.15,104.76,0.0,0.0,0.0,44.8054,0.4424,42.13,2027,H1,Jan-Jun
Rassie van der Dussen,South Africa,Top Order Batter,38.25,0.0,0,190.0,-3.5451,0,1,283.33,40.39,90.6,0.0,0.0,0.0,43.7944,0.0475,41.24,2027,H1,Jan-Jun
Reeza Hendricks,South Africa,Top Order Batter,38.25,0.0,0,184.0,-3.3918,0,1,253.96,30.4,92.63,0.0,0.0,0.0,36.8222,0.0499,36.93,2027,H1,Jan-Jun
Rubin Hermann,South Africa,Wicketkeeper,27.25,1.0,1,71.0,2.683,1,0,874.12,52.23,111.7,0.0,0.0,0.0,57.9479,0.5011,57.28,2027,H1,Jan-Jun
Ryan Rickelton,South Africa,Wicketkeeper,31.25,1.0,1,131.0,-0.2583,0,0,1096.54,49.73,113.6,0.0,0.0,0.0,57.3585,0.7918,57.05,2027,H1,Jan-Jun
Senuran Muthusamy,South Africa,Bowling All-Rounder,32.25,1.0,1,101.0,-1.3072,0,1,430.67,28.76,89.5,26.99,5.06,0.0,50.3125,0.0177,50.2,2027,H1,Jan-Jun
Shaun von Berg,South Africa,Spin Bowler,40.25,0.0,0,87.0,-2.6744,0,1,26.78,15.04,84.95,10.52,4.79,0.0,30.1033,0.0168,28.13,2027,H1,Jan-Jun
Simon Harmer,South Africa,Spin Bowler,38.25,0.0,0,108.0,-3.8807,0,1,58.87,16.29,89.93,14.01,4.53,0.0,33.7187,0.0296,31.62,2027,H1,Jan-Jun
Sinethemba Qeshile,South Africa,Wicketkeeper,27.25,1.0,1,77.0,0.8262,1,0,529.38,35.19,97.4,0.0,0.0,0.0,42.1186,0.3867,42.22,2027,H1,Jan-Jun
Tabraiz Shamsi,South Africa,Spin Bowler,37.25,0.35,1,187.2,-6.4828,0,1,73.13,13.34,91.47,38.72,4.8,0.0,43.9626,0.0709,37.52,2027,H1,Jan-Jun
Temba Bavuma,South Africa,Top Order Batter,37.25,0.25,1,105.0,-0.9287,0,1,186.54,26.95,85.81,0.0,0.0,0.0,33.024,0.045,33.1,2027,H1,Jan-Jun
Tony de Zorzi,South Africa,Top Order Batter,30.25,1.0,1,86.0,0.4521,0,0,547.61,35.98,102.44,0.0,0.0,0.0,43.5343,0.7715,43.56,2027,H1,Jan-Jun
Tristan Stubbs,South Africa,Middle Order Batter,26.25,1.0,1,115.0,1.9388,1,0,1117.81,50.39,111.91,8.65,5.38,0.0,62.9475,0.9677,57.41,2027,H1,Jan-Jun
Tshepo Moreki,South Africa,Pace Bowler,32.25,1.0,1,71.0,-1.1792,0,1,73.0,11.27,93.08,31.38,5.59,0.0,38.8559,0.3461,38.75,2027,H1,Jan-Jun
Wiaan Mulder,South Africa,Batting All-Rounder,29.25,1.0,1,126.0,-2.0186,0,1,784.12,39.38,104.99,33.57,4.78,0.0,65.0974,0.8649,57.48,2027,H1,Jan-Jun
Ahan Wickramasinghe,Sri Lanka,Middle Order Batter,25.25,1.0,1,51.0,-0.3501,0,0,196.93,25.11,82.93,0.0,0.0,0.0,31.3046,0.1562,31.28,2027,H1,Jan-Jun
Asitha Fernando,Sri Lanka,Pace Bowler,31.25,1.0,1,59.0,0.5009,1,0,104.13,18.02,73.17,42.56,5.21,0.0,46.3837,0.9771,46.08,2027,H1,Jan-Jun
Bhanuka Rajapaksa,Sri Lanka,Middle Order Batter,35.25,0.95,1,53.2,0.3092,0,0,306.57,29.97,78.62,0.0,0.0,0.0,34.5766,0.4148,34.15,2027,H1,Jan-Jun
Binura Fernando,Sri Lanka,Pace Bowler,32.25,1.0,1,59.0,0.1806,0,0,89.86,14.07,65.32,25.5,6.29,0.0,33.5992,0.538,33.5,2027,H1,Jan-Jun
Chamika Karunaratne,Sri Lanka,Bowling All-Rounder,31.25,1.0,1,78.0,-0.9644,0,1,490.21,32.48,81.81,17.72,5.85,0.0,47.2463,0.0351,47.18,2027,H1,Jan-Jun
Chamindu Wickramasinghe,Sri Lanka,Bowling All-Rounder,25.25,1.0,1,36.0,0.4136,0,0,246.7,29.87,91.49,7.63,5.8,0.0,40.907,0.0118,40.9,2027,H1,Jan-Jun
Chamindu Wijesinghe,Sri Lanka,Batting All-Rounder,25.25,1.0,1,43.0,-0.9092,0,1,112.9,22.37,89.33,7.83,5.04,0.0,34.9712,0.0372,34.86,2027,H1,Jan-Jun
Charith Asalanka,Sri Lanka,Middle Order Batter,30.25,1.0,1,78.0,-0.8353,0,1,817.03,48.79,91.63,0.0,0.0,0.0,52.1632,0.9678,51.36,2027,H1,Jan-Jun
Dasun Shanaka,Sri Lanka,Batting All-Rounder,36.25,0.75,1,47.2,-1.3389,0,1,257.39,28.51,76.79,8.74,6.58,0.0,38.0873,0.0261,37.78,2027,H1,Jan-Jun
Dhananjaya Lakshan,Sri Lanka,Bowling All-Rounder,29.25,1.0,1,73.0,-2.8309,0,1,394.46,32.65,85.1,21.02,5.58,0.0,49.1781,0.0369,48.98,2027,H1,Jan-Jun
Dhananjaya de Silva,Sri Lanka,Batting All-Rounder,36.25,0.7917,1,52.6667,-0.406,0,0,484.6,36.73,75.64,8.81,6.28,0.0,44.8332,0.3804,42.1,2027,H1,Jan-Jun
Dilshan Madushanka,Sri Lanka,Pace Bowler,26.25,1.0,1,73.0,-0.6199,0,1,132.8,17.22,72.11,26.37,5.6,0.0,37.6748,0.8785,37.75,2027,H1,Jan-Jun
Sachindu Colombage,Sri Lanka,Spin Bowler,26.25,1.0,1,66.0,-0.0663,0,0,81.8,14.72,67.34,18.26,5.82,0.0,49.8872,0.863,40.9,2027,H1,Jan-Jun
Dinesh Chandimal,Sri Lanka,Wicketkeeper,37.25,0.625,1,63.0,1.0224,1,0,452.33,37.63,76.2,0.0,0.0,0.0,40.295,0.0577,39.23,2027,H1,Jan-Jun
Dulaj Samuditha,Sri Lanka,Bowling All-Rounder,25.25,1.0,1,42.0,-1.9007,0,1,133.15,18.6,82.04,5.46,5.5,0.0,29.9202,0.011,30.12,2027,H1,Jan-Jun
Dulnith Sigera,Sri Lanka,Batting All-Rounder,20.25,1.0,1,42.0,-1.6962,0,1,124.8,18.57,87.54,7.32,5.49,0.0,31.6286,0.0498,31.76,2027,H1,Jan-Jun
Dunith Wellalage,Sri Lanka,Bowling All-Rounder,24.25,1.0,1,43.0,4.5432,1,0,447.43,35.69,86.56,50.35,5.33,0.0,66.3188,0.0792,56.96,2027,H1,Jan-Jun
Dushan Hemantha,Sri Lanka,Bowling All-Rounder,32.25,1.0,1,58.0,-1.4072,0,1,454.54,32.91,75.83,9.49,6.52,0.0,42.2843,0.0158,42.22,2027,H1,Jan-Jun
Dushmantha Chameera,Sri Lanka,Pace Bowler,35.25,0.9375,1,59.0,-1.3421,0,1,139.29,17.04,68.25,21.19,6.2,0.0,34.2787,0.3686,33.79,2027,H1,Jan-Jun
Eshan Malinga,Sri Lanka,Pace Bowler,25.25,1.0,1,39.0,-1.1498,0,1,107.29,18.4,74.5,5.91,5.73,0.0,28.6709,0.2573,28.59,2027,H1,Jan-Jun
Garuka Sanketh,Sri Lanka,Pace Bowler,25.25,1.0,1,37.0,0.0477,0,0,52.92,13.37,77.16,15.4,5.21,0.0,30.0745,0.0447,30.12,2027,H1,Jan-Jun
Isitha Wijesundera,Sri Lanka,Pace Bowler,25.25,1.0,1,37.0,-0.0173,0,0,33.09,15.12,69.33,0.0,0.0,0.0,21.3796,0.0736,21.31,2027,H1,Jan-Jun
Janishka Perera,Sri Lanka,Top Order Batter,26.25,1.0,1,38.0,-0.4691,0,0,133.45,20.69,79.35,0.0,0.0,0.0,27.3248,0.1077,27.48,2027,H1,Jan-Jun
Janith Liyanage,Sri Lanka,Batting All-Rounder,31.25,1.0,1,62.0,-0.3423,0,0,535.6,41.45,85.36,16.5,5.67,0.0,53.8559,0.6985,53.94,2027,H1,Jan-Jun
Jeffrey Vandersay,Sri Lanka,Spin Bowler,37.25,0.0,0,47.0,-1.0743,0,1,12.74,14.87,64.7,5.63,6.05,0.0,24.0288,0.0082,23.63,2027,H1,Jan-Jun
Kamil Mishara,Sri Lanka,Top Order Batter,26.25,1.0,1,60.0,-0.4688,0,0,544.25,38.22,83.81,0.0,0.0,0.0,42.2641,0.977,42.22,2027,H1,Jan-Jun
Kamindu Mendis,Sri Lanka,Batting All-Rounder,28.25,1.0,1,80.0,-0.8904,0,1,753.89,45.31,91.94,28.48,5.48,0.0,64.4831,0.8591,57.34,2027,H1,Jan-Jun
Kasun Rajitha,Sri Lanka,Pace Bowler,34.25,1.0,1,56.0,0.4998,0,0,129.83,21.06,70.05,19.08,5.52,0.0,30.5312,0.4551,30.45,2027,H1,Jan-Jun
Kavija Gamage,Sri Lanka,Spin Bowler,20.25,1.0,1,65.0,-0.6212,0,1,94.55,14.81,73.28,15.35,5.71,0.0,30.5119,0.5163,30.5,2027,H1,Jan-Jun
Keshara Nuwantha,Sri Lanka,Bowling All-Rounder,25.25,1.0,1,44.0,0.3469,0,0,180.66,24.8,88.58,0.0,0.0,0.0,31.8838,0.0077,31.84,2027,H1,Jan-Jun
Kusal Mendis,Sri Lanka,Wicketkeeper,32.25,1.0,1,116.0,-1.0759,0,1,1114.91,43.06,84.43,0.0,0.0,0.0,48.1685,0.9745,48.17,2027,H1,Jan-Jun
Kusal Perera,Sri Lanka,Wicketkeeper,37.25,0.25,1,66.0,-1.1317,0,1,239.85,36.58,85.48,0.0,0.0,0.0,40.0973,0.0034,39.49,2027,H1,Jan-Jun
Lahiru Kumara,Sri Lanka,Pace Bowler,30.25,1.0,1,60.0,-1.3159,0,1,143.75,18.23,75.06,10.06,5.49,0.0,30.8944,0.288,31.05,2027,H1,Jan-Jun
Lahiru Udara,Sri Lanka,Wicketkeeper,33.25,1.0,1,70.0,-1.5651,0,1,463.32,36.27,79.91,0.0,0.0,0.0,39.9348,0.182,39.94,2027,H1,Jan-Jun
Lasith Croospulle,Sri Lanka,Top Order Batter,28.25,1.0,1,75.0,1.5796,1,0,802.76,47.25,90.6,0.0,0.0,0.0,50.8421,0.9681,51.35,2027,H1,Jan-Jun
M Shiraz,Sri Lanka,Pace Bowler,32.25,1.0,1,62.0,-1.5395,0,1,70.47,13.88,69.92,14.95,5.97,0.0,28.9673,0.2698,28.73,2027,H1,Jan-Jun
MNK Fernando,Sri Lanka,Top Order Batter,28.25,1.0,1,62.0,-1.1334,0,1,51.41,15.37,72.18,23.8,5.66,0.0,34.7432,0.6857,34.58,2027,H1,Jan-Jun
Maheesh Theekshana,Sri Lanka,Spin Bowler,26.25,1.0,1,68.0,3.671,1,0,162.82,20.61,76.24,74.02,5.23,0.0,64.443,0.9936,57.4,2027,H1,Jan-Jun
Mateesha Pathirana,Sri Lanka,Pace Bowler,24.25,1.0,1,37.0,-0.8798,0,1,33.97,15.55,71.26,7.23,5.86,0.0,26.4457,0.1586,26.4,2027,H1,Jan-Jun
Milan Rathnayake,Sri Lanka,Bowling All-Rounder,30.25,1.0,1,78.0,0.2057,0,0,711.99,37.46,82.68,16.62,5.92,0.0,51.3006,0.019,51.37,2027,H1,Jan-Jun
Sahan Arachchige,Sri Lanka,Middle Order Batter,26.25,1.0,1,78.0,0.624,1,0,564.38,38.4,86.97,0.0,0.0,0.0,42.9612,0.8287,43.03,2027,H1,Jan-Jun
Niroshan Dickwella,Sri Lanka,Wicketkeeper,34.25,0.875,1,78.0,-2.441,0,1,384.03,33.36,82.52,0.0,0.0,0.0,37.9243,0.0634,36.28,2027,H1,Jan-Jun
Nishan Madushka,Sri Lanka,Wicketkeeper,27.25,1.0,1,67.0,-0.2222,0,0,365.98,31.5,80.49,0.0,0.0,0.0,36.2046,0.268,36.27,2027,H1,Jan-Jun
Nishan Peiris,Sri Lanka,Pace Bowler,30.25,1.0,1,70.0,-0.0328,0,0,25.37,14.88,68.22,0.0,0.0,0.0,21.0053,0.2226,20.97,2027,H1,Jan-Jun
Nuwan Thushara,Sri Lanka,Pace Bowler,31.25,1.0,1,72.0,-1.7708,0,1,49.38,11.75,66.43,24.87,6.14,0.0,31.6634,0.3612,31.61,2027,H1,Jan-Jun
Oshada Fernando,Sri Lanka,Top Order Batter,35.25,0.9167,1,63.6667,-0.3358,0,0,393.81,30.92,79.22,0.0,0.0,0.0,35.7075,0.3305,35.01,2027,H1,Jan-Jun
Pasindu Sooriyabandara,Sri Lanka,Top Order Batter,24.25,1.0,0,44.0,0.2286,0,0,265.63,31.75,85.14,0.0,0.0,0.0,36.6872,0.5476,36.79,2027,H1,Jan-Jun
Pathum Nissanka,Sri Lanka,Top Order Batter,29.25,1.0,1,113.0,-4.2667,0,1,1101.96,53.99,95.54,0.0,0.0,0.0,57.6604,0.9873,57.3,2027,H1,Jan-Jun
Pavan Rathnayake,Sri Lanka,Middle Order Batter,25.25,1.0,1,31.0,2.629,1,0,415.2,48.15,93.44,0.0,0.0,0.0,50.3358,0.9262,50.15,2027,H1,Jan-Jun
Prabath Jayasuriya,Sri Lanka,Spin Bowler,35.25,0.5833,1,50.3333,-2.3893,0,1,31.96,13.73,65.91,11.05,5.9,0.0,26.1819,0.0107,25.23,2027,H1,Jan-Jun
Pramod Madushan,Sri Lanka,Pace Bowler,33.25,1.0,1,47.0,-0.3121,0,0,77.28,14.99,69.42,11.15,6.22,0.0,27.7846,0.1926,27.63,2027,H1,Jan-Jun
Ramesh Mendis,Sri Lanka,Bowling All-Rounder,32.25,1.0,1,63.0,-0.2337,0,0,440.02,30.18,78.63,11.17,5.87,0.0,41.6713,0.0162,41.64,2027,H1,Jan-Jun
Ravindu Fernando,Sri Lanka,Batting All-Rounder,25.25,1.0,1,41.0,-0.5682,0,1,153.19,20.67,79.3,7.28,6.01,0.0,31.8291,0.0638,31.93,2027,H1,Jan-Jun
Ravindu Rasantha,Sri Lanka,Top Order Batter,26.25,1.0,1,75.0,-0.0404,0,0,644.82,34.94,82.13,0.0,0.0,0.0,40.066,0.7764,40.19,2027,H1,Jan-Jun
Sadeera Samarawickrama,Sri Lanka,Wicketkeeper,30.25,1.0,1,83.0,-1.3263,0,1,575.49,37.77,87.04,0.0,0.0,0.0,42.5657,0.1552,42.45,2027,H1,Jan-Jun
Sahan Kosala,Sri Lanka,Middle Order Batter,26.25,1.0,1,78.0,-0.0947,0,0,545.35,35.31,82.17,0.0,0.0,0.0,39.9298,0.7704,39.94,2027,H1,Jan-Jun
Sohan de Livera,Sri Lanka,Top Order Batter,27.25,1.0,1,40.0,0.4655,0,0,178.77,25.08,84.21,0.0,0.0,0.0,31.4053,0.2178,31.37,2027,H1,Jan-Jun
Sonal Dinusha,Sri Lanka,Batting All-Rounder,26.25,1.0,1,60.0,-2.6451,0,1,414.87,31.47,78.81,9.26,6.13,0.0,41.5179,0.4209,41.64,2027,H1,Jan-Jun
Tharindu Ratnayake,Sri Lanka,Bowling All-Rounder,31.25,1.0,1,85.0,1.1736,1,0,722.11,42.32,81.14,0.0,0.0,0.0,45.5227,0.0341,45.44,2027,H1,Jan-Jun
Traveen Mathew,Sri Lanka,Spin Bowler,26.25,1.0,1,56.0,0.8117,1,0,53.65,12.74,69.37,36.48,5.61,0.0,28.6939,0.5708,28.67,2027,H1,Jan-Jun
Vimath Dinsara,Sri Lanka,Top Order Batter,21.25,1.0,1,50.0,-1.3131,0,1,132.96,22.67,87.74,0.0,0.0,0.0,30.0318,0.1482,30.04,2027,H1,Jan-Jun
Vishad Randika,Sri Lanka,Top Order Batter,30.25,1.0,1,64.0,0.9009,1,0,507.47,39.67,90.55,0.0,0.0,0.0,44.1888,0.3592,44.13,2027,H1,Jan-Jun
Vishen Halambage,Sri Lanka,Top Order Batter,22.25,1.0,1,44.0,-0.6052,0,1,152.35,20.12,88.43,0.0,0.0,0.0,28.3887,0.0553,28.6,2027,H1,Jan-Jun
Vishwa Fernando,Sri Lanka,Pace Bowler,35.25,0.9167,1,53.6667,-0.165,0,0,96.99,18.0,71.23,16.97,5.95,0.0,33.2315,0.1948,32.6,2027,H1,Jan-Jun
Wanindu Hasaranga,Sri Lanka,Bowling All-Rounder,30.25,1.0,1,100.0,0.1586,0,0,1277.25,45.75,86.79,27.45,5.27,0.0,65.7072,0.0638,57.33,2027,H1,Jan-Jun
Ackeem Auguste,West Indies,Top Order Batter,24.25,1.0,1,28.0,2.5512,1,0,382.91,41.06,98.31,0.0,0.0,0.0,45.8676,0.8325,45.93,2027,H1,Jan-Jun
Akeal Hosein,West Indies,Spin Bowler,34.25,0.9167,1,75.6667,-1.9037,0,1,31.44,12.9,81.84,9.55,5.08,0.0,27.5294,0.6168,27.29,2027,H1,Jan-Jun
Alick Athanaze,West Indies,Top Order Batter,28.25,1.0,1,52.0,0.8484,1,0,231.74,35.39,89.1,0.0,0.0,0.0,39.767,0.838,39.88,2027,H1,Jan-Jun
Alzarri Joseph,West Indies,Pace Bowler,31.25,1.0,1,84.0,-2.2498,0,1,17.54,7.07,79.98,12.15,5.74,0.0,24.0915,0.4979,24.07,2027,H1,Jan-Jun
Amari Goodridge,West Indies,Pace Bowler,24.25,1.0,1,20.0,0.7323,1,0,43.48,10.31,84.43,6.0,5.89,0.0,24.1375,0.3066,24.03,2027,H1,Jan-Jun
Amir Jangoo,West Indies,Wicketkeeper,30.25,1.0,1,34.0,2.8354,1,0,423.79,40.31,97.37,0.0,0.0,0.0,45.3529,0.3505,45.18,2027,H1,Jan-Jun
Andre Fletcher,West Indies,Wicketkeeper,39.25,0.15,1,22.2,-0.3337,0,0,33.3,20.4,80.87,0.0,0.0,0.0,26.94,0.0025,26.95,2027,H1,Jan-Jun
Andre Russell,West Indies,Bowling All-Rounder,39.25,0.0,0,87.0,-3.0009,0,1,7.35,14.87,83.12,1.3,6.68,0.0,24.57,0.0009,23.97,2027,H1,Jan-Jun
Brandon King,West Indies,Top Order Batter,32.25,1.0,1,61.0,0.0426,0,0,225.44,31.01,91.63,0.0,0.0,0.0,36.9891,0.7119,37.07,2027,H1,Jan-Jun
Carlon Tuckett,West Indies,Pace Bowler,21.25,1.0,1,21.0,1.1085,1,0,49.59,11.91,84.77,7.56,5.68,0.0,26.1846,0.4077,26.06,2027,H1,Jan-Jun
Evin Lewis,West Indies,Top Order Batter,36.25,0.6875,1,97.5,-0.1861,0,0,111.35,28.48,97.73,0.0,0.0,0.0,35.6447,0.1958,35.67,2027,H1,Jan-Jun
Fabian Allen,West Indies,Bowling All-Rounder,32.25,1.0,1,59.0,-1.2591,0,1,66.86,21.34,98.88,5.7,6.37,0.0,34.1052,0.0144,33.87,2027,H1,Jan-Jun
Giavonte Depeiza,West Indies,Top Order Batter,22.25,1.0,1,22.0,2.6938,1,0,136.91,33.86,93.41,0.0,0.0,0.0,38.9436,0.5995,38.9,2027,H1,Jan-Jun
Gudakesh Motie,West Indies,Spin Bowler,32.25,1.0,1,69.0,-1.9101,0,1,9.92,10.05,86.21,12.29,4.85,0.0,27.4991,0.8403,27.12,2027,H1,Jan-Jun
Hayden Walsh Jr,West Indies,Spin Bowler,35.25,0.6875,1,53.5,-1.7845,0,1,0.0,0.0,78.13,0.0,6.54,0.0,12.4972,0.2167,12.65,2027,H1,Jan-Jun
Jason Holder,West Indies,Bowling All-Rounder,35.25,0.6875,1,178.5,-2.9626,0,1,49.88,16.83,88.02,5.07,6.34,0.0,28.8289,0.0047,27.71,2027,H1,Jan-Jun
Jayden Seales,West Indies,Pace Bowler,25.25,1.0,1,58.0,-1.3438,0,1,5.2,4.42,81.01,11.93,5.62,0.0,22.2226,0.671,22.04,2027,H1,Jan-Jun
Jediah Blades,West Indies,Pace Bowler,23.25,1.0,1,25.0,0.369,0,0,39.73,9.36,86.05,5.14,5.78,0.0,23.2941,0.4212,23.39,2027,H1,Jan-Jun
Jewel Andrew,West Indies,Wicketkeeper,20.25,1.0,1,28.0,4.1871,1,0,286.36,46.99,102.77,0.0,0.0,0.0,50.4097,0.352,50.16,2027,H1,Jan-Jun
Johann Jeremiah,West Indies,Top Order Batter,21.25,1.0,1,23.0,2.6562,1,0,215.72,34.86,101.46,0.0,0.0,0.0,41.2206,0.6649,41.14,2027,H1,Jan-Jun
Johann Layne,West Indies,Pace Bowler,24.25,1.0,1,31.0,-0.6077,0,1,0.0,0.0,0.0,4.41,5.87,0.0,2.8142,0.0051,1.78,2027,H1,Jan-Jun
John Campbell,West Indies,Top Order Batter,33.25,1.0,1,58.0,2.1906,1,0,273.01,48.96,96.12,0.0,0.0,0.0,50.7458,0.9293,51.33,2027,H1,Jan-Jun
Johnson Charles,West Indies,Top Order Batter,38.25,0.0,0,72.0,-0.8618,0,1,11.16,18.0,98.26,0.0,0.0,0.0,27.8005,0.0261,27.45,2027,H1,Jan-Jun
Joshua Da Silva,West Indies,Wicketkeeper,29.25,1.0,1,49.0,0.1758,0,0,0.0,32.5,80.8,0.0,0.0,0.0,35.4696,0.1131,35.31,2027,H1,Jan-Jun
Justin Greaves,West Indies,Batting All-Rounder,32.25,1.0,1,46.0,2.7268,1,0,516.11,42.96,102.41,5.65,5.77,0.0,52.1082,0.7675,51.32,2027,H1,Jan-Jun
Kavem Hodge,West Indies,Batting All-Rounder,34.25,1.0,1,41.0,2.5688,1,0,268.05,43.03,95.27,5.5,6.2,0.0,49.8672,0.7599,49.52,2027,H1,Jan-Jun
Keacy Carty,West Indies,Middle Order Batter,30.25,1.0,1,64.0,1.9427,1,0,574.55,50.65,107.49,0.0,0.0,0.0,54.9404,0.8841,54.04,2027,H1,Jan-Jun
Kelvin Pittman,West Indies,Pace Bowler,25.25,1.0,1,20.0,1.2564,1,0,43.99,10.63,80.1,7.56,6.02,0.0,24.4405,0.3272,24.46,2027,H1,Jan-Jun
Kemar Paul,West Indies,Bowling All-Rounder,29.25,1.0,1,41.0,-0.1916,0,0,72.76,18.19,103.02,6.5,6.18,0.0,32.9424,0.0181,32.79,2027,H1,Jan-Jun
Keron Gore,West Indies,Pace Bowler,31.25,1.0,1,22.0,0.4278,0,0,44.97,10.15,80.66,5.76,6.16,0.0,23.2672,0.1047,23.39,2027,H1,Jan-Jun
Kevlon Anderson,West Indies,Top Order Batter,21.25,1.0,1,25.0,2.8498,1,0,213.39,34.46,95.3,0.0,0.0,0.0,39.9776,0.5719,39.94,2027,H1,Jan-Jun
Kirk McKenzie,West Indies,Middle Order Batter,26.25,1.0,1,35.0,1.9603,1,0,293.7,34.1,92.61,0.0,0.0,0.0,39.6352,0.6556,39.69,2027,H1,Jan-Jun
Kraigg Brathwaite,West Indies,Top Order Batter,34.25,1.0,1,134.0,-0.6135,0,1,0.0,30.49,64.44,0.0,0.0,0.0,31.5143,0.3821,31.55,2027,H1,Jan-Jun
Kyle Mayers,West Indies,Batting All-Rounder,34.25,1.0,1,53.0,-0.9681,0,1,108.93,27.1,91.42,3.74,6.84,0.0,36.2033,0.0759,36.02,2027,H1,Jan-Jun
Marlon Mindley,West Indies,Pace Bowler,30.25,1.0,1,22.0,0.5152,1,0,39.15,9.13,80.81,5.7,6.16,0.0,22.5054,0.2601,22.54,2027,H1,Jan-Jun
Matthew Forde,West Indies,Bowling All-Rounder,25.25,1.0,1,51.0,1.3953,1,0,258.04,48.28,108.93,12.54,5.64,0.0,59.2957,0.0254,57.25,2027,H1,Jan-Jun
Mavendra Dindyal,West Indies,Middle Order Batter,21.25,1.0,1,25.0,2.9096,1,0,237.3,38.67,99.61,0.0,0.0,0.0,43.7569,0.6271,43.56,2027,H1,Jan-Jun
Mbeki Joseph,West Indies,Pace Bowler,24.25,1.0,1,20.0,0.8249,1,0,40.75,9.8,85.26,6.27,5.69,0.0,24.0726,0.274,24.01,2027,H1,Jan-Jun
Mikyle Louis,West Indies,Middle Order Batter,26.25,1.0,1,34.0,2.9589,1,0,339.35,35.94,90.28,0.0,0.0,0.0,40.7837,0.7104,40.7,2027,H1,Jan-Jun
Nathan Edward,West Indies,Pace Bowler,25.25,1.0,1,22.0,0.6986,1,0,35.67,8.47,80.31,7.01,6.08,0.0,22.6047,0.322,22.69,2027,H1,Jan-Jun
Navin Bidaisee,West Indies,Middle Order Batter,27.25,1.0,1,27.0,1.4305,1,0,150.77,23.39,89.23,0.0,0.0,0.0,30.8501,0.3241,30.82,2027,H1,Jan-Jun
Nicholas Pooran,West Indies,Wicketkeeper,31.25,1.0,1,111.0,0.2079,0,0,391.9,46.09,120.5,0.0,0.0,0.0,52.9212,0.676,52.53,2027,H1,Jan-Jun
Obed McCoy,West Indies,Pace Bowler,30.25,1.0,1,33.0,-1.0708,0,1,9.65,4.17,77.33,3.39,6.74,0.0,17.0348,0.1142,17.22,2027,H1,Jan-Jun
Ramon Simmonds,West Indies,Pace Bowler,25.25,1.0,1,24.0,0.7937,1,0,41.64,9.83,79.76,8.09,6.11,0.0,24.0449,0.2284,24.02,2027,H1,Jan-Jun
Renico Smith,West Indies,Middle Order Batter,23.25,1.0,1,21.0,2.54,1,0,162.2,31.28,97.49,0.0,0.0,0.0,37.824,0.5427,37.86,2027,H1,Jan-Jun
Rivaldo Clarke,West Indies,Wicketkeeper,25.25,1.0,1,27.0,2.9461,1,0,211.36,41.43,102.43,0.0,0.0,0.0,46.0631,0.1954,45.93,2027,H1,Jan-Jun
Romario Shepherd,West Indies,Bowling All-Rounder,32.25,1.0,1,65.0,-1.2265,0,1,179.71,29.35,110.67,7.25,6.88,0.0,42.7864,0.018,42.73,2027,H1,Jan-Jun
Roston Chase,West Indies,Batting All-Rounder,35.25,0.875,1,75.0,0.7246,1,0,463.48,45.89,87.79,9.13,6.03,0.0,53.3967,0.7987,48.94,2027,H1,Jan-Jun
Rovman Powell,West Indies,Batting All-Rounder,33.25,1.0,1,72.0,-1.2927,0,1,120.77,25.49,106.57,2.55,7.13,0.0,36.7879,0.2026,36.82,2027,H1,Jan-Jun
Shai Hope,West Indies,Wicketkeeper,33.25,1.0,1,117.0,0.0626,0,0,534.89,46.9,91.1,0.0,0.0,0.0,49.5703,0.8404,49.53,2027,H1,Jan-Jun
Shamar Joseph,West Indies,Pace Bowler,27.25,1.0,1,41.0,-0.7346,0,1,11.17,5.79,77.63,10.02,5.53,0.0,21.7943,0.4555,21.69,2027,H1,Jan-Jun
Shamyl Springer,West Indies,Batting All-Rounder,26.25,1.0,1,34.0,2.7512,1,0,243.83,33.67,90.64,4.62,6.52,0.0,41.8429,0.2326,41.81,2027,H1,Jan-Jun
Shaqkere Parris,West Indies,Middle Order Batter,20.25,1.0,1,25.0,3.2173,1,0,253.15,41.12,102.83,0.0,0.0,0.0,46.0735,0.7177,45.93,2027,H1,Jan-Jun
Sherfane Rutherford,West Indies,Batting All-Rounder,28.25,1.0,1,54.0,2.552,1,0,417.25,55.31,117.35,5.78,6.21,0.0,62.8131,0.9044,57.35,2027,H1,Jan-Jun
Shimron Hetmyer,West Indies,Middle Order Batter,30.25,1.0,1,86.0,1.5711,1,0,321.48,49.12,109.18,0.0,0.0,0.0,53.066,0.9411,52.56,2027,H1,Jan-Jun
Tagenarine Chanderpaul,West Indies,Top Order Batter,30.25,1.0,1,28.0,1.0064,1,0,76.52,17.66,69.35,0.0,0.0,0.0,23.3821,0.2477,23.29,2027,H1,Jan-Jun
Tevin Imlach,West Indies,Wicketkeeper,30.25,1.0,1,27.0,1.2735,1,0,130.59,21.11,88.77,0.0,0.0,0.0,29.0617,0.047,29.18,2027,H1,Jan-Jun
Trevon Hinds,West Indies,Batting All-Rounder,28.25,1.0,1,28.0,2.2999,1,0,243.74,29.01,97.66,4.83,6.02,0.0,39.7928,0.2086,39.89,2027,H1,Jan-Jun
Voight Lawes,West Indies,Spin Bowler,21.25,1.0,1,19.0,0.6247,1,0,51.31,12.08,92.61,4.27,5.69,0.0,25.8951,0.7515,25.75,2027,H1,Jan-Jun
Zishan Motara,West Indies,Pace Bowler,21.25,1.0,1,19.0,0.8771,1,0,48.07,11.43,89.65,6.66,5.65,0.0,26.1488,0.342,26.02,2027,H1,Jan-Jun
Ainsley Ndlovu,Zimbabwe,Middle Order Batter,28.25,1.0,1,22.0,1.5204,1,0,192.53,31.19,84.2,0.0,0.0,0.0,35.8416,0.666,35.93,2027,H1,Jan-Jun
Antum Naqvi,Zimbabwe,Batting All-Rounder,27.25,1.0,1,38.0,2.2367,1,0,438.24,41.15,106.29,4.95,5.56,0.0,50.799,0.7769,51.33,2027,H1,Jan-Jun
Ben Curran,Zimbabwe,Top Order Batter,31.25,1.0,1,39.0,1.9872,1,0,295.77,42.26,92.76,0.0,0.0,0.0,45.5182,0.8961,45.44,2027,H1,Jan-Jun
Blessing Muzarabani,Zimbabwe,Pace Bowler,31.25,1.0,1,97.0,-0.455,0,0,15.5,7.51,80.78,9.87,6.03,0.0,23.3264,0.3215,23.34,2027,H1,Jan-Jun
Brad Evans,Zimbabwe,Bowling All-Rounder,30.25,1.0,1,52.0,-0.3882,0,0,161.91,28.63,88.88,6.34,6.04,0.0,38.5748,0.007,38.54,2027,H1,Jan-Jun
Brandon Mavuta,Zimbabwe,Spin Bowler,30.25,1.0,1,41.0,-0.8088,0,1,106.63,17.67,87.47,10.77,5.46,0.0,32.606,0.7534,32.55,2027,H1,Jan-Jun
Brendan Taylor,Zimbabwe,Wicketkeeper,41.25,0.0,0,205.0,0.8283,1,0,117.47,32.57,80.99,0.0,0.0,0.0,36.0304,0.0233,36.34,2027,H1,Jan-Jun
Brian Bennett,Zimbabwe,Batting All-Rounder,23.25,1.0,1,48.0,2.8084,1,0,658.61,53.55,106.31,8.82,5.03,0.0,62.6666,0.8782,57.08,2027,H1,Jan-Jun
Brian Mudzinganyama,Zimbabwe,Middle Order Batter,26.25,1.0,1,29.0,1.7158,1,0,169.15,27.46,91.58,0.0,0.0,0.0,34.2051,0.515,34.3,2027,H1,Jan-Jun
Charlton Tshuma,Zimbabwe,Pace Bowler,27.25,1.0,1,30.0,0.5003,1,0,68.79,12.31,87.29,9.9,5.64,0.0,28.1007,0.4457,27.96,2027,H1,Jan-Jun
Clive Chitumba,Zimbabwe,Wicketkeeper,28.25,1.0,1,27.0,0.9985,1,0,145.18,23.86,92.11,0.0,0.0,0.0,31.6068,0.038,31.61,2027,H1,Jan-Jun
Clive Madande,Zimbabwe,Wicketkeeper,26.25,1.0,1,48.0,1.1504,1,0,393.0,35.82,99.79,0.0,0.0,0.0,42.3788,0.7682,42.44,2027,H1,Jan-Jun
Craig Ervine,Zimbabwe,Top Order Batter,41.25,0.0,0,142.0,-1.4179,0,1,104.37,31.91,75.75,0.0,0.0,0.0,34.6982,0.0587,34.83,2027,H1,Jan-Jun
Dion Myers,Zimbabwe,Batting All-Rounder,25.25,1.0,1,45.0,2.6554,1,0,464.46,40.67,105.46,7.04,5.1,0.0,51.604,0.7079,51.33,2027,H1,Jan-Jun
Ernest Masuku,Zimbabwe,Pace Bowler,29.25,1.0,1,28.0,0.5106,1,0,65.99,12.22,88.19,5.85,5.5,0.0,26.207,0.1391,26.02,2027,H1,Jan-Jun
Faraz Akram,Zimbabwe,Bowling All-Rounder,29.25,1.0,1,39.0,0.7301,1,0,155.33,24.25,93.25,10.73,6.28,0.0,38.1863,0.0141,38.2,2027,H1,Jan-Jun
Graeme Cremer,Zimbabwe,Spin Bowler,40.25,0.0,0,111.0,-2.5622,0,1,9.92,7.91,67.56,5.14,5.3,0.0,19.426,0.045,19.36,2027,H1,Jan-Jun
Innocent Kaia,Zimbabwe,Top Order Batter,35.25,0.7917,1,61.6667,-2.1666,0,1,0.0,12.58,75.09,0.0,0.0,0.0,20.3077,0.0744,20.36,2027,H1,Jan-Jun
Johnathan Campbell,Zimbabwe,Middle Order Batter,33.25,1.0,1,41.0,2.3356,1,0,217.52,42.89,94.27,0.0,0.0,0.0,45.8814,0.8905,45.93,2027,H1,Jan-Jun
Joylord Gumbie,Zimbabwe,Wicketkeeper,31.25,1.0,1,37.0,-0.2775,0,0,79.07,18.92,80.72,0.0,0.0,0.0,26.0432,0.0236,26.09,2027,H1,Jan-Jun
Kian Blignaut,Zimbabwe,Pace Bowler,22.25,1.0,1,24.0,0.7225,1,0,46.35,13.95,88.28,7.07,5.74,0.0,27.9164,0.4279,27.85,2027,H1,Jan-Jun
Kundai Matigimu,Zimbabwe,Pace Bowler,30.25,1.0,1,24.0,0.4155,0,0,36.87,10.95,80.65,6.95,5.98,0.0,24.4344,0.2025,24.46,2027,H1,Jan-Jun
Luke Jongwe,Zimbabwe,Bowling All-Rounder,31.25,1.0,1,92.0,-2.0011,0,1,57.07,16.38,91.0,6.88,6.41,0.0,29.8702,0.0255,29.92,2027,H1,Jan-Jun
Milton Shumba,Zimbabwe,Middle Order Batter,26.25,1.0,1,76.0,0.4796,0,0,219.38,30.77,93.69,0.0,0.0,0.0,37.1087,0.8677,37.14,2027,H1,Jan-Jun
Nathaniel Mayavo,Zimbabwe,Wicketkeeper,30.25,1.0,1,32.0,1.5254,1,0,155.77,24.18,89.98,0.0,0.0,0.0,31.5523,0.09,31.61,2027,H1,Jan-Jun
Newman Nyamhuri,Zimbabwe,Pace Bowler,21.25,1.0,1,35.0,0.1675,0,0,60.84,11.06,83.67,10.17,5.62,0.0,26.754,0.3072,26.75,2027,H1,Jan-Jun
Nick Welch,Zimbabwe,Top Order Batter,29.25,1.0,1,53.0,3.4175,1,0,577.38,40.64,96.99,0.0,0.0,0.0,46.1605,0.8755,45.93,2027,H1,Jan-Jun
Panashe Taruvinga,Zimbabwe,Middle Order Batter,25.25,1.0,1,28.0,1.4641,1,0,98.63,23.01,90.25,0.0,0.0,0.0,30.5207,0.2794,30.41,2027,H1,Jan-Jun
Prince Masvaure,Zimbabwe,Middle Order Batter,37.25,0.0,0,41.0,-0.0881,0,0,19.22,13.42,74.17,0.0,0.0,0.0,20.8475,0.0103,20.72,2027,H1,Jan-Jun
Richard Ngarava,Zimbabwe,Pace Bowler,29.25,1.0,1,101.0,-1.2674,0,1,31.62,10.56,81.31,13.14,5.94,0.0,27.2933,0.6099,27.2,2027,H1,Jan-Jun
Richmond Mutumbami,Zimbabwe,Wicketkeeper,36.25,0.7917,1,57.6667,-0.2693,0,0,0.0,15.81,63.44,0.0,0.0,0.0,20.8338,0.0118,20.71,2027,H1,Jan-Jun
Ryan Burl,Zimbabwe,Batting All-Rounder,33.25,1.0,1,106.0,-0.7951,0,1,245.06,27.72,88.04,6.98,6.23,0.0,38.4057,0.3311,38.41,2027,H1,Jan-Jun
Sean Williams,Zimbabwe,Batting All-Rounder,41.25,0.0,0,156.0,-3.7864,0,1,0.0,50.96,86.42,0.0,5.89,0.0,50.4596,0.0271,42.93,2027,H1,Jan-Jun
Sikandar Raza,Zimbabwe,Batting All-Rounder,41.25,0.0,0,178.0,-1.4443,0,1,157.56,39.58,94.98,3.16,5.68,0.0,45.8706,0.0249,42.32,2027,H1,Jan-Jun
Tadiwanashe Marumani,Zimbabwe,Wicketkeeper,25.25,1.0,1,46.0,1.471,1,0,237.16,32.22,107.23,0.0,0.0,0.0,40.3019,0.243,40.29,2027,H1,Jan-Jun
Tafadzwa Tsiga,Zimbabwe,Wicketkeeper,27.25,1.0,1,28.0,1.2411,1,0,81.38,18.93,84.17,0.0,0.0,0.0,26.59,0.0463,26.6,2027,H1,Jan-Jun
Takudzwanashe Kaitano,Zimbabwe,Top Order Batter,33.25,1.0,1,49.0,0.0692,0,0,84.01,14.83,79.5,0.0,0.0,0.0,22.9431,0.3931,22.77,2027,H1,Jan-Jun
Tanaka Chivanga,Zimbabwe,Pace Bowler,31.25,1.0,1,34.0,0.0318,0,0,31.0,9.18,76.86,5.64,6.48,0.0,21.8022,0.0405,21.92,2027,H1,Jan-Jun
Tapiwa Mufudza,Zimbabwe,Spin Bowler,29.25,1.0,1,32.0,0.3788,0,0,83.59,16.18,85.3,8.32,5.69,0.0,29.8391,0.7604,29.93,2027,H1,Jan-Jun
Tashinga Musekiwa,Zimbabwe,Batting All-Rounder,26.25,1.0,1,36.0,2.3436,1,0,137.58,33.17,99.91,1.16,6.32,0.0,40.8109,0.1501,40.71,2027,H1,Jan-Jun
Tendai Chatara,Zimbabwe,Pace Bowler,36.25,0.55,1,106.2,-2.8433,0,1,0.0,0.0,69.48,0.0,5.05,0.0,11.5569,0.0126,11.76,2027,H1,Jan-Jun
Tinotenda Maposa,Zimbabwe,Pace Bowler,30.25,1.0,1,39.0,0.4366,0,0,58.38,13.37,85.49,9.33,5.76,0.0,28.229,0.4365,28.01,2027,H1,Jan-Jun
Tony Munyonga,Zimbabwe,Batting All-Rounder,31.25,1.0,1,39.0,0.5727,1,0,77.49,18.67,93.07,1.84,6.11,0.0,29.4976,0.0291,29.37,2027,H1,Jan-Jun
Trevor Gwandu,Zimbabwe,Pace Bowler,26.25,1.0,1,37.0,0.8155,1,0,110.15,16.93,89.51,5.48,5.87,0.0,29.6873,0.6782,29.56,2027,H1,Jan-Jun
Victor Nyauchi,Zimbabwe,Pace Bowler,35.25,0.875,1,62.0,-0.6271,0,1,26.31,8.8,75.43,3.14,6.29,0.0,20.0996,0.1797,19.87,2027,H1,Jan-Jun
Vincent Masekesa,Zimbabwe,Batting All-Rounder,25.25,1.0,1,29.0,1.1773,1,0,135.63,20.99,93.91,2.61,6.05,0.0,31.9219,0.0548,32.0,2027,H1,Jan-Jun
Wellington Masakadza,Zimbabwe,Spin Bowler,34.25,0.875,1,90.0,-2.3175,0,1,67.12,12.15,80.78,9.84,5.58,0.0,26.9657,0.601,26.15,2027,H1,Jan-Jun
Wessly Madhevere,Zimbabwe,Batting All-Rounder,26.25,1.0,1,81.0,-0.913,0,1,236.69,27.05,96.63,4.74,5.99,0.0,38.163,0.3827,38.17,2027,H1,Jan-Jun
William Mashinge,Zimbabwe,Batting All-Rounder,30.25,1.0,1,31.0,1.26,1,0,141.98,23.42,91.77,6.08,6.04,0.0,35.0731,0.1124,35.12,2027,H1,Jan-Jun
A M Ghazanfar,Afghanistan,Spin Bowler,21.75,1.0,1,48.0,-0.4942,0,0,79.5,14.3,76.02,21.7,5.18,0.0,33.1059,0.472,33.03,2027,H2,Jul-Dec
Abdul Malik,Afghanistan,Top Order Batter,30.75,1.0,1,56.0,-0.6172,0,1,414.46,36.04,85.68,0.0,0.0,0.0,39.1831,0.5156,39.19,2027,H2,Jul-Dec
Abdul Rahman,Afghanistan,Pace Bowler,28.75,1.0,1,48.0,-0.3754,0,0,55.34,12.67,73.8,19.19,5.61,0.0,30.183,0.217,30.15,2027,H2,Jul-Dec
Azizullah Mia Khil,Afghanistan,Top Order Batter,26.75,1.0,1,43.0,0.6699,1,0,308.61,34.29,84.11,0.0,0.0,0.0,37.3143,0.5465,37.41,2027,H2,Jul-Dec
Azmatullah Omarzai,Afghanistan,Bowling All-Rounder,27.75,1.0,1,81.0,-0.273,0,0,628.56,42.49,88.55,21.27,5.45,0.0,56.4303,0.0177,57.3,2027,H2,Jul-Dec
Bahir Shah,Afghanistan,Middle Order Batter,26.75,1.0,1,45.0,0.9364,1,0,349.18,50.35,92.73,0.0,0.0,0.0,49.9103,0.7815,49.53,2027,H2,Jul-Dec
Bashir Ahmad,Afghanistan,Bowling All-Rounder,27.75,1.0,1,46.0,0.2437,0,0,254.5,30.4,82.92,15.55,5.83,0.0,42.7902,0.0159,42.77,2027,H2,Jul-Dec
Bilal Sami,Afghanistan,Pace Bowler,26.75,1.0,1,45.0,0.124,0,0,61.28,11.54,67.03,22.02,5.86,0.0,29.7438,0.1996,29.63,2027,H2,Jul-Dec
Darwish Rasooli,Afghanistan,Top Order Batter,28.75,1.0,1,62.0,0.437,0,0,535.22,41.14,88.92,0.0,0.0,0.0,43.686,0.7067,43.56,2027,H2,Jul-Dec
Faisal Khan Ahmadzai,Afghanistan,Pace Bowler,27.75,1.0,1,44.0,0.2292,0,0,60.09,14.17,70.0,19.05,5.83,0.0,30.551,0.2571,30.48,2027,H2,Jul-Dec
Fareed Ahmad,Afghanistan,Pace Bowler,32.75,1.0,1,59.0,-0.7562,0,1,48.39,12.44,67.8,17.25,6.31,0.0,27.9761,0.3163,27.83,2027,H2,Jul-Dec
Faridoon Dawoodzai,Afghanistan,Pace Bowler,27.75,1.0,1,46.0,0.215,0,0,58.63,13.81,67.75,20.1,6.06,0.0,30.4218,0.3651,30.42,2027,H2,Jul-Dec
Fazalhaq Farooqi,Afghanistan,Pace Bowler,26.75,1.0,1,76.0,-0.9637,0,1,62.83,12.87,74.11,26.26,5.45,0.0,33.9276,0.7999,33.79,2027,H2,Jul-Dec
Gulbadin Naib,Afghanistan,Batting All-Rounder,36.75,0.125,1,62.0,-1.4567,0,1,143.95,26.72,74.45,4.06,6.74,0.0,32.6726,0.0049,32.04,2027,H2,Jul-Dec
Hashmatullah Shahidi,Afghanistan,Middle Order Batter,32.75,1.0,1,103.0,-0.1776,0,0,828.21,45.73,75.38,0.0,0.0,0.0,46.0212,0.9804,45.91,2027,H2,Jul-Dec
Ibrahim Zadran,Afghanistan,Top Order Batter,25.75,1.0,1,81.0,-0.6476,0,1,817.88,53.87,91.46,0.0,0.0,0.0,54.0255,0.9699,54.12,2027,H2,Jul-Dec
Ikram Ali Khil,Afghanistan,Wicketkeeper,25.75,1.0,1,62.0,-0.0275,0,0,494.11,38.02,90.52,0.0,0.0,0.0,41.5944,0.2661,41.64,2027,H2,Jul-Dec
Karim Janat,Afghanistan,Bowling All-Rounder,28.75,1.0,1,69.0,-0.1393,0,0,516.63,39.73,88.83,17.82,5.68,0.0,52.3466,0.0179,52.16,2027,H2,Jul-Dec
Khatir Stanikzai,Afghanistan,Middle Order Batter,28.75,1.0,1,52.0,0.3579,0,0,392.57,35.69,84.72,0.0,0.0,0.0,38.7104,0.5583,38.82,2027,H2,Jul-Dec
Mohammad Ishaq,Afghanistan,Wicketkeeper,25.75,1.0,1,47.0,1.0059,1,0,380.54,42.48,91.91,0.0,0.0,0.0,44.4476,0.2703,44.37,2027,H2,Jul-Dec
Mohammad Nabi,Afghanistan,Bowling All-Rounder,42.75,0.0,0,92.0,-2.4656,0,1,92.03,31.75,78.73,3.48,5.94,0.0,36.4828,0.0027,36.51,2027,H2,Jul-Dec
Mohammad Saleem,Afghanistan,Pace Bowler,25.75,1.0,1,41.0,0.6069,1,0,66.17,15.65,73.07,22.1,5.66,0.0,33.6074,0.6072,33.5,2027,H2,Jul-Dec
Mujeeb Ur Rahman,Afghanistan,Spin Bowler,26.75,1.0,1,68.0,-1.4718,0,1,68.29,13.97,76.99,21.68,4.75,0.0,33.1175,0.6684,33.03,2027,H2,Jul-Dec
Munir Ahmad Kakar,Afghanistan,Wicketkeeper,28.75,1.0,1,50.0,0.249,0,0,345.4,34.08,85.42,0.0,0.0,0.0,37.5094,0.1116,37.52,2027,H2,Jul-Dec
Najibullah Zadran,Afghanistan,Wicketkeeper,33.75,1.0,1,69.0,-0.5949,0,1,384.6,33.82,83.57,0.0,0.0,0.0,37.2091,0.1867,37.28,2027,H2,Jul-Dec
Nangeyalia Kharote,Afghanistan,Spin Bowler,23.75,1.0,1,45.0,0.428,0,0,259.85,31.95,89.11,21.83,4.98,0.0,48.1568,0.9673,48.17,2027,H2,Jul-Dec
Naveed Zadran,Afghanistan,Pace Bowler,26.75,1.0,1,52.0,-0.0521,0,0,67.78,12.57,68.84,20.55,6.0,0.0,29.9952,0.2378,30.02,2027,H2,Jul-Dec
Naveen-ul-Haq,Afghanistan,Pace Bowler,27.75,1.0,1,71.0,-1.1179,0,1,45.06,11.61,73.37,22.2,5.54,0.0,30.8452,0.474,30.83,2027,H2,Jul-Dec
Nazifullah Amiri,Afghanistan,Top Order Batter,24.75,1.0,1,41.0,1.1004,1,0,323.22,40.41,94.08,0.0,0.0,0.0,43.1056,0.6013,43.03,2027,H2,Jul-Dec
Noor Ahmad,Afghanistan,Spin Bowler,22.75,1.0,1,63.0,-1.0101,0,1,95.25,15.5,78.6,24.39,5.15,0.0,35.7212,0.7487,35.56,2027,H2,Jul-Dec
Qais Ahmad,Afghanistan,Spin Bowler,26.75,1.0,1,56.0,-0.6376,0,1,69.57,13.52,70.54,21.09,5.83,0.0,31.2231,0.5102,31.16,2027,H2,Jul-Dec
Rahmanullah Gurbaz,Afghanistan,Wicketkeeper,25.75,1.0,1,90.0,-0.4631,0,0,1220.18,51.58,102.5,0.0,0.0,0.0,55.6744,0.936,54.12,2027,H2,Jul-Dec
Rahmat Shah,Afghanistan,Top Order Batter,34.75,1.0,1,105.0,-0.1939,0,0,956.85,53.19,83.76,0.0,0.0,0.0,52.9589,0.9651,52.59,2027,H2,Jul-Dec
Rashid Khan,Afghanistan,Spin Bowler,28.75,1.0,1,90.0,-1.7821,0,1,298.56,27.15,86.23,28.27,5.06,0.0,47.6955,0.9695,47.79,2027,H2,Jul-Dec
Riaz Hassan,Afghanistan,Top Order Batter,27.75,1.0,1,60.0,0.2114,0,0,497.34,37.84,83.68,0.0,0.0,0.0,40.4644,0.7135,40.43,2027,H2,Jul-Dec
Rohullah Arab,Afghanistan,Pace Bowler,25.75,1.0,1,43.0,0.3801,0,0,59.89,13.6,70.24,18.35,5.9,0.0,29.8275,0.3484,30.0,2027,H2,Jul-Dec
Sediqullah Atal,Afghanistan,Top Order Batter,25.75,1.0,1,53.0,1.658,1,0,807.32,56.82,97.61,0.0,0.0,0.0,56.9473,0.973,57.27,2027,H2,Jul-Dec
Shahidullah Kamal,Afghanistan,Middle Order Batter,31.75,1.0,1,85.0,0.212,0,0,668.6,44.14,79.05,0.0,0.0,0.0,44.8298,0.9458,44.75,2027,H2,Jul-Dec
Sharafuddin Ashraf,Afghanistan,Batting All-Rounder,31.75,1.0,1,63.0,-0.334,0,0,407.26,33.56,81.33,13.36,6.0,0.0,44.2328,0.886,44.28,2027,H2,Jul-Dec
Wafiullah Tarakhil,Afghanistan,Top Order Batter,23.75,1.0,1,49.0,1.0772,1,0,497.38,44.94,99.13,0.0,0.0,0.0,47.6939,0.6816,47.79,2027,H2,Jul-Dec
Wahidullah Zadran,Afghanistan,Top Order Batter,23.75,1.0,1,42.0,1.6886,1,0,421.61,52.7,100.2,0.0,0.0,0.0,52.9411,0.9178,52.53,2027,H2,Jul-Dec
Zia-Ur-Rehman Abdul Malik,Afghanistan,Spin Bowler,26.75,1.0,1,48.0,0.0277,0,0,95.1,18.53,75.69,25.59,5.26,0.0,37.9481,0.7798,37.71,2027,H2,Jul-Dec
Zubaid Akbari,Afghanistan,Top Order Batter,24.75,1.0,1,56.0,1.0328,1,0,487.57,43.31,91.85,0.0,0.0,0.0,45.4398,0.6898,45.44,2027,H2,Jul-Dec
Aaron Hardie,Australia,Bowling All-Rounder,28.75,1.0,1,105.0,1.0052,1,0,749.07,44.44,93.24,24.22,5.71,0.0,60.3425,0.0219,57.32,2027,H2,Jul-Dec
Adam Zampa,Australia,Spin Bowler,35.75,0.65,1,198.8,-3.3881,0,1,25.75,9.39,67.25,34.64,5.59,0.0,34.434,0.3588,31.7,2027,H2,Jul-Dec
Alex Carey,Australia,Wicketkeeper,35.75,0.8125,1,167.0,-0.2162,0,0,539.82,38.17,85.52,0.0,0.0,0.0,41.1359,0.201,40.22,2027,H2,Jul-Dec
Ashton Agar,Australia,Spin Bowler,33.75,1.0,1,133.0,-3.4644,0,1,21.17,7.59,57.28,10.57,6.18,0.0,19.671,0.1686,19.59,2027,H2,Jul-Dec
Beau Webster,Australia,Bowling All-Rounder,33.75,1.0,1,100.0,0.5936,1,0,741.3,41.38,88.97,29.21,5.86,0.0,59.9722,0.0308,57.11,2027,H2,Jul-Dec
Ben Dwarshuis,Australia,Pace Bowler,32.75,1.0,1,88.0,-1.155,0,1,33.65,12.19,71.45,28.42,6.63,0.0,33.7268,0.6698,33.65,2027,H2,Jul-Dec
Ben Kellaway,Australia,Batting All-Rounder,22.75,1.0,1,45.0,2.9159,1,0,307.54,38.64,99.69,9.09,5.81,0.0,48.0391,0.7673,47.83,2027,H2,Jul-Dec
Ben Manenti,Australia,Bowling All-Rounder,30.75,1.0,1,76.0,-0.8421,0,1,177.08,27.0,84.48,14.18,6.05,0.0,39.625,0.008,39.61,2027,H2,Jul-Dec
Billy Stanlake,Australia,Pace Bowler,32.75,1.0,1,68.0,-2.1014,0,1,0.59,1.11,49.33,4.06,7.59,0.0,10.4385,0.0182,10.64,2027,H2,Jul-Dec
Brendan Doggett,Australia,Pace Bowler,32.75,1.0,1,77.0,-1.4562,0,1,16.85,8.16,62.47,19.47,6.07,0.0,25.234,0.2823,24.96,2027,H2,Jul-Dec
Cameron Gannon,Australia,Pace Bowler,36.75,0.125,1,47.0,-1.246,0,1,1.09,1.29,51.15,2.42,7.37,0.0,10.0618,0.0034,9.86,2027,H2,Jul-Dec
Cameron Green,Australia,Batting All-Rounder,28.75,1.0,1,126.0,-0.3193,0,0,610.3,43.26,98.34,19.08,5.27,0.0,57.3239,0.0494,57.32,2027,H2,Jul-Dec
Campbell Kellaway,Australia,Top Order Batter,25.75,1.0,1,65.0,1.0464,1,0,377.83,38.72,96.87,0.0,0.0,0.0,42.5639,0.7926,42.44,2027,H2,Jul-Dec
Cooper Connolly,Australia,Batting All-Rounder,23.75,1.0,1,75.0,1.2337,1,0,647.17,49.85,106.54,17.04,4.95,0.0,62.3669,0.8191,57.0,2027,H2,Jul-Dec
Corey Rocchiccioli,Australia,Spin Bowler,30.75,1.0,1,66.0,-0.9047,0,1,12.66,6.33,67.02,19.75,5.37,0.0,24.9469,0.2856,24.64,2027,H2,Jul-Dec
Fergus O'Neill,Australia,Pace Bowler,26.75,1.0,1,58.0,-0.2598,0,0,13.62,5.95,67.07,17.7,6.22,0.0,23.4643,0.0862,23.35,2027,H2,Jul-Dec
Glenn Maxwell,Australia,Batting All-Rounder,39.75,0.0,0,218.0,-2.3845,0,1,183.54,35.21,100.56,4.83,6.21,0.0,43.0993,0.0065,41.13,2027,H2,Jul-Dec
Harry Nielsen,Australia,Wicketkeeper,31.75,1.0,1,106.0,-0.1674,0,0,343.09,29.64,84.43,0.0,0.0,0.0,34.2697,0.1188,34.3,2027,H2,Jul-Dec
Henry Hunt,Australia,Top Order Batter,29.75,1.0,1,71.0,0.3843,0,0,317.46,39.18,90.55,0.0,0.0,0.0,41.7034,0.7445,41.64,2027,H2,Jul-Dec
Henry Thornton,Australia,Pace Bowler,31.75,1.0,1,76.0,-1.4441,0,1,13.41,6.71,65.6,10.49,6.74,0.0,20.1117,0.0626,19.91,2027,H2,Jul-Dec
Jack Edwards,Australia,Batting All-Rounder,27.75,1.0,1,92.0,0.2612,0,0,388.18,36.0,94.16,12.15,5.55,0.0,47.2807,0.7254,47.18,2027,H2,Jul-Dec
Jake Fraser-McGurk,Australia,Top Order Batter,25.75,1.0,1,78.0,-1.986,0,1,348.35,26.46,95.45,0.0,0.0,0.0,33.7221,0.444,33.81,2027,H2,Jul-Dec
Jake Lehmann,Australia,Middle Order Batter,34.75,1.0,1,86.0,-0.6477,0,1,164.07,24.92,71.87,0.0,0.0,0.0,28.4127,0.1707,28.63,2027,H2,Jul-Dec
Jake Weatherald,Australia,Top Order Batter,33.75,1.0,1,157.0,-0.4672,0,0,708.41,44.66,90.05,0.0,0.0,0.0,46.9857,0.9508,46.89,2027,H2,Jul-Dec
Jason Behrendorff,Australia,Pace Bowler,37.75,0.25,1,132.2,-2.7731,0,1,3.59,9.15,60.86,9.0,6.79,0.0,20.318,0.0086,20.26,2027,H2,Jul-Dec
Jason Sangha,Australia,Middle Order Batter,28.75,1.0,1,100.0,-0.775,0,1,291.23,29.5,89.89,0.0,0.0,0.0,34.7791,0.5327,34.87,2027,H2,Jul-Dec
Jhye Richardson,Australia,Pace Bowler,30.75,1.0,1,100.0,-2.2689,0,1,12.5,7.74,70.4,19.05,5.46,0.0,26.0568,0.202,25.73,2027,H2,Jul-Dec
Joel Davies,Australia,Middle Order Batter,23.75,1.0,1,36.0,3.3883,1,0,303.2,47.06,105.82,0.0,0.0,0.0,49.391,0.8469,49.48,2027,H2,Jul-Dec
Jordan Buckingham,Australia,Pace Bowler,26.75,1.0,1,48.0,-0.4146,0,0,17.47,7.55,69.48,17.44,6.14,0.0,24.8392,0.1099,24.6,2027,H2,Jul-Dec
Josh Hazlewood,Australia,Pace Bowler,36.75,0.3125,1,147.0,-1.6984,0,1,11.62,8.97,71.64,19.22,5.53,0.0,27.1558,0.018,26.34,2027,H2,Jul-Dec
Josh Inglis,Australia,Wicketkeeper,32.75,1.0,1,141.0,0.9926,1,0,954.37,42.67,91.92,0.0,0.0,0.0,46.8581,0.8726,46.89,2027,H2,Jul-Dec
Josh Philippe,Australia,Wicketkeeper,30.75,1.0,1,165.0,-0.7511,0,1,588.19,35.28,92.46,0.0,0.0,0.0,40.3537,0.3368,40.29,2027,H2,Jul-Dec
Lance Morris,Australia,Pace Bowler,29.75,1.0,1,55.0,-0.9395,0,1,3.4,3.4,61.49,15.82,6.29,0.0,19.8806,0.0707,19.74,2027,H2,Jul-Dec
Liam Hatcher,Australia,Pace Bowler,30.75,1.0,1,75.0,-1.3878,0,1,12.23,5.11,65.85,11.04,6.58,0.0,19.3354,0.0582,19.04,2027,H2,Jul-Dec
Liam Scott,Australia,Batting All-Rounder,26.75,1.0,1,77.0,1.8499,1,0,580.72,38.67,94.89,14.5,5.85,0.0,51.0861,0.706,51.33,2027,H2,Jul-Dec
Mackenzie Harvey,Australia,Wicketkeeper,26.75,1.0,1,101.0,-0.8342,0,1,232.18,25.76,81.17,0.0,0.0,0.0,30.6501,0.1239,30.59,2027,H2,Jul-Dec
Mahli Beardman,Australia,Pace Bowler,21.75,1.0,1,32.0,0.6828,1,0,13.75,12.05,86.7,10.52,5.45,0.0,27.2787,0.4048,26.95,2027,H2,Jul-Dec
Marcus Stoinis,Australia,Batting All-Rounder,38.75,0.0,0,244.0,-2.0386,0,1,113.05,30.41,85.18,3.23,6.93,0.0,36.2648,0.0032,36.47,2027,H2,Jul-Dec
Marnus Labuschagne,Australia,Middle Order Batter,33.75,1.0,1,156.0,-0.7433,0,1,613.71,39.52,81.06,0.0,0.0,0.0,41.7029,0.9065,41.64,2027,H2,Jul-Dec
Matthew Gilkes,Australia,Wicketkeeper,28.75,1.0,1,115.0,-0.5671,0,1,324.17,30.57,84.53,0.0,0.0,0.0,34.8553,0.1867,34.93,2027,H2,Jul-Dec
Matthew Kuhnemann,Australia,Spin Bowler,30.75,1.0,1,78.0,-0.7711,0,1,19.25,10.45,69.02,29.83,5.16,0.0,33.1654,0.8673,33.11,2027,H2,Jul-Dec
Matthew Renshaw,Australia,Top Order Batter,31.75,1.0,1,171.0,-0.7015,0,1,630.81,37.43,87.02,0.5,6.23,0.0,42.2622,0.4904,42.22,2027,H2,Jul-Dec
Matthew Short,Australia,Batting All-Rounder,31.75,1.0,1,158.0,-1.3185,0,1,828.86,40.85,91.34,12.94,6.65,0.0,52.11,0.8668,51.34,2027,H2,Jul-Dec
Matthew Wade,Australia,Wicketkeeper,39.75,0.0417,1,182.3333,-1.9889,0,1,10.16,17.09,68.94,0.0,0.0,0.0,21.9287,0.0039,21.82,2027,H2,Jul-Dec
Michael Neser,Australia,Bowling All-Rounder,37.75,0.0,0,128.0,-2.5268,0,1,93.55,26.31,84.58,8.15,5.75,0.0,35.9316,0.0024,35.18,2027,H2,Jul-Dec
Mitchell Marsh,Australia,Bowling All-Rounder,35.75,0.85,1,177.6,-1.1962,0,1,754.46,42.49,98.19,9.75,6.03,0.0,52.534,0.1249,47.93,2027,H2,Jul-Dec
Mitchell Owen,Australia,Batting All-Rounder,26.75,1.0,1,80.0,1.4973,1,0,647.24,46.56,108.11,11.07,5.74,0.0,57.1338,0.6631,57.35,2027,H2,Jul-Dec
Mitchell Starc,Australia,Pace Bowler,37.75,0.5625,1,201.5,1.947,1,0,13.37,8.57,67.85,61.24,5.9,0.0,46.9346,0.697,39.73,2027,H2,Jul-Dec
Mitchell Stoinis,Australia,Batting All-Rounder,38.75,0.0,0,244.0,-2.0386,0,1,117.59,31.63,88.6,3.36,6.67,0.0,37.7516,0.0036,37.48,2027,H2,Jul-Dec
Nathan Ellis,Australia,Pace Bowler,32.75,1.0,1,97.0,-1.9794,0,1,20.98,7.63,68.19,23.16,6.46,0.0,27.4665,0.178,27.14,2027,H2,Jul-Dec
Nathan Lyon,Australia,Spin Bowler,39.75,0.0,0,82.0,-3.8812,0,1,2.33,5.94,52.31,8.77,5.54,0.0,16.9849,0.0107,17.02,2027,H2,Jul-Dec
Nathan McAndrew,Australia,Bowling All-Rounder,32.75,1.0,1,105.0,-0.2638,0,0,289.73,27.43,78.33,22.56,6.56,0.0,43.4751,0.0144,43.31,2027,H2,Jul-Dec
Nathan McSweeney,Australia,Middle Order Batter,28.75,1.0,1,89.0,0.3499,0,0,511.43,40.55,85.12,0.0,0.0,0.0,42.6164,0.8052,42.52,2027,H2,Jul-Dec
Nikhil Chaudhary,Australia,Batting All-Rounder,31.75,1.0,1,86.0,1.0003,1,0,578.36,37.72,105.65,14.73,5.92,0.0,52.1141,0.6846,51.32,2027,H2,Jul-Dec
Oliver Peake,Australia,Middle Order Batter,21.75,1.0,1,29.0,2.319,1,0,238.09,41.45,101.9,0.0,0.0,0.0,44.6537,0.7429,44.55,2027,H2,Jul-Dec
Pat Cummins,Australia,Pace Bowler,34.75,0.75,1,163.0,-2.7793,0,1,39.72,10.89,69.04,24.69,6.23,0.0,30.7345,0.2805,29.05,2027,H2,Jul-Dec
Riley Meredith,Australia,Pace Bowler,31.75,1.0,1,82.0,-1.7714,0,1,7.1,4.24,60.41,12.91,7.0,0.0,18.7445,0.1043,18.34,2027,H2,Jul-Dec
Sam Elliott,Australia,Pace Bowler,25.75,1.0,1,39.0,-0.2929,0,0,22.53,9.01,70.17,5.38,6.35,0.0,19.985,0.0379,19.89,2027,H2,Jul-Dec
Sam Konstas,Australia,Top Order Batter,21.75,1.0,1,49.0,3.4904,1,0,949.42,52.94,112.42,0.0,0.0,0.0,57.0206,0.9427,56.88,2027,H2,Jul-Dec
Scott Boland,Australia,Pace Bowler,38.75,0.0,0,74.0,-1.8017,0,1,4.35,8.05,58.65,5.75,6.32,0.0,17.7208,0.0092,17.62,2027,H2,Jul-Dec
Sean Abbott,Australia,Bowling All-Rounder,35.75,0.5625,1,193.5,-2.6925,0,1,279.32,26.46,78.84,23.34,6.71,0.0,43.1912,0.0218,39.74,2027,H2,Jul-Dec
Spencer Johnson,Australia,Pace Bowler,31.75,1.0,1,65.0,-0.8558,0,1,19.74,8.67,69.88,21.55,6.57,0.0,27.6193,0.1452,27.37,2027,H2,Jul-Dec
Tanveer Sangha,Australia,Spin Bowler,25.75,1.0,1,71.0,-0.8269,0,1,13.77,7.79,66.52,29.12,5.55,0.0,30.4571,0.628,30.52,2027,H2,Jul-Dec
Tim David,Australia,Middle Order Batter,31.75,1.0,1,102.0,0.0158,0,0,428.55,34.65,92.43,0.0,0.0,0.0,39.2782,0.7899,39.34,2027,H2,Jul-Dec
Todd Murphy,Australia,Spin Bowler,26.75,1.0,1,46.0,-1.1286,0,1,8.31,10.3,61.01,10.57,5.42,0.0,22.2526,0.4811,22.16,2027,H2,Jul-Dec
Travis Head,Australia,Top Order Batter,33.75,1.0,1,162.0,-0.1483,0,0,1141.18,52.18,106.37,0.0,0.0,0.0,56.3535,0.9751,57.06,2027,H2,Jul-Dec
Will Sutherland,Australia,Bowling All-Rounder,27.75,1.0,1,109.0,0.1147,0,0,478.67,41.51,95.35,27.2,5.43,0.0,59.0955,0.0109,57.27,2027,H2,Jul-Dec
Xavier Bartlett,Australia,Pace Bowler,28.75,1.0,1,69.0,-0.6519,0,1,27.01,11.97,82.95,25.46,5.74,0.0,34.0017,0.5891,33.85,2027,H2,Jul-Dec
A. G. Saqlain,Bangladesh,Bowling All-Rounder,25.75,1.0,1,32.0,1.5243,1,0,187.5,28.92,145.16,17.3,8.18,0.0,51.1957,0.0164,51.32,2027,H2,Jul-Dec
Abdul Gaffar Saqlain,Bangladesh,Bowling All-Rounder,25.75,1.0,1,32.0,1.5243,1,0,185.48,28.61,143.59,17.11,8.27,0.0,50.6336,0.0162,50.14,2027,H2,Jul-Dec
Afif Hossain,Bangladesh,Batting All-Rounder,27.75,1.0,1,146.0,-2.0747,0,1,279.26,19.41,130.13,8.94,9.08,0.0,38.4942,0.1056,38.54,2027,H2,Jul-Dec
Akbar Ali,Bangladesh,Wicketkeeper,26.75,1.0,1,48.0,1.424,1,0,509.67,33.52,157.63,0.0,0.0,0.0,48.5174,0.494,48.53,2027,H2,Jul-Dec
Amite Hasan,Bangladesh,Middle Order Batter,26.75,1.0,1,45.0,1.6032,1,0,345.31,29.77,138.83,0.0,0.0,0.0,42.4637,0.8474,42.44,2027,H2,Jul-Dec
Anamul Haque,Bangladesh,Wicketkeeper,34.75,1.0,1,157.0,-1.296,0,1,259.55,19.15,115.29,0.0,0.0,0.0,31.2458,0.0693,31.15,2027,H2,Jul-Dec
Ebadat Hossain,Bangladesh,Pace Bowler,33.75,1.0,1,59.0,0.4398,0,0,23.31,10.97,99.2,18.36,9.32,0.0,31.6338,0.1512,31.67,2027,H2,Jul-Dec
Hasan Mahmud,Bangladesh,Pace Bowler,28.75,1.0,1,97.0,-0.667,0,1,90.77,13.79,123.6,42.93,8.01,0.0,49.7524,0.8148,49.3,2027,H2,Jul-Dec
Hasan Murad,Bangladesh,Spin Bowler,25.75,1.0,1,52.0,1.4761,1,0,72.19,16.7,118.66,30.95,7.73,0.0,45.0984,0.8834,44.74,2027,H2,Jul-Dec
Jaker Ali,Bangladesh,Wicketkeeper,29.75,1.0,1,81.0,1.2723,1,0,631.77,33.85,143.05,0.0,0.0,0.0,47.0615,0.5854,46.89,2027,H2,Jul-Dec
Jishan Alam,Bangladesh,Top Order Batter,25.75,1.0,1,45.0,1.6795,1,0,414.37,32.54,145.7,0.0,0.0,0.0,45.6835,0.9021,45.62,2027,H2,Jul-Dec
Khaled Ahmed,Bangladesh,Pace Bowler,34.75,1.0,1,85.0,0.4571,0,0,41.84,13.44,108.54,30.2,8.9,0.0,40.692,0.5369,40.55,2027,H2,Jul-Dec
Litton Das,Bangladesh,Wicketkeeper,32.75,1.0,1,224.0,-0.81,0,1,704.5,31.68,145.17,0.0,0.0,0.0,46.1587,0.7388,45.94,2027,H2,Jul-Dec
Mahedi Hasan,Bangladesh,Batting All-Rounder,32.75,1.0,1,167.0,0.0353,0,0,660.28,31.49,151.12,38.96,7.86,0.0,66.4622,0.903,57.27,2027,H2,Jul-Dec
Mahidul Islam Ankon,Bangladesh,Wicketkeeper,26.75,1.0,1,59.0,1.7718,1,0,426.11,34.26,145.34,0.0,0.0,0.0,46.8709,0.5089,46.89,2027,H2,Jul-Dec
Mahmudul Hasan Joy,Bangladesh,Middle Order Batter,26.75,1.0,1,86.0,0.2224,0,0,407.83,27.8,128.77,0.0,0.0,0.0,39.8468,0.8536,39.88,2027,H2,Jul-Dec
Mahmudullah,Bangladesh,Batting All-Rounder,41.75,0.0,0,250.0,-5.119,0,1,0.0,21.15,135.29,0.0,8.7,0.0,34.9972,0.0052,34.56,2027,H2,Jul-Dec
Mehidy Hasan Miraz,Bangladesh,Bowling All-Rounder,29.75,1.0,1,182.0,-0.4125,0,0,606.58,30.48,133.27,40.05,7.85,0.0,63.4303,0.059,57.46,2027,H2,Jul-Dec
Mohammad Naim,Bangladesh,Middle Order Batter,27.75,1.0,1,122.0,-1.1598,0,1,368.34,24.11,133.87,0.0,0.0,0.0,37.8866,0.8006,37.86,2027,H2,Jul-Dec
Mohammad Saifuddin,Bangladesh,Bowling All-Rounder,30.75,1.0,1,125.0,-0.5889,0,1,425.25,24.77,145.51,36.15,8.25,0.0,58.5914,0.0227,57.22,2027,H2,Jul-Dec
Mominul Haque,Bangladesh,Top Order Batter,35.75,0.8125,1,109.0,-0.4437,0,0,227.48,23.67,120.69,0.0,0.0,0.0,35.0609,0.1829,35.5,2027,H2,Jul-Dec
Mosaddek Hossain,Bangladesh,Batting All-Rounder,31.75,1.0,1,151.0,-1.0736,0,1,414.36,24.75,133.56,14.79,8.31,0.0,46.2204,0.7779,46.33,2027,H2,Jul-Dec
Musfik Hasan,Bangladesh,Pace Bowler,23.75,1.0,1,38.0,1.3273,1,0,42.32,12.76,122.63,25.38,7.71,0.0,40.0921,0.6886,40.03,2027,H2,Jul-Dec
Mushfiqur Rahim,Bangladesh,Wicketkeeper,40.75,0.0,0,190.0,-1.6022,0,1,59.46,24.61,125.16,0.0,0.0,0.0,35.7121,0.0023,35.73,2027,H2,Jul-Dec
Mustafizur Rahman,Bangladesh,Pace Bowler,31.75,1.0,1,219.0,-1.4401,0,1,62.62,11.81,104.27,44.09,8.44,0.0,45.9063,0.8353,45.75,2027,H2,Jul-Dec
Nahid Rana,Bangladesh,Pace Bowler,24.75,1.0,1,78.0,0.6137,1,0,47.25,13.65,128.06,48.98,7.23,0.0,53.2443,0.8751,52.22,2027,H2,Jul-Dec
Najmul Hossain Apu,Bangladesh,Spin Bowler,28.75,1.0,1,41.0,1.293,1,0,55.7,12.75,112.27,24.57,8.12,0.0,38.1409,0.7693,38.01,2027,H2,Jul-Dec
Najmul Hossain Shanto,Bangladesh,Middle Order Batter,28.75,1.0,1,132.0,-0.2388,0,0,725.75,33.91,137.54,0.0,0.0,0.0,46.6562,0.9715,46.57,2027,H2,Jul-Dec
Nasum Ahmed,Bangladesh,Spin Bowler,33.75,1.0,1,153.0,-1.324,0,1,59.56,11.23,99.41,36.21,7.92,0.0,40.9513,0.7947,40.74,2027,H2,Jul-Dec
Nasum Ahmed Jr,Bangladesh,Spin Bowler,22.75,1.0,1,33.0,1.0085,1,0,56.29,12.47,121.05,22.37,7.45,0.0,38.2665,0.6075,38.13,2027,H2,Jul-Dec
Nayeem Hasan,Bangladesh,Spin Bowler,26.75,1.0,1,65.0,-0.6,0,1,56.72,13.69,107.85,26.44,7.58,0.0,39.1374,0.7436,38.92,2027,H2,Jul-Dec
Nurul Hasan,Bangladesh,Wicketkeeper,34.75,1.0,1,162.0,0.0764,0,0,430.39,24.6,127.26,0.0,0.0,0.0,37.4895,0.3042,37.52,2027,H2,Jul-Dec
Parvez Hossain Emon,Bangladesh,Wicketkeeper,25.75,1.0,1,79.0,1.3541,1,0,775.92,40.52,155.07,0.0,0.0,0.0,54.0539,0.8942,54.12,2027,H2,Jul-Dec
Pritom Kumar,Bangladesh,Wicketkeeper,23.75,1.0,1,42.0,1.8842,1,0,425.21,33.58,146.15,0.0,0.0,0.0,46.5157,0.4414,46.29,2027,H2,Jul-Dec
Rejaur Rahman Raja,Bangladesh,Pace Bowler,26.75,1.0,1,47.0,1.2786,1,0,56.59,12.99,114.83,27.52,8.25,0.0,40.1294,0.7046,40.03,2027,H2,Jul-Dec
Ripon Mondol,Bangladesh,Pace Bowler,24.75,1.0,1,43.0,1.2736,1,0,48.08,14.27,125.64,30.71,7.63,0.0,44.2503,0.7458,44.07,2027,H2,Jul-Dec
Rishad Hossain,Bangladesh,Spin Bowler,24.75,1.0,1,105.0,1.8401,1,0,655.63,34.77,149.97,46.17,7.46,0.0,72.163,0.9797,57.05,2027,H2,Jul-Dec
Saif Hassan,Bangladesh,Top Order Batter,28.75,1.0,1,96.0,1.1672,1,0,591.25,30.46,142.47,0.0,0.0,0.0,44.4604,0.8619,44.36,2027,H2,Jul-Dec
Shadman Islam,Bangladesh,Top Order Batter,31.75,1.0,1,78.0,0.6824,1,0,365.96,29.77,124.55,0.0,0.0,0.0,40.4207,0.8326,40.43,2027,H2,Jul-Dec
Shahadat Hossain,Bangladesh,Top Order Batter,25.75,1.0,1,51.0,1.697,1,0,401.93,34.7,148.3,0.0,0.0,0.0,47.521,0.935,47.13,2027,H2,Jul-Dec
Shakib Al Hasan,Bangladesh,Batting All-Rounder,40.75,0.0,0,310.0,-8.1687,0,1,0.0,19.53,126.8,0.0,8.69,0.0,32.6101,0.0021,32.36,2027,H2,Jul-Dec
Shamim Hossain,Bangladesh,Batting All-Rounder,26.75,1.0,1,90.0,1.7462,1,0,692.92,37.69,153.54,18.91,7.94,0.0,61.3637,0.9008,57.38,2027,H2,Jul-Dec
Shoriful Islam,Bangladesh,Pace Bowler,26.75,1.0,1,118.0,-1.0289,0,1,74.26,14.45,119.56,39.83,8.1,0.0,48.0041,0.8227,47.61,2027,H2,Jul-Dec
Soumya Sarkar,Bangladesh,Batting All-Rounder,34.75,0.75,1,190.0,-1.854,0,1,353.58,22.59,138.04,10.81,8.67,0.0,43.1411,0.1058,41.12,2027,H2,Jul-Dec
Taijul Islam,Bangladesh,Spin Bowler,35.75,0.65,1,111.8,-3.1901,0,1,31.11,9.94,87.5,18.1,8.1,0.0,29.2198,0.0326,27.96,2027,H2,Jul-Dec
Tanvir Islam,Bangladesh,Spin Bowler,30.75,1.0,1,86.0,0.2649,0,0,76.33,14.86,110.64,43.6,7.45,0.0,48.9208,0.9596,48.68,2027,H2,Jul-Dec
Tanzid Hasan,Bangladesh,Top Order Batter,26.75,1.0,1,96.0,0.865,1,0,774.26,35.09,143.16,0.0,0.0,0.0,48.5044,0.9402,48.54,2027,H2,Jul-Dec
Tanzim Hasan Sakib,Bangladesh,Pace Bowler,24.75,1.0,1,88.0,0.2146,0,0,112.74,21.44,147.39,38.32,7.84,0.0,56.443,0.9502,56.57,2027,H2,Jul-Dec
Taskin Ahmed,Bangladesh,Pace Bowler,32.75,1.0,1,162.0,-0.8099,0,1,76.1,12.73,112.77,44.34,8.18,0.0,48.0191,0.8535,47.61,2027,H2,Jul-Dec
Towhid Hridoy,Bangladesh,Top Order Batter,26.75,1.0,1,119.0,1.2181,1,0,958.92,37.03,151.77,2.38,8.03,0.0,53.5377,0.8223,53.23,2027,H2,Jul-Dec
Yasir Ali Chowdhury,Bangladesh,Middle Order Batter,31.75,1.0,1,97.0,0.2857,0,0,416.85,27.71,134.46,0.0,0.0,0.0,40.6668,0.8656,40.7,2027,H2,Jul-Dec
Zakir Hasan,Bangladesh,Middle Order Batter,29.75,1.0,1,75.0,0.2371,0,0,369.36,25.64,122.97,0.0,0.0,0.0,37.3311,0.7919,37.41,2027,H2,Jul-Dec
Adil Rashid,England,Spin Bowler,39.75,0.0,0,337.0,-3.2729,0,1,18.27,9.9,68.3,9.77,5.54,0.0,22.6703,0.0289,22.69,2027,H2,Jul-Dec
Alex Horton,England,Wicketkeeper,24.75,1.0,1,36.0,1.2558,1,0,361.5,31.81,90.14,0.0,0.0,0.0,36.6993,0.141,36.79,2027,H2,Jul-Dec
Archie Vaughan,England,Batting All-Rounder,22.75,1.0,1,44.0,1.7508,1,0,494.18,38.85,98.67,16.59,5.07,0.0,52.6871,0.6939,52.55,2027,H2,Jul-Dec
Ben Duckett,England,Top Order Batter,32.75,1.0,1,192.0,0.0879,0,0,1053.19,40.48,95.52,0.0,0.0,0.0,46.2651,0.9578,46.29,2027,H2,Jul-Dec
Ben Foakes,England,Wicketkeeper,34.75,1.0,1,140.0,0.0596,0,0,427.41,31.7,79.04,0.0,0.0,0.0,35.2327,0.4432,35.32,2027,H2,Jul-Dec
Ben Geddes,England,Top Order Batter,25.75,1.0,1,58.0,1.3094,1,0,617.04,37.27,97.92,0.0,0.0,0.0,42.6625,0.6915,42.52,2027,H2,Jul-Dec
Ben McKinney,England,Top Order Batter,22.75,1.0,1,45.0,1.368,1,0,496.35,38.47,97.77,0.0,0.0,0.0,42.9946,0.7075,43.03,2027,H2,Jul-Dec
Brydon Carse,England,Pace Bowler,32.75,1.0,1,105.0,-1.1245,0,1,209.5,22.37,85.03,52.34,6.05,0.0,55.4293,0.8715,54.08,2027,H2,Jul-Dec
Chris Jordan,England,Pace Bowler,38.75,0.0,0,314.0,-1.6142,0,1,98.77,18.7,80.75,11.01,6.86,0.0,31.2648,0.0108,29.58,2027,H2,Jul-Dec
Chris Woakes,England,Bowling All-Rounder,38.75,0.0,0,191.0,-2.9738,0,1,58.9,26.43,79.67,6.25,6.07,0.0,34.1312,0.0055,33.41,2027,H2,Jul-Dec
Dan Lawrence,England,Batting All-Rounder,30.75,1.0,1,152.0,-0.2645,0,0,824.95,40.39,91.59,8.21,5.35,0.0,49.796,0.8521,49.53,2027,H2,Jul-Dec
Dan Mousley,England,Batting All-Rounder,26.75,1.0,1,105.0,1.04,1,0,829.79,38.09,93.55,22.61,5.5,0.0,55.5635,0.7757,54.16,2027,H2,Jul-Dec
Emilio Gay,England,Top Order Batter,30.75,1.0,1,105.0,0.1781,0,0,818.29,42.29,95.88,0.0,0.0,0.0,46.6435,0.8484,46.57,2027,H2,Jul-Dec
Farhan Ahmed,England,Spin Bowler,20.75,1.0,1,37.0,1.4017,1,0,85.97,15.37,82.98,31.49,5.19,0.0,39.7325,0.7964,39.54,2027,H2,Jul-Dec
George Bell,England,Wicketkeeper,24.75,1.0,1,56.0,1.1959,1,0,523.35,34.34,93.33,0.0,0.0,0.0,39.5731,0.3391,39.54,2027,H2,Jul-Dec
George Hill,England,Batting All-Rounder,28.75,1.0,1,86.0,1.1122,1,0,656.84,33.76,89.18,21.88,5.67,0.0,50.8133,0.7579,51.4,2027,H2,Jul-Dec
George Thomas,England,Top Order Batter,25.75,1.0,1,65.0,0.8743,1,0,622.4,33.13,90.95,0.0,0.0,0.0,38.7717,0.7648,38.82,2027,H2,Jul-Dec
Gus Atkinson,England,Pace Bowler,29.75,1.0,1,100.0,-0.8209,0,1,126.35,19.25,94.83,56.37,5.2,0.0,56.6104,0.7003,57.42,2027,H2,Jul-Dec
Harry Brook,England,Middle Order Batter,28.75,1.0,1,156.0,0.8266,1,0,1137.62,46.13,93.76,1.27,5.79,0.0,51.8024,0.9557,51.35,2027,H2,Jul-Dec
Henry Crocombe,England,Pace Bowler,25.75,1.0,1,48.0,0.7751,1,0,58.22,12.64,79.91,31.9,5.44,0.0,37.3955,0.5924,37.27,2027,H2,Jul-Dec
Jack Carson,England,Spin Bowler,26.75,1.0,1,60.0,0.4887,0,0,92.68,15.76,77.02,35.78,5.22,0.0,41.2481,0.9133,40.97,2027,H2,Jul-Dec
Jack Haynes,England,Top Order Batter,26.75,1.0,1,102.0,0.44,0,0,780.75,35.2,94.85,0.0,0.0,0.0,41.4178,0.8028,41.34,2027,H2,Jul-Dec
Jack Leach,England,Spin Bowler,36.75,0.3125,1,131.0,-3.6338,0,1,12.2,12.06,69.93,6.77,5.54,0.0,22.91,0.0111,22.91,2027,H2,Jul-Dec
Jacob Bethell,England,Batting All-Rounder,23.75,1.0,1,96.0,1.6991,1,0,1010.68,50.51,103.0,23.86,5.27,0.0,66.9967,0.9351,56.98,2027,H2,Jul-Dec
James Anderson,England,Pace Bowler,45.75,0.0,0,44.0,-0.2853,0,0,0.0,0.0,0.0,0.0,6.72,0.0,0.4708,0.0023,0.79,2027,H2,Jul-Dec
James Coles,England,Batting All-Rounder,23.75,1.0,1,52.0,1.8564,1,0,538.58,35.55,99.63,21.36,5.12,0.0,53.0491,0.7088,52.56,2027,H2,Jul-Dec
James Rew,England,Wicketkeeper,23.75,1.0,1,69.0,1.2263,1,0,814.04,45.8,98.58,0.0,0.0,0.0,49.4658,0.4669,49.49,2027,H2,Jul-Dec
Jamie Overton,England,Bowling All-Rounder,33.75,1.0,1,155.0,-0.8046,0,1,506.56,27.39,83.14,40.87,6.31,0.0,54.1005,0.1023,53.86,2027,H2,Jul-Dec
Jamie Smith,England,Wicketkeeper,26.75,1.0,1,92.0,1.3645,1,0,872.23,50.27,99.99,0.0,0.0,0.0,53.0105,0.6339,52.6,2027,H2,Jul-Dec
Joe Root,England,Top Order Batter,36.75,0.4167,1,280.3333,-1.2134,0,1,577.63,43.78,86.63,2.53,5.12,0.0,47.7034,0.104,42.9,2027,H2,Jul-Dec
Jofra Archer,England,Pace Bowler,32.75,1.0,1,123.0,-0.8589,0,1,80.91,15.38,76.71,37.88,5.99,0.0,41.714,0.8063,41.47,2027,H2,Jul-Dec
John Turner,England,Pace Bowler,24.75,1.0,1,50.0,1.4679,1,0,66.56,19.79,84.11,33.17,5.43,0.0,43.6476,0.7785,43.39,2027,H2,Jul-Dec
Jonny Bairstow,England,Wicketkeeper,38.75,0.0,0,211.0,-1.2164,0,1,151.73,28.75,82.12,0.0,0.0,0.0,32.5486,0.0078,32.52,2027,H2,Jul-Dec
Jordan Cox,England,Middle Order Batter,26.75,1.0,1,110.0,1.3002,1,0,1026.44,45.37,95.7,0.0,0.0,0.0,49.5815,0.9065,49.49,2027,H2,Jul-Dec
Jos Buttler,England,Wicketkeeper,36.75,0.125,1,271.0,-0.9306,0,1,351.13,38.05,91.48,0.0,0.0,0.0,41.1907,0.8132,40.17,2027,H2,Jul-Dec
Josh Hull,England,Pace Bowler,23.75,1.0,1,49.0,1.1943,1,0,64.83,15.03,88.22,39.03,5.07,0.0,43.948,0.569,43.75,2027,H2,Jul-Dec
Josh Tongue,England,Pace Bowler,29.75,1.0,1,72.0,-0.0176,0,0,58.2,18.65,76.67,26.96,5.88,0.0,38.5332,0.6367,38.38,2027,H2,Jul-Dec
Liam Dawson,England,Bowling All-Rounder,37.75,0.0,0,251.0,-2.6943,0,1,193.2,32.16,82.43,9.75,5.45,0.0,40.9406,0.0101,39.84,2027,H2,Jul-Dec
Liam Livingstone,England,Batting All-Rounder,34.75,1.0,1,161.0,-1.0399,0,1,802.39,36.36,91.82,25.19,6.13,0.0,55.1065,0.7734,54.01,2027,H2,Jul-Dec
Luc Benkenstein,England,Batting All-Rounder,22.75,1.0,1,42.0,2.0211,1,0,449.38,36.62,97.64,18.82,5.12,0.0,51.8901,0.6281,51.38,2027,H2,Jul-Dec
Luke Wood,England,Pace Bowler,31.75,1.0,1,163.0,-0.7712,0,1,103.26,14.76,82.02,43.42,6.2,0.0,44.8442,0.7895,44.59,2027,H2,Jul-Dec
Mark Wood,England,Pace Bowler,37.75,0.0,0,107.0,-1.1578,0,1,9.94,11.16,76.04,8.66,6.32,0.0,23.9247,0.0144,23.62,2027,H2,Jul-Dec
Matthew Fisher,England,Pace Bowler,30.75,1.0,1,83.0,-0.2388,0,0,83.44,20.15,85.06,34.73,5.43,0.0,44.8748,0.6668,44.74,2027,H2,Jul-Dec
Matthew Potts,England,Pace Bowler,28.75,1.0,1,96.0,-0.6259,0,1,157.06,23.98,86.22,41.54,5.46,0.0,51.3471,0.7906,51.27,2027,H2,Jul-Dec
Ollie Pope,England,Top Order Batter,29.75,1.0,1,132.0,-0.3341,0,0,618.47,37.01,83.84,0.0,5.92,0.0,41.2745,0.5385,41.14,2027,H2,Jul-Dec
Ollie Robinson,England,Pace Bowler,28.75,1.0,1,77.0,-0.1986,0,0,80.55,19.53,80.33,33.02,5.6,0.0,42.8379,0.6446,42.56,2027,H2,Jul-Dec
Olly Stone,England,Pace Bowler,33.75,1.0,1,93.0,-0.4774,0,0,57.68,19.27,72.66,31.86,6.42,0.0,40.6568,0.6724,40.44,2027,H2,Jul-Dec
Phil Salt,England,Wicketkeeper,31.75,1.0,1,142.0,-0.474,0,0,1018.84,45.46,103.35,0.0,0.0,0.0,50.7521,0.8562,51.34,2027,H2,Jul-Dec
Reece Topley,England,Pace Bowler,33.75,1.0,1,133.0,-0.389,0,0,73.9,18.68,77.79,39.86,6.21,0.0,45.0634,0.8244,44.72,2027,H2,Jul-Dec
Rehan Ahmed,England,Spin Bowler,22.75,1.0,1,96.0,0.4494,0,0,552.67,34.18,100.31,50.98,4.78,0.0,66.9742,0.9499,57.27,2027,H2,Jul-Dec
Rocky Flintoff,England,Middle Order Batter,21.75,1.0,0,37.0,1.6829,1,0,384.28,36.22,90.72,0.0,0.0,0.0,39.9384,0.921,39.94,2027,H2,Jul-Dec
Sam Cook,England,Pace Bowler,29.75,1.0,1,96.0,-0.3005,0,0,79.36,19.27,85.16,42.54,5.18,0.0,48.1886,0.7903,47.95,2027,H2,Jul-Dec
Sam Curran,England,Bowling All-Rounder,29.75,1.0,1,168.0,-0.8161,0,1,687.51,32.37,85.16,37.86,5.99,0.0,57.1667,0.6401,57.33,2027,H2,Jul-Dec
Saqib Mahmood,England,Pace Bowler,30.75,1.0,1,103.0,0.1678,0,0,74.68,18.15,79.59,40.56,5.77,0.0,45.4172,0.7451,45.25,2027,H2,Jul-Dec
Shoaib Bashir,England,Spin Bowler,23.75,1.0,1,67.0,-0.7253,0,1,76.45,13.76,81.5,35.96,4.64,0.0,40.7567,0.7941,40.55,2027,H2,Jul-Dec
Sonny Baker,England,Pace Bowler,22.75,1.0,1,57.0,1.3198,1,0,73.66,16.88,87.55,40.59,5.17,0.0,45.904,0.8547,45.75,2027,H2,Jul-Dec
Tom Banton,England,Top Order Batter,29.75,1.0,1,153.0,0.4016,0,0,1007.64,41.18,102.89,0.0,0.0,0.0,47.6672,0.8334,47.79,2027,H2,Jul-Dec
Tom Hartley,England,Spin Bowler,28.75,1.0,1,75.0,-2.6063,0,1,79.57,15.58,84.13,23.23,5.33,0.0,35.9091,0.7528,35.71,2027,H2,Jul-Dec
Tom Rew,England,Wicketkeeper,22.75,1.0,1,41.0,1.386,1,0,380.24,34.54,90.81,0.0,0.0,0.0,38.7691,0.3388,38.82,2027,H2,Jul-Dec
Will Jacks,England,Batting All-Rounder,28.75,1.0,1,117.0,-0.1446,0,0,737.64,35.55,92.75,12.98,6.08,0.0,48.4188,0.7784,48.58,2027,H2,Jul-Dec
Zak Crawley,England,Top Order Batter,29.75,1.0,1,117.0,-0.0777,0,0,620.51,33.47,90.26,0.0,0.0,0.0,38.8976,0.7187,38.91,2027,H2,Jul-Dec
Abhishek Sharma,India,Top Order Batter,27.75,1.0,1,84.0,1.1705,1,0,797.52,45.68,100.05,14.05,6.24,0.0,57.2681,0.613,57.33,2027,H2,Jul-Dec
Akash Deep,India,Pace Bowler,30.75,1.0,1,62.0,-0.2158,0,0,69.41,14.15,73.22,20.8,5.68,0.0,31.9549,0.2745,31.85,2027,H2,Jul-Dec
Akshat Raghuwanshi,India,Top Order Batter,22.75,1.0,1,42.0,1.1828,1,0,369.49,40.94,96.73,0.0,0.0,0.0,44.0516,0.6182,43.92,2027,H2,Jul-Dec
Aman Mokhade,India,Middle Order Batter,25.75,1.0,1,72.0,0.2971,0,0,488.09,38.39,89.8,0.0,0.0,0.0,41.7203,0.741,41.64,2027,H2,Jul-Dec
Angkrish Raghuwanshi,India,Wicketkeeper,22.75,1.0,1,50.0,2.6714,1,0,517.24,52.51,102.55,0.0,0.0,0.0,53.5383,0.6931,53.15,2027,H2,Jul-Dec
Anshul Kamboj,India,Pace Bowler,26.75,1.0,1,68.0,-1.2672,0,1,40.76,10.78,70.98,19.56,5.8,0.0,28.5251,0.1744,28.38,2027,H2,Jul-Dec
Arshdeep Singh,India,Pace Bowler,28.75,1.0,1,109.0,-1.2114,0,1,45.4,9.77,63.62,29.51,5.35,0.0,31.7763,0.3444,31.78,2027,H2,Jul-Dec
Ashok Sharma,India,Pace Bowler,26.75,1.0,1,53.0,0.448,0,0,30.32,15.16,69.02,21.2,6.01,0.0,31.9899,0.3501,31.85,2027,H2,Jul-Dec
Atharva Taide,India,Top Order Batter,25.75,1.0,1,69.0,0.2251,0,0,557.65,42.85,98.39,0.0,0.0,0.0,46.3716,0.6438,46.29,2027,H2,Jul-Dec
Auqib Nabi,India,Bowling All-Rounder,26.75,1.0,1,45.0,0.755,1,0,362.79,36.59,85.92,23.39,5.91,0.0,51.809,0.0185,51.39,2027,H2,Jul-Dec
Avesh Khan,India,Pace Bowler,30.75,1.0,1,98.0,-1.5949,0,1,30.06,13.45,68.04,22.99,5.64,0.0,31.632,0.3334,31.61,2027,H2,Jul-Dec
Axar Patel,India,Bowling All-Rounder,33.75,1.0,1,184.0,-0.7269,0,1,592.3,39.55,85.05,19.82,5.47,0.0,53.0035,0.0372,52.56,2027,H2,Jul-Dec
Ayush Mhatre,India,Top Order Batter,20.75,1.0,0,44.0,2.9733,1,0,489.56,55.46,111.5,10.41,4.63,0.0,63.2278,0.8291,56.98,2027,H2,Jul-Dec
Brijesh Sharma,India,Pace Bowler,25.75,1.0,1,72.0,0.6321,1,0,51.84,42.88,51.32,21.01,6.32,0.0,48.5267,0.9825,48.31,2027,H2,Jul-Dec
Devdutt Padikkal,India,Top Order Batter,27.75,1.0,1,81.0,0.039,0,0,486.53,38.18,85.63,0.0,0.0,0.0,40.9477,0.5382,40.89,2027,H2,Jul-Dec
Dhruv Jurel,India,Wicketkeeper,26.75,1.0,1,56.0,0.8529,1,0,395.57,43.86,96.76,0.0,0.0,0.0,46.1873,0.3729,45.94,2027,H2,Jul-Dec
Digvesh Rathi,India,Spin Bowler,27.75,1.0,0,50.0,0.3626,0,0,86.82,15.47,74.62,27.54,5.31,0.0,36.5768,0.8164,36.52,2027,H2,Jul-Dec
Gurnoor Brar,India,Pace Bowler,26.75,1.0,1,45.0,0.1687,0,0,44.65,13.29,72.65,22.62,5.39,0.0,32.1534,0.2618,32.11,2027,H2,Jul-Dec
Hardik Pandya,India,Batting All-Rounder,33.75,1.0,1,189.0,-1.4176,0,1,540.19,41.02,89.35,12.03,6.02,0.0,50.4737,0.6594,50.15,2027,H2,Jul-Dec
Harsh Dubey,India,Bowling All-Rounder,25.75,1.0,1,62.0,0.7898,1,0,541.37,44.87,97.56,33.09,5.05,0.0,65.0291,0.0174,57.35,2027,H2,Jul-Dec
Harshit Rana,India,Pace Bowler,24.75,1.0,1,60.0,-0.1021,0,0,39.5,11.51,80.51,26.41,5.14,0.0,34.0124,0.495,33.86,2027,H2,Jul-Dec
Ishan Kishan,India,Wicketkeeper,29.75,1.0,1,139.0,0.1316,0,0,682.27,44.8,97.65,0.0,0.0,0.0,48.1101,0.6333,48.13,2027,H2,Jul-Dec
Jasprit Bumrah,India,Pace Bowler,33.75,1.0,1,169.0,1.893,1,0,27.01,9.9,58.55,81.92,5.02,0.0,56.9778,0.9836,57.13,2027,H2,Jul-Dec
Jitesh Sharma,India,Wicketkeeper,33.75,1.0,1,96.0,0.2796,0,0,485.66,35.88,89.24,0.0,0.0,0.0,39.8843,0.348,39.94,2027,H2,Jul-Dec
KL Rahul,India,Wicketkeeper,35.75,0.85,1,166.6,-0.8516,0,1,487.66,40.5,85.2,0.0,0.0,0.0,42.4993,0.2301,41.37,2027,H2,Jul-Dec
KS Bharat,India,Wicketkeeper,33.75,1.0,1,56.0,0.1394,0,0,247.21,33.66,81.11,0.0,0.0,0.0,36.1867,0.2076,36.28,2027,H2,Jul-Dec
Kartik Sharma,India,Wicketkeeper,22.75,1.0,1,46.0,1.3296,1,0,387.83,42.19,101.37,0.0,0.0,0.0,45.6829,0.3447,45.62,2027,H2,Jul-Dec
Karun Nair,India,Top Order Batter,35.75,0.8125,1,93.0,-0.4225,0,0,405.52,41.44,81.09,0.0,0.0,0.0,42.2145,0.3787,41.15,2027,H2,Jul-Dec
Khaleel Ahmed,India,Pace Bowler,29.75,1.0,1,89.0,-1.1822,0,1,39.49,17.68,77.21,29.21,5.12,0.0,39.1925,0.7238,39.03,2027,H2,Jul-Dec
Kuldeep Yadav,India,Spin Bowler,32.75,1.0,1,159.0,-1.7942,0,1,65.79,11.67,67.16,26.1,5.05,0.0,32.1184,0.6645,32.06,2027,H2,Jul-Dec
Kumar Kushagra,India,Wicketkeeper,22.75,1.0,1,52.0,0.9844,1,0,466.43,47.16,94.92,0.0,0.0,0.0,48.4862,0.2975,48.53,2027,H2,Jul-Dec
Manav Suthar,India,Spin Bowler,25.75,1.0,1,52.0,0.2155,0,0,162.32,24.31,77.96,28.69,5.14,0.0,44.1326,0.9533,43.86,2027,H2,Jul-Dec
Mangesh Yadav,India,Pace Bowler,24.75,1.0,1,57.0,0.277,0,0,71.27,16.93,80.6,28.0,5.21,0.0,38.6767,0.7786,38.67,2027,H2,Jul-Dec
Mayank Yadav,India,Pace Bowler,25.75,1.0,1,45.0,0.0713,0,0,21.44,9.65,69.72,20.77,5.23,0.0,28.2347,0.1273,27.77,2027,H2,Jul-Dec
Mohammed Shami,India,Pace Bowler,37.75,0.0,0,160.0,-1.4329,0,1,5.85,6.47,58.89,11.3,5.83,0.0,19.5156,0.0088,19.22,2027,H2,Jul-Dec
Mohammed Siraj,India,Pace Bowler,33.75,1.0,1,179.0,-2.0001,0,1,31.27,8.57,58.17,28.22,5.92,0.0,29.2849,0.2968,29.12,2027,H2,Jul-Dec
Mukesh Kumar,India,Pace Bowler,33.75,1.0,1,86.0,-1.2457,0,1,24.06,14.29,65.33,21.7,5.73,0.0,31.1284,0.2865,31.12,2027,H2,Jul-Dec
Nithish Kumar Reddy,India,Batting All-Rounder,24.75,1.0,1,49.0,1.8849,1,0,474.18,44.04,104.09,18.01,4.96,0.0,57.756,0.7255,56.9,2027,H2,Jul-Dec
Prabhsimran Singh,India,Wicketkeeper,27.75,1.0,1,89.0,0.8032,1,0,676.17,46.19,105.04,0.0,0.0,0.0,50.1508,0.3515,50.17,2027,H2,Jul-Dec
Prashant Veer,India,Batting All-Rounder,25.75,1.0,1,48.0,2.0276,1,0,459.19,46.77,105.35,15.04,5.6,0.0,58.1171,0.783,57.25,2027,H2,Jul-Dec
Prasidh Krishna,India,Pace Bowler,31.75,1.0,1,104.0,-1.619,0,1,17.33,5.77,58.22,26.23,5.67,0.0,26.376,0.177,26.03,2027,H2,Jul-Dec
Prince Yadav,India,Pace Bowler,26.75,1.0,1,57.0,0.0246,0,0,39.23,12.04,72.18,26.46,5.58,0.0,33.0321,0.3956,32.93,2027,H2,Jul-Dec
Rajat Patidar,India,Middle Order Batter,33.75,1.0,1,66.0,-0.1297,0,0,424.17,36.65,86.56,0.0,0.0,0.0,39.7762,0.58,39.88,2027,H2,Jul-Dec
Ramandeep Singh,India,Batting All-Rounder,30.75,1.0,1,68.0,1.1133,1,0,505.32,46.63,106.38,20.44,5.8,0.0,60.9647,0.7396,57.26,2027,H2,Jul-Dec
Ravi Ashwin,India,Spin Bowler,40.75,0.0,0,190.0,-3.261,0,1,9.46,10.87,65.43,4.17,5.3,0.0,20.1921,0.0139,20.13,2027,H2,Jul-Dec
Ravi Bishnoi,India,Spin Bowler,27.75,1.0,1,104.0,-0.2805,0,0,63.38,15.84,74.11,31.21,5.06,0.0,38.554,0.8522,38.39,2027,H2,Jul-Dec
Ravindra Jadeja,India,Bowling All-Rounder,38.75,0.25,1,213.2,-1.4028,0,1,184.18,33.09,79.59,8.26,5.54,0.0,40.3679,0.0068,39.46,2027,H2,Jul-Dec
Rinku Singh,India,Middle Order Batter,30.75,1.0,1,104.0,1.0572,1,0,600.51,44.57,105.27,0.0,0.0,0.0,48.7598,0.8392,48.53,2027,H2,Jul-Dec
Rishabh Pant,India,Wicketkeeper,29.75,1.0,1,119.0,-0.3609,0,0,623.97,46.79,101.89,0.0,0.0,0.0,49.8916,0.4344,49.54,2027,H2,Jul-Dec
Riyan Parag,India,Batting All-Rounder,25.75,1.0,1,109.0,1.0461,1,0,753.33,44.02,98.75,17.53,6.08,0.0,57.4982,0.8732,57.35,2027,H2,Jul-Dec
Rohit Sharma,India,Top Order Batter,40.75,0.0,1,275.0,-1.4563,0,1,119.49,40.62,87.08,0.0,0.0,0.0,71.4014,0.9997,60.19,2027,H2,Jul-Dec
Ruturaj Gaikwad,India,Top Order Batter,30.75,1.0,1,104.0,1.4894,1,0,678.06,50.33,101.94,0.0,0.0,0.0,52.5719,0.7128,52.6,2027,H2,Jul-Dec
Sakib Hussain,India,Pace Bowler,22.75,1.0,1,42.0,0.1904,0,0,39.0,10.83,72.24,23.1,5.63,0.0,30.53,0.2305,30.48,2027,H2,Jul-Dec
Salil Arora,India,Wicketkeeper,24.75,1.0,1,59.0,0.6122,1,0,436.59,45.17,97.45,0.0,0.0,0.0,47.3624,0.3182,47.14,2027,H2,Jul-Dec
Sanju Samson,India,Wicketkeeper,32.75,1.0,1,139.0,0.273,0,0,753.55,45.98,98.25,0.0,0.0,0.0,49.3016,0.7112,49.49,2027,H2,Jul-Dec
Sarfaraz Khan,India,Middle Order Batter,29.75,1.0,1,69.0,0.1166,0,0,532.16,49.24,95.59,0.0,0.0,0.0,50.2911,0.7566,50.15,2027,H2,Jul-Dec
Sarthak Ranjan,India,Middle Order Batter,24.75,1.0,1,38.0,1.8025,1,0,329.62,43.78,91.02,0.0,0.0,0.0,35.0159,0.4522,34.92,2027,H2,Jul-Dec
Shardul Thakur,India,Bowling All-Rounder,35.75,0.75,1,155.0,-0.844,0,1,425.8,31.67,80.98,18.12,6.24,0.0,45.2327,0.0167,41.8,2027,H2,Jul-Dec
Shivam Dube,India,Batting All-Rounder,34.75,1.0,1,119.0,-0.6292,0,1,573.99,40.2,90.54,4.36,6.65,0.0,46.2992,0.6782,46.29,2027,H2,Jul-Dec
Shreyas Iyer,India,Middle Order Batter,32.75,1.0,1,179.0,-0.3177,0,0,863.8,47.37,93.55,0.0,0.0,0.0,50.005,0.9464,49.53,2027,H2,Jul-Dec
Shubman Gill,India,Top Order Batter,28.75,1.0,1,159.0,-0.8876,0,1,986.88,49.71,96.37,0.0,0.0,0.0,62.5379,0.9697,62.59,2027,H2,Jul-Dec
Suryakumar Yadav,India,Middle Order Batter,37.75,0.0,0,145.0,-0.3177,0,0,190.83,41.04,94.66,0.0,0.0,0.0,43.1041,0.0324,41.19,2027,H2,Jul-Dec
Suryansh Shedge,India,Batting All-Rounder,23.75,1.0,1,42.0,1.46,1,0,394.76,44.91,109.38,14.8,5.44,0.0,57.0965,0.7212,56.9,2027,H2,Jul-Dec
Tejasvi Dahiya,India,Wicketkeeper,23.75,1.0,1,43.0,0.9948,1,0,398.92,50.85,102.89,0.0,0.0,0.0,51.9667,0.2709,51.35,2027,H2,Jul-Dec
Tushar Deshpande,India,Pace Bowler,32.75,1.0,1,80.0,-0.8291,0,1,32.96,14.64,70.04,20.45,5.98,0.0,31.4286,0.3337,31.34,2027,H2,Jul-Dec
Vaibhav Suryavanshi,India,Top Order Batter,16.75,1.0,0,32.0,4.4262,1,0,1000.52,44.06,105.75,0.0,0.0,0.0,50.0644,0.8412,49.53,2027,H2,Jul-Dec
Varun Chakravarthy,India,Spin Bowler,36.75,0.7083,1,103.6667,-0.3543,0,0,23.17,14.56,65.42,22.94,5.38,0.0,32.0349,0.3928,29.85,2027,H2,Jul-Dec
Virat Kohli,India,Top Order Batter,38.75,0.375,1,305.0,-0.4963,0,0,600.65,57.69,93.64,0.0,0.0,0.0,41.1406,0.6939,35.35,2027,H2,Jul-Dec
Washington Sundar,India,Bowling All-Rounder,27.75,1.0,1,96.0,0.1695,0,0,444.29,40.32,88.25,18.83,5.29,0.0,52.9928,0.0179,52.6,2027,H2,Jul-Dec
Yash Thakur,India,Pace Bowler,27.75,1.0,1,56.0,-0.1711,0,0,34.74,15.66,74.5,26.24,5.46,0.0,35.7989,0.5028,35.79,2027,H2,Jul-Dec
Yashasvi Jaiswal,India,Top Order Batter,25.75,1.0,1,86.0,-0.2176,0,0,713.22,47.03,103.79,0.0,0.0,0.0,40.6951,0.8351,40.57,2027,H2,Jul-Dec
Adam Leckey,Ireland,Pace Bowler,22.75,1.0,1,34.0,1.502,1,0,51.61,15.74,81.92,23.73,5.13,0.0,35.8899,0.3444,35.71,2027,H2,Jul-Dec
Andrew Balbirnie,Ireland,Top Order Batter,36.75,0.3125,1,214.0,-1.5995,0,1,307.51,28.43,79.2,0.0,0.0,0.0,32.51,0.0624,32.5,2027,H2,Jul-Dec
Andy McBrine,Ireland,Bowling All-Rounder,34.75,1.0,1,133.0,0.1867,0,0,465.07,26.89,74.54,33.01,6.16,0.0,48.4681,0.0217,48.48,2027,H2,Jul-Dec
Barry McCarthy,Ireland,Pace Bowler,34.75,1.0,1,136.0,-1.214,0,1,85.78,17.5,74.83,42.19,5.68,0.0,45.1287,0.851,44.98,2027,H2,Jul-Dec
Ben Calitz,Ireland,Middle Order Batter,26.75,1.0,1,52.0,1.5226,1,0,535.56,36.75,90.43,0.0,0.0,0.0,40.8635,0.8002,40.89,2027,H2,Jul-Dec
Ben White,Ireland,Spin Bowler,28.75,1.0,1,85.0,-0.2932,0,0,67.75,16.92,75.04,37.33,5.16,0.0,42.4432,0.8862,42.27,2027,H2,Jul-Dec
Cade Carmichael,Ireland,Middle Order Batter,25.75,1.0,1,62.0,1.6499,1,0,599.78,38.29,89.41,0.0,0.0,0.0,42.036,0.9306,42.12,2027,H2,Jul-Dec
Chris de Freitas,Ireland,Top Order Batter,26.75,1.0,1,39.0,1.3176,1,0,278.02,29.63,85.19,0.0,0.0,0.0,34.1176,0.7391,34.14,2027,H2,Jul-Dec
Cian Carmichael,Ireland,Top Order Batter,25.75,1.0,1,32.0,1.5431,1,0,235.98,33.28,90.33,0.0,0.0,0.0,37.2503,0.739,37.28,2027,H2,Jul-Dec
Craig Young,Ireland,Pace Bowler,35.75,0.75,1,111.0,-0.6428,0,1,38.67,11.35,66.97,28.24,6.55,0.0,32.4239,0.1256,30.72,2027,H2,Jul-Dec
Curtis Campher,Ireland,Bowling All-Rounder,28.75,1.0,1,152.0,-0.2978,0,0,688.46,35.21,86.58,36.16,5.72,0.0,58.584,0.0261,57.32,2027,H2,Jul-Dec
Fionn Hand,Ireland,Pace Bowler,29.75,1.0,1,103.0,-0.2212,0,0,72.72,13.77,76.71,38.84,5.43,0.0,41.1852,0.5857,40.97,2027,H2,Jul-Dec
Gareth Delany,Ireland,Batting All-Rounder,30.75,1.0,1,126.0,-0.3094,0,0,578.57,29.98,89.2,22.73,5.62,0.0,48.3132,0.8478,48.17,2027,H2,Jul-Dec
Gavin Hoey,Ireland,Spin Bowler,24.75,1.0,1,66.0,1.6008,1,0,257.08,32.19,93.01,35.64,4.84,0.0,55.7498,0.9777,54.96,2027,H2,Jul-Dec
Gavin Roulston,Ireland,Middle Order Batter,24.75,1.0,1,42.0,2.0579,1,0,354.0,39.13,92.73,0.0,0.0,0.0,42.138,0.7811,42.22,2027,H2,Jul-Dec
George Dockrell,Ireland,Batting All-Rounder,34.75,1.0,1,178.0,-0.9925,0,1,446.0,23.92,72.93,17.11,5.95,0.0,38.3028,0.4858,38.21,2027,H2,Jul-Dec
Graham Hume,Ireland,Pace Bowler,36.75,0.125,1,113.0,-0.914,0,1,22.17,14.24,72.77,15.4,5.74,0.0,29.0854,0.0187,27.72,2027,H2,Jul-Dec
Harry Tector,Ireland,Top Order Batter,27.75,1.0,1,171.0,0.4733,0,0,1025.21,38.85,88.87,1.96,5.96,0.0,45.8709,0.9329,45.93,2027,H2,Jul-Dec
Jai Moondra,Ireland,Pace Bowler,24.75,1.0,1,41.0,1.2562,1,0,49.68,14.75,81.86,26.66,5.09,0.0,36.6433,0.424,36.52,2027,H2,Jul-Dec
Jake Egan,Ireland,Top Order Batter,23.75,1.0,1,38.0,1.8563,1,0,389.62,38.97,95.67,0.0,0.0,0.0,42.6058,0.8504,42.52,2027,H2,Jul-Dec
James West,Ireland,Top Order Batter,24.75,1.0,1,40.0,1.7561,1,0,374.62,37.46,94.82,0.0,0.0,0.0,41.3712,0.8633,41.34,2027,H2,Jul-Dec
Jordan Neill,Ireland,Pace Bowler,25.75,1.0,1,55.0,0.6817,1,0,51.78,11.7,75.94,28.69,5.51,0.0,34.5241,0.4045,34.54,2027,H2,Jul-Dec
Josh Little,Ireland,Pace Bowler,27.75,1.0,1,118.0,-0.6463,0,1,56.53,19.23,77.99,39.7,5.59,0.0,45.4813,0.809,45.25,2027,H2,Jul-Dec
Liam McCarthy,Ireland,Pace Bowler,28.75,1.0,1,61.0,0.8579,1,0,62.53,14.2,74.83,33.54,5.56,0.0,38.5141,0.5861,38.39,2027,H2,Jul-Dec
Lorcan Tucker,Ireland,Wicketkeeper,31.75,1.0,1,126.0,0.5,0,0,771.82,33.51,88.05,0.0,0.0,0.0,39.197,0.783,39.19,2027,H2,Jul-Dec
Luke Murray,Ireland,Wicketkeeper,24.75,1.0,1,35.0,1.9319,1,0,329.1,35.74,91.38,0.0,0.0,0.0,39.4843,0.377,39.54,2027,H2,Jul-Dec
Mark Adair,Ireland,Bowling All-Rounder,31.75,1.0,1,179.0,-2.7607,0,1,381.32,22.21,80.5,33.15,6.48,0.0,45.7726,0.092,45.62,2027,H2,Jul-Dec
Matt Hollard,Ireland,Batting All-Rounder,24.75,1.0,1,43.0,2.1049,1,0,271.05,32.53,86.95,17.72,5.62,0.0,46.0595,0.7401,45.97,2027,H2,Jul-Dec
Matthew Foster,Ireland,Pace Bowler,27.75,1.0,1,52.0,0.8945,1,0,57.39,13.17,75.04,30.63,5.46,0.0,36.4038,0.446,36.35,2027,H2,Jul-Dec
Matthew Humphreys,Ireland,Spin Bowler,24.75,1.0,1,69.0,0.2956,0,0,76.48,14.73,76.87,36.0,5.04,0.0,40.6137,0.9129,40.41,2027,H2,Jul-Dec
Morgan Topping,Ireland,Middle Order Batter,23.75,1.0,1,46.0,1.7408,1,0,464.31,37.68,97.36,0.0,0.0,0.0,42.2578,0.8648,42.22,2027,H2,Jul-Dec
Neil Rock,Ireland,Wicketkeeper,26.75,1.0,1,75.0,0.9481,1,0,447.41,34.26,91.71,0.0,0.0,0.0,38.9751,0.3683,38.94,2027,H2,Jul-Dec
Paul Stirling,Ireland,Batting All-Rounder,36.75,0.45,1,366.0,-4.0064,0,1,556.85,26.36,82.1,2.97,6.68,0.0,34.6736,0.012,34.72,2027,H2,Jul-Dec
Peter Moor,Ireland,Wicketkeeper,36.75,0.5625,1,111.5,-0.7797,0,1,113.16,21.27,75.9,0.0,0.0,0.0,26.2757,0.0085,26.34,2027,H2,Jul-Dec
Reuben Wilson,Ireland,Pace Bowler,22.75,1.0,1,45.0,1.8185,1,0,143.77,27.47,88.88,28.87,4.99,0.0,48.0175,0.9498,47.77,2027,H2,Jul-Dec
Ross Adair,Ireland,Middle Order Batter,32.75,1.0,1,90.0,0.9123,1,0,757.77,36.36,89.41,0.0,0.0,0.0,41.3227,0.9166,41.34,2027,H2,Jul-Dec
Sam Topping,Ireland,Middle Order Batter,24.75,1.0,1,48.0,1.9326,1,0,446.18,37.13,90.8,0.0,0.0,0.0,40.8278,0.8305,40.89,2027,H2,Jul-Dec
Scott Macbeth,Ireland,Pace Bowler,26.75,1.0,1,36.0,1.2961,1,0,51.97,15.46,74.24,22.69,5.59,0.0,33.9031,0.2326,33.74,2027,H2,Jul-Dec
Seamus Lynch,Ireland,Wicketkeeper,25.75,1.0,1,45.0,1.7348,1,0,398.57,35.14,88.69,0.0,0.0,0.0,38.943,0.5238,38.91,2027,H2,Jul-Dec
Sebastian Dijkstra,Ireland,Top Order Batter,23.75,1.0,1,31.0,1.571,1,0,264.0,33.05,90.77,0.0,0.0,0.0,37.2672,0.7541,37.31,2027,H2,Jul-Dec
Stephen Doheny,Ireland,Wicketkeeper,27.75,1.0,1,62.0,1.2326,1,0,567.34,36.5,92.43,0.0,0.0,0.0,41.1136,0.3963,41.12,2027,H2,Jul-Dec
Theo van Woerkom,Ireland,Pace Bowler,31.75,1.0,1,68.0,0.2844,0,0,54.04,12.97,72.97,27.01,5.79,0.0,34.0693,0.5643,33.95,2027,H2,Jul-Dec
Tim Tector,Ireland,Top Order Batter,24.75,1.0,1,55.0,1.649,1,0,492.44,34.0,87.98,0.0,0.0,0.0,38.4182,0.9169,38.41,2027,H2,Jul-Dec
Tom Mayes,Ireland,Pace Bowler,25.75,1.0,1,50.0,1.337,1,0,67.57,15.54,79.07,31.34,5.35,0.0,39.0721,0.5453,38.89,2027,H2,Jul-Dec
Adam Milne,New Zealand,Pace Bowler,35.75,0.4167,1,210.3333,-2.8034,0,1,24.5,14.0,73.8,17.88,5.9,0.0,30.2629,0.0325,28.27,2027,H2,Jul-Dec
Adithya Ashok,New Zealand,Spin Bowler,24.75,1.0,1,48.0,0.5087,1,0,61.85,13.39,84.01,28.54,4.56,0.0,37.1907,0.7846,37.13,2027,H2,Jul-Dec
Ajaz Patel,New Zealand,Spin Bowler,38.75,0.2083,1,89.6667,-2.0677,0,1,3.76,6.56,61.5,5.08,5.21,0.0,17.0684,0.0216,17.32,2027,H2,Jul-Dec
Ben Lister,New Zealand,Pace Bowler,31.75,1.0,1,93.0,0.2277,0,0,61.75,15.49,74.59,41.13,5.71,0.0,43.0714,0.6595,42.86,2027,H2,Jul-Dec
Ben Sears,New Zealand,Pace Bowler,29.75,1.0,1,88.0,0.6359,1,0,50.46,15.67,83.65,47.35,5.07,0.0,47.7563,0.7694,47.61,2027,H2,Jul-Dec
Benjamin Jacobs,New Zealand,Middle Order Batter,25.75,1.0,1,39.0,1.6761,1,0,310.93,32.06,90.59,0.0,0.0,0.0,36.7392,0.7398,36.79,2027,H2,Jul-Dec
Bharat Popli,New Zealand,Middle Order Batter,35.75,0.8125,1,78.0,0.5639,1,0,389.65,28.43,80.43,0.0,0.0,0.0,33.019,0.4579,33.12,2027,H2,Jul-Dec
Blair Tickner,New Zealand,Pace Bowler,33.75,1.0,1,118.0,-1.5604,0,1,37.19,12.78,75.27,28.29,6.11,0.0,34.7656,0.6694,34.67,2027,H2,Jul-Dec
Cole McConchie,New Zealand,Batting All-Rounder,31.75,1.0,1,105.0,0.2715,0,0,513.65,29.8,89.09,18.4,5.28,0.0,45.8789,0.7262,45.97,2027,H2,Jul-Dec
Curtis Heaphy,New Zealand,Batting All-Rounder,25.75,1.0,1,48.0,2.0963,1,0,456.17,33.42,89.38,19.11,5.3,0.0,48.5515,0.7811,48.58,2027,H2,Jul-Dec
Dane Cleaver,New Zealand,Wicketkeeper,34.75,1.0,1,92.0,0.313,0,0,410.47,28.84,83.81,0.0,0.0,0.0,33.8893,0.1828,33.9,2027,H2,Jul-Dec
Daryl Foxcroft,New Zealand,Batting All-Rounder,28.75,1.0,1,75.0,2.4655,1,0,616.19,37.58,87.55,20.17,5.55,0.0,52.2521,0.8081,52.18,2027,H2,Jul-Dec
Daryl Mitchell,New Zealand,Batting All-Rounder,36.75,0.0833,1,176.6667,-2.0684,0,1,178.82,26.92,75.36,3.51,6.61,0.0,32.8393,0.0053,32.45,2027,H2,Jul-Dec
Devon Conway,New Zealand,Wicketkeeper,36.75,0.65,1,192.8,-1.1502,0,1,538.09,34.53,86.12,0.0,0.0,0.0,38.6906,0.0658,38.57,2027,H2,Jul-Dec
Finn Allen,New Zealand,Top Order Batter,28.75,1.0,1,184.0,-0.6176,0,1,1016.74,36.51,100.45,0.0,0.0,0.0,44.0973,0.962,43.92,2027,H2,Jul-Dec
Fraser Sheat,New Zealand,Pace Bowler,25.75,1.0,1,49.0,1.0405,1,0,59.97,13.72,80.02,29.3,5.17,0.0,36.9701,0.4674,36.91,2027,H2,Jul-Dec
Glenn Phillips,New Zealand,Batting All-Rounder,31.75,1.0,1,224.0,-1.0925,0,1,972.36,34.9,98.88,23.72,5.4,0.0,55.2833,0.9038,54.01,2027,H2,Jul-Dec
Henry Nicholls,New Zealand,Top Order Batter,36.75,0.125,1,93.0,-0.8776,0,1,71.78,17.74,71.51,0.0,0.0,0.0,23.007,0.0129,22.83,2027,H2,Jul-Dec
Ish Sodhi,New Zealand,Spin Bowler,34.75,0.625,1,198.0,-2.8436,0,1,32.43,9.77,64.04,16.35,5.83,0.0,25.1681,0.0513,24.47,2027,H2,Jul-Dec
Jacob Cumming,New Zealand,Top Order Batter,25.75,1.0,1,45.0,1.4784,1,0,448.82,32.55,89.27,0.0,0.0,0.0,37.4302,0.8219,37.52,2027,H2,Jul-Dec
Jacob Duffy,New Zealand,Pace Bowler,32.75,1.0,1,92.0,0.5432,1,0,58.76,13.97,75.07,48.02,5.56,0.0,45.5123,0.7497,45.24,2027,H2,Jul-Dec
Jayden Lennox,New Zealand,Pace Bowler,25.75,1.0,1,35.0,1.3839,1,0,39.6,12.69,77.55,24.34,5.27,0.0,33.33,0.1728,33.31,2027,H2,Jul-Dec
Jesse Tashkoff,New Zealand,Batting All-Rounder,28.75,1.0,1,53.0,1.8598,1,0,499.05,33.26,92.37,22.2,5.08,0.0,50.649,0.7582,50.22,2027,H2,Jul-Dec
Jimmy Neesham,New Zealand,Bowling All-Rounder,36.75,0.45,1,231.0,-1.7394,0,1,267.08,24.42,84.69,13.58,6.28,0.0,37.8739,0.0083,36.56,2027,H2,Jul-Dec
Josh Clarkson,New Zealand,Batting All-Rounder,30.75,1.0,1,79.0,1.7262,1,0,611.82,31.69,88.34,20.75,5.58,0.0,48.5397,0.7435,48.58,2027,H2,Jul-Dec
Katene Clarke,New Zealand,Top Order Batter,26.75,1.0,1,51.0,1.2402,1,0,448.67,31.75,87.42,0.0,0.0,0.0,36.5988,0.6729,36.68,2027,H2,Jul-Dec
Kristian Clarke,New Zealand,Bowling All-Rounder,25.75,1.0,1,45.0,1.8875,1,0,385.79,29.27,84.88,20.66,5.5,0.0,45.4256,0.0167,45.48,2027,H2,Jul-Dec
Kyle Jamieson,New Zealand,Pace Bowler,32.75,1.0,1,108.0,-0.8741,0,1,65.54,12.37,75.12,33.96,5.44,0.0,37.5397,0.6429,37.48,2027,H2,Jul-Dec
Lachlan Stackpole,New Zealand,Top Order Batter,24.75,1.0,1,36.0,1.4015,1,0,289.66,30.2,85.09,0.0,0.0,0.0,34.5447,0.6997,34.68,2027,H2,Jul-Dec
Lockie Ferguson,New Zealand,Pace Bowler,36.75,0.125,1,138.0,-1.4864,0,1,13.39,11.71,70.6,11.61,6.24,0.0,24.9823,0.0098,24.27,2027,H2,Jul-Dec
Mark Chapman,New Zealand,Batting All-Rounder,32.75,1.0,1,157.0,-0.2326,0,0,651.99,30.49,83.43,13.92,6.14,0.0,43.6278,0.8071,43.6,2027,H2,Jul-Dec
Matt Bacon,New Zealand,Pace Bowler,32.75,1.0,1,57.0,0.4986,0,0,41.65,9.36,73.27,27.24,5.7,0.0,31.6948,0.2107,31.62,2027,H2,Jul-Dec
Matt Henry,New Zealand,Pace Bowler,35.75,0.625,1,159.0,-1.2645,0,1,29.38,10.14,70.66,24.68,5.92,0.0,30.4813,0.118,28.36,2027,H2,Jul-Dec
Matthew Boyle,New Zealand,Top Order Batter,25.75,1.0,1,43.0,1.6778,1,0,372.24,32.6,87.0,0.0,0.0,0.0,36.8232,0.8301,36.84,2027,H2,Jul-Dec
Matthew Fisher,New Zealand,Pace Bowler,26.75,1.0,1,38.0,1.1376,1,0,38.81,11.3,78.19,25.91,5.21,0.0,33.2496,0.251,33.12,2027,H2,Jul-Dec
Max Chu,New Zealand,Wicketkeeper,28.75,1.0,1,45.0,1.5857,1,0,369.95,32.3,84.59,0.0,0.0,0.0,36.2472,0.4713,36.39,2027,H2,Jul-Dec
Michael Bracewell,New Zealand,Batting All-Rounder,36.75,0.125,1,131.0,0.1999,0,0,250.36,34.25,86.98,11.23,5.4,0.0,44.0399,0.0199,41.25,2027,H2,Jul-Dec
Michael Rae,New Zealand,Pace Bowler,32.75,1.0,1,60.0,0.3501,0,0,34.76,10.69,71.69,26.06,5.88,0.0,31.728,0.2383,31.69,2027,H2,Jul-Dec
Mitchell Hay,New Zealand,Wicketkeeper,31.75,1.0,1,76.0,1.5117,1,0,600.66,35.52,88.57,0.0,0.0,0.0,39.991,0.5349,39.94,2027,H2,Jul-Dec
Mitchell Santner,New Zealand,Spin Bowler,35.75,0.625,1,243.0,-1.1665,0,1,357.17,27.57,78.19,25.55,5.28,0.0,45.6116,0.7198,41.6,2027,H2,Jul-Dec
Muhammad Abbas,New Zealand,Top Order Batter,26.75,1.0,1,26.0,0.2739,0,0,37.95,14.24,73.59,0.0,0.0,0.0,20.7518,0.0837,20.7,2027,H2,Jul-Dec
Nathan Smith,New Zealand,Pace Bowler,28.75,1.0,1,84.0,0.9517,1,0,195.68,25.96,86.39,35.13,5.38,0.0,49.7646,0.9025,49.48,2027,H2,Jul-Dec
Nicholas Kelly,New Zealand,Middle Order Batter,31.75,1.0,1,58.0,1.3841,1,0,544.81,32.99,91.05,0.0,0.0,0.0,38.3815,0.8298,38.41,2027,H2,Jul-Dec
Rachin Ravindra,New Zealand,Batting All-Rounder,27.75,1.0,1,105.0,1.0588,1,0,948.68,40.9,95.91,26.11,5.13,0.0,60.176,0.8784,57.36,2027,H2,Jul-Dec
Rhys Mariu,New Zealand,Middle Order Batter,25.75,1.0,1,57.0,1.4087,1,0,520.86,34.27,91.54,0.0,0.0,0.0,39.2482,0.8416,39.19,2027,H2,Jul-Dec
Rohit Gulati,New Zealand,Top Order Batter,25.75,1.0,1,34.0,1.2059,1,0,246.72,29.17,89.12,0.0,0.0,0.0,34.2588,0.521,34.3,2027,H2,Jul-Dec
Simon Johnston,New Zealand,Top Order Batter,24.75,1.0,1,38.0,1.5606,1,0,285.71,34.89,91.58,0.0,0.0,0.0,38.7516,0.8513,38.82,2027,H2,Jul-Dec
Simon Keene,New Zealand,Pace Bowler,25.75,1.0,1,38.0,1.3373,1,0,50.32,14.97,74.56,22.83,5.5,0.0,33.6982,0.276,33.64,2027,H2,Jul-Dec
Tim Pringle,New Zealand,Spin Bowler,23.75,1.0,1,53.0,1.9026,1,0,353.92,35.35,97.79,30.1,4.74,0.0,56.3466,0.9767,56.86,2027,H2,Jul-Dec
Tim Robinson,New Zealand,Middle Order Batter,24.75,1.0,1,68.0,1.7045,1,0,788.18,40.76,97.85,0.0,0.0,0.0,45.7547,0.9457,45.62,2027,H2,Jul-Dec
Tim Seifert,New Zealand,Wicketkeeper,32.75,1.0,1,204.0,-0.1157,0,0,949.48,35.86,91.56,0.0,0.0,0.0,42.0561,0.8705,42.12,2027,H2,Jul-Dec
Tim Southee,New Zealand,Pace Bowler,38.75,0.0,0,220.0,-3.6623,0,1,0.38,4.25,61.6,2.7,6.78,0.0,13.9093,0.0049,13.86,2027,H2,Jul-Dec
Tom Blundell,New Zealand,Wicketkeeper,36.75,0.7083,1,81.6667,-0.1609,0,0,203.79,23.12,78.86,0.0,0.0,0.0,28.3605,0.0202,28.35,2027,H2,Jul-Dec
Tom Latham,New Zealand,Wicketkeeper,35.75,0.85,1,139.6,-0.754,0,1,260.41,22.75,73.26,0.0,0.0,0.0,27.4949,0.0769,27.62,2027,H2,Jul-Dec
Trent Boult,New Zealand,Pace Bowler,38.75,0.0,0,168.0,-3.6887,0,1,2.69,7.13,67.95,3.3,5.77,0.0,17.3818,0.0068,17.46,2027,H2,Jul-Dec
Will ORourke,New Zealand,Pace Bowler,26.75,1.0,1,66.0,1.0005,1,0,70.14,16.09,78.4,39.22,5.3,0.0,43.2637,0.6997,43.11,2027,H2,Jul-Dec
Will Young,New Zealand,Middle Order Batter,35.75,0.85,1,124.6,0.3119,0,0,443.76,30.07,82.07,0.0,0.0,0.0,34.6166,0.4581,34.86,2027,H2,Jul-Dec
Zak Foulkes,New Zealand,Pace Bowler,25.75,1.0,1,60.0,2.648,1,0,487.26,36.12,90.43,27.96,5.37,0.0,55.047,0.9605,54.09,2027,H2,Jul-Dec
Zak Gibson,New Zealand,Pace Bowler,25.75,1.0,1,32.0,1.4059,1,0,38.1,12.21,74.46,22.43,5.57,0.0,31.5014,0.1056,31.53,2027,H2,Jul-Dec
Aamir Jamal,Pakistan,Bowling All-Rounder,31.75,1.0,1,76.0,-0.3155,0,0,433.35,33.63,96.29,22.86,5.2,0.0,51.5147,0.0144,51.38,2027,H2,Jul-Dec
Abbas Afridi,Pakistan,Pace Bowler,26.75,1.0,1,61.0,-1.6149,0,1,114.61,19.4,93.23,47.78,5.18,0.0,52.2024,0.5918,51.14,2027,H2,Jul-Dec
Abdul Faseeh,Pakistan,Middle Order Batter,24.75,1.0,1,21.0,1.3386,1,0,43.87,16.37,84.84,0.0,0.0,0.0,23.9284,0.2876,23.87,2027,H2,Jul-Dec
Abdul Faseeh Jr,Pakistan,Middle Order Batter,24.75,1.0,1,22.0,0.7065,1,0,75.78,14.9,95.64,0.0,0.0,0.0,24.6414,0.2066,24.67,2027,H2,Jul-Dec
Abdul Samad,Pakistan,Middle Order Batter,25.75,1.0,1,81.0,-0.0361,0,0,985.48,42.71,109.37,0.0,0.0,0.0,49.6059,0.8781,49.48,2027,H2,Jul-Dec
Abdullah Fazal,Pakistan,Middle Order Batter,28.75,1.0,1,45.0,0.8042,1,0,388.79,40.11,96.23,0.0,0.0,0.0,43.4774,0.6579,43.35,2027,H2,Jul-Dec
Abdullah Shafique,Pakistan,Top Order Batter,27.75,1.0,1,105.0,-2.1327,0,1,1048.85,46.07,90.55,0.0,0.0,0.0,49.3901,0.9643,49.49,2027,H2,Jul-Dec
Abrar Ahmed,Pakistan,Spin Bowler,28.75,1.0,1,75.0,-3.1001,0,1,197.76,22.42,86.65,64.3,4.66,0.0,61.9788,0.9035,57.6,2027,H2,Jul-Dec
Ahmed Daniyal,Pakistan,Pace Bowler,30.75,1.0,1,49.0,-0.4139,0,0,148.27,17.86,90.62,41.52,5.53,0.0,47.6872,0.497,47.77,2027,H2,Jul-Dec
Akif Javed,Pakistan,Pace Bowler,32.75,1.0,1,68.0,-1.04,0,1,137.8,17.56,84.19,39.65,6.01,0.0,45.4343,0.6108,45.43,2027,H2,Jul-Dec
Ali Raza,Pakistan,Pace Bowler,21.75,1.0,1,33.0,3.2668,1,0,175.79,25.5,112.35,53.93,4.92,0.0,62.6455,0.8111,57.18,2027,H2,Jul-Dec
Ali Usman,Pakistan,Spin Bowler,36.75,0.65,1,50.8,-0.6145,0,1,91.48,15.24,83.61,28.83,4.84,0.0,38.5669,0.0669,36.23,2027,H2,Jul-Dec
Arafat Minhas,Pakistan,Bowling All-Rounder,23.75,1.0,1,52.0,1.2588,1,0,532.77,47.32,106.55,28.77,4.42,0.0,66.1482,0.0141,56.9,2027,H2,Jul-Dec
Asif Afridi,Pakistan,Spin Bowler,40.75,0.0,0,51.0,-2.2689,0,1,26.94,11.82,72.84,10.24,5.23,0.0,25.0375,0.0235,24.34,2027,H2,Jul-Dec
Awais Zafar,Pakistan,Middle Order Batter,32.75,1.0,1,58.0,0.2452,0,0,480.9,31.74,82.16,0.0,0.0,0.0,35.937,0.6656,36.11,2027,H2,Jul-Dec
Azam Khan,Pakistan,Wicketkeeper,28.75,1.0,1,71.0,-0.3443,0,0,868.77,33.11,108.63,0.0,0.0,0.0,42.3663,0.3562,42.44,2027,H2,Jul-Dec
Azan Awais,Pakistan,Middle Order Batter,23.75,1.0,1,43.0,1.9917,1,0,591.04,49.02,103.78,0.0,0.0,0.0,51.5907,0.8035,51.34,2027,H2,Jul-Dec
Babar Azam,Pakistan,Top Order Batter,32.75,1.0,1,188.0,-4.4918,0,1,1372.14,45.78,92.13,0.0,0.0,0.0,50.7067,0.9548,51.34,2027,H2,Jul-Dec
Faheem Ashraf,Pakistan,Bowling All-Rounder,33.75,1.0,1,108.0,-3.2527,0,1,688.26,29.95,89.37,51.29,5.71,0.0,62.8059,0.0133,57.54,2027,H2,Jul-Dec
Faisal Akram,Pakistan,Spin Bowler,24.75,1.0,1,47.0,0.0897,0,0,132.36,18.49,88.75,44.84,4.62,0.0,49.727,0.6483,49.46,2027,H2,Jul-Dec
Fakhar Zaman,Pakistan,Top Order Batter,37.75,0.0,0,143.0,-4.7932,0,1,310.47,36.61,93.0,0.0,0.0,0.0,40.2556,0.0178,39.63,2027,H2,Jul-Dec
Ghazi Ghori,Pakistan,Wicketkeeper,23.75,1.0,1,40.0,1.8661,1,0,479.69,43.0,105.56,0.0,0.0,0.0,47.2333,0.4183,47.14,2027,H2,Jul-Dec
Haris Rauf,Pakistan,Pace Bowler,33.75,1.0,1,123.0,-6.1124,0,1,89.26,11.75,80.82,64.41,6.15,0.0,52.877,0.8212,52.41,2027,H2,Jul-Dec
Hasan Ali,Pakistan,Pace Bowler,32.75,1.0,1,140.0,-6.69,0,1,358.62,14.68,80.85,68.43,6.12,0.0,57.9733,0.9255,57.21,2027,H2,Jul-Dec
Haseebullah Khan,Pakistan,Wicketkeeper,23.75,1.0,1,48.0,1.7595,1,0,704.72,49.09,110.98,0.0,0.0,0.0,53.1618,0.5233,52.55,2027,H2,Jul-Dec
Hassan Nawaz,Pakistan,Middle Order Batter,23.75,1.0,1,42.0,3.0248,1,0,798.54,55.29,118.86,0.0,0.0,0.0,59.012,0.9329,56.93,2027,H2,Jul-Dec
Hussain Talat,Pakistan,Batting All-Rounder,31.75,1.0,1,89.0,-0.3581,0,0,659.48,34.39,89.5,27.38,5.71,0.0,54.0091,0.5666,54.02,2027,H2,Jul-Dec
Iftikhar Ahmed,Pakistan,Batting All-Rounder,36.75,0.0,0,129.0,-3.9999,0,1,288.81,35.26,86.86,8.89,5.39,0.0,43.7256,0.0183,41.11,2027,H2,Jul-Dec
Imad Wasim,Pakistan,Bowling All-Rounder,38.75,0.0,0,166.0,-9.8614,0,1,89.84,26.06,87.04,5.48,5.04,0.0,35.0046,0.0031,34.71,2027,H2,Jul-Dec
Imam-ul-Haq,Pakistan,Top Order Batter,31.75,1.0,1,105.0,-2.7301,0,1,684.94,39.91,80.49,0.0,0.0,0.0,42.1715,0.7795,42.22,2027,H2,Jul-Dec
Irfan Khan,Pakistan,Top Order Batter,25.75,1.0,1,57.0,1.9012,1,0,770.85,51.44,106.71,0.0,0.0,0.0,54.4207,0.8975,54.12,2027,H2,Jul-Dec
Jahandad Khan,Pakistan,Bowling All-Rounder,24.75,1.0,1,45.0,3.075,1,0,501.94,44.62,102.45,34.02,5.25,0.0,65.82,0.0169,57.01,2027,H2,Jul-Dec
Kamran Ghulam,Pakistan,Middle Order Batter,31.75,1.0,1,75.0,0.409,0,0,714.94,40.9,87.88,0.0,0.0,0.0,44.0777,0.801,43.92,2027,H2,Jul-Dec
Kashif Ali,Pakistan,Pace Bowler,25.75,1.0,1,44.0,0.5927,1,0,154.87,18.99,96.5,40.56,5.27,0.0,48.9768,0.6698,48.86,2027,H2,Jul-Dec
Khawaja Nafay,Pakistan,Wicketkeeper,25.75,1.0,1,52.0,2.2118,1,0,902.88,48.13,105.33,0.0,0.0,0.0,52.4407,0.5158,52.59,2027,H2,Jul-Dec
Khurram Shahzad,Pakistan,Pace Bowler,32.75,1.0,1,67.0,-0.4063,0,0,147.35,17.86,88.7,45.96,5.63,0.0,49.5586,0.5406,49.46,2027,H2,Jul-Dec
Khushdil Shah,Pakistan,Batting All-Rounder,32.75,1.0,1,110.0,-1.7074,0,1,897.78,36.17,89.25,36.89,5.96,0.0,60.7776,0.671,57.18,2027,H2,Jul-Dec
Maaz Sadaqat,Pakistan,Batting All-Rounder,22.75,1.0,1,39.0,3.4321,1,0,642.36,57.62,112.36,22.71,4.83,0.0,71.4475,0.825,57.24,2027,H2,Jul-Dec
Mir Hamza,Pakistan,Pace Bowler,34.75,1.0,1,56.0,-1.0573,0,1,55.5,9.24,79.5,35.94,5.48,0.0,36.9424,0.2974,36.91,2027,H2,Jul-Dec
Mohammad Abbas,Pakistan,Pace Bowler,37.75,0.45,1,43.0,-0.9006,0,1,29.4,7.5,71.06,17.95,5.62,0.0,25.4683,0.0117,24.61,2027,H2,Jul-Dec
Mohammad Ali,Pakistan,Pace Bowler,33.75,1.0,1,70.0,-0.6481,0,1,139.62,15.5,88.56,50.2,5.62,0.0,49.9609,0.5267,49.46,2027,H2,Jul-Dec
Mohammad Amir,Pakistan,Pace Bowler,35.75,0.5625,1,101.5,-5.6365,0,1,35.37,9.32,71.61,20.96,5.91,0.0,28.2459,0.0445,27.17,2027,H2,Jul-Dec
Mohammad Faiq,Pakistan,Top Order Batter,24.75,1.0,1,35.0,2.6175,1,0,457.95,50.3,109.43,0.0,0.0,0.0,52.7922,0.7963,52.53,2027,H2,Jul-Dec
Mohammad Haris,Pakistan,Wicketkeeper,26.75,1.0,1,76.0,1.2055,1,0,839.36,42.81,106.55,0.0,0.0,0.0,48.6759,0.4659,48.54,2027,H2,Jul-Dec
Mohammad Hasnain,Pakistan,Pace Bowler,27.75,1.0,1,95.0,-2.4027,0,1,119.91,13.66,92.58,62.74,5.4,0.0,55.4466,0.6145,54.05,2027,H2,Jul-Dec
Mohammad Huraira,Pakistan,Top Order Batter,25.75,1.0,1,56.0,1.77,1,0,774.15,43.24,96.97,0.0,0.0,0.0,47.2902,0.8851,47.14,2027,H2,Jul-Dec
Mohammad Nawaz,Pakistan,Bowling All-Rounder,33.75,1.0,1,147.0,-4.4159,0,1,831.46,30.34,84.64,58.34,5.23,0.0,66.5546,0.0375,57.57,2027,H2,Jul-Dec
Mohammad Rizwan,Pakistan,Wicketkeeper,35.75,0.65,1,146.8,-2.6697,0,1,895.59,42.86,86.15,0.0,0.0,0.0,45.8982,0.3135,41.93,2027,H2,Jul-Dec
Mohammad Wasim,Pakistan,Pace Bowler,26.75,1.0,1,77.0,-1.7049,0,1,130.36,12.73,89.07,51.66,5.43,0.0,48.8498,0.5283,48.52,2027,H2,Jul-Dec
Mubasir Khan,Pakistan,Bowling All-Rounder,25.75,1.0,1,62.0,1.5054,1,0,584.89,41.8,99.63,35.85,5.18,0.0,64.6955,0.016,57.36,2027,H2,Jul-Dec
Naseem Shah,Pakistan,Pace Bowler,24.75,1.0,1,80.0,-1.3674,0,1,129.83,14.53,92.79,54.21,4.9,0.0,52.0799,0.6332,51.43,2027,H2,Jul-Dec
Noman Ali,Pakistan,Spin Bowler,41.75,0.0,0,31.0,-0.7494,0,1,11.66,7.73,70.92,8.8,5.15,0.0,21.1668,0.0149,21.07,2027,H2,Jul-Dec
Omair Yousuf,Pakistan,Middle Order Batter,29.75,1.0,1,65.0,0.6701,1,0,626.06,35.6,91.6,0.0,0.0,0.0,40.5982,0.7578,40.56,2027,H2,Jul-Dec
Qasim Akram,Pakistan,Batting All-Rounder,24.75,1.0,1,67.0,1.8237,1,0,542.38,45.38,107.78,25.04,4.8,0.0,63.0292,0.7496,56.9,2027,H2,Jul-Dec
Saad Masood,Pakistan,Top Order Batter,25.75,1.0,1,37.0,2.6207,1,0,534.27,48.44,109.77,0.0,0.0,0.0,51.854,0.8002,51.36,2027,H2,Jul-Dec
Sahibzada Farhan,Pakistan,Wicketkeeper,31.75,1.0,1,118.0,-0.2614,0,0,1392.12,48.49,102.15,0.0,0.0,0.0,54.1589,0.7713,53.95,2027,H2,Jul-Dec
Saim Ayub,Pakistan,Batting All-Rounder,25.75,1.0,1,86.0,0.0838,0,0,1263.49,50.83,112.52,31.29,4.8,0.0,73.4611,0.7848,57.48,2027,H2,Jul-Dec
Sajid Khan,Pakistan,Spin Bowler,34.75,0.8125,1,59.0,-1.6044,0,1,102.86,13.34,83.37,40.79,4.59,0.0,43.2491,0.5384,41.53,2027,H2,Jul-Dec
Salman Ali Agha,Pakistan,Batting All-Rounder,33.75,1.0,1,119.0,-2.2557,0,1,1118.38,37.54,87.46,25.93,5.34,0.0,57.1039,0.8226,57.16,2027,H2,Jul-Dec
Salman Mirza,Pakistan,Pace Bowler,30.75,1.0,1,45.0,0.8651,1,0,129.56,15.51,93.2,40.31,5.18,0.0,45.874,0.6137,45.91,2027,H2,Jul-Dec
Saud Shakeel,Pakistan,Top Order Batter,32.75,1.0,1,79.0,0.506,1,0,781.35,46.71,82.98,0.0,0.0,0.0,47.6467,0.8659,47.79,2027,H2,Jul-Dec
Shadab Khan,Pakistan,Bowling All-Rounder,29.75,1.0,1,151.0,-4.4196,0,1,1216.26,39.99,102.63,71.66,4.82,0.0,84.1653,0.0442,57.89,2027,H2,Jul-Dec
Shaheen Afridi,Pakistan,Pace Bowler,27.75,1.0,1,122.0,-5.4713,0,1,134.66,11.53,87.37,89.11,4.79,0.0,66.4518,0.875,58.6,2027,H2,Jul-Dec
Shahzaib Khan,Pakistan,Middle Order Batter,25.75,1.0,1,39.0,2.4534,1,0,484.39,43.81,101.35,0.0,0.0,0.0,47.188,0.8042,47.14,2027,H2,Jul-Dec
Shamyl Hussain,Pakistan,Middle Order Batter,22.75,1.0,1,38.0,3.9117,1,0,721.63,58.5,110.99,0.0,0.0,0.0,59.7648,0.9493,56.93,2027,H2,Jul-Dec
Shan Masood,Pakistan,Top Order Batter,37.75,0.0,0,75.0,-0.428,0,0,168.05,33.25,84.85,0.0,0.0,0.0,36.1444,0.0258,36.61,2027,H2,Jul-Dec
Sufiyan Muqeem,Pakistan,Spin Bowler,26.75,1.0,1,49.0,1.301,1,0,191.58,23.74,100.42,59.89,4.14,0.0,62.9787,0.9135,57.59,2027,H2,Jul-Dec
Tayyab Tahir,Pakistan,Middle Order Batter,33.75,1.0,1,90.0,0.733,1,0,913.26,47.15,97.03,0.25,5.25,0.0,51.7575,0.7219,51.34,2027,H2,Jul-Dec
Ubaid Shah,Pakistan,Pace Bowler,22.75,1.0,1,41.0,1.567,1,0,140.78,17.57,96.56,39.42,5.28,0.0,47.3788,0.6995,47.12,2027,H2,Jul-Dec
Usama Mir,Pakistan,Spin Bowler,31.75,1.0,1,70.0,-0.7556,0,1,261.93,22.02,87.45,47.66,5.2,0.0,53.6807,0.8673,53.77,2027,H2,Jul-Dec
Usman Khan,Pakistan,Wicketkeeper,31.75,1.0,1,83.0,0.9113,1,0,1100.08,46.66,106.57,0.0,0.0,0.0,52.387,0.7013,52.55,2027,H2,Jul-Dec
Usman Tariq,Pakistan,Spin Bowler,28.75,1.0,1,46.0,1.5712,1,0,176.82,17.68,91.41,45.18,4.8,0.0,49.8343,0.8658,49.47,2027,H2,Jul-Dec
Yasir Khan,Pakistan,Top Order Batter,24.75,1.0,1,43.0,2.5914,1,0,664.59,49.32,108.74,0.0,0.0,0.0,52.8289,0.8456,52.55,2027,H2,Jul-Dec
Zahid Mahmood,Pakistan,Pace Bowler,39.75,0.05,1,49.4,-1.0963,0,1,25.78,9.58,75.65,12.05,6.35,0.0,24.4968,0.0045,23.85,2027,H2,Jul-Dec
Zaman Khan,Pakistan,Pace Bowler,25.75,1.0,1,68.0,-0.0384,0,0,139.22,17.34,95.92,55.52,5.38,0.0,55.0229,0.5311,54.19,2027,H2,Jul-Dec
Aiden Markram,South Africa,Top Order Batter,32.75,1.0,1,204.0,-4.6912,0,1,1151.19,37.8,96.77,20.58,5.06,0.0,56.2524,0.9401,57.11,2027,H2,Jul-Dec
Alfred Mothoa,South Africa,Pace Bowler,25.75,1.0,1,41.0,1.4454,1,0,84.46,13.36,94.82,26.1,5.71,0.0,37.2845,0.5004,37.26,2027,H2,Jul-Dec
Andile Phehlukwayo,South Africa,Bowling All-Rounder,31.75,1.0,1,179.0,-5.8708,0,1,551.65,24.79,91.45,36.54,5.81,0.0,51.6939,0.0469,51.28,2027,H2,Jul-Dec
Andile Simelane,South Africa,Bowling All-Rounder,23.75,1.0,1,57.0,0.396,0,0,266.58,29.83,106.3,20.48,4.86,0.0,48.6466,0.0144,48.57,2027,H2,Jul-Dec
Anrich Nortje,South Africa,Pace Bowler,33.75,1.0,1,129.0,-3.4491,0,1,41.8,10.84,99.23,39.05,5.49,0.0,42.4651,0.6377,42.28,2027,H2,Jul-Dec
Beyers Swanepoel,South Africa,Pace Bowler,26.75,1.0,1,53.0,0.8479,1,0,142.99,17.87,105.24,32.96,4.97,0.0,45.8053,0.7143,45.92,2027,H2,Jul-Dec
Bjorn Fortuin,South Africa,Spin Bowler,32.75,1.0,1,126.0,-3.9407,0,1,104.23,13.45,93.4,39.59,4.73,0.0,44.1763,0.8158,43.95,2027,H2,Jul-Dec
Clyde Fortuin,South Africa,Wicketkeeper,31.75,1.0,1,101.0,-0.2078,0,0,403.4,27.76,89.13,0.0,0.0,0.0,33.9029,0.3344,33.9,2027,H2,Jul-Dec
Codi Yusuf,South Africa,Pace Bowler,25.75,1.0,1,50.0,0.6996,1,0,79.93,13.01,106.02,27.86,5.31,0.0,39.6714,0.5309,39.54,2027,H2,Jul-Dec
Connor Esterhuizen,South Africa,Wicketkeeper,22.75,1.0,1,42.0,4.1917,1,0,532.01,54.21,97.61,0.0,0.0,0.0,54.0424,0.6098,53.9,2027,H2,Jul-Dec
Corbin Bosch,South Africa,Bowling All-Rounder,32.75,1.0,1,112.0,-0.4491,0,0,748.8,35.12,90.36,24.62,5.83,0.0,53.6069,0.0156,54.02,2027,H2,Jul-Dec
Dane Paterson,South Africa,Pace Bowler,36.75,0.0,0,98.0,-3.3207,0,1,11.55,7.64,84.19,9.27,5.98,0.0,23.0777,0.009,22.97,2027,H2,Jul-Dec
Dane Piedt,South Africa,Spin Bowler,37.75,0.0,0,72.0,-2.2967,0,1,16.42,9.64,82.97,8.26,5.2,0.0,24.0229,0.0119,23.67,2027,H2,Jul-Dec
Daniel Smith,South Africa,Wicketkeeper,26.75,1.0,1,59.0,2.9094,1,0,572.65,49.0,110.58,0.0,0.0,0.0,52.5157,0.4252,52.57,2027,H2,Jul-Dec
David Bedingham,South Africa,Middle Order Batter,33.75,1.0,1,89.0,0.6258,1,0,602.93,39.08,100.15,0.0,0.0,0.0,44.1952,0.7728,44.13,2027,H2,Jul-Dec
David Miller,South Africa,Middle Order Batter,38.75,0.0,0,275.0,-5.5557,0,1,248.66,35.72,98.56,0.0,0.0,0.0,40.2196,0.0275,39.63,2027,H2,Jul-Dec
Dayyaan Galiem,South Africa,Bowling All-Rounder,29.75,1.0,1,69.0,-0.4328,0,0,394.52,29.45,103.04,17.0,5.14,0.0,46.5934,0.011,46.61,2027,H2,Jul-Dec
Delano Potgieter,South Africa,Bowling All-Rounder,30.75,1.0,1,72.0,0.657,1,0,486.64,35.14,100.78,24.44,5.42,0.0,54.1543,0.0153,54.09,2027,H2,Jul-Dec
Dewald Brevis,South Africa,Middle Order Batter,24.75,1.0,1,119.0,2.9913,1,0,1545.4,50.63,116.91,10.47,5.13,0.0,64.7165,0.9713,57.02,2027,H2,Jul-Dec
Dian Forrester,South Africa,Batting All-Rounder,27.75,1.0,1,45.0,4.2028,1,0,692.38,41.08,97.07,9.46,5.85,0.0,51.0429,0.7908,51.35,2027,H2,Jul-Dec
Donovan Ferreira,South Africa,Batting All-Rounder,29.75,1.0,1,107.0,-1.0287,0,1,851.94,40.1,111.15,19.41,5.24,0.0,58.1666,0.6893,57.37,2027,H2,Jul-Dec
Eathan Bosch,South Africa,Pace Bowler,29.75,1.0,1,90.0,-2.2423,0,1,79.83,11.86,98.73,32.05,5.29,0.0,39.859,0.4811,39.73,2027,H2,Jul-Dec
Gavin Kaplan,South Africa,Top Order Batter,29.75,1.0,1,48.0,3.8924,1,0,578.23,48.03,110.63,0.0,0.0,0.0,51.8717,0.8869,51.36,2027,H2,Jul-Dec
George Linde,South Africa,Bowling All-Rounder,35.75,0.125,1,128.0,-4.6609,0,1,175.17,24.49,89.82,16.1,4.94,0.0,39.9358,0.0027,37.96,2027,H2,Jul-Dec
Gerald Coetzee,South Africa,Pace Bowler,26.75,1.0,1,96.0,-1.5111,0,1,72.32,12.43,103.53,41.63,5.13,0.0,45.7121,0.4858,45.44,2027,H2,Jul-Dec
Gideon Peters,South Africa,Pace Bowler,25.75,1.0,1,48.0,0.9374,1,0,98.93,13.83,104.93,30.28,5.06,0.0,41.4271,0.6941,41.17,2027,H2,Jul-Dec
Heinrich Klaasen,South Africa,Wicketkeeper,36.75,0.0,0,225.0,-3.4191,0,1,343.57,43.08,103.04,0.0,0.0,0.0,46.3738,0.021,42.35,2027,H2,Jul-Dec
Jason Smith,South Africa,Batting All-Rounder,32.75,1.0,1,92.0,0.4218,0,0,524.31,36.0,90.62,15.87,5.98,0.0,49.016,0.6173,48.92,2027,H2,Jul-Dec
Jordan Hermann,South Africa,Top Order Batter,25.75,1.0,1,57.0,3.9414,1,0,713.57,56.11,113.96,0.0,0.0,0.0,58.5151,0.926,57.29,2027,H2,Jul-Dec
Junaid Dawood,South Africa,Spin Bowler,25.75,1.0,1,43.0,1.0573,1,0,90.74,14.7,100.54,28.51,4.6,0.0,40.6435,0.7936,40.41,2027,H2,Jul-Dec
Junior Dala,South Africa,Pace Bowler,37.75,0.0,0,95.0,-3.8199,0,1,14.26,10.01,94.22,8.66,6.01,0.0,25.9189,0.0081,24.79,2027,H2,Jul-Dec
Kagiso Rabada,South Africa,Pace Bowler,32.75,1.0,1,209.0,-6.9449,0,1,73.06,9.88,92.43,59.9,5.2,0.0,51.2751,0.9354,51.25,2027,H2,Jul-Dec
Keshav Maharaj,South Africa,Spin Bowler,37.75,0.0,0,152.0,-5.6797,0,1,61.69,17.36,88.19,13.91,4.78,0.0,33.2708,0.067,31.18,2027,H2,Jul-Dec
Kwena Maphaka,South Africa,Pace Bowler,21.75,1.0,1,68.0,0.3083,0,0,140.99,19.36,109.73,38.69,4.9,0.0,50.3493,0.7568,50.09,2027,H2,Jul-Dec
Kyle Simmonds,South Africa,Spin Bowler,28.75,1.0,1,62.0,-0.1165,0,0,132.74,16.33,99.37,33.65,4.54,0.0,44.3262,0.7695,44.23,2027,H2,Jul-Dec
Kyle Verreynne,South Africa,Wicketkeeper,29.75,1.0,1,99.0,0.0833,0,0,568.37,40.15,102.27,0.0,0.0,0.0,45.1166,0.4147,45.18,2027,H2,Jul-Dec
Lesego Senokwane,South Africa,Top Order Batter,28.75,1.0,1,62.0,1.6623,1,0,488.97,41.12,103.39,0.0,0.0,0.0,45.6418,0.8588,45.62,2027,H2,Jul-Dec
Lesiba Ngoepe,South Africa,Middle Order Batter,31.75,1.0,1,62.0,1.1313,1,0,351.27,31.49,92.18,0.0,0.0,0.0,36.74,0.8147,36.79,2027,H2,Jul-Dec
Lhuan-dre Pretorius,South Africa,Wicketkeeper,21.75,1.0,1,61.0,5.2704,1,0,998.51,54.94,113.98,0.0,0.0,0.0,58.8363,0.8217,56.9,2027,H2,Jul-Dec
Lizaad Williams,South Africa,Pace Bowler,33.75,1.0,1,105.0,-2.546,0,1,44.59,8.79,86.36,31.93,5.97,0.0,35.5017,0.296,35.5,2027,H2,Jul-Dec
Lungi Ngidi,South Africa,Pace Bowler,31.75,1.0,1,151.0,-3.5797,0,1,86.73,13.14,98.18,53.37,5.14,0.0,51.2495,0.8829,51.27,2027,H2,Jul-Dec
Lutho Sipamla,South Africa,Pace Bowler,29.75,1.0,1,93.0,-2.0847,0,1,60.42,12.28,101.02,31.71,5.2,0.0,40.275,0.4798,40.13,2027,H2,Jul-Dec
Marco Jansen,South Africa,Bowling All-Rounder,27.75,1.0,1,146.0,-4.5021,0,1,587.33,34.36,103.41,45.83,4.93,0.0,65.1047,0.0259,57.4,2027,H2,Jul-Dec
Matthew Boast,South Africa,Pace Bowler,26.75,1.0,1,45.0,0.8971,1,0,88.91,13.68,103.87,26.59,5.29,0.0,39.2325,0.6153,39.03,2027,H2,Jul-Dec
Matthew Breetzke,South Africa,Top Order Batter,28.75,1.0,1,116.0,1.1938,1,0,833.38,42.34,107.66,0.0,0.0,0.0,48.491,0.9027,48.54,2027,H2,Jul-Dec
Meeka-eel Prince,South Africa,Wicketkeeper,22.75,1.0,1,52.0,3.0889,1,0,445.59,47.49,108.22,0.0,0.0,0.0,50.6118,0.5106,50.16,2027,H2,Jul-Dec
Mihlali Mpongwana,South Africa,Pace Bowler,27.75,1.0,1,66.0,-0.4075,0,0,82.75,13.75,102.22,32.07,5.2,0.0,41.7404,0.6726,41.47,2027,H2,Jul-Dec
Nandre Burger,South Africa,Pace Bowler,32.75,1.0,1,77.0,-0.6872,0,1,57.68,11.79,89.28,30.69,6.0,0.0,37.453,0.5221,37.37,2027,H2,Jul-Dec
Nqaba Peter,South Africa,Spin Bowler,26.75,1.0,1,65.0,0.4825,0,0,136.53,18.92,101.96,39.27,4.41,0.0,49.3513,0.901,49.46,2027,H2,Jul-Dec
Nqobani Mokoena,South Africa,Pace Bowler,21.75,1.0,1,43.0,5.4474,1,0,214.38,24.19,104.48,40.3,5.08,0.0,53.9445,0.8695,53.76,2027,H2,Jul-Dec
Ottneil Baartman,South Africa,Pace Bowler,34.75,0.8125,1,84.0,-1.8824,0,1,46.0,10.79,93.73,29.12,5.32,0.0,36.7843,0.0753,36.49,2027,H2,Jul-Dec
Patrick Kruger,South Africa,Bowling All-Rounder,31.75,1.0,1,82.0,-0.148,0,0,425.5,33.71,98.32,24.07,5.48,0.0,52.3528,0.0094,52.56,2027,H2,Jul-Dec
Prenelan Subrayen,South Africa,Spin Bowler,33.75,1.0,1,85.0,-1.6344,0,1,167.09,19.17,85.77,35.85,5.16,0.0,45.267,0.7915,45.17,2027,H2,Jul-Dec
Quinton de Kock,South Africa,Wicketkeeper,34.75,0.625,1,258.0,-4.8246,0,1,481.84,34.92,101.43,0.0,0.0,0.0,41.0164,0.0553,39.68,2027,H2,Jul-Dec
Rassie van der Dussen,South Africa,Top Order Batter,38.75,0.0,0,190.0,-3.5451,0,1,259.58,41.79,93.76,0.0,0.0,0.0,43.7638,0.0428,41.26,2027,H2,Jul-Dec
Reeza Hendricks,South Africa,Top Order Batter,38.75,0.0,0,184.0,-3.3918,0,1,226.7,30.64,93.88,0.0,0.0,0.0,35.9084,0.0475,36.39,2027,H2,Jul-Dec
Rubin Hermann,South Africa,Wicketkeeper,27.75,1.0,1,75.0,2.683,1,0,801.47,48.66,101.81,0.0,0.0,0.0,51.8826,0.4784,51.37,2027,H2,Jul-Dec
Ryan Rickelton,South Africa,Wicketkeeper,31.75,1.0,1,135.0,-0.2583,0,0,942.38,44.9,101.95,0.0,0.0,0.0,49.8515,0.5636,49.53,2027,H2,Jul-Dec
Senuran Muthusamy,South Africa,Bowling All-Rounder,32.75,1.0,1,105.0,-1.3072,0,1,434.43,30.53,94.71,26.92,4.85,0.0,51.252,0.0177,51.37,2027,H2,Jul-Dec
Shaun von Berg,South Africa,Spin Bowler,40.75,0.0,0,87.0,-2.6744,0,1,25.25,15.53,87.71,10.04,4.66,0.0,29.9229,0.0173,28.04,2027,H2,Jul-Dec
Simon Harmer,South Africa,Spin Bowler,38.75,0.0,0,108.0,-3.8807,0,1,51.39,15.15,83.96,12.09,4.88,0.0,30.1318,0.0163,28.17,2027,H2,Jul-Dec
Sinethemba Qeshile,South Africa,Wicketkeeper,27.75,1.0,1,81.0,0.8262,1,0,517.27,36.03,98.14,0.0,0.0,0.0,41.4383,0.389,41.36,2027,H2,Jul-Dec
Tabraiz Shamsi,South Africa,Spin Bowler,37.75,0.25,1,187.2,-6.4828,0,1,55.96,12.63,86.42,29.05,5.09,0.0,37.0526,0.0555,33.44,2027,H2,Jul-Dec
Temba Bavuma,South Africa,Top Order Batter,37.75,0.0833,1,103.6667,-0.9287,0,1,124.88,26.28,83.6,0.0,0.0,0.0,30.9471,0.0316,30.72,2027,H2,Jul-Dec
Tony de Zorzi,South Africa,Top Order Batter,30.75,1.0,1,90.0,0.4521,0,0,515.79,35.76,100.57,0.0,0.0,0.0,41.6065,0.785,41.64,2027,H2,Jul-Dec
Tristan Stubbs,South Africa,Middle Order Batter,26.75,1.0,1,119.0,1.9388,1,0,1145.36,53.19,115.97,9.02,5.24,0.0,64.0169,0.9696,57.43,2027,H2,Jul-Dec
Tshepo Moreki,South Africa,Pace Bowler,32.75,1.0,1,75.0,-1.1792,0,1,71.11,11.31,92.5,29.01,5.74,0.0,36.8892,0.3211,36.77,2027,H2,Jul-Dec
Wiaan Mulder,South Africa,Batting All-Rounder,29.75,1.0,1,130.0,-2.0186,0,1,688.97,36.38,96.27,28.66,5.27,0.0,57.2724,0.8296,57.36,2027,H2,Jul-Dec
Ahan Wickramasinghe,Sri Lanka,Middle Order Batter,25.75,1.0,1,55.0,-0.3501,0,0,197.12,25.67,86.04,0.0,0.0,0.0,31.1732,0.2484,31.15,2027,H2,Jul-Dec
Asitha Fernando,Sri Lanka,Pace Bowler,31.75,1.0,1,63.0,0.5009,1,0,93.03,16.7,67.76,40.03,5.67,0.0,42.4879,0.9731,42.27,2027,H2,Jul-Dec
Bhanuka Rajapaksa,Sri Lanka,Middle Order Batter,35.75,0.85,1,55.6,0.3092,0,0,292.84,31.7,82.37,0.0,0.0,0.0,35.1942,0.2863,35.43,2027,H2,Jul-Dec
Binura Fernando,Sri Lanka,Pace Bowler,32.75,1.0,1,63.0,0.1806,0,0,89.39,13.93,64.18,24.97,6.49,0.0,32.402,0.4368,32.35,2027,H2,Jul-Dec
Chamika Karunaratne,Sri Lanka,Bowling All-Rounder,31.75,1.0,1,82.0,-0.9644,0,1,454.79,30.83,77.99,16.6,6.17,0.0,43.586,0.0358,43.6,2027,H2,Jul-Dec
Chamindu Wickramasinghe,Sri Lanka,Bowling All-Rounder,25.75,1.0,1,40.0,0.4136,0,0,251.05,30.42,92.26,7.6,5.79,0.0,40.2719,0.0107,40.29,2027,H2,Jul-Dec
Chamindu Wijesinghe,Sri Lanka,Batting All-Rounder,25.75,1.0,1,47.0,-0.9092,0,1,96.49,20.41,82.47,6.77,5.45,0.0,30.9346,0.0183,30.79,2027,H2,Jul-Dec
Charith Asalanka,Sri Lanka,Middle Order Batter,30.75,1.0,1,82.0,-0.8353,0,1,756.42,46.61,87.83,0.0,0.0,0.0,48.2,0.9669,48.13,2027,H2,Jul-Dec
Dasun Shanaka,Sri Lanka,Batting All-Rounder,36.75,0.65,1,48.8,-1.3389,0,1,236.8,30.1,81.97,8.46,6.18,0.0,38.7919,0.0105,38.37,2027,H2,Jul-Dec
Dhananjaya Lakshan,Sri Lanka,Bowling All-Rounder,29.75,1.0,1,77.0,-2.8309,0,1,339.05,31.32,82.96,19.94,5.77,0.0,45.9497,0.0325,45.97,2027,H2,Jul-Dec
Dhananjaya de Silva,Sri Lanka,Batting All-Rounder,36.75,0.7083,1,54.6667,-0.406,0,0,477.25,38.96,80.05,8.31,5.97,0.0,45.588,0.2131,41.93,2027,H2,Jul-Dec
Dilshan Madushanka,Sri Lanka,Pace Bowler,26.75,1.0,1,77.0,-0.6199,0,1,120.96,16.32,68.48,24.9,5.9,0.0,34.9252,0.8326,34.94,2027,H2,Jul-Dec
Sachindu Colombage,Sri Lanka,Spin Bowler,27.25,1.0,1,74.0,-0.0663,0,0,89.82,14.79,67.72,18.11,5.79,0.0,49.4492,0.9355,39.35,2027,H2,Jul-Dec
Dinesh Chandimal,Sri Lanka,Wicketkeeper,37.75,0.5417,1,64.3333,1.0224,1,0,435.78,39.53,79.08,0.0,0.0,0.0,40.7092,0.0503,39.81,2027,H2,Jul-Dec
Dulaj Samuditha,Sri Lanka,Bowling All-Rounder,25.75,1.0,1,46.0,-1.9007,0,1,121.11,17.78,82.02,4.9,5.5,0.0,28.2029,0.0114,28.22,2027,H2,Jul-Dec
Dulnith Sigera,Sri Lanka,Batting All-Rounder,20.75,1.0,1,46.0,-1.6962,0,1,112.47,17.57,85.8,6.41,5.65,0.0,29.2879,0.0308,29.17,2027,H2,Jul-Dec
Dunith Wellalage,Sri Lanka,Bowling All-Rounder,24.75,1.0,1,47.0,4.5432,1,0,473.76,36.93,89.35,55.24,5.23,0.0,68.8843,0.0904,57.24,2027,H2,Jul-Dec
Dushan Hemantha,Sri Lanka,Bowling All-Rounder,32.75,1.0,1,62.0,-1.4072,0,1,458.82,34.3,79.7,9.52,6.25,0.0,42.7585,0.016,42.73,2027,H2,Jul-Dec
Dushmantha Chameera,Sri Lanka,Pace Bowler,35.75,0.8125,1,61.0,-1.3421,0,1,131.07,17.43,69.36,18.37,6.2,0.0,32.5777,0.1474,31.42,2027,H2,Jul-Dec
Eshan Malinga,Sri Lanka,Pace Bowler,25.75,1.0,1,43.0,-1.1498,0,1,112.13,18.89,76.23,4.88,5.63,0.0,28.0304,0.2107,28.08,2027,H2,Jul-Dec
Garuka Sanketh,Sri Lanka,Pace Bowler,25.75,1.0,1,41.0,0.0477,0,0,52.01,13.31,75.15,14.67,5.36,0.0,28.6589,0.0546,28.46,2027,H2,Jul-Dec
Isitha Wijesundera,Sri Lanka,Pace Bowler,25.75,1.0,1,41.0,-0.0173,0,0,29.63,15.48,69.68,0.0,0.0,0.0,20.998,0.0901,20.88,2027,H2,Jul-Dec
Janishka Perera,Sri Lanka,Top Order Batter,26.75,1.0,1,42.0,-0.4691,0,0,133.02,21.0,82.42,0.0,0.0,0.0,27.1372,0.0927,27.31,2027,H2,Jul-Dec
Janith Liyanage,Sri Lanka,Batting All-Rounder,31.75,1.0,1,66.0,-0.3423,0,0,474.44,37.49,77.25,14.88,6.31,0.0,47.2999,0.7715,47.14,2027,H2,Jul-Dec
Jeffrey Vandersay,Sri Lanka,Spin Bowler,37.75,0.0,0,47.0,-1.0743,0,1,11.07,14.9,65.79,5.63,5.94,0.0,23.5949,0.0081,23.43,2027,H2,Jul-Dec
Kamil Mishara,Sri Lanka,Top Order Batter,26.75,1.0,1,64.0,-0.4688,0,0,563.97,41.07,90.09,0.0,0.0,0.0,43.9256,0.7868,43.92,2027,H2,Jul-Dec
Kamindu Mendis,Sri Lanka,Batting All-Rounder,28.75,1.0,1,84.0,-0.8904,0,1,716.19,46.15,93.36,28.94,5.45,0.0,63.8158,0.8908,57.34,2027,H2,Jul-Dec
Kasun Rajitha,Sri Lanka,Pace Bowler,34.75,1.0,1,60.0,0.4998,0,0,130.16,21.26,69.5,18.83,5.61,0.0,30.6276,0.4296,30.59,2027,H2,Jul-Dec
Kavija Gamage,Sri Lanka,Spin Bowler,20.75,1.0,1,69.0,-0.6212,0,1,103.15,15.48,75.93,15.18,5.55,0.0,30.6811,0.496,30.67,2027,H2,Jul-Dec
Keshara Nuwantha,Sri Lanka,Bowling All-Rounder,25.75,1.0,1,48.0,0.3469,0,0,166.2,23.11,81.88,0.0,0.0,0.0,28.6538,0.0079,28.8,2027,H2,Jul-Dec
Kusal Mendis,Sri Lanka,Wicketkeeper,32.75,1.0,1,120.0,-1.0759,0,1,1071.15,42.7,83.68,0.0,0.0,0.0,46.1162,0.972,45.98,2027,H2,Jul-Dec
Kusal Perera,Sri Lanka,Wicketkeeper,37.75,0.0833,1,64.6667,-1.1317,0,1,166.32,34.89,82.41,0.0,0.0,0.0,36.9133,0.0023,36.94,2027,H2,Jul-Dec
Lahiru Kumara,Sri Lanka,Pace Bowler,30.75,1.0,1,64.0,-1.3159,0,1,143.82,17.84,72.41,8.1,5.71,0.0,28.4242,0.2629,28.52,2027,H2,Jul-Dec
Lahiru Udara,Sri Lanka,Wicketkeeper,33.75,1.0,1,74.0,-1.5651,0,1,415.9,35.32,78.23,0.0,0.0,0.0,37.5803,0.1588,37.64,2027,H2,Jul-Dec
Lasith Croospulle,Sri Lanka,Top Order Batter,28.75,1.0,1,79.0,1.5796,1,0,808.82,47.17,89.41,0.0,0.0,0.0,49.0319,0.9649,48.88,2027,H2,Jul-Dec
M Shiraz,Sri Lanka,Pace Bowler,32.75,1.0,1,66.0,-1.5395,0,1,64.38,13.27,67.04,13.07,6.3,0.0,26.4447,0.204,26.41,2027,H2,Jul-Dec
MNK Fernando,Sri Lanka,Top Order Batter,28.75,1.0,1,66.0,-1.1334,0,1,44.78,15.14,71.39,22.76,5.75,0.0,33.2199,0.4885,33.12,2027,H2,Jul-Dec
Maheesh Theekshana,Sri Lanka,Spin Bowler,26.75,1.0,1,72.0,3.671,1,0,161.43,20.32,75.06,76.21,5.37,0.0,64.2773,0.9933,57.39,2027,H2,Jul-Dec
Mateesha Pathirana,Sri Lanka,Pace Bowler,24.75,1.0,1,41.0,-0.8798,0,1,31.75,16.61,74.78,6.8,5.59,0.0,26.8697,0.2154,26.78,2027,H2,Jul-Dec
Milan Rathnayake,Sri Lanka,Bowling All-Rounder,30.75,1.0,1,82.0,0.2057,0,0,761.46,40.44,88.19,17.02,5.61,0.0,53.3406,0.0179,52.63,2027,H2,Jul-Dec
Sahan Arachchige,Sri Lanka,Middle Order Batter,26.75,1.0,1,82.0,0.624,1,0,538.92,35.18,80.48,0.0,0.0,0.0,38.306,0.7454,38.28,2027,H2,Jul-Dec
Niroshan Dickwella,Sri Lanka,Wicketkeeper,34.75,0.625,1,78.0,-2.441,0,1,269.54,32.13,80.85,0.0,0.0,0.0,35.1742,0.0124,35.68,2027,H2,Jul-Dec
Nishan Madushka,Sri Lanka,Wicketkeeper,27.75,1.0,1,71.0,-0.2222,0,0,355.54,31.59,80.94,0.0,0.0,0.0,35.1539,0.2252,35.32,2027,H2,Jul-Dec
Nishan Peiris,Sri Lanka,Pace Bowler,30.75,1.0,1,74.0,-0.0328,0,0,20.88,14.81,66.68,0.0,0.0,0.0,20.0517,0.1706,19.93,2027,H2,Jul-Dec
Nuwan Thushara,Sri Lanka,Pace Bowler,31.75,1.0,1,76.0,-1.7708,0,1,44.9,11.3,64.48,22.89,6.41,0.0,29.4352,0.259,29.26,2027,H2,Jul-Dec
Oshada Fernando,Sri Lanka,Top Order Batter,35.75,0.75,1,65.0,-0.3358,0,0,317.61,28.57,73.69,0.0,0.0,0.0,31.8274,0.1637,32.01,2027,H2,Jul-Dec
Pasindu Sooriyabandara,Sri Lanka,Top Order Batter,24.75,1.0,0,48.0,0.2286,0,0,273.09,32.67,87.69,0.0,0.0,0.0,36.5811,0.2205,36.68,2027,H2,Jul-Dec
Pathum Nissanka,Sri Lanka,Top Order Batter,29.75,1.0,1,117.0,-4.2667,0,1,968.87,53.92,95.52,0.0,0.0,0.0,55.2635,0.9848,54.12,2027,H2,Jul-Dec
Pavan Rathnayake,Sri Lanka,Middle Order Batter,25.75,1.0,1,35.0,2.629,1,0,459.83,52.42,99.28,0.0,0.0,0.0,52.7614,0.9256,52.56,2027,H2,Jul-Dec
Prabath Jayasuriya,Sri Lanka,Spin Bowler,35.75,0.4167,1,50.3333,-2.3893,0,1,21.73,12.82,62.44,7.89,6.23,0.0,22.7406,0.0085,22.81,2027,H2,Jul-Dec
Pramod Madushan,Sri Lanka,Pace Bowler,33.75,1.0,1,51.0,-0.3121,0,0,74.28,14.53,67.82,10.71,6.44,0.0,26.282,0.1937,26.17,2027,H2,Jul-Dec
Ramesh Mendis,Sri Lanka,Bowling All-Rounder,32.75,1.0,1,67.0,-0.2337,0,0,436.09,29.89,77.37,10.28,6.04,0.0,39.6818,0.0126,39.7,2027,H2,Jul-Dec
Ravindu Fernando,Sri Lanka,Batting All-Rounder,25.75,1.0,1,45.0,-0.5682,0,1,160.18,22.24,86.1,7.61,5.57,0.0,33.3782,0.0778,33.44,2027,H2,Jul-Dec
Ravindu Rasantha,Sri Lanka,Top Order Batter,26.75,1.0,1,79.0,-0.0404,0,0,668.63,36.59,86.2,0.0,0.0,0.0,40.651,0.7778,40.56,2027,H2,Jul-Dec
Sadeera Samarawickrama,Sri Lanka,Wicketkeeper,30.75,1.0,1,87.0,-1.3263,0,1,506.97,35.29,81.79,0.0,0.0,0.0,38.4506,0.138,38.41,2027,H2,Jul-Dec
Sahan Kosala,Sri Lanka,Middle Order Batter,26.75,1.0,1,82.0,-0.0947,0,0,554.92,36.66,85.26,0.0,0.0,0.0,40.1085,0.7699,40.19,2027,H2,Jul-Dec
Sohan de Livera,Sri Lanka,Top Order Batter,27.75,1.0,1,44.0,0.4655,0,0,166.14,23.66,78.55,0.0,0.0,0.0,28.5399,0.1654,28.76,2027,H2,Jul-Dec
Sonal Dinusha,Sri Lanka,Batting All-Rounder,26.75,1.0,1,64.0,-2.6451,0,1,411.97,33.27,84.54,8.95,5.76,0.0,42.414,0.4692,42.44,2027,H2,Jul-Dec
Tharindu Ratnayake,Sri Lanka,Bowling All-Rounder,31.75,1.0,1,89.0,1.1736,1,0,769.19,45.16,85.69,0.0,0.0,0.0,46.9253,0.0358,46.89,2027,H2,Jul-Dec
Traveen Mathew,Sri Lanka,Spin Bowler,26.75,1.0,1,60.0,0.8117,1,0,52.31,13.45,74.67,40.64,5.21,0.0,31.5327,0.4942,31.47,2027,H2,Jul-Dec
Vimath Dinsara,Sri Lanka,Top Order Batter,21.75,1.0,1,54.0,-1.3131,0,1,115.06,22.82,90.8,0.0,0.0,0.0,29.5768,0.1846,29.53,2027,H2,Jul-Dec
Vishad Randika,Sri Lanka,Top Order Batter,30.75,1.0,1,68.0,0.9009,1,0,472.75,36.29,82.4,0.0,0.0,0.0,39.1,0.4627,39.04,2027,H2,Jul-Dec
Vishen Halambage,Sri Lanka,Top Order Batter,22.75,1.0,1,48.0,-0.6052,0,1,148.12,20.14,90.51,0.0,0.0,0.0,27.8038,0.0768,27.93,2027,H2,Jul-Dec
Vishwa Fernando,Sri Lanka,Pace Bowler,35.75,0.75,1,55.0,-0.165,0,0,87.53,18.25,70.85,14.22,6.07,0.0,31.1804,0.1424,29.5,2027,H2,Jul-Dec
Wanindu Hasaranga,Sri Lanka,Bowling All-Rounder,30.75,1.0,1,104.0,0.1586,0,0,1297.01,47.06,88.97,28.02,5.21,0.0,65.7187,0.0659,57.33,2027,H2,Jul-Dec
Ackeem Auguste,West Indies,Top Order Batter,24.75,1.0,1,32.0,2.5512,1,0,401.16,42.68,99.63,0.0,0.0,0.0,45.8171,0.8316,45.93,2027,H2,Jul-Dec
Akeal Hosein,West Indies,Spin Bowler,34.75,0.75,1,77.0,-1.9037,0,1,22.24,12.14,78.04,6.81,5.37,0.0,24.2812,0.6165,23.82,2027,H2,Jul-Dec
Alick Athanaze,West Indies,Top Order Batter,28.75,1.0,1,56.0,0.8484,1,0,222.05,37.23,91.74,0.0,0.0,0.0,40.1478,0.8371,40.19,2027,H2,Jul-Dec
Alzarri Joseph,West Indies,Pace Bowler,31.75,1.0,1,88.0,-2.2498,0,1,14.59,7.0,82.96,10.44,5.68,0.0,23.1152,0.4885,23.1,2027,H2,Jul-Dec
Amari Goodridge,West Indies,Pace Bowler,24.75,1.0,1,24.0,0.7323,1,0,45.15,10.38,84.49,5.78,6.07,0.0,23.4168,0.297,23.49,2027,H2,Jul-Dec
Amir Jangoo,West Indies,Wicketkeeper,30.75,1.0,1,38.0,2.8354,1,0,431.14,40.54,95.69,0.0,0.0,0.0,43.8637,0.3742,43.92,2027,H2,Jul-Dec
Andre Fletcher,West Indies,Wicketkeeper,39.75,0.05,1,21.4,-0.3337,0,0,26.46,21.48,86.69,0.0,0.0,0.0,27.6831,0.0022,27.54,2027,H2,Jul-Dec
Andre Russell,West Indies,Bowling All-Rounder,39.75,0.0,0,87.0,-3.0009,0,1,2.45,13.78,80.4,0.96,6.88,0.0,22.4567,0.0013,22.17,2027,H2,Jul-Dec
Brandon King,West Indies,Top Order Batter,32.75,1.0,1,65.0,0.0426,0,0,199.43,31.45,91.67,0.0,0.0,0.0,36.0338,0.6807,36.11,2027,H2,Jul-Dec
Carlon Tuckett,West Indies,Pace Bowler,21.75,1.0,1,25.0,1.1085,1,0,49.57,11.79,81.87,7.14,6.07,0.0,24.6939,0.354,24.7,2027,H2,Jul-Dec
Evin Lewis,West Indies,Top Order Batter,36.75,0.5625,1,98.5,-0.1861,0,0,88.71,29.94,102.87,0.0,0.0,0.0,36.2125,0.0955,36.37,2027,H2,Jul-Dec
Fabian Allen,West Indies,Bowling All-Rounder,32.75,1.0,1,63.0,-1.2591,0,1,57.31,21.91,102.01,4.8,6.3,0.0,33.5438,0.0174,33.25,2027,H2,Jul-Dec
Giavonte Depeiza,West Indies,Top Order Batter,22.75,1.0,1,26.0,2.6938,1,0,160.75,39.68,105.92,0.0,0.0,0.0,43.7159,0.6986,43.56,2027,H2,Jul-Dec
Gudakesh Motie,West Indies,Spin Bowler,32.75,1.0,1,73.0,-1.9101,0,1,5.08,9.38,81.98,9.99,5.19,0.0,24.5059,0.8524,24.36,2027,H2,Jul-Dec
Hayden Walsh Jr,West Indies,Spin Bowler,35.75,0.5625,1,54.5,-1.7845,0,1,0.0,0.0,80.76,0.0,6.5,0.0,12.5316,0.0874,12.65,2027,H2,Jul-Dec
Jason Holder,West Indies,Bowling All-Rounder,35.75,0.5625,1,179.5,-2.9626,0,1,30.1,16.06,86.85,3.38,6.51,0.0,26.3736,0.0019,25.41,2027,H2,Jul-Dec
Jayden Seales,West Indies,Pace Bowler,25.75,1.0,1,62.0,-1.3438,0,1,4.24,4.63,88.79,11.34,5.27,0.0,22.8576,0.658,22.71,2027,H2,Jul-Dec
Jediah Blades,West Indies,Pace Bowler,23.75,1.0,1,29.0,0.369,0,0,40.41,9.39,85.46,4.7,6.02,0.0,22.3343,0.4365,22.42,2027,H2,Jul-Dec
Jewel Andrew,West Indies,Wicketkeeper,20.75,1.0,1,32.0,4.1871,1,0,307.84,49.84,104.45,0.0,0.0,0.0,51.1361,0.4312,51.33,2027,H2,Jul-Dec
Johann Jeremiah,West Indies,Top Order Batter,21.75,1.0,1,27.0,2.6562,1,0,213.5,34.27,96.67,0.0,0.0,0.0,38.792,0.5893,38.82,2027,H2,Jul-Dec
Johann Layne,West Indies,Pace Bowler,24.75,1.0,1,35.0,-0.6077,0,1,0.0,0.0,0.0,3.77,6.04,0.0,2.4735,0.005,1.76,2027,H2,Jul-Dec
John Campbell,West Indies,Top Order Batter,33.75,1.0,1,62.0,2.1906,1,0,249.99,48.57,92.3,0.0,0.0,0.0,48.2166,0.9387,48.13,2027,H2,Jul-Dec
Johnson Charles,West Indies,Top Order Batter,38.75,0.0,0,72.0,-0.8618,0,1,5.41,17.03,96.16,0.0,0.0,0.0,25.9186,0.0268,25.25,2027,H2,Jul-Dec
Joshua Da Silva,West Indies,Wicketkeeper,29.75,1.0,1,53.0,0.1758,0,0,0.0,36.29,89.53,0.0,0.0,0.0,38.285,0.1793,38.0,2027,H2,Jul-Dec
Justin Greaves,West Indies,Batting All-Rounder,32.75,1.0,1,50.0,2.7268,1,0,478.95,39.49,92.56,5.01,6.52,0.0,46.0759,0.7271,45.93,2027,H2,Jul-Dec
Kavem Hodge,West Indies,Batting All-Rounder,34.75,1.0,1,45.0,2.5688,1,0,282.3,45.4,98.57,5.57,6.13,0.0,50.654,0.7681,50.15,2027,H2,Jul-Dec
Keacy Carty,West Indies,Middle Order Batter,30.75,1.0,1,68.0,1.9427,1,0,562.01,50.34,105.6,0.0,0.0,0.0,52.663,0.8847,52.56,2027,H2,Jul-Dec
Kelvin Pittman,West Indies,Pace Bowler,25.75,1.0,1,24.0,1.2564,1,0,45.29,10.86,79.58,7.46,6.24,0.0,23.8094,0.2806,23.75,2027,H2,Jul-Dec
Kemar Paul,West Indies,Bowling All-Rounder,29.75,1.0,1,45.0,-0.1916,0,0,77.12,19.73,112.55,6.43,5.76,0.0,34.6088,0.0184,34.46,2027,H2,Jul-Dec
Keron Gore,West Indies,Pace Bowler,31.75,1.0,1,26.0,0.4278,0,0,45.91,10.09,80.96,5.57,6.32,0.0,22.5334,0.1192,22.52,2027,H2,Jul-Dec
Kevlon Anderson,West Indies,Top Order Batter,21.75,1.0,1,29.0,2.8498,1,0,225.91,36.24,97.17,0.0,0.0,0.0,40.2836,0.6163,40.29,2027,H2,Jul-Dec
Kirk McKenzie,West Indies,Middle Order Batter,26.75,1.0,1,39.0,1.9603,1,0,316.81,36.21,96.75,0.0,0.0,0.0,40.561,0.7178,40.56,2027,H2,Jul-Dec
Kraigg Brathwaite,West Indies,Top Order Batter,34.75,1.0,1,138.0,-0.6135,0,1,0.0,31.4,66.37,0.0,0.0,0.0,31.443,0.3821,31.36,2027,H2,Jul-Dec
Kyle Mayers,West Indies,Batting All-Rounder,34.75,1.0,1,57.0,-0.9681,0,1,87.04,27.84,94.27,3.55,6.71,0.0,35.9281,0.0708,35.8,2027,H2,Jul-Dec
Marlon Mindley,West Indies,Pace Bowler,30.75,1.0,1,26.0,0.5152,1,0,39.41,9.04,79.62,5.32,6.43,0.0,21.4325,0.2539,21.46,2027,H2,Jul-Dec
Matthew Forde,West Indies,Bowling All-Rounder,25.75,1.0,1,55.0,1.3953,1,0,279.64,52.8,117.38,12.76,5.34,0.0,62.3332,0.0286,57.27,2027,H2,Jul-Dec
Mavendra Dindyal,West Indies,Middle Order Batter,21.75,1.0,1,29.0,2.9096,1,0,246.21,39.9,99.66,0.0,0.0,0.0,43.2762,0.649,43.29,2027,H2,Jul-Dec
Mbeki Joseph,West Indies,Pace Bowler,24.75,1.0,1,24.0,0.8249,1,0,42.55,9.97,85.76,6.12,5.84,0.0,23.5343,0.2345,23.61,2027,H2,Jul-Dec
Mikyle Louis,West Indies,Middle Order Batter,26.75,1.0,1,38.0,2.9589,1,0,368.94,38.66,94.28,0.0,0.0,0.0,42.1016,0.7886,42.22,2027,H2,Jul-Dec
Nathan Edward,West Indies,Pace Bowler,25.75,1.0,1,26.0,0.6986,1,0,40.7,9.54,89.39,7.54,5.62,0.0,24.5263,0.3443,24.46,2027,H2,Jul-Dec
Navin Bidaisee,West Indies,Middle Order Batter,27.75,1.0,1,31.0,1.4305,1,0,150.71,23.48,87.76,0.0,0.0,0.0,29.7242,0.3134,29.66,2027,H2,Jul-Dec
Nicholas Pooran,West Indies,Wicketkeeper,31.75,1.0,1,115.0,0.2079,0,0,358.62,44.94,116.6,0.0,0.0,0.0,49.7429,0.6168,49.53,2027,H2,Jul-Dec
Obed McCoy,West Indies,Pace Bowler,30.75,1.0,1,37.0,-1.0708,0,1,9.18,4.07,81.46,2.61,6.55,0.0,16.7748,0.1047,16.4,2027,H2,Jul-Dec
Ramon Simmonds,West Indies,Pace Bowler,25.75,1.0,1,28.0,0.7937,1,0,43.18,10.07,80.01,7.87,6.25,0.0,23.5163,0.2189,23.48,2027,H2,Jul-Dec
Renico Smith,West Indies,Middle Order Batter,23.75,1.0,1,25.0,2.54,1,0,176.56,33.8,101.93,0.0,0.0,0.0,39.1017,0.5576,39.04,2027,H2,Jul-Dec
Rivaldo Clarke,West Indies,Wicketkeeper,25.75,1.0,1,31.0,2.9461,1,0,210.75,41.17,98.83,0.0,0.0,0.0,43.8939,0.1908,43.92,2027,H2,Jul-Dec
Romario Shepherd,West Indies,Bowling All-Rounder,32.75,1.0,1,69.0,-1.2265,0,1,153.99,27.76,104.33,5.85,7.41,0.0,38.6474,0.0112,38.81,2027,H2,Jul-Dec
Roston Chase,West Indies,Batting All-Rounder,35.75,0.625,1,75.0,0.7246,1,0,386.19,48.51,92.25,7.38,5.87,0.0,53.24,0.346,43.99,2027,H2,Jul-Dec
Rovman Powell,West Indies,Batting All-Rounder,33.75,1.0,1,76.0,-1.2927,0,1,93.41,25.18,106.03,2.19,7.26,0.0,35.0885,0.1568,34.89,2027,H2,Jul-Dec
Shai Hope,West Indies,Wicketkeeper,33.75,1.0,1,121.0,0.0626,0,0,556.32,50.42,98.42,0.0,0.0,0.0,51.6275,0.7466,51.35,2027,H2,Jul-Dec
Shamar Joseph,West Indies,Pace Bowler,27.75,1.0,1,45.0,-0.7346,0,1,10.43,5.78,80.3,9.33,5.47,0.0,21.3669,0.5032,21.21,2027,H2,Jul-Dec
Shamyl Springer,West Indies,Batting All-Rounder,26.75,1.0,1,38.0,2.7512,1,0,287.66,39.43,103.06,5.13,5.88,0.0,47.0407,0.7775,46.92,2027,H2,Jul-Dec
Shaqkere Parris,West Indies,Middle Order Batter,20.75,1.0,1,29.0,3.2173,1,0,278.08,44.92,108.5,0.0,0.0,0.0,48.2041,0.794,48.12,2027,H2,Jul-Dec
Sherfane Rutherford,West Indies,Batting All-Rounder,28.75,1.0,1,58.0,2.552,1,0,433.51,57.89,119.97,5.65,6.2,0.0,63.1353,0.9208,57.35,2027,H2,Jul-Dec
Shimron Hetmyer,West Indies,Middle Order Batter,30.75,1.0,1,90.0,1.5711,1,0,325.4,52.06,113.86,0.0,0.0,0.0,54.1476,0.9441,54.03,2027,H2,Jul-Dec
Tagenarine Chanderpaul,West Indies,Top Order Batter,30.75,1.0,1,32.0,1.0064,1,0,87.48,19.8,78.22,0.0,0.0,0.0,25.4983,0.2718,25.55,2027,H2,Jul-Dec
Tevin Imlach,West Indies,Wicketkeeper,30.75,1.0,1,31.0,1.2735,1,0,132.06,21.22,88.13,0.0,0.0,0.0,28.1359,0.0481,28.28,2027,H2,Jul-Dec
Trevon Hinds,West Indies,Batting All-Rounder,28.75,1.0,1,32.0,2.2999,1,0,253.34,29.83,97.64,4.71,6.19,0.0,39.1511,0.1205,39.08,2027,H2,Jul-Dec
Voight Lawes,West Indies,Spin Bowler,21.75,1.0,1,23.0,0.6247,1,0,50.21,11.64,88.45,3.82,6.16,0.0,23.9143,0.6339,23.93,2027,H2,Jul-Dec
Zishan Motara,West Indies,Pace Bowler,21.75,1.0,1,23.0,0.8771,1,0,51.07,11.78,91.77,6.68,5.7,0.0,26.0316,0.3523,25.93,2027,H2,Jul-Dec
Ainsley Ndlovu,Zimbabwe,Middle Order Batter,28.75,1.0,1,26.0,1.5204,1,0,204.66,33.36,88.55,0.0,0.0,0.0,36.9167,0.6953,36.92,2027,H2,Jul-Dec
Antum Naqvi,Zimbabwe,Batting All-Rounder,27.75,1.0,1,42.0,2.2367,1,0,447.07,41.87,106.7,4.99,5.65,0.0,49.9,0.7682,49.53,2027,H2,Jul-Dec
Ben Curran,Zimbabwe,Top Order Batter,31.75,1.0,1,43.0,1.9872,1,0,303.9,44.76,95.86,0.0,0.0,0.0,46.3146,0.9122,46.29,2027,H2,Jul-Dec
Blessing Muzarabani,Zimbabwe,Pace Bowler,31.75,1.0,1,101.0,-0.455,0,0,14.85,7.74,83.63,9.0,6.08,0.0,22.9201,0.325,22.88,2027,H2,Jul-Dec
Brad Evans,Zimbabwe,Bowling All-Rounder,30.75,1.0,1,56.0,-0.3882,0,0,164.32,31.8,97.41,5.99,5.59,0.0,40.9122,0.0088,40.89,2027,H2,Jul-Dec
Brandon Mavuta,Zimbabwe,Spin Bowler,30.75,1.0,1,45.0,-0.8088,0,1,98.42,16.56,82.74,9.06,5.87,0.0,29.3244,0.6224,29.14,2027,H2,Jul-Dec
Brendan Taylor,Zimbabwe,Wicketkeeper,41.75,0.0,0,205.0,0.8283,1,0,117.56,31.98,79.35,0.0,0.0,0.0,34.2438,0.0234,34.43,2027,H2,Jul-Dec
Brian Bennett,Zimbabwe,Batting All-Rounder,23.75,1.0,1,52.0,2.8084,1,0,675.88,55.78,108.17,8.87,5.01,0.0,62.7935,0.915,57.12,2027,H2,Jul-Dec
Brian Mudzinganyama,Zimbabwe,Middle Order Batter,26.75,1.0,1,33.0,1.7158,1,0,185.28,30.25,98.72,0.0,0.0,0.0,36.1935,0.593,36.28,2027,H2,Jul-Dec
Charlton Tshuma,Zimbabwe,Pace Bowler,27.75,1.0,1,34.0,0.5003,1,0,67.97,11.99,84.95,9.26,5.94,0.0,26.4402,0.3519,26.36,2027,H2,Jul-Dec
Clive Chitumba,Zimbabwe,Wicketkeeper,28.75,1.0,1,31.0,0.9985,1,0,140.16,23.28,89.19,0.0,0.0,0.0,29.7562,0.0297,29.73,2027,H2,Jul-Dec
Clive Madande,Zimbabwe,Wicketkeeper,26.75,1.0,1,52.0,1.1504,1,0,391.72,36.81,101.46,0.0,0.0,0.0,41.9757,0.7779,41.84,2027,H2,Jul-Dec
Craig Ervine,Zimbabwe,Top Order Batter,41.75,0.0,0,142.0,-1.4179,0,1,95.26,32.56,78.2,0.0,0.0,0.0,34.3869,0.0577,34.51,2027,H2,Jul-Dec
Dion Myers,Zimbabwe,Batting All-Rounder,25.75,1.0,1,49.0,2.6554,1,0,472.99,40.58,104.19,7.21,5.22,0.0,49.9536,0.7312,49.53,2027,H2,Jul-Dec
Ernest Masuku,Zimbabwe,Pace Bowler,29.75,1.0,1,32.0,0.5106,1,0,67.35,12.42,89.54,5.65,5.5,0.0,25.7562,0.1468,25.69,2027,H2,Jul-Dec
Faraz Akram,Zimbabwe,Bowling All-Rounder,29.75,1.0,1,43.0,0.7301,1,0,157.14,24.72,94.19,10.36,6.38,0.0,37.4509,0.0135,37.44,2027,H2,Jul-Dec
Graeme Cremer,Zimbabwe,Spin Bowler,40.75,0.0,0,111.0,-2.5622,0,1,9.79,8.28,71.67,4.69,5.06,0.0,19.657,0.0452,19.65,2027,H2,Jul-Dec
Innocent Kaia,Zimbabwe,Top Order Batter,35.75,0.7083,1,63.6667,-2.1666,0,1,0.0,10.96,71.17,0.0,0.0,0.0,17.9634,0.0538,17.76,2027,H2,Jul-Dec
Johnathan Campbell,Zimbabwe,Middle Order Batter,33.75,1.0,1,45.0,2.3356,1,0,227.46,45.34,97.87,0.0,0.0,0.0,46.7131,0.9174,46.56,2027,H2,Jul-Dec
Joylord Gumbie,Zimbabwe,Wicketkeeper,31.75,1.0,1,41.0,-0.2775,0,0,66.44,18.37,80.22,0.0,0.0,0.0,24.7194,0.0247,24.73,2027,H2,Jul-Dec
Kian Blignaut,Zimbabwe,Pace Bowler,22.75,1.0,1,28.0,0.7225,1,0,47.44,14.23,88.99,6.91,5.85,0.0,27.3794,0.3661,27.29,2027,H2,Jul-Dec
Kundai Matigimu,Zimbabwe,Pace Bowler,30.75,1.0,1,28.0,0.4155,0,0,38.11,11.26,82.48,6.8,5.97,0.0,24.2274,0.2001,24.15,2027,H2,Jul-Dec
Luke Jongwe,Zimbabwe,Bowling All-Rounder,31.75,1.0,1,96.0,-2.0011,0,1,39.61,16.32,91.72,5.49,6.49,0.0,28.3606,0.0211,28.28,2027,H2,Jul-Dec
Milton Shumba,Zimbabwe,Middle Order Batter,26.75,1.0,1,80.0,0.4796,0,0,206.97,32.29,97.17,0.0,0.0,0.0,37.4655,0.8532,37.52,2027,H2,Jul-Dec
Nathaniel Mayavo,Zimbabwe,Wicketkeeper,30.75,1.0,1,36.0,1.5254,1,0,166.7,26.01,94.77,0.0,0.0,0.0,32.5876,0.0916,32.48,2027,H2,Jul-Dec
Newman Nyamhuri,Zimbabwe,Pace Bowler,21.75,1.0,1,39.0,0.1675,0,0,66.3,11.95,90.16,10.13,5.33,0.0,27.7761,0.3693,27.62,2027,H2,Jul-Dec
Nick Welch,Zimbabwe,Top Order Batter,29.75,1.0,1,57.0,3.4175,1,0,619.01,41.86,98.13,0.0,0.0,0.0,45.8889,0.8679,45.93,2027,H2,Jul-Dec
Panashe Taruvinga,Zimbabwe,Middle Order Batter,25.75,1.0,1,32.0,1.4641,1,0,103.94,24.24,92.87,0.0,0.0,0.0,30.8268,0.3234,30.75,2027,H2,Jul-Dec
Prince Masvaure,Zimbabwe,Middle Order Batter,37.75,0.0,0,41.0,-0.0881,0,0,18.0,13.07,74.05,0.0,0.0,0.0,19.9286,0.0103,19.72,2027,H2,Jul-Dec
Richard Ngarava,Zimbabwe,Pace Bowler,29.75,1.0,1,105.0,-1.2674,0,1,32.01,11.08,86.95,12.54,5.67,0.0,27.649,0.4929,27.57,2027,H2,Jul-Dec
Richmond Mutumbami,Zimbabwe,Wicketkeeper,36.75,0.7083,1,59.6667,-0.2693,0,0,0.0,15.08,60.54,0.0,0.0,0.0,19.2426,0.0045,18.99,2027,H2,Jul-Dec
Ryan Burl,Zimbabwe,Batting All-Rounder,33.75,1.0,1,110.0,-0.7951,0,1,225.29,28.16,88.92,6.33,6.31,0.0,37.3546,0.2804,37.42,2027,H2,Jul-Dec
Sean Williams,Zimbabwe,Batting All-Rounder,41.75,0.0,0,156.0,-3.7864,0,1,0.0,46.51,77.79,0.0,6.69,0.0,44.3493,0.0169,40.77,2027,H2,Jul-Dec
Sikandar Raza,Zimbabwe,Batting All-Rounder,41.75,0.0,0,178.0,-1.4443,0,1,148.24,39.5,94.82,2.91,5.78,0.0,44.2411,0.0229,41.5,2027,H2,Jul-Dec
Tadiwanashe Marumani,Zimbabwe,Wicketkeeper,25.75,1.0,1,50.0,1.471,1,0,229.44,31.64,103.64,0.0,0.0,0.0,38.066,0.2248,38.16,2027,H2,Jul-Dec
Tafadzwa Tsiga,Zimbabwe,Wicketkeeper,27.75,1.0,1,32.0,1.2411,1,0,87.54,20.33,88.77,0.0,0.0,0.0,27.4364,0.0502,27.47,2027,H2,Jul-Dec
Takudzwanashe Kaitano,Zimbabwe,Top Order Batter,33.75,1.0,1,53.0,0.0692,0,0,76.56,14.3,77.89,0.0,0.0,0.0,21.5865,0.4779,21.53,2027,H2,Jul-Dec
Tanaka Chivanga,Zimbabwe,Pace Bowler,31.75,1.0,1,38.0,0.0318,0,0,31.03,9.33,77.85,5.13,6.57,0.0,21.2151,0.0408,21.19,2027,H2,Jul-Dec
Tapiwa Mufudza,Zimbabwe,Spin Bowler,29.75,1.0,1,36.0,0.3788,0,0,87.13,17.0,88.81,8.12,5.61,0.0,30.0932,0.7881,30.06,2027,H2,Jul-Dec
Tashinga Musekiwa,Zimbabwe,Batting All-Rounder,26.75,1.0,1,40.0,2.3436,1,0,145.94,35.43,103.66,1.12,6.26,0.0,41.7244,0.2321,41.62,2027,H2,Jul-Dec
Tendai Chatara,Zimbabwe,Pace Bowler,36.75,0.45,1,107.0,-2.8433,0,1,0.0,0.0,71.16,0.0,5.02,0.0,11.4944,0.0123,11.63,2027,H2,Jul-Dec
Tinotenda Maposa,Zimbabwe,Pace Bowler,30.75,1.0,1,43.0,0.4366,0,0,57.66,13.15,83.74,8.67,6.03,0.0,26.7123,0.4207,26.67,2027,H2,Jul-Dec
Tony Munyonga,Zimbabwe,Batting All-Rounder,31.75,1.0,1,43.0,0.5727,1,0,78.04,19.0,94.07,1.67,6.2,0.0,28.9031,0.0207,28.99,2027,H2,Jul-Dec
Trevor Gwandu,Zimbabwe,Pace Bowler,26.75,1.0,1,41.0,0.8155,1,0,104.5,15.95,83.98,4.99,6.44,0.0,26.9733,0.5968,26.87,2027,H2,Jul-Dec
Victor Nyauchi,Zimbabwe,Pace Bowler,35.75,0.625,1,62.0,-0.6271,0,1,20.83,9.08,78.1,1.99,6.28,0.0,19.5511,0.0232,19.5,2027,H2,Jul-Dec
Vincent Masekesa,Zimbabwe,Batting All-Rounder,25.75,1.0,1,33.0,1.1773,1,0,138.32,21.28,94.23,2.62,6.17,0.0,31.2244,0.0524,31.27,2027,H2,Jul-Dec
Wellington Masakadza,Zimbabwe,Spin Bowler,34.75,0.625,1,90.0,-2.3175,0,1,43.83,12.11,83.27,7.14,5.48,0.0,25.2547,0.0913,24.41,2027,H2,Jul-Dec
Wessly Madhevere,Zimbabwe,Batting All-Rounder,26.75,1.0,1,85.0,-0.913,0,1,202.58,26.46,94.48,4.17,6.25,0.0,35.8598,0.2282,35.86,2027,H2,Jul-Dec
William Mashinge,Zimbabwe,Batting All-Rounder,30.75,1.0,1,35.0,1.26,1,0,149.09,24.81,95.43,6.15,5.94,0.0,35.6911,0.1111,35.7,2027,H2,Jul-Dec
A M Ghazanfar,Afghanistan,Spin Bowler,22.25,1.0,1,52.0,-0.4942,0,0,84.5,15.06,80.27,22.43,4.96,0.0,33.7612,0.5868,33.64,2028,H1,Jan-Jun
Abdul Malik,Afghanistan,Top Order Batter,31.25,1.0,1,60.0,-0.6172,0,1,387.03,34.84,83.29,0.0,0.0,0.0,36.43,0.4522,36.48,2028,H1,Jan-Jun
Abdul Rahman,Afghanistan,Pace Bowler,29.25,1.0,1,52.0,-0.3754,0,0,54.29,12.57,72.51,18.38,5.76,0.0,28.6571,0.1986,28.54,2028,H1,Jan-Jun
Azizullah Mia Khil,Afghanistan,Top Order Batter,27.25,1.0,1,47.0,0.6699,1,0,330.72,36.75,89.5,0.0,0.0,0.0,38.3774,0.6233,38.41,2028,H1,Jan-Jun
Azmatullah Omarzai,Afghanistan,Bowling All-Rounder,28.25,1.0,1,85.0,-0.273,0,0,656.24,45.27,93.94,22.38,5.17,0.0,57.9564,0.0175,57.3,2028,H1,Jan-Jun
Bahir Shah,Afghanistan,Middle Order Batter,27.25,1.0,1,49.0,0.9364,1,0,341.36,49.78,90.82,0.0,0.0,0.0,47.3001,0.808,47.14,2028,H1,Jan-Jun
Bashir Ahmad,Afghanistan,Bowling All-Rounder,28.25,1.0,1,50.0,0.2437,0,0,268.75,32.3,87.59,16.23,5.57,0.0,43.7943,0.015,43.61,2028,H1,Jan-Jun
Bilal Sami,Afghanistan,Pace Bowler,27.25,1.0,1,49.0,0.124,0,0,64.87,12.06,69.06,22.54,5.73,0.0,29.9043,0.2632,30.0,2028,H1,Jan-Jun
Darwish Rasooli,Afghanistan,Top Order Batter,29.25,1.0,1,66.0,0.437,0,0,541.84,42.09,90.41,0.0,0.0,0.0,42.8752,0.7031,42.82,2028,H1,Jan-Jun
Faisal Khan Ahmadzai,Afghanistan,Pace Bowler,28.25,1.0,1,48.0,0.2292,0,0,60.57,14.31,69.21,18.7,5.93,0.0,29.4839,0.2724,29.33,2028,H1,Jan-Jun
Fareed Ahmad,Afghanistan,Pace Bowler,33.25,1.0,1,63.0,-0.7562,0,1,45.99,12.12,65.95,16.05,6.59,0.0,26.0619,0.31,25.96,2028,H1,Jan-Jun
Faridoon Dawoodzai,Afghanistan,Pace Bowler,28.25,1.0,1,50.0,0.215,0,0,64.88,15.3,73.89,21.84,5.59,0.0,32.4519,0.5253,32.35,2028,H1,Jan-Jun
Fazalhaq Farooqi,Afghanistan,Pace Bowler,27.25,1.0,1,80.0,-0.9637,0,1,58.31,12.18,69.9,23.98,5.82,0.0,30.7599,0.5135,30.78,2028,H1,Jan-Jun
Gulbadin Naib,Afghanistan,Batting All-Rounder,37.25,0.0,0,61.0,-1.4567,0,1,104.85,26.23,73.97,2.93,6.83,0.0,30.3908,0.0046,29.66,2028,H1,Jan-Jun
Hashmatullah Shahidi,Afghanistan,Middle Order Batter,33.25,1.0,1,107.0,-0.1776,0,0,757.82,42.57,70.12,0.0,0.0,0.0,41.118,0.9742,41.14,2028,H1,Jan-Jun
Ibrahim Zadran,Afghanistan,Top Order Batter,26.25,1.0,1,85.0,-0.6476,0,1,757.69,51.48,87.57,0.0,0.0,0.0,49.5569,0.9617,49.54,2028,H1,Jan-Jun
Ikram Ali Khil,Afghanistan,Wicketkeeper,26.25,1.0,1,66.0,-0.0275,0,0,451.01,35.12,83.7,0.0,0.0,0.0,36.9193,0.2273,36.95,2028,H1,Jan-Jun
Karim Janat,Afghanistan,Bowling All-Rounder,29.25,1.0,1,73.0,-0.1393,0,0,491.49,38.35,85.25,16.74,5.96,0.0,48.4941,0.0194,48.58,2028,H1,Jan-Jun
Khatir Stanikzai,Afghanistan,Middle Order Batter,29.25,1.0,1,56.0,0.3579,0,0,407.84,37.08,87.94,0.0,0.0,0.0,38.6686,0.7126,38.82,2028,H1,Jan-Jun
Mohammad Ishaq,Afghanistan,Wicketkeeper,26.25,1.0,1,51.0,1.0059,1,0,364.99,41.08,87.62,0.0,0.0,0.0,41.1282,0.2499,41.14,2028,H1,Jan-Jun
Mohammad Nabi,Afghanistan,Bowling All-Rounder,43.25,0.0,0,92.0,-2.4656,0,1,78.1,30.32,75.54,3.12,6.25,0.0,33.451,0.0022,33.23,2028,H1,Jan-Jun
Mohammad Saleem,Afghanistan,Pace Bowler,26.25,1.0,1,45.0,0.6069,1,0,67.27,15.94,72.93,22.25,5.7,0.0,32.9215,0.6234,32.76,2028,H1,Jan-Jun
Mujeeb Ur Rahman,Afghanistan,Spin Bowler,27.25,1.0,1,72.0,-1.4718,0,1,66.19,13.86,77.1,20.55,4.79,0.0,31.5802,0.6109,31.56,2028,H1,Jan-Jun
Munir Ahmad Kakar,Afghanistan,Wicketkeeper,29.25,1.0,1,54.0,0.249,0,0,344.58,34.16,85.63,0.0,0.0,0.0,36.149,0.1534,36.18,2028,H1,Jan-Jun
Najibullah Zadran,Afghanistan,Wicketkeeper,34.25,1.0,1,73.0,-0.5949,0,1,341.33,31.19,77.24,0.0,0.0,0.0,32.9556,0.0974,33.0,2028,H1,Jan-Jun
Nangeyalia Kharote,Afghanistan,Spin Bowler,24.25,1.0,1,49.0,0.428,0,0,245.9,30.4,83.95,20.38,5.37,0.0,44.004,0.9568,43.89,2028,H1,Jan-Jun
Naveed Zadran,Afghanistan,Pace Bowler,27.25,1.0,1,56.0,-0.0521,0,0,69.61,12.69,69.63,20.71,5.98,0.0,29.4676,0.2772,29.32,2028,H1,Jan-Jun
Naveen-ul-Haq,Afghanistan,Pace Bowler,28.25,1.0,1,75.0,-1.1179,0,1,45.03,11.92,75.34,21.87,5.42,0.0,30.3911,0.4557,30.39,2028,H1,Jan-Jun
Nazifullah Amiri,Afghanistan,Top Order Batter,25.25,1.0,1,45.0,1.1004,1,0,314.6,39.33,90.19,0.0,0.0,0.0,40.136,0.6187,40.2,2028,H1,Jan-Jun
Noor Ahmad,Afghanistan,Spin Bowler,23.25,1.0,1,67.0,-1.0101,0,1,97.55,16.02,82.13,24.7,4.99,0.0,35.8162,0.7348,35.79,2028,H1,Jan-Jun
Qais Ahmad,Afghanistan,Spin Bowler,27.25,1.0,1,60.0,-0.6376,0,1,68.45,13.45,70.86,20.83,5.84,0.0,30.239,0.5293,30.29,2028,H1,Jan-Jun
Rahmanullah Gurbaz,Afghanistan,Wicketkeeper,26.25,1.0,1,94.0,-0.4631,0,0,1072.8,46.29,91.96,0.0,0.0,0.0,47.9232,0.9328,47.79,2028,H1,Jan-Jun
Rahmat Shah,Afghanistan,Top Order Batter,35.25,0.875,1,106.0,-0.1939,0,0,786.71,48.6,76.48,0.0,0.0,0.0,46.1605,0.9279,43.51,2028,H1,Jan-Jun
Rashid Khan,Afghanistan,Spin Bowler,29.25,1.0,1,94.0,-1.7821,0,1,319.16,29.44,93.76,29.16,4.72,0.0,49.5545,0.9655,49.56,2028,H1,Jan-Jun
Riaz Hassan,Afghanistan,Top Order Batter,28.25,1.0,1,64.0,0.2114,0,0,530.3,40.67,89.9,0.0,0.0,0.0,41.8109,0.7379,41.81,2028,H1,Jan-Jun
Rohullah Arab,Afghanistan,Pace Bowler,26.25,1.0,1,47.0,0.3801,0,0,61.69,13.94,70.48,18.36,5.92,0.0,29.2592,0.3931,29.18,2028,H1,Jan-Jun
Sediqullah Atal,Afghanistan,Top Order Batter,26.25,1.0,1,57.0,1.658,1,0,837.58,58.42,99.37,0.0,0.0,0.0,56.1787,0.9727,57.28,2028,H1,Jan-Jun
Shahidullah Kamal,Afghanistan,Middle Order Batter,32.25,1.0,1,89.0,0.212,0,0,653.72,43.29,77.66,0.0,0.0,0.0,42.2795,0.9419,42.22,2028,H1,Jan-Jun
Sharafuddin Ashraf,Afghanistan,Batting All-Rounder,32.25,1.0,1,67.0,-0.334,0,0,378.65,31.33,76.19,12.16,6.47,0.0,39.7341,0.734,39.62,2028,H1,Jan-Jun
Wafiullah Tarakhil,Afghanistan,Top Order Batter,24.25,1.0,1,53.0,1.0772,1,0,472.2,42.68,92.9,0.0,0.0,0.0,43.3593,0.6563,43.29,2028,H1,Jan-Jun
Wahidullah Zadran,Afghanistan,Top Order Batter,24.25,1.0,1,46.0,1.6886,1,0,428.79,53.6,100.0,0.0,0.0,0.0,51.4945,0.9324,51.33,2028,H1,Jan-Jun
Zia-Ur-Rehman Abdul Malik,Afghanistan,Spin Bowler,27.25,1.0,1,52.0,0.0277,0,0,95.13,18.7,75.83,25.57,5.31,0.0,37.0161,0.796,36.99,2028,H1,Jan-Jun
Zubaid Akbari,Afghanistan,Top Order Batter,25.25,1.0,1,60.0,1.0328,1,0,509.6,45.3,95.08,0.0,0.0,0.0,45.5616,0.696,45.44,2028,H1,Jan-Jun
Aaron Hardie,Australia,Bowling All-Rounder,29.25,1.0,1,109.0,1.0052,1,0,735.86,43.35,90.33,23.37,5.93,0.0,56.7346,0.0247,57.32,2028,H1,Jan-Jun
Adam Zampa,Australia,Spin Bowler,36.25,0.55,1,199.6,-3.3881,0,1,21.5,9.12,67.81,30.35,5.52,0.0,31.4715,0.2734,29.1,2028,H1,Jan-Jun
Alex Carey,Australia,Wicketkeeper,36.25,0.6875,1,168.0,-0.2162,0,0,470.93,37.38,83.94,0.0,0.0,0.0,38.5374,0.0754,38.38,2028,H1,Jan-Jun
Ashton Agar,Australia,Spin Bowler,34.25,0.95,1,135.8,-3.4644,0,1,14.01,7.46,61.67,9.39,5.69,0.0,19.1702,0.1304,19.22,2028,H1,Jan-Jun
Beau Webster,Australia,Bowling All-Rounder,34.25,1.0,1,104.0,0.5936,1,0,782.13,43.32,93.08,30.5,5.64,0.0,60.8421,0.0212,57.11,2028,H1,Jan-Jun
Ben Dwarshuis,Australia,Pace Bowler,33.25,1.0,1,92.0,-1.155,0,1,32.46,12.36,73.15,28.37,6.52,0.0,33.2334,0.5633,33.12,2028,H1,Jan-Jun
Ben Kellaway,Australia,Batting All-Rounder,23.25,1.0,1,49.0,2.9159,1,0,368.99,45.18,114.54,10.56,5.19,0.0,53.9647,0.8249,53.92,2028,H1,Jan-Jun
Ben Manenti,Australia,Bowling All-Rounder,31.25,1.0,1,80.0,-0.8421,0,1,171.32,25.91,81.72,13.03,6.32,0.0,36.5746,0.0051,36.59,2028,H1,Jan-Jun
Billy Stanlake,Australia,Pace Bowler,33.25,1.0,1,72.0,-2.1014,0,1,0.0,0.68,48.36,2.93,7.69,0.0,9.1432,0.0129,9.03,2028,H1,Jan-Jun
Brendan Doggett,Australia,Pace Bowler,33.25,1.0,1,81.0,-1.4562,0,1,15.3,7.66,59.56,17.67,6.4,0.0,22.8858,0.2073,22.78,2028,H1,Jan-Jun
Cameron Gannon,Australia,Pace Bowler,37.25,0.0,0,46.0,-1.246,0,1,0.58,0.97,49.07,1.55,7.72,0.0,8.7618,0.0026,8.5,2028,H1,Jan-Jun
Cameron Green,Australia,Batting All-Rounder,29.25,1.0,1,130.0,-0.3193,0,0,575.67,41.12,93.43,17.95,5.58,0.0,52.5215,0.0435,52.61,2028,H1,Jan-Jun
Campbell Kellaway,Australia,Top Order Batter,26.25,1.0,1,69.0,1.0464,1,0,375.32,37.9,94.05,0.0,0.0,0.0,39.9652,0.7927,39.96,2028,H1,Jan-Jun
Cooper Connolly,Australia,Batting All-Rounder,24.25,1.0,1,79.0,1.2337,1,0,644.6,49.17,104.28,16.81,5.11,0.0,59.2902,0.8208,56.97,2028,H1,Jan-Jun
Corey Rocchiccioli,Australia,Spin Bowler,31.25,1.0,1,70.0,-0.9047,0,1,11.65,5.83,64.85,18.8,5.56,0.0,23.1612,0.2232,22.84,2028,H1,Jan-Jun
Fergus O'Neill,Australia,Pace Bowler,27.25,1.0,1,62.0,-0.2598,0,0,13.57,5.77,65.84,17.21,6.37,0.0,22.2976,0.1023,22.02,2028,H1,Jan-Jun
Glenn Maxwell,Australia,Batting All-Rounder,40.25,0.0,0,218.0,-2.3845,0,1,160.14,31.42,90.81,4.1,6.9,0.0,37.0308,0.0028,37.03,2028,H1,Jan-Jun
Harry Nielsen,Australia,Wicketkeeper,32.25,1.0,1,110.0,-0.1674,0,0,323.21,27.79,79.71,0.0,0.0,0.0,30.9712,0.0831,31.04,2028,H1,Jan-Jun
Henry Hunt,Australia,Top Order Batter,30.25,1.0,1,75.0,0.3843,0,0,326.58,40.55,93.33,0.0,0.0,0.0,41.4445,0.7235,41.36,2028,H1,Jan-Jun
Henry Thornton,Australia,Pace Bowler,32.25,1.0,1,80.0,-1.4441,0,1,12.94,6.48,64.82,9.28,6.91,0.0,18.6435,0.0505,18.52,2028,H1,Jan-Jun
Jack Edwards,Australia,Batting All-Rounder,28.25,1.0,1,96.0,0.2612,0,0,373.83,34.54,90.32,11.62,5.81,0.0,43.7638,0.6907,43.61,2028,H1,Jan-Jun
Jake Fraser-McGurk,Australia,Top Order Batter,26.25,1.0,1,82.0,-1.986,0,1,348.38,27.69,102.58,0.0,0.0,0.0,34.2701,0.4422,34.35,2028,H1,Jan-Jun
Jake Lehmann,Australia,Middle Order Batter,35.25,0.875,1,87.0,-0.6477,0,1,139.36,23.88,69.28,0.0,0.0,0.0,26.1705,0.1066,25.99,2028,H1,Jan-Jun
Jake Weatherald,Australia,Top Order Batter,34.25,1.0,1,161.0,-0.4672,0,0,673.85,43.49,87.69,0.0,0.0,0.0,43.9236,0.8619,43.92,2028,H1,Jan-Jun
Jason Behrendorff,Australia,Pace Bowler,38.25,0.15,1,131.4,-2.7731,0,1,2.92,9.84,64.6,7.14,6.52,0.0,19.844,0.0088,19.68,2028,H1,Jan-Jun
Jason Sangha,Australia,Middle Order Batter,29.25,1.0,1,104.0,-0.775,0,1,256.52,26.5,82.28,0.0,0.0,0.0,30.2237,0.2139,30.28,2028,H1,Jan-Jun
Jhye Richardson,Australia,Pace Bowler,31.25,1.0,1,104.0,-2.2689,0,1,9.72,6.73,62.82,15.47,6.16,0.0,21.6872,0.172,21.48,2028,H1,Jan-Jun
Joel Davies,Australia,Middle Order Batter,24.25,1.0,1,40.0,3.3883,1,0,341.67,52.12,113.8,0.0,0.0,0.0,52.1479,0.9157,51.34,2028,H1,Jan-Jun
Jordan Buckingham,Australia,Pace Bowler,27.25,1.0,1,52.0,-0.4146,0,0,17.31,7.27,67.69,16.76,6.32,0.0,23.3679,0.1055,23.24,2028,H1,Jan-Jun
Josh Hazlewood,Australia,Pace Bowler,37.25,0.1875,1,146.0,-1.6984,0,1,8.42,8.44,67.81,14.46,5.95,0.0,23.0921,0.0113,22.96,2028,H1,Jan-Jun
Josh Inglis,Australia,Wicketkeeper,33.25,1.0,1,145.0,0.9926,1,0,972.06,43.23,92.77,0.0,0.0,0.0,45.6134,0.8294,45.45,2028,H1,Jan-Jun
Josh Philippe,Australia,Wicketkeeper,31.25,1.0,1,169.0,-0.7511,0,1,552.17,33.83,89.12,0.0,0.0,0.0,37.2192,0.2885,37.28,2028,H1,Jan-Jun
Lance Morris,Australia,Pace Bowler,30.25,1.0,1,59.0,-0.9395,0,1,3.18,3.18,62.54,15.69,6.19,0.0,19.3545,0.0676,19.25,2028,H1,Jan-Jun
Liam Hatcher,Australia,Pace Bowler,31.25,1.0,1,79.0,-1.3878,0,1,12.45,5.01,67.15,10.3,6.5,0.0,18.5704,0.0555,18.3,2028,H1,Jan-Jun
Liam Scott,Australia,Batting All-Rounder,27.25,1.0,1,81.0,1.8499,1,0,652.81,42.74,103.89,15.83,5.39,0.0,54.41,0.7074,54.16,2028,H1,Jan-Jun
Mackenzie Harvey,Australia,Wicketkeeper,27.25,1.0,1,105.0,-0.8342,0,1,219.94,25.51,81.55,0.0,0.0,0.0,29.3194,0.1002,29.44,2028,H1,Jan-Jun
Mahli Beardman,Australia,Pace Bowler,22.25,1.0,1,36.0,0.6828,1,0,13.64,12.05,83.49,9.97,5.78,0.0,25.6107,0.4625,25.31,2028,H1,Jan-Jun
Marcus Stoinis,Australia,Batting All-Rounder,39.25,0.0,0,244.0,-2.0386,0,1,105.26,29.89,84.53,3.05,7.0,0.0,34.3722,0.0027,34.53,2028,H1,Jan-Jun
Marnus Labuschagne,Australia,Middle Order Batter,34.25,1.0,1,160.0,-0.7433,0,1,581.78,38.46,79.12,0.0,0.0,0.0,38.9915,0.8219,38.94,2028,H1,Jan-Jun
Matthew Gilkes,Australia,Wicketkeeper,29.25,1.0,1,119.0,-0.5671,0,1,318.57,30.73,85.69,0.0,0.0,0.0,33.77,0.1479,33.87,2028,H1,Jan-Jun
Matthew Kuhnemann,Australia,Spin Bowler,31.25,1.0,1,82.0,-0.7711,0,1,18.88,10.8,70.92,29.97,5.04,0.0,32.9888,0.8573,33.06,2028,H1,Jan-Jun
Matthew Renshaw,Australia,Top Order Batter,32.25,1.0,1,175.0,-0.7015,0,1,599.61,36.25,84.52,0.32,6.46,0.0,39.2669,0.3901,39.21,2028,H1,Jan-Jun
Matthew Short,Australia,Batting All-Rounder,32.25,1.0,1,162.0,-1.3185,0,1,837.24,41.83,93.73,12.66,6.53,0.0,51.2277,0.8405,51.34,2028,H1,Jan-Jun
Matthew Wade,Australia,Wicketkeeper,40.25,0.0,0,182.0,-1.9889,0,1,3.05,17.08,71.47,0.0,0.0,0.0,21.4271,0.0034,21.39,2028,H1,Jan-Jun
Michael Neser,Australia,Bowling All-Rounder,38.25,0.0,0,128.0,-2.5268,0,1,88.64,25.34,82.71,7.48,5.92,0.0,33.4003,0.0021,32.51,2028,H1,Jan-Jun
Mitchell Marsh,Australia,Bowling All-Rounder,36.25,0.75,1,179.2,-1.1962,0,1,604.77,37.6,86.97,7.53,6.85,0.0,43.985,0.0552,41.48,2028,H1,Jan-Jun
Mitchell Owen,Australia,Batting All-Rounder,27.25,1.0,1,84.0,1.4973,1,0,636.94,44.74,103.37,10.51,6.05,0.0,52.8371,0.6719,52.58,2028,H1,Jan-Jun
Mitchell Starc,Australia,Pace Bowler,38.25,0.4375,1,201.5,1.947,1,0,10.04,8.36,67.77,54.51,5.98,0.0,42.6005,0.5345,36.9,2028,H1,Jan-Jun
Mitchell Stoinis,Australia,Batting All-Rounder,39.25,0.0,0,244.0,-2.0386,0,1,108.69,30.87,87.28,3.15,6.78,0.0,35.5208,0.0028,35.75,2028,H1,Jan-Jun
Nathan Ellis,Australia,Pace Bowler,33.25,1.0,1,101.0,-1.9794,0,1,19.68,7.55,68.32,21.78,6.5,0.0,26.0691,0.1703,25.76,2028,H1,Jan-Jun
Nathan Lyon,Australia,Spin Bowler,40.25,0.0,0,82.0,-3.8812,0,1,1.58,5.31,48.71,7.52,5.86,0.0,14.8782,0.008,15.12,2028,H1,Jan-Jun
Nathan McAndrew,Australia,Bowling All-Rounder,33.25,1.0,1,109.0,-0.2638,0,0,298.62,28.13,80.71,22.91,6.41,0.0,43.2051,0.0141,43.25,2028,H1,Jan-Jun
Nathan McSweeney,Australia,Middle Order Batter,29.25,1.0,1,93.0,0.3499,0,0,511.59,40.59,85.06,0.0,0.0,0.0,40.9942,0.7798,40.95,2028,H1,Jan-Jun
Nikhil Chaudhary,Australia,Batting All-Rounder,32.25,1.0,1,90.0,1.0003,1,0,557.33,35.4,99.28,13.61,6.39,0.0,47.1569,0.6809,47.18,2028,H1,Jan-Jun
Oliver Peake,Australia,Middle Order Batter,22.25,1.0,1,33.0,2.319,1,0,252.92,42.33,102.33,0.0,0.0,0.0,43.638,0.7828,43.56,2028,H1,Jan-Jun
Pat Cummins,Australia,Pace Bowler,35.25,0.5833,1,163.0,-2.7793,0,1,31.3,10.75,69.44,20.1,6.25,0.0,27.6403,0.0376,26.82,2028,H1,Jan-Jun
Riley Meredith,Australia,Pace Bowler,32.25,1.0,1,86.0,-1.7714,0,1,6.76,4.48,65.42,12.63,6.51,0.0,19.0842,0.0998,18.73,2028,H1,Jan-Jun
Sam Elliott,Australia,Pace Bowler,26.25,1.0,1,43.0,-0.2929,0,0,24.66,9.52,73.36,5.26,6.11,0.0,20.1352,0.0429,20.06,2028,H1,Jan-Jun
Sam Konstas,Australia,Top Order Batter,22.25,1.0,1,53.0,3.4904,1,0,995.66,52.47,110.76,0.0,0.0,0.0,54.4401,0.9519,53.95,2028,H1,Jan-Jun
Scott Boland,Australia,Pace Bowler,39.25,0.0,0,74.0,-1.8017,0,1,4.37,8.64,62.88,5.73,5.99,0.0,18.2301,0.0109,18.1,2028,H1,Jan-Jun
Sean Abbott,Australia,Bowling All-Rounder,36.25,0.4375,1,193.5,-2.6925,0,1,243.55,27.24,81.58,20.1,6.52,0.0,41.1302,0.0145,38.85,2028,H1,Jan-Jun
Spencer Johnson,Australia,Pace Bowler,32.25,1.0,1,69.0,-0.8558,0,1,20.68,9.08,73.83,21.99,6.28,0.0,28.0301,0.1466,27.7,2028,H1,Jan-Jun
Tanveer Sangha,Australia,Spin Bowler,26.25,1.0,1,75.0,-0.8269,0,1,12.92,7.93,68.67,29.76,5.37,0.0,30.5228,0.7291,30.59,2028,H1,Jan-Jun
Tim David,Australia,Middle Order Batter,32.25,1.0,1,106.0,0.0158,0,0,411.65,33.43,89.29,0.0,0.0,0.0,36.4409,0.7577,36.48,2028,H1,Jan-Jun
Todd Murphy,Australia,Spin Bowler,27.25,1.0,1,50.0,-1.1286,0,1,6.75,9.61,56.32,9.0,5.86,0.0,19.5779,0.4176,19.65,2028,H1,Jan-Jun
Travis Head,Australia,Top Order Batter,34.25,1.0,1,166.0,-0.1483,0,0,1066.64,49.71,100.87,0.0,0.0,0.0,51.4553,0.9667,51.34,2028,H1,Jan-Jun
Will Sutherland,Australia,Bowling All-Rounder,28.25,1.0,1,113.0,0.1147,0,0,441.9,38.18,87.75,24.86,5.93,0.0,52.5237,0.0191,52.6,2028,H1,Jan-Jun
Xavier Bartlett,Australia,Pace Bowler,29.25,1.0,1,73.0,-0.6519,0,1,26.87,11.94,82.31,24.66,5.8,0.0,32.5915,0.4354,32.56,2028,H1,Jan-Jun
A. G. Saqlain,Bangladesh,Bowling All-Rounder,26.25,1.0,1,36.0,1.5243,1,0,195.69,29.75,146.42,17.94,8.14,0.0,50.576,0.0167,50.14,2028,H1,Jan-Jun
Abdul Gaffar Saqlain,Bangladesh,Bowling All-Rounder,26.25,1.0,1,36.0,1.5243,1,0,209.92,31.91,157.07,19.25,7.58,0.0,54.3117,0.0286,54.05,2028,H1,Jan-Jun
Afif Hossain,Bangladesh,Batting All-Rounder,28.25,1.0,1,150.0,-2.0747,0,1,265.62,20.2,138.08,8.96,8.62,0.0,38.8325,0.1011,38.83,2028,H1,Jan-Jun
Akbar Ali,Bangladesh,Wicketkeeper,27.25,1.0,1,52.0,1.424,1,0,487.64,31.69,146.8,0.0,0.0,0.0,43.7918,0.2522,43.57,2028,H1,Jan-Jun
Amite Hasan,Bangladesh,Middle Order Batter,27.25,1.0,1,49.0,1.6032,1,0,358.73,30.76,141.22,0.0,0.0,0.0,41.8821,0.8469,41.84,2028,H1,Jan-Jun
Anamul Haque,Bangladesh,Wicketkeeper,35.25,0.9167,1,159.0,-1.296,0,1,230.68,19.37,118.54,0.0,0.0,0.0,30.5522,0.0309,30.35,2028,H1,Jan-Jun
Ebadat Hossain,Bangladesh,Pace Bowler,34.25,1.0,1,63.0,0.4398,0,0,25.3,12.09,106.93,19.14,8.86,0.0,32.9992,0.1557,32.94,2028,H1,Jan-Jun
Hasan Mahmud,Bangladesh,Pace Bowler,29.25,1.0,1,101.0,-0.667,0,1,89.99,13.55,122.39,41.64,8.16,0.0,47.5065,0.8045,46.96,2028,H1,Jan-Jun
Hasan Murad,Bangladesh,Spin Bowler,26.25,1.0,1,56.0,1.4761,1,0,78.69,18.17,126.13,33.08,7.38,0.0,47.0088,0.9381,46.71,2028,H1,Jan-Jun
Jaker Ali,Bangladesh,Wicketkeeper,30.25,1.0,1,85.0,1.2723,1,0,682.92,36.56,151.77,0.0,0.0,0.0,48.496,0.6031,48.58,2028,H1,Jan-Jun
Jishan Alam,Bangladesh,Top Order Batter,26.25,1.0,1,49.0,1.6795,1,0,451.26,35.37,153.77,0.0,0.0,0.0,47.1048,0.9574,47.13,2028,H1,Jan-Jun
Khaled Ahmed,Bangladesh,Pace Bowler,35.25,0.9583,1,88.0,0.4571,0,0,37.34,12.49,98.46,25.91,10.03,0.0,35.2963,0.2772,34.6,2028,H1,Jan-Jun
Litton Das,Bangladesh,Wicketkeeper,33.25,1.0,1,228.0,-0.81,0,1,673.13,31.7,144.71,0.0,0.0,0.0,44.2068,0.5416,44.24,2028,H1,Jan-Jun
Mahedi Hasan,Bangladesh,Batting All-Rounder,33.25,1.0,1,171.0,0.0353,0,0,655.19,31.55,150.51,37.74,8.0,0.0,63.8063,0.8817,57.25,2028,H1,Jan-Jun
Mahidul Islam Ankon,Bangladesh,Wicketkeeper,27.25,1.0,1,63.0,1.7718,1,0,433.08,34.87,144.96,0.0,0.0,0.0,45.4423,0.425,45.44,2028,H1,Jan-Jun
Mahmudul Hasan Joy,Bangladesh,Middle Order Batter,27.25,1.0,1,90.0,0.2224,0,0,434.4,29.72,137.84,0.0,0.0,0.0,40.9935,0.865,40.95,2028,H1,Jan-Jun
Mahmudullah,Bangladesh,Batting All-Rounder,42.25,0.0,0,250.0,-5.119,0,1,0.0,20.57,135.07,0.0,8.85,0.0,33.2327,0.0042,33.19,2028,H1,Jan-Jun
Mehidy Hasan Miraz,Bangladesh,Bowling All-Rounder,30.25,1.0,1,186.0,-0.4125,0,0,605.39,30.82,133.22,39.05,7.93,0.0,61.3069,0.0519,57.46,2028,H1,Jan-Jun
Mohammad Naim,Bangladesh,Middle Order Batter,28.25,1.0,1,126.0,-1.1598,0,1,363.48,25.44,142.77,0.0,0.0,0.0,38.5724,0.7674,38.54,2028,H1,Jan-Jun
Mohammad Saifuddin,Bangladesh,Bowling All-Rounder,31.25,1.0,1,129.0,-0.5889,0,1,404.23,23.88,140.3,34.18,8.62,0.0,54.4562,0.0212,53.9,2028,H1,Jan-Jun
Mominul Haque,Bangladesh,Top Order Batter,36.25,0.6875,1,110.0,-0.4437,0,0,176.16,21.31,109.12,0.0,0.0,0.0,30.2919,0.0832,29.98,2028,H1,Jan-Jun
Mosaddek Hossain,Bangladesh,Batting All-Rounder,32.25,1.0,1,155.0,-1.0736,0,1,392.31,24.39,132.6,14.36,8.46,0.0,43.9848,0.6446,43.97,2028,H1,Jan-Jun
Musfik Hasan,Bangladesh,Pace Bowler,24.25,1.0,1,42.0,1.3273,1,0,42.81,12.87,120.26,25.21,7.97,0.0,38.5657,0.6873,38.39,2028,H1,Jan-Jun
Mushfiqur Rahim,Bangladesh,Wicketkeeper,41.25,0.0,0,190.0,-1.6022,0,1,43.44,22.39,114.49,0.0,0.0,0.0,31.2742,0.0024,31.59,2028,H1,Jan-Jun
Mustafizur Rahman,Bangladesh,Pace Bowler,32.25,1.0,1,223.0,-1.4401,0,1,60.08,11.97,105.99,43.38,8.39,0.0,44.8151,0.8198,44.59,2028,H1,Jan-Jun
Nahid Rana,Bangladesh,Pace Bowler,25.25,1.0,1,82.0,0.6137,1,0,46.08,13.18,122.75,46.78,7.6,0.0,49.7324,0.8548,49.3,2028,H1,Jan-Jun
Najmul Hossain Apu,Bangladesh,Spin Bowler,29.25,1.0,1,45.0,1.293,1,0,57.59,13.14,113.76,25.18,8.14,0.0,37.8358,0.783,37.71,2028,H1,Jan-Jun
Najmul Hossain Shanto,Bangladesh,Middle Order Batter,29.25,1.0,1,136.0,-0.2388,0,0,730.41,35.35,142.56,0.0,0.0,0.0,46.553,0.9691,46.57,2028,H1,Jan-Jun
Nasum Ahmed,Bangladesh,Spin Bowler,34.25,1.0,1,157.0,-1.324,0,1,51.88,10.35,92.17,32.77,8.57,0.0,36.5218,0.691,36.4,2028,H1,Jan-Jun
Nasum Ahmed Jr,Bangladesh,Spin Bowler,23.25,1.0,1,37.0,1.0085,1,0,57.91,12.52,121.69,22.72,7.54,0.0,37.4387,0.611,37.37,2028,H1,Jan-Jun
Nayeem Hasan,Bangladesh,Spin Bowler,27.25,1.0,1,69.0,-0.6,0,1,53.44,13.04,102.62,24.41,8.05,0.0,35.7961,0.6725,35.71,2028,H1,Jan-Jun
Nurul Hasan,Bangladesh,Wicketkeeper,35.25,0.9375,1,164.5,0.0764,0,0,383.36,23.37,120.6,0.0,0.0,0.0,34.0975,0.1437,33.6,2028,H1,Jan-Jun
Parvez Hossain Emon,Bangladesh,Wicketkeeper,26.25,1.0,1,83.0,1.3541,1,0,777.28,40.49,152.26,0.0,0.0,0.0,51.5478,0.8914,51.36,2028,H1,Jan-Jun
Pritom Kumar,Bangladesh,Wicketkeeper,24.25,1.0,1,46.0,1.8842,1,0,438.79,34.42,143.16,0.0,0.0,0.0,44.9065,0.4156,44.91,2028,H1,Jan-Jun
Rejaur Rahman Raja,Bangladesh,Pace Bowler,27.25,1.0,1,51.0,1.2786,1,0,56.56,12.93,112.21,27.19,8.55,0.0,38.4019,0.678,38.25,2028,H1,Jan-Jun
Ripon Mondol,Bangladesh,Pace Bowler,25.25,1.0,1,47.0,1.2736,1,0,50.6,14.95,128.57,31.87,7.53,0.0,44.488,0.7805,44.38,2028,H1,Jan-Jun
Rishad Hossain,Bangladesh,Spin Bowler,25.25,1.0,1,109.0,1.8401,1,0,636.4,33.66,141.4,44.29,7.86,0.0,67.0593,0.9765,57.45,2028,H1,Jan-Jun
Saif Hassan,Bangladesh,Top Order Batter,29.25,1.0,1,100.0,1.1672,1,0,623.12,31.82,148.04,0.0,0.0,0.0,44.5723,0.8702,44.56,2028,H1,Jan-Jun
Shadman Islam,Bangladesh,Top Order Batter,32.25,1.0,1,82.0,0.6824,1,0,365.31,30.03,124.5,0.0,0.0,0.0,39.0297,0.8121,39.04,2028,H1,Jan-Jun
Shahadat Hossain,Bangladesh,Top Order Batter,26.25,1.0,1,55.0,1.697,1,0,417.79,36.07,150.84,0.0,0.0,0.0,47.0253,0.9601,46.88,2028,H1,Jan-Jun
Shakib Al Hasan,Bangladesh,Batting All-Rounder,41.25,0.0,0,310.0,-8.1687,0,1,0.0,19.61,130.43,0.0,8.51,0.0,31.9675,0.0018,31.89,2028,H1,Jan-Jun
Shamim Hossain,Bangladesh,Batting All-Rounder,27.25,1.0,1,94.0,1.7462,1,0,728.53,39.73,158.24,19.72,7.71,0.0,61.8841,0.9264,57.39,2028,H1,Jan-Jun
Shoriful Islam,Bangladesh,Pace Bowler,27.25,1.0,1,122.0,-1.0289,0,1,70.61,13.86,113.75,36.64,8.57,0.0,43.9111,0.715,43.75,2028,H1,Jan-Jun
Soumya Sarkar,Bangladesh,Batting All-Rounder,35.25,0.5833,1,190.0,-1.854,0,1,265.2,21.16,130.43,8.49,9.23,0.0,38.0825,0.0056,37.88,2028,H1,Jan-Jun
Taijul Islam,Bangladesh,Spin Bowler,36.25,0.55,1,112.6,-3.1901,0,1,26.81,10.05,90.46,15.38,7.85,0.0,27.5762,0.0092,26.71,2028,H1,Jan-Jun
Tanvir Islam,Bangladesh,Spin Bowler,31.25,1.0,1,90.0,0.2649,0,0,77.35,15.18,112.07,43.96,7.45,0.0,48.3039,0.9548,47.95,2028,H1,Jan-Jun
Tanzid Hasan,Bangladesh,Top Order Batter,27.25,1.0,1,100.0,0.865,1,0,768.49,35.22,141.47,0.0,0.0,0.0,46.4556,0.9358,46.29,2028,H1,Jan-Jun
Tanzim Hasan Sakib,Bangladesh,Pace Bowler,25.25,1.0,1,92.0,0.2146,0,0,114.04,21.71,146.59,38.22,7.88,0.0,54.8685,0.948,53.85,2028,H1,Jan-Jun
Taskin Ahmed,Bangladesh,Pace Bowler,33.25,1.0,1,166.0,-0.8099,0,1,71.09,12.23,109.29,41.85,8.56,0.0,44.7346,0.7443,44.38,2028,H1,Jan-Jun
Towhid Hridoy,Bangladesh,Top Order Batter,27.25,1.0,1,123.0,1.2181,1,0,1007.44,39.06,157.22,2.4,7.78,0.0,53.882,0.8785,54.13,2028,H1,Jan-Jun
Yasir Ali Chowdhury,Bangladesh,Middle Order Batter,32.25,1.0,1,101.0,0.2857,0,0,401.2,27.0,130.82,0.0,0.0,0.0,38.0485,0.8298,37.97,2028,H1,Jan-Jun
Zakir Hasan,Bangladesh,Middle Order Batter,30.25,1.0,1,79.0,0.2371,0,0,371.16,25.86,124.29,0.0,0.0,0.0,36.2398,0.7596,36.3,2028,H1,Jan-Jun
Adil Rashid,England,Spin Bowler,40.25,0.0,0,337.0,-3.2729,0,1,17.68,10.09,72.32,9.71,5.24,0.0,22.7468,0.0272,22.82,2028,H1,Jan-Jun
Alex Horton,England,Wicketkeeper,25.25,1.0,1,40.0,1.2558,1,0,399.34,34.51,96.52,0.0,0.0,0.0,38.1482,0.2793,38.16,2028,H1,Jan-Jun
Archie Vaughan,England,Batting All-Rounder,23.25,1.0,1,48.0,1.7508,1,0,527.15,40.96,102.61,17.51,4.92,0.0,53.5328,0.7309,53.18,2028,H1,Jan-Jun
Ben Duckett,England,Top Order Batter,33.25,1.0,1,196.0,0.0879,0,0,1071.61,41.41,97.73,0.0,0.0,0.0,45.4877,0.9474,45.44,2028,H1,Jan-Jun
Ben Foakes,England,Wicketkeeper,35.25,0.95,1,142.8,0.0596,0,0,408.11,31.63,78.8,0.0,0.0,0.0,33.7268,0.3125,33.59,2028,H1,Jan-Jun
Ben Geddes,England,Top Order Batter,26.25,1.0,1,62.0,1.3094,1,0,620.11,37.04,96.15,0.0,0.0,0.0,40.6249,0.7142,40.57,2028,H1,Jan-Jun
Ben McKinney,England,Top Order Batter,23.25,1.0,1,49.0,1.368,1,0,535.82,40.96,102.72,0.0,0.0,0.0,43.8582,0.7261,43.92,2028,H1,Jan-Jun
Brydon Carse,England,Pace Bowler,33.25,1.0,1,109.0,-1.1245,0,1,201.44,21.64,82.05,49.09,6.33,0.0,51.5047,0.8746,51.24,2028,H1,Jan-Jun
Chris Jordan,England,Pace Bowler,39.25,0.0,0,314.0,-1.6142,0,1,98.16,18.85,82.28,10.79,6.84,0.0,30.4681,0.0086,28.47,2028,H1,Jan-Jun
Chris Woakes,England,Bowling All-Rounder,39.25,0.0,0,191.0,-2.9738,0,1,53.41,25.93,78.47,5.59,6.22,0.0,32.0603,0.0046,31.21,2028,H1,Jan-Jun
Dan Lawrence,England,Batting All-Rounder,31.25,1.0,1,156.0,-0.2645,0,0,813.47,40.03,90.7,7.82,5.45,0.0,47.3976,0.8343,47.19,2028,H1,Jan-Jun
Dan Mousley,England,Batting All-Rounder,27.25,1.0,1,109.0,1.04,1,0,829.21,37.52,91.91,22.3,5.64,0.0,52.9781,0.7836,52.63,2028,H1,Jan-Jun
Emilio Gay,England,Top Order Batter,31.25,1.0,1,109.0,0.1781,0,0,799.62,41.61,94.14,0.0,0.0,0.0,44.071,0.8276,43.92,2028,H1,Jan-Jun
Farhan Ahmed,England,Spin Bowler,21.25,1.0,1,41.0,1.4017,1,0,85.89,15.05,80.24,31.01,5.44,0.0,37.7957,0.8631,37.64,2028,H1,Jan-Jun
George Bell,England,Wicketkeeper,25.25,1.0,1,60.0,1.1959,1,0,572.09,37.07,99.69,0.0,0.0,0.0,40.968,0.3151,40.9,2028,H1,Jan-Jun
George Hill,England,Batting All-Rounder,29.25,1.0,1,90.0,1.1122,1,0,684.52,34.74,91.44,22.55,5.56,0.0,50.6485,0.7654,50.21,2028,H1,Jan-Jun
George Thomas,England,Top Order Batter,26.25,1.0,1,69.0,0.8743,1,0,624.34,32.83,89.61,0.0,0.0,0.0,36.8972,0.7332,36.92,2028,H1,Jan-Jun
Gus Atkinson,England,Pace Bowler,30.25,1.0,1,104.0,-0.8209,0,1,122.1,18.46,91.27,53.34,5.44,0.0,52.6963,0.7163,52.67,2028,H1,Jan-Jun
Harry Brook,England,Middle Order Batter,29.25,1.0,1,160.0,0.8266,1,0,1233.51,50.03,101.06,1.31,5.41,0.0,53.9827,0.9705,54.13,2028,H1,Jan-Jun
Henry Crocombe,England,Pace Bowler,26.25,1.0,1,52.0,0.7751,1,0,60.83,12.83,81.23,32.84,5.38,0.0,37.2722,0.5926,37.26,2028,H1,Jan-Jun
Jack Carson,England,Spin Bowler,27.25,1.0,1,64.0,0.4887,0,0,92.23,15.35,75.1,34.96,5.41,0.0,39.2239,0.9136,39.03,2028,H1,Jan-Jun
Jack Haynes,England,Top Order Batter,27.25,1.0,1,106.0,0.44,0,0,770.37,34.51,93.05,0.0,0.0,0.0,39.0666,0.7884,39.04,2028,H1,Jan-Jun
Jack Leach,England,Spin Bowler,37.25,0.1875,1,130.0,-3.6338,0,1,8.15,11.67,68.76,4.39,5.65,0.0,20.5379,0.0134,20.61,2028,H1,Jan-Jun
Jacob Bethell,England,Batting All-Rounder,24.25,1.0,1,100.0,1.6991,1,0,1019.58,50.24,101.32,23.47,5.4,0.0,64.1748,0.9539,56.98,2028,H1,Jan-Jun
James Anderson,England,Pace Bowler,46.25,0.0,0,44.0,-0.2853,0,0,0.0,0.0,0.0,0.0,7.37,0.0,0.3922,0.0023,0.79,2028,H1,Jan-Jun
James Coles,England,Batting All-Rounder,24.25,1.0,1,56.0,1.8564,1,0,545.75,35.63,98.41,21.36,5.23,0.0,51.2253,0.7555,51.38,2028,H1,Jan-Jun
James Rew,England,Wicketkeeper,24.25,1.0,1,73.0,1.2263,1,0,756.92,42.04,89.75,0.0,0.0,0.0,43.5674,0.4216,43.57,2028,H1,Jan-Jun
Jamie Overton,England,Bowling All-Rounder,34.25,1.0,1,159.0,-0.8046,0,1,515.4,28.03,84.86,40.88,6.21,0.0,53.3813,0.0748,52.45,2028,H1,Jan-Jun
Jamie Smith,England,Wicketkeeper,27.25,1.0,1,96.0,1.3645,1,0,910.97,52.08,102.62,0.0,0.0,0.0,52.6932,0.722,52.6,2028,H1,Jan-Jun
Joe Root,England,Top Order Batter,37.25,0.25,1,279.0,-1.2134,0,1,453.43,43.34,85.86,1.77,5.19,0.0,44.6639,0.0311,41.72,2028,H1,Jan-Jun
Jofra Archer,England,Pace Bowler,33.25,1.0,1,127.0,-0.8589,0,1,84.57,16.09,79.86,38.14,5.86,0.0,41.8013,0.7974,41.64,2028,H1,Jan-Jun
John Turner,England,Pace Bowler,25.25,1.0,1,54.0,1.4679,1,0,69.61,20.6,85.57,34.26,5.37,0.0,43.8069,0.8196,43.74,2028,H1,Jan-Jun
Jonny Bairstow,England,Wicketkeeper,39.25,0.0,0,211.0,-1.2164,0,1,151.35,30.26,86.61,0.0,0.0,0.0,32.9504,0.0065,33.43,2028,H1,Jan-Jun
Jordan Cox,England,Middle Order Batter,27.25,1.0,1,114.0,1.3002,1,0,1096.42,48.09,100.68,0.0,0.0,0.0,50.4608,0.9165,50.17,2028,H1,Jan-Jun
Jos Buttler,England,Wicketkeeper,37.25,0.0,0,270.0,-0.9306,0,1,244.96,36.14,86.64,0.0,0.0,0.0,37.2346,0.7081,37.27,2028,H1,Jan-Jun
Josh Hull,England,Pace Bowler,24.25,1.0,1,53.0,1.1943,1,0,67.5,15.45,88.98,39.77,5.06,0.0,43.6402,0.6169,43.39,2028,H1,Jan-Jun
Josh Tongue,England,Pace Bowler,30.25,1.0,1,76.0,-0.0176,0,0,63.17,20.49,82.14,28.13,5.53,0.0,40.1774,0.7213,40.03,2028,H1,Jan-Jun
Liam Dawson,England,Bowling All-Rounder,38.25,0.0,0,251.0,-2.6943,0,1,188.7,31.99,82.69,9.28,5.48,0.0,39.2111,0.0083,38.93,2028,H1,Jan-Jun
Liam Livingstone,England,Batting All-Rounder,35.25,0.9167,1,163.0,-1.0399,0,1,705.31,34.1,86.28,21.77,6.54,0.0,48.9515,0.6506,46.82,2028,H1,Jan-Jun
Luc Benkenstein,England,Batting All-Rounder,23.25,1.0,1,46.0,2.0211,1,0,440.06,35.32,92.63,18.1,5.45,0.0,48.1303,0.6776,48.17,2028,H1,Jan-Jun
Luke Wood,England,Pace Bowler,32.25,1.0,1,167.0,-0.7712,0,1,106.76,15.26,85.02,43.9,6.06,0.0,44.836,0.7689,44.59,2028,H1,Jan-Jun
Mark Wood,England,Pace Bowler,38.25,0.0,0,107.0,-1.1578,0,1,8.69,10.05,68.37,7.39,7.14,0.0,20.5534,0.0147,20.65,2028,H1,Jan-Jun
Matthew Fisher,England,Pace Bowler,31.25,1.0,1,87.0,-0.2388,0,0,84.98,20.72,86.36,34.46,5.39,0.0,44.1504,0.6695,43.95,2028,H1,Jan-Jun
Matthew Potts,England,Pace Bowler,29.25,1.0,1,100.0,-0.6259,0,1,148.34,22.48,80.97,38.38,5.84,0.0,46.5886,0.8552,46.54,2028,H1,Jan-Jun
Ollie Pope,England,Top Order Batter,30.25,1.0,1,136.0,-0.3341,0,0,637.63,38.62,87.39,0.0,5.71,0.0,41.4209,0.5785,41.34,2028,H1,Jan-Jun
Ollie Robinson,England,Pace Bowler,29.25,1.0,1,81.0,-0.1986,0,0,85.1,20.84,84.33,33.91,5.37,0.0,43.6778,0.6584,43.39,2028,H1,Jan-Jun
Olly Stone,England,Pace Bowler,34.25,1.0,1,97.0,-0.4774,0,0,57.85,19.73,72.52,30.54,6.52,0.0,39.2175,0.5863,39.03,2028,H1,Jan-Jun
Phil Salt,England,Wicketkeeper,32.25,1.0,1,146.0,-0.474,0,0,946.44,42.99,97.64,0.0,0.0,0.0,46.0518,0.6603,45.94,2028,H1,Jan-Jun
Reece Topley,England,Pace Bowler,34.25,1.0,1,137.0,-0.389,0,0,78.22,20.14,82.41,41.03,5.97,0.0,46.2289,0.7986,46.1,2028,H1,Jan-Jun
Rehan Ahmed,England,Spin Bowler,23.25,1.0,1,100.0,0.4494,0,0,546.95,33.46,97.87,49.41,4.94,0.0,63.5062,0.9542,56.99,2028,H1,Jan-Jun
Rocky Flintoff,England,Middle Order Batter,22.25,1.0,0,41.0,1.6829,1,0,400.53,37.37,91.68,0.0,0.0,0.0,39.3689,0.899,39.34,2028,H1,Jan-Jun
Sam Cook,England,Pace Bowler,30.25,1.0,1,100.0,-0.3005,0,0,73.31,17.99,78.15,38.25,5.69,0.0,42.8789,0.7509,42.64,2028,H1,Jan-Jun
Sam Curran,England,Bowling All-Rounder,30.25,1.0,1,172.0,-0.8161,0,1,731.14,34.73,91.26,39.87,5.6,0.0,59.2454,0.8898,57.32,2028,H1,Jan-Jun
Saqib Mahmood,England,Pace Bowler,31.25,1.0,1,107.0,0.1678,0,0,77.93,19.11,81.75,40.9,5.67,0.0,45.4585,0.7126,45.26,2028,H1,Jan-Jun
Shoaib Bashir,England,Spin Bowler,24.25,1.0,1,71.0,-0.7253,0,1,77.34,13.79,81.97,35.3,4.66,0.0,39.529,0.7935,39.38,2028,H1,Jan-Jun
Sonny Baker,England,Pace Bowler,23.25,1.0,1,61.0,1.3198,1,0,77.37,17.66,89.54,41.98,5.09,0.0,46.3022,0.8826,46.11,2028,H1,Jan-Jun
Tom Banton,England,Top Order Batter,30.25,1.0,1,157.0,0.4016,0,0,989.6,40.77,101.39,0.0,0.0,0.0,45.2713,0.7821,45.18,2028,H1,Jan-Jun
Tom Hartley,England,Spin Bowler,29.25,1.0,1,79.0,-2.6063,0,1,73.65,14.62,81.26,20.51,5.57,0.0,32.4409,0.6386,32.35,2028,H1,Jan-Jun
Tom Rew,England,Wicketkeeper,23.25,1.0,1,45.0,1.386,1,0,416.21,37.37,96.59,0.0,0.0,0.0,40.1307,0.3773,40.2,2028,H1,Jan-Jun
Will Jacks,England,Batting All-Rounder,29.25,1.0,1,121.0,-0.1446,0,0,792.24,38.38,99.65,13.56,5.67,0.0,50.2391,0.7652,50.15,2028,H1,Jan-Jun
Zak Crawley,England,Top Order Batter,30.25,1.0,1,121.0,-0.0777,0,0,652.1,35.38,95.56,0.0,0.0,0.0,39.555,0.6833,39.54,2028,H1,Jan-Jun
Abhishek Sharma,India,Top Order Batter,28.25,1.0,1,88.0,1.1705,1,0,825.47,46.63,101.47,14.13,6.22,0.0,56.2753,0.6135,57.33,2028,H1,Jan-Jun
Akash Deep,India,Pace Bowler,31.25,1.0,1,66.0,-0.2158,0,0,77.04,15.04,79.44,22.49,5.29,0.0,33.5226,0.3224,33.35,2028,H1,Jan-Jun
Akshat Raghuwanshi,India,Top Order Batter,23.25,1.0,1,46.0,1.1828,1,0,388.41,42.06,98.44,0.0,0.0,0.0,43.4182,0.6518,43.29,2028,H1,Jan-Jun
Aman Mokhade,India,Middle Order Batter,26.25,1.0,1,76.0,0.2971,0,0,528.54,41.07,96.37,0.0,0.0,0.0,42.996,0.6891,43.04,2028,H1,Jan-Jun
Angkrish Raghuwanshi,India,Wicketkeeper,23.25,1.0,1,54.0,2.6714,1,0,581.89,58.15,111.19,0.0,0.0,0.0,56.7136,0.7811,56.86,2028,H1,Jan-Jun
Anshul Kamboj,India,Pace Bowler,27.25,1.0,1,72.0,-1.2672,0,1,42.31,10.84,74.13,19.6,5.6,0.0,28.3273,0.1704,28.24,2028,H1,Jan-Jun
Arshdeep Singh,India,Pace Bowler,29.25,1.0,1,113.0,-1.2114,0,1,47.37,10.02,65.67,29.85,5.19,0.0,31.7188,0.3691,31.71,2028,H1,Jan-Jun
Ashok Sharma,India,Pace Bowler,27.25,1.0,1,57.0,0.448,0,0,31.93,15.96,70.85,21.83,5.89,0.0,32.2492,0.3633,32.19,2028,H1,Jan-Jun
Atharva Taide,India,Top Order Batter,26.25,1.0,1,73.0,0.2251,0,0,550.58,41.78,96.42,0.0,0.0,0.0,43.5609,0.5794,43.56,2028,H1,Jan-Jun
Auqib Nabi,India,Bowling All-Rounder,27.25,1.0,1,49.0,0.755,1,0,373.12,36.93,86.67,23.65,5.91,0.0,50.6868,0.0193,50.21,2028,H1,Jan-Jun
Avesh Khan,India,Pace Bowler,31.25,1.0,1,102.0,-1.5949,0,1,32.25,14.46,72.74,23.06,5.32,0.0,32.2763,0.3412,32.19,2028,H1,Jan-Jun
Axar Patel,India,Bowling All-Rounder,34.25,1.0,1,188.0,-0.7269,0,1,604.8,40.54,86.99,19.35,5.4,0.0,52.06,0.0336,51.39,2028,H1,Jan-Jun
Ayush Mhatre,India,Top Order Batter,21.25,1.0,0,48.0,2.9733,1,0,534.0,56.75,114.48,11.34,4.54,0.0,62.9215,0.871,56.96,2028,H1,Jan-Jun
Brijesh Sharma,India,Pace Bowler,26.25,1.0,1,76.0,0.6321,1,0,49.29,47.23,51.26,22.29,6.04,0.0,50.5661,0.9824,49.86,2028,H1,Jan-Jun
Devdutt Padikkal,India,Top Order Batter,28.25,1.0,1,85.0,0.039,0,0,525.28,41.11,92.77,0.0,0.0,0.0,42.4956,0.481,42.44,2028,H1,Jan-Jun
Dhruv Jurel,India,Wicketkeeper,27.25,1.0,1,60.0,0.8529,1,0,379.68,41.46,91.63,0.0,0.0,0.0,42.011,0.3178,41.84,2028,H1,Jan-Jun
Digvesh Rathi,India,Spin Bowler,28.25,1.0,0,54.0,0.3626,0,0,89.4,15.57,74.8,27.72,5.35,0.0,35.7972,0.8637,35.79,2028,H1,Jan-Jun
Gurnoor Brar,India,Pace Bowler,27.25,1.0,1,49.0,0.1687,0,0,44.8,13.01,70.44,22.02,5.57,0.0,30.4477,0.2395,30.42,2028,H1,Jan-Jun
Hardik Pandya,India,Batting All-Rounder,34.25,1.0,1,193.0,-1.4176,0,1,522.65,40.21,87.89,11.08,6.16,0.0,47.4192,0.5599,47.19,2028,H1,Jan-Jun
Harsh Dubey,India,Bowling All-Rounder,26.25,1.0,1,66.0,0.7898,1,0,545.69,44.37,96.51,32.6,5.17,0.0,62.2954,0.0171,57.24,2028,H1,Jan-Jun
Harshit Rana,India,Pace Bowler,25.25,1.0,1,64.0,-0.1021,0,0,40.56,11.47,80.63,26.37,5.18,0.0,33.1019,0.3885,33.03,2028,H1,Jan-Jun
Ishan Kishan,India,Wicketkeeper,30.25,1.0,1,143.0,0.1316,0,0,714.11,47.14,102.72,0.0,0.0,0.0,48.6611,0.7065,48.58,2028,H1,Jan-Jun
Jasprit Bumrah,India,Pace Bowler,34.25,1.0,1,173.0,1.893,1,0,27.59,10.62,63.04,89.83,4.71,0.0,61.1421,0.986,57.56,2028,H1,Jan-Jun
Jitesh Sharma,India,Wicketkeeper,34.25,1.0,1,100.0,0.2796,0,0,513.44,37.8,94.09,0.0,0.0,0.0,40.4308,0.3041,40.44,2028,H1,Jan-Jun
KL Rahul,India,Wicketkeeper,36.25,0.75,1,168.2,-0.8516,0,1,433.97,39.97,84.84,0.0,0.0,0.0,40.2532,0.0907,39.25,2028,H1,Jan-Jun
KS Bharat,India,Wicketkeeper,34.25,1.0,1,60.0,0.1394,0,0,238.82,32.76,78.98,0.0,0.0,0.0,33.861,0.1365,33.96,2028,H1,Jan-Jun
Kartik Sharma,India,Wicketkeeper,23.25,1.0,1,50.0,1.3296,1,0,443.14,46.98,112.32,0.0,0.0,0.0,48.8938,0.4293,48.58,2028,H1,Jan-Jun
Karun Nair,India,Top Order Batter,36.25,0.6875,1,94.0,-0.4225,0,0,371.14,42.79,84.26,0.0,0.0,0.0,41.8122,0.1003,40.68,2028,H1,Jan-Jun
Khaleel Ahmed,India,Pace Bowler,30.25,1.0,1,93.0,-1.1822,0,1,37.65,16.87,74.03,27.04,5.37,0.0,36.0189,0.6787,35.97,2028,H1,Jan-Jun
Kuldeep Yadav,India,Spin Bowler,33.25,1.0,1,163.0,-1.7942,0,1,59.74,10.74,62.98,23.35,5.37,0.0,28.6306,0.5434,28.55,2028,H1,Jan-Jun
Kumar Kushagra,India,Wicketkeeper,23.25,1.0,1,56.0,0.9844,1,0,491.96,48.86,97.81,0.0,0.0,0.0,48.2598,0.3449,48.18,2028,H1,Jan-Jun
Manav Suthar,India,Spin Bowler,26.25,1.0,1,56.0,0.2155,0,0,165.31,24.23,77.82,28.46,5.19,0.0,42.707,0.9575,42.68,2028,H1,Jan-Jun
Mangesh Yadav,India,Pace Bowler,25.25,1.0,1,61.0,0.277,0,0,71.12,16.75,78.62,27.23,5.39,0.0,36.8096,0.754,36.69,2028,H1,Jan-Jun
Mayank Yadav,India,Pace Bowler,26.25,1.0,1,49.0,0.0713,0,0,21.27,9.61,68.48,20.39,5.36,0.0,27.073,0.1474,26.76,2028,H1,Jan-Jun
Mohammed Shami,India,Pace Bowler,38.25,0.0,0,160.0,-1.4329,0,1,4.58,6.09,58.93,11.1,5.91,0.0,18.608,0.0082,18.48,2028,H1,Jan-Jun
Mohammed Siraj,India,Pace Bowler,34.25,0.95,1,181.8,-2.0001,0,1,29.59,8.76,60.61,27.27,5.7,0.0,28.6789,0.2161,28.37,2028,H1,Jan-Jun
Mukesh Kumar,India,Pace Bowler,34.25,1.0,1,90.0,-1.2457,0,1,21.6,13.93,63.92,20.38,5.91,0.0,29.1513,0.2171,29.05,2028,H1,Jan-Jun
Nithish Kumar Reddy,India,Batting All-Rounder,25.25,1.0,1,53.0,1.8849,1,0,499.07,44.61,105.17,18.48,4.98,0.0,56.6799,0.6998,57.25,2028,H1,Jan-Jun
Prabhsimran Singh,India,Wicketkeeper,28.25,1.0,1,93.0,0.8032,1,0,688.36,46.6,105.62,0.0,0.0,0.0,48.6173,0.3651,48.58,2028,H1,Jan-Jun
Prashant Veer,India,Batting All-Rounder,26.25,1.0,1,52.0,2.0276,1,0,463.56,46.44,103.38,14.95,5.79,0.0,55.5446,0.7663,54.09,2028,H1,Jan-Jun
Prasidh Krishna,India,Pace Bowler,32.25,1.0,1,108.0,-1.619,0,1,16.11,5.37,58.72,25.69,5.64,0.0,25.3396,0.1811,24.97,2028,H1,Jan-Jun
Prince Yadav,India,Pace Bowler,27.25,1.0,1,61.0,0.0246,0,0,36.18,11.12,66.7,24.58,6.08,0.0,29.7412,0.2434,29.55,2028,H1,Jan-Jun
Rajat Patidar,India,Middle Order Batter,34.25,1.0,1,70.0,-0.1297,0,0,430.7,37.03,88.22,0.0,0.0,0.0,38.7624,0.5006,38.82,2028,H1,Jan-Jun
Ramandeep Singh,India,Batting All-Rounder,31.25,1.0,1,72.0,1.1133,1,0,479.39,43.77,99.48,18.94,6.28,0.0,55.1003,0.7354,53.94,2028,H1,Jan-Jun
Ravi Ashwin,India,Spin Bowler,41.25,0.0,0,190.0,-3.261,0,1,6.99,10.85,68.05,3.75,5.09,0.0,19.7387,0.0139,19.8,2028,H1,Jan-Jun
Ravi Bishnoi,India,Spin Bowler,28.25,1.0,1,108.0,-0.2805,0,0,60.73,15.18,70.84,29.55,5.33,0.0,35.7617,0.8201,35.65,2028,H1,Jan-Jun
Ravindra Jadeja,India,Bowling All-Rounder,39.25,0.15,1,212.4,-1.4028,0,1,162.14,35.22,84.83,7.12,5.25,0.0,40.5838,0.0046,39.61,2028,H1,Jan-Jun
Rinku Singh,India,Middle Order Batter,31.25,1.0,1,108.0,1.0572,1,0,639.82,47.36,111.36,0.0,0.0,0.0,49.7599,0.8437,49.53,2028,H1,Jan-Jun
Rishabh Pant,India,Wicketkeeper,30.25,1.0,1,123.0,-0.3609,0,0,570.81,43.57,94.95,0.0,0.0,0.0,44.6221,0.3317,44.56,2028,H1,Jan-Jun
Riyan Parag,India,Batting All-Rounder,26.25,1.0,1,113.0,1.0461,1,0,779.24,44.89,101.17,18.09,6.01,0.0,56.8782,0.9007,57.37,2028,H1,Jan-Jun
Rohit Sharma,India,Top Order Batter,41.25,0.0,0,275.0,-1.4563,0,1,104.21,38.94,83.2,0.0,0.0,0.0,38.0743,0.0163,38.13,2028,H1,Jan-Jun
Ruturaj Gaikwad,India,Top Order Batter,31.25,1.0,1,108.0,1.4894,1,0,710.59,49.05,100.03,0.0,0.0,0.0,49.5374,0.7034,49.54,2028,H1,Jan-Jun
Sai Sudharsan,India,Top Order Batter,26.25,1.0,1,68.0,0.5815,1,0,838.85,54.21,101.84,0.0,0.0,0.0,53.7279,0.9045,54.12,2028,H1,Jan-Jun
Sakib Hussain,India,Pace Bowler,23.25,1.0,1,46.0,0.1904,0,0,41.18,11.04,73.31,23.39,5.6,0.0,30.191,0.2654,30.15,2028,H1,Jan-Jun
Salil Arora,India,Wicketkeeper,25.25,1.0,1,63.0,0.6122,1,0,420.14,42.85,92.49,0.0,0.0,0.0,43.2156,0.2822,43.29,2028,H1,Jan-Jun
Sanju Samson,India,Wicketkeeper,33.25,1.0,1,143.0,0.273,0,0,698.53,42.61,91.08,0.0,0.0,0.0,43.9153,0.6305,43.92,2028,H1,Jan-Jun
Sarfaraz Khan,India,Middle Order Batter,30.25,1.0,1,73.0,0.1166,0,0,541.72,49.89,97.64,0.0,0.0,0.0,49.1124,0.7135,48.92,2028,H1,Jan-Jun
Sarthak Ranjan,India,Middle Order Batter,25.25,1.0,1,42.0,1.8025,1,0,370.78,48.63,99.18,0.0,0.0,0.0,37.8402,0.5855,47.79,2028,H1,Jan-Jun
Shardul Thakur,India,Bowling All-Rounder,36.25,0.5833,1,155.0,-0.844,0,1,384.12,33.27,85.1,15.79,5.99,0.0,44.2027,0.0098,41.04,2028,H1,Jan-Jun
Shivam Dube,India,Batting All-Rounder,35.25,0.9583,1,122.0,-0.6292,0,1,534.13,38.5,87.16,3.67,6.98,0.0,42.4341,0.3148,42.06,2028,H1,Jan-Jun
Shreyas Iyer,India,Middle Order Batter,33.25,1.0,1,183.0,-0.3177,0,0,832.65,45.88,90.88,0.0,0.0,0.0,46.5797,0.9294,46.57,2028,H1,Jan-Jun
Shubman Gill,India,Top Order Batter,29.25,1.0,1,163.0,-0.8876,0,1,1002.11,51.04,100.02,0.0,0.0,0.0,51.9751,0.9482,51.37,2028,H1,Jan-Jun
Suryakumar Yadav,India,Middle Order Batter,38.25,0.0,0,145.0,-0.3177,0,0,192.36,42.4,97.28,0.0,0.0,0.0,42.7318,0.0262,41.12,2028,H1,Jan-Jun
Suryansh Shedge,India,Batting All-Rounder,24.25,1.0,1,46.0,1.46,1,0,381.45,42.61,102.76,13.79,5.89,0.0,51.9958,0.7409,51.32,2028,H1,Jan-Jun
Tejasvi Dahiya,India,Wicketkeeper,24.25,1.0,1,47.0,0.9948,1,0,386.81,48.57,97.58,0.0,0.0,0.0,47.6325,0.3331,47.79,2028,H1,Jan-Jun
Tushar Deshpande,India,Pace Bowler,33.25,1.0,1,84.0,-0.8291,0,1,30.67,13.63,65.46,18.42,6.49,0.0,28.1189,0.2154,27.98,2028,H1,Jan-Jun
Vaibhav Suryavanshi,India,Top Order Batter,17.25,1.0,1,36.0,4.4262,1,0,1123.46,47.57,112.1,0.0,0.0,0.0,51.8497,0.9109,51.36,2028,H1,Jan-Jun
Varun Chakravarthy,India,Spin Bowler,37.25,0.625,1,105.0,-0.3543,0,0,22.06,14.95,66.37,21.17,5.35,0.0,30.7212,0.2622,28.55,2028,H1,Jan-Jun
Virat Kohli,India,Top Order Batter,39.25,0.2917,0,305.0,-0.4963,0,0,519.71,56.66,92.01,0.0,0.0,0.0,52.7404,0.0597,44.14,2028,H1,Jan-Jun
Washington Sundar,India,Bowling All-Rounder,28.25,1.0,1,100.0,0.1695,0,0,505.53,45.66,99.67,20.56,4.73,0.0,57.7258,0.0151,57.22,2028,H1,Jan-Jun
Yash Thakur,India,Pace Bowler,28.25,1.0,1,60.0,-0.1711,0,0,33.6,15.18,71.75,25.05,5.7,0.0,33.4855,0.4146,33.35,2028,H1,Jan-Jun
Yashasvi Jaiswal,India,Top Order Batter,26.25,1.0,1,90.0,-0.2176,0,0,679.06,44.97,99.64,0.0,0.0,0.0,56.6394,0.9647,56.57,2028,H1,Jan-Jun
Adam Leckey,Ireland,Pace Bowler,23.25,1.0,1,38.0,1.502,1,0,51.19,15.59,78.26,23.1,5.42,0.0,33.8815,0.3565,33.74,2028,H1,Jan-Jun
Andrew Balbirnie,Ireland,Top Order Batter,37.25,0.1875,1,213.0,-1.5995,0,1,214.29,25.55,71.49,0.0,0.0,0.0,27.8863,0.0375,28.12,2028,H1,Jan-Jun
Andy McBrine,Ireland,Bowling All-Rounder,35.25,0.95,1,135.8,0.1867,0,0,464.06,28.01,77.23,32.8,5.99,0.0,48.1841,0.0151,46.76,2028,H1,Jan-Jun
Barry McCarthy,Ireland,Pace Bowler,35.25,0.875,1,137.0,-1.214,0,1,72.77,16.51,70.56,35.17,6.12,0.0,39.1938,0.6972,37.57,2028,H1,Jan-Jun
Ben Calitz,Ireland,Middle Order Batter,27.25,1.0,1,56.0,1.5226,1,0,557.63,38.15,92.16,0.0,0.0,0.0,40.5569,0.8167,40.57,2028,H1,Jan-Jun
Ben White,Ireland,Spin Bowler,29.25,1.0,1,89.0,-0.2932,0,0,71.23,17.79,79.6,39.18,4.91,0.0,43.6379,0.8788,43.39,2028,H1,Jan-Jun
Cade Carmichael,Ireland,Middle Order Batter,26.25,1.0,1,66.0,1.6499,1,0,601.62,38.22,87.7,0.0,0.0,0.0,40.1336,0.9273,40.2,2028,H1,Jan-Jun
Chris de Freitas,Ireland,Top Order Batter,27.25,1.0,1,43.0,1.3176,1,0,305.72,32.34,91.24,0.0,0.0,0.0,35.5886,0.7767,35.69,2028,H1,Jan-Jun
Cian Carmichael,Ireland,Top Order Batter,26.25,1.0,1,36.0,1.5431,1,0,236.36,33.27,87.99,0.0,0.0,0.0,35.48,0.7201,35.55,2028,H1,Jan-Jun
Craig Young,Ireland,Pace Bowler,36.25,0.5833,1,111.0,-0.6428,0,1,32.83,11.34,66.23,23.13,6.74,0.0,28.9618,0.0279,27.71,2028,H1,Jan-Jun
Curtis Campher,Ireland,Bowling All-Rounder,29.25,1.0,1,156.0,-0.2978,0,0,722.53,37.74,91.69,37.55,5.43,0.0,60.1965,0.0457,57.33,2028,H1,Jan-Jun
Fionn Hand,Ireland,Pace Bowler,30.25,1.0,1,107.0,-0.2212,0,0,75.58,14.32,79.51,39.67,5.27,0.0,41.447,0.5807,41.19,2028,H1,Jan-Jun
Gareth Delany,Ireland,Batting All-Rounder,31.25,1.0,1,130.0,-0.3094,0,0,550.05,29.11,85.9,21.53,5.85,0.0,45.0129,0.7634,44.96,2028,H1,Jan-Jun
Gavin Hoey,Ireland,Spin Bowler,25.25,1.0,1,70.0,1.6008,1,0,243.2,30.46,86.18,33.09,5.28,0.0,50.5898,0.9785,50.11,2028,H1,Jan-Jun
Gavin Roulston,Ireland,Middle Order Batter,25.25,1.0,1,46.0,2.0579,1,0,355.12,39.44,90.6,0.0,0.0,0.0,40.4224,0.8094,40.44,2028,H1,Jan-Jun
George Dockrell,Ireland,Batting All-Rounder,35.25,0.9167,1,180.0,-0.9925,0,1,410.09,24.09,73.44,15.91,5.95,0.0,36.5782,0.2762,35.5,2028,H1,Jan-Jun
Graham Hume,Ireland,Pace Bowler,37.25,0.0,0,112.0,-0.914,0,1,16.57,13.82,70.65,10.94,6.02,0.0,25.382,0.0138,24.5,2028,H1,Jan-Jun
Harry Tector,Ireland,Top Order Batter,28.25,1.0,1,175.0,0.4733,0,0,1055.74,40.54,91.91,1.96,5.82,0.0,45.8715,0.9487,45.93,2028,H1,Jan-Jun
Jai Moondra,Ireland,Pace Bowler,25.25,1.0,1,45.0,1.2562,1,0,52.0,15.36,83.36,27.64,5.04,0.0,36.7975,0.4549,36.69,2028,H1,Jan-Jun
Jake Egan,Ireland,Top Order Batter,24.25,1.0,1,42.0,1.8563,1,0,407.14,40.72,97.49,0.0,0.0,0.0,42.4598,0.8548,42.44,2028,H1,Jan-Jun
James West,Ireland,Top Order Batter,25.25,1.0,1,44.0,1.7561,1,0,372.85,37.28,92.0,0.0,0.0,0.0,39.2491,0.8487,39.19,2028,H1,Jan-Jun
Jordan Neill,Ireland,Pace Bowler,26.25,1.0,1,59.0,0.6817,1,0,55.08,12.39,79.22,30.0,5.32,0.0,35.2997,0.4664,35.27,2028,H1,Jan-Jun
Josh Little,Ireland,Pace Bowler,28.25,1.0,1,122.0,-0.6463,0,1,54.92,19.14,76.11,37.59,5.77,0.0,42.941,0.8225,42.64,2028,H1,Jan-Jun
Liam McCarthy,Ireland,Pace Bowler,29.25,1.0,1,65.0,0.8579,1,0,67.65,15.29,79.1,35.57,5.29,0.0,39.9959,0.631,39.79,2028,H1,Jan-Jun
Lorcan Tucker,Ireland,Wicketkeeper,32.25,1.0,1,130.0,0.5,0,0,690.13,30.2,78.78,0.0,0.0,0.0,33.845,0.6974,33.96,2028,H1,Jan-Jun
Luke Murray,Ireland,Wicketkeeper,25.25,1.0,1,39.0,1.9319,1,0,337.98,36.75,91.33,0.0,0.0,0.0,38.6667,0.4142,38.82,2028,H1,Jan-Jun
Mark Adair,Ireland,Bowling All-Rounder,32.25,1.0,1,183.0,-2.7607,0,1,358.62,22.29,81.23,32.21,6.45,0.0,44.1476,0.0834,44.13,2028,H1,Jan-Jun
Matt Hollard,Ireland,Batting All-Rounder,25.25,1.0,1,47.0,2.1049,1,0,294.33,35.06,91.93,19.13,5.37,0.0,47.8278,0.833,47.83,2028,H1,Jan-Jun
Matthew Foster,Ireland,Pace Bowler,28.25,1.0,1,56.0,0.8945,1,0,55.14,12.61,70.27,28.79,5.87,0.0,33.4253,0.2736,33.35,2028,H1,Jan-Jun
Matthew Humphreys,Ireland,Spin Bowler,25.25,1.0,1,73.0,0.2956,0,0,77.08,14.75,76.25,35.45,5.15,0.0,39.2494,0.9139,39.03,2028,H1,Jan-Jun
Morgan Topping,Ireland,Middle Order Batter,24.25,1.0,1,50.0,1.7408,1,0,480.31,38.78,98.09,0.0,0.0,0.0,41.5302,0.8742,41.64,2028,H1,Jan-Jun
Neil Rock,Ireland,Wicketkeeper,27.25,1.0,1,79.0,0.9481,1,0,419.21,32.39,85.42,0.0,0.0,0.0,35.2226,0.3228,35.32,2028,H1,Jan-Jun
Paul Stirling,Ireland,Batting All-Rounder,37.25,0.35,1,366.0,-4.0064,0,1,418.77,24.07,75.12,1.97,7.32,0.0,29.758,0.0052,29.49,2028,H1,Jan-Jun
Peter Moor,Ireland,Wicketkeeper,37.25,0.4375,1,111.5,-0.7797,0,1,83.12,20.5,73.23,0.0,0.0,0.0,24.2657,0.0071,23.89,2028,H1,Jan-Jun
Reuben Wilson,Ireland,Pace Bowler,23.25,1.0,1,49.0,1.8185,1,0,150.92,28.57,90.64,30.04,4.94,0.0,48.2359,0.9608,48.11,2028,H1,Jan-Jun
Ross Adair,Ireland,Middle Order Batter,33.25,1.0,1,94.0,0.9123,1,0,740.36,35.56,86.46,0.0,0.0,0.0,38.7106,0.8985,38.82,2028,H1,Jan-Jun
Sam Topping,Ireland,Middle Order Batter,25.25,1.0,1,52.0,1.9326,1,0,475.99,39.61,94.46,0.0,0.0,0.0,41.5485,0.8289,41.64,2028,H1,Jan-Jun
Scott Macbeth,Ireland,Pace Bowler,27.25,1.0,1,40.0,1.2961,1,0,52.28,15.49,72.57,22.6,5.75,0.0,32.6706,0.2021,32.55,2028,H1,Jan-Jun
Seamus Lynch,Ireland,Wicketkeeper,26.25,1.0,1,49.0,1.7348,1,0,422.52,37.23,91.8,0.0,0.0,0.0,39.3765,0.5283,39.34,2028,H1,Jan-Jun
Sebastian Dijkstra,Ireland,Top Order Batter,24.25,1.0,1,35.0,1.571,1,0,270.89,33.91,90.8,0.0,0.0,0.0,36.4404,0.7573,36.48,2028,H1,Jan-Jun
Stephen Doheny,Ireland,Wicketkeeper,28.25,1.0,1,66.0,1.2326,1,0,554.34,35.71,89.02,0.0,0.0,0.0,38.4675,0.4031,38.41,2028,H1,Jan-Jun
Theo van Woerkom,Ireland,Pace Bowler,32.25,1.0,1,72.0,0.2844,0,0,54.64,13.02,72.53,26.42,5.91,0.0,32.8522,0.4326,32.75,2028,H1,Jan-Jun
Tim Tector,Ireland,Top Order Batter,25.25,1.0,1,59.0,1.649,1,0,527.95,36.37,92.21,0.0,0.0,0.0,39.2633,0.902,39.2,2028,H1,Jan-Jun
Tom Mayes,Ireland,Pace Bowler,26.25,1.0,1,54.0,1.337,1,0,72.45,16.61,82.31,33.02,5.17,0.0,40.1454,0.6854,40.03,2028,H1,Jan-Jun
Adam Milne,New Zealand,Pace Bowler,36.25,0.25,1,209.0,-2.8034,0,1,17.73,12.99,68.42,12.12,6.49,0.0,24.9875,0.0141,24.49,2028,H1,Jan-Jun
Adithya Ashok,New Zealand,Spin Bowler,25.25,1.0,1,52.0,0.5087,1,0,65.93,13.86,87.79,29.64,4.44,0.0,37.6897,0.8258,37.64,2028,H1,Jan-Jun
Ajaz Patel,New Zealand,Spin Bowler,39.25,0.125,1,89.0,-2.0677,0,1,2.55,6.36,60.55,3.75,5.32,0.0,15.5812,0.0188,15.55,2028,H1,Jan-Jun
Ben Lister,New Zealand,Pace Bowler,32.25,1.0,1,97.0,0.2277,0,0,64.18,16.1,76.57,41.4,5.64,0.0,42.9096,0.6543,42.64,2028,H1,Jan-Jun
Ben Sears,New Zealand,Pace Bowler,30.25,1.0,1,92.0,0.6359,1,0,49.11,15.29,80.1,45.22,5.33,0.0,44.7711,0.6798,44.37,2028,H1,Jan-Jun
Benjamin Jacobs,New Zealand,Middle Order Batter,26.25,1.0,1,43.0,1.6761,1,0,320.26,32.77,91.24,0.0,0.0,0.0,35.9309,0.7406,36.11,2028,H1,Jan-Jun
Bharat Popli,New Zealand,Middle Order Batter,36.25,0.6875,1,79.0,0.5639,1,0,330.31,26.75,75.39,0.0,0.0,0.0,29.6868,0.2301,29.62,2028,H1,Jan-Jun
Blair Tickner,New Zealand,Pace Bowler,34.25,0.9167,1,120.0,-1.5604,0,1,30.18,11.35,67.28,22.53,6.95,0.0,28.777,0.1104,28.54,2028,H1,Jan-Jun
Cole McConchie,New Zealand,Batting All-Rounder,32.25,1.0,1,109.0,0.2715,0,0,481.25,28.17,83.91,17.23,5.66,0.0,41.787,0.4937,41.6,2028,H1,Jan-Jun
Curtis Heaphy,New Zealand,Batting All-Rounder,26.25,1.0,1,52.0,2.0963,1,0,468.94,34.18,89.92,19.59,5.3,0.0,47.8648,0.7806,47.84,2028,H1,Jan-Jun
Dane Cleaver,New Zealand,Wicketkeeper,35.25,0.9167,1,94.0,0.313,0,0,357.59,26.91,77.94,0.0,0.0,0.0,30.2621,0.0759,29.99,2028,H1,Jan-Jun
Daryl Foxcroft,New Zealand,Batting All-Rounder,29.25,1.0,1,79.0,2.4655,1,0,642.95,39.03,89.34,20.93,5.5,0.0,52.2772,0.8048,52.18,2028,H1,Jan-Jun
Daryl Mitchell,New Zealand,Batting All-Rounder,37.25,0.0,0,176.0,-2.0684,0,1,140.64,27.13,76.12,2.65,6.58,0.0,31.3458,0.0043,30.95,2028,H1,Jan-Jun
Devon Conway,New Zealand,Wicketkeeper,37.25,0.55,1,193.6,-1.1502,0,1,408.88,30.19,75.42,0.0,0.0,0.0,32.2857,0.0436,32.55,2028,H1,Jan-Jun
Finn Allen,New Zealand,Top Order Batter,29.25,1.0,1,188.0,-0.6176,0,1,952.56,35.09,96.45,0.0,0.0,0.0,40.6343,0.924,40.57,2028,H1,Jan-Jun
Fraser Sheat,New Zealand,Pace Bowler,26.25,1.0,1,53.0,1.0405,1,0,58.66,13.38,76.45,28.19,5.45,0.0,34.6551,0.3888,34.59,2028,H1,Jan-Jun
Glenn Phillips,New Zealand,Batting All-Rounder,32.25,1.0,1,228.0,-1.0925,0,1,873.77,31.88,90.36,20.94,5.95,0.0,48.42,0.8708,48.58,2028,H1,Jan-Jun
Henry Nicholls,New Zealand,Top Order Batter,37.25,0.0,0,92.0,-0.8776,0,1,48.45,17.4,71.17,0.0,0.0,0.0,21.7707,0.0116,21.78,2028,H1,Jan-Jun
Ish Sodhi,New Zealand,Spin Bowler,35.25,0.375,1,196.0,-2.8436,0,1,22.45,10.09,66.5,11.82,5.62,0.0,22.8536,0.0245,22.78,2028,H1,Jan-Jun
Jacob Cumming,New Zealand,Top Order Batter,26.25,1.0,1,49.0,1.4784,1,0,477.46,34.4,92.79,0.0,0.0,0.0,37.8394,0.8266,37.86,2028,H1,Jan-Jun
Jacob Duffy,New Zealand,Pace Bowler,33.25,1.0,1,96.0,0.5432,1,0,59.17,13.94,74.42,47.14,5.71,0.0,43.928,0.7487,43.73,2028,H1,Jan-Jun
Jayden Lennox,New Zealand,Pace Bowler,26.25,1.0,1,39.0,1.3839,1,0,42.38,13.5,80.33,25.73,5.12,0.0,34.1269,0.4498,33.96,2028,H1,Jan-Jun
Jesse Tashkoff,New Zealand,Batting All-Rounder,29.25,1.0,1,57.0,1.8598,1,0,483.69,31.93,87.61,21.36,5.4,0.0,46.9246,0.7539,46.93,2028,H1,Jan-Jun
Jimmy Neesham,New Zealand,Bowling All-Rounder,37.25,0.35,1,231.0,-1.7394,0,1,213.51,23.25,80.76,11.11,6.61,0.0,33.826,0.0048,33.0,2028,H1,Jan-Jun
Josh Clarkson,New Zealand,Batting All-Rounder,31.25,1.0,1,83.0,1.7262,1,0,614.7,31.59,87.14,20.67,5.69,0.0,46.7122,0.739,46.61,2028,H1,Jan-Jun
Katene Clarke,New Zealand,Top Order Batter,27.25,1.0,1,55.0,1.2402,1,0,474.73,33.35,90.68,0.0,0.0,0.0,36.8268,0.7377,36.91,2028,H1,Jan-Jun
Kristian Clarke,New Zealand,Bowling All-Rounder,26.25,1.0,1,49.0,1.8875,1,0,413.4,30.95,88.7,22.01,5.3,0.0,46.5061,0.0189,46.33,2028,H1,Jan-Jun
Kyle Jamieson,New Zealand,Pace Bowler,33.25,1.0,1,112.0,-0.8741,0,1,59.72,11.28,69.1,30.16,6.01,0.0,33.0236,0.4548,33.02,2028,H1,Jan-Jun
Lachlan Stackpole,New Zealand,Top Order Batter,25.25,1.0,1,40.0,1.4015,1,0,306.44,31.56,87.43,0.0,0.0,0.0,34.5263,0.7382,34.68,2028,H1,Jan-Jun
Lockie Ferguson,New Zealand,Pace Bowler,37.25,0.0,0,137.0,-1.4864,0,1,9.85,11.7,70.53,8.26,6.33,0.0,22.5458,0.0102,22.61,2028,H1,Jan-Jun
Mark Chapman,New Zealand,Batting All-Rounder,33.25,1.0,1,161.0,-0.2326,0,0,627.96,29.83,81.35,13.26,6.35,0.0,40.984,0.5793,40.95,2028,H1,Jan-Jun
Matt Bacon,New Zealand,Pace Bowler,33.25,1.0,1,61.0,0.4986,0,0,40.97,9.15,71.31,26.29,5.95,0.0,29.9704,0.106,30.01,2028,H1,Jan-Jun
Matt Henry,New Zealand,Pace Bowler,36.25,0.375,1,157.0,-1.2645,0,1,21.36,9.9,69.28,17.68,6.15,0.0,25.8522,0.0225,25.22,2028,H1,Jan-Jun
Matthew Boyle,New Zealand,Top Order Batter,26.25,1.0,1,47.0,1.6778,1,0,382.33,33.38,87.11,0.0,0.0,0.0,35.9841,0.8546,36.11,2028,H1,Jan-Jun
Matthew Fisher,New Zealand,Pace Bowler,27.25,1.0,1,42.0,1.1376,1,0,40.72,11.77,80.37,27.17,5.1,0.0,33.6823,0.4223,33.64,2028,H1,Jan-Jun
Max Chu,New Zealand,Wicketkeeper,29.25,1.0,1,49.0,1.5857,1,0,409.29,35.62,91.48,0.0,0.0,0.0,38.2061,0.5465,38.28,2028,H1,Jan-Jun
Michael Bracewell,New Zealand,Batting All-Rounder,37.25,0.0,0,130.0,0.1999,0,0,179.94,32.48,81.98,8.03,5.77,0.0,38.714,0.0089,38.71,2028,H1,Jan-Jun
Michael Rae,New Zealand,Pace Bowler,33.25,1.0,1,64.0,0.3501,0,0,34.12,10.51,69.84,25.07,6.12,0.0,30.0055,0.1513,30.05,2028,H1,Jan-Jun
Mitchell Hay,New Zealand,Wicketkeeper,32.25,1.0,1,80.0,1.5117,1,0,591.76,34.85,85.61,0.0,0.0,0.0,37.5489,0.4759,37.64,2028,H1,Jan-Jun
Mitchell Santner,New Zealand,Spin Bowler,36.25,0.375,1,241.0,-1.1665,0,1,274.17,28.32,80.27,19.62,5.16,0.0,41.8914,0.1847,39.42,2028,H1,Jan-Jun
Muhammad Abbas,New Zealand,Top Order Batter,27.25,1.0,1,30.0,0.2739,0,0,37.48,13.37,69.37,0.0,0.0,0.0,18.7828,0.0861,18.85,2028,H1,Jan-Jun
Nathan Smith,New Zealand,Pace Bowler,29.25,1.0,1,88.0,0.9517,1,0,209.34,27.56,90.65,36.76,5.17,0.0,50.9926,0.9064,51.28,2028,H1,Jan-Jun
Nicholas Kelly,New Zealand,Middle Order Batter,32.25,1.0,1,62.0,1.3841,1,0,528.78,31.54,86.2,0.0,0.0,0.0,35.1847,0.814,35.32,2028,H1,Jan-Jun
Rachin Ravindra,New Zealand,Batting All-Rounder,28.25,1.0,1,109.0,1.0588,1,0,909.15,39.32,91.26,24.86,5.41,0.0,55.7061,0.8822,54.16,2028,H1,Jan-Jun
Rhys Mariu,New Zealand,Middle Order Batter,26.25,1.0,1,61.0,1.4087,1,0,566.79,36.97,97.53,0.0,0.0,0.0,40.5723,0.8308,40.57,2028,H1,Jan-Jun
Rohit Gulati,New Zealand,Top Order Batter,26.25,1.0,1,38.0,1.2059,1,0,265.74,31.05,93.47,0.0,0.0,0.0,34.8943,0.5902,35.03,2028,H1,Jan-Jun
Simon Johnston,New Zealand,Top Order Batter,25.25,1.0,1,42.0,1.5606,1,0,305.23,37.09,95.43,0.0,0.0,0.0,39.3549,0.8426,39.34,2028,H1,Jan-Jun
Simon Keene,New Zealand,Pace Bowler,26.25,1.0,1,42.0,1.3373,1,0,54.44,16.13,78.42,24.43,5.25,0.0,34.978,0.3773,34.86,2028,H1,Jan-Jun
Tim Pringle,New Zealand,Spin Bowler,24.25,1.0,1,57.0,1.9026,1,0,368.28,36.01,98.53,30.61,4.77,0.0,55.4966,0.9786,53.93,2028,H1,Jan-Jun
Tim Robinson,New Zealand,Middle Order Batter,25.25,1.0,1,72.0,1.7045,1,0,828.63,42.39,100.47,0.0,0.0,0.0,45.607,0.9438,45.44,2028,H1,Jan-Jun
Tim Seifert,New Zealand,Wicketkeeper,33.25,1.0,1,208.0,-0.1157,0,0,861.44,33.18,84.46,0.0,0.0,0.0,37.2984,0.8174,37.41,2028,H1,Jan-Jun
Tim Southee,New Zealand,Pace Bowler,39.25,0.0,0,220.0,-3.6623,0,1,0.0,4.09,62.95,1.95,6.76,0.0,13.1783,0.004,13.04,2028,H1,Jan-Jun
Tom Blundell,New Zealand,Wicketkeeper,37.25,0.625,1,83.0,-0.1609,0,0,168.53,21.13,72.21,0.0,0.0,0.0,24.8658,0.0047,24.6,2028,H1,Jan-Jun
Tom Latham,New Zealand,Wicketkeeper,36.25,0.75,1,141.2,-0.754,0,1,234.12,23.46,75.95,0.0,0.0,0.0,27.2051,0.0535,27.34,2028,H1,Jan-Jun
Trent Boult,New Zealand,Pace Bowler,39.25,0.0,0,168.0,-3.6887,0,1,2.01,6.66,64.2,2.24,6.24,0.0,15.3264,0.0052,15.36,2028,H1,Jan-Jun
Will ORourke,New Zealand,Pace Bowler,27.25,1.0,1,70.0,1.0005,1,0,71.74,16.4,78.13,39.09,5.37,0.0,42.3092,0.7046,42.05,2028,H1,Jan-Jun
Will Young,New Zealand,Middle Order Batter,36.25,0.75,1,126.2,0.3119,0,0,396.64,29.43,79.89,0.0,0.0,0.0,32.3711,0.3927,32.52,2028,H1,Jan-Jun
Zak Foulkes,New Zealand,Pace Bowler,26.25,1.0,1,64.0,2.648,1,0,557.67,41.06,100.75,31.61,4.86,0.0,60.3607,0.9553,57.28,2028,H1,Jan-Jun
Zak Gibson,New Zealand,Pace Bowler,26.25,1.0,1,36.0,1.4059,1,0,40.1,12.78,75.91,23.36,5.5,0.0,31.7326,0.111,31.69,2028,H1,Jan-Jun
Aamir Jamal,Pakistan,Bowling All-Rounder,32.25,1.0,1,80.0,-0.3155,0,0,415.57,33.43,95.06,21.74,5.31,0.0,48.9433,0.0136,48.97,2028,H1,Jan-Jun
Abbas Afridi,Pakistan,Pace Bowler,27.25,1.0,1,65.0,-1.6149,0,1,112.0,19.65,92.03,44.3,5.31,0.0,49.1819,0.5537,48.73,2028,H1,Jan-Jun
Abdul Faseeh,Pakistan,Middle Order Batter,25.25,1.0,1,25.0,1.3386,1,0,49.49,18.55,92.12,0.0,0.0,0.0,25.5371,0.3525,25.52,2028,H1,Jan-Jun
Abdul Faseeh Jr,Pakistan,Middle Order Batter,25.25,1.0,1,26.0,0.7065,1,0,77.09,14.55,93.62,0.0,0.0,0.0,23.1881,0.1683,23.23,2028,H1,Jan-Jun
Abdul Samad,Pakistan,Middle Order Batter,26.25,1.0,1,85.0,-0.0361,0,0,946.61,43.22,109.15,0.0,0.0,0.0,47.8515,0.8344,47.79,2028,H1,Jan-Jun
Abdullah Fazal,Pakistan,Middle Order Batter,29.25,1.0,1,49.0,0.8042,1,0,393.22,42.34,100.43,0.0,0.0,0.0,43.9079,0.6689,43.92,2028,H1,Jan-Jun
Abdullah Shafique,Pakistan,Top Order Batter,28.25,1.0,1,109.0,-2.1327,0,1,947.42,44.98,88.44,0.0,0.0,0.0,46.0679,0.953,45.93,2028,H1,Jan-Jun
Abrar Ahmed,Pakistan,Spin Bowler,29.25,1.0,1,79.0,-3.1001,0,1,185.71,21.84,83.29,57.67,4.91,0.0,56.3383,0.8909,57.66,2028,H1,Jan-Jun
Ahmed Daniyal,Pakistan,Pace Bowler,31.25,1.0,1,53.0,-0.4139,0,0,151.92,18.46,92.18,40.43,5.52,0.0,46.6094,0.5268,46.55,2028,H1,Jan-Jun
Akif Javed,Pakistan,Pace Bowler,33.25,1.0,1,72.0,-1.04,0,1,130.94,17.28,81.84,36.55,6.29,0.0,42.1785,0.5838,42.22,2028,H1,Jan-Jun
Ali Raza,Pakistan,Pace Bowler,22.25,1.0,1,37.0,3.2668,1,0,184.1,26.56,114.49,54.85,4.94,0.0,62.5534,0.9196,57.18,2028,H1,Jan-Jun
Ali Usman,Pakistan,Spin Bowler,37.25,0.55,1,51.6,-0.6145,0,1,73.8,13.81,75.62,22.96,5.38,0.0,32.346,0.0462,29.73,2028,H1,Jan-Jun
Arafat Minhas,Pakistan,Bowling All-Rounder,24.25,1.0,1,56.0,1.2588,1,0,524.96,47.38,105.18,27.74,4.53,0.0,63.3232,0.0149,56.9,2028,H1,Jan-Jun
Asif Afridi,Pakistan,Spin Bowler,41.25,0.0,0,51.0,-2.2689,0,1,25.48,11.76,72.85,9.63,5.25,0.0,23.9244,0.0235,23.72,2028,H1,Jan-Jun
Awais Zafar,Pakistan,Middle Order Batter,33.25,1.0,1,62.0,0.2452,0,0,487.62,33.75,86.9,0.0,0.0,0.0,36.6024,0.6818,36.68,2028,H1,Jan-Jun
Azam Khan,Pakistan,Wicketkeeper,29.25,1.0,1,75.0,-0.3443,0,0,877.46,34.98,114.24,0.0,0.0,0.0,42.818,0.353,42.73,2028,H1,Jan-Jun
Azan Awais,Pakistan,Middle Order Batter,24.25,1.0,1,47.0,1.9917,1,0,625.42,52.52,109.37,0.0,0.0,0.0,52.8632,0.8381,52.55,2028,H1,Jan-Jun
Babar Azam,Pakistan,Top Order Batter,33.25,1.0,1,192.0,-4.4918,0,1,1211.49,43.88,89.48,0.0,0.0,0.0,46.4895,0.934,46.29,2028,H1,Jan-Jun
Faheem Ashraf,Pakistan,Bowling All-Rounder,34.25,0.875,1,109.0,-3.2527,0,1,570.55,28.29,84.4,42.14,6.1,0.0,54.3398,0.0112,49.84,2028,H1,Jan-Jun
Faisal Akram,Pakistan,Spin Bowler,25.25,1.0,1,51.0,0.0897,0,0,147.41,20.7,98.15,48.1,4.24,0.0,53.1554,0.6833,52.45,2028,H1,Jan-Jun
Fakhar Zaman,Pakistan,Top Order Batter,38.25,0.0,0,143.0,-4.7932,0,1,284.21,37.49,96.6,0.0,0.0,0.0,39.7089,0.0155,39.21,2028,H1,Jan-Jun
Ghazi Ghori,Pakistan,Wicketkeeper,24.25,1.0,1,44.0,1.8661,1,0,504.52,45.6,110.35,0.0,0.0,0.0,47.9255,0.4034,47.79,2028,H1,Jan-Jun
Haris Rauf,Pakistan,Pace Bowler,34.25,0.875,1,124.0,-6.1124,0,1,80.92,12.18,84.51,56.57,5.98,0.0,48.8192,0.656,44.91,2028,H1,Jan-Jun
Hasan Ali,Pakistan,Pace Bowler,33.25,1.0,1,144.0,-6.69,0,1,340.54,14.77,81.09,62.41,6.21,0.0,53.8485,0.9123,54.01,2028,H1,Jan-Jun
Haseebullah Khan,Pakistan,Wicketkeeper,24.25,1.0,1,52.0,1.7595,1,0,680.64,47.91,107.01,0.0,0.0,0.0,49.6606,0.5259,49.54,2028,H1,Jan-Jun
Hassan Nawaz,Pakistan,Middle Order Batter,24.25,1.0,1,46.0,3.0248,1,0,816.68,56.63,119.22,0.0,0.0,0.0,57.7427,0.942,56.93,2028,H1,Jan-Jun
Hussain Talat,Pakistan,Batting All-Rounder,32.25,1.0,1,93.0,-0.3581,0,0,674.09,36.56,94.22,27.59,5.48,0.0,54.7054,0.5404,54.02,2028,H1,Jan-Jun
Iftikhar Ahmed,Pakistan,Batting All-Rounder,37.25,0.0,0,129.0,-3.9999,0,1,254.71,33.63,83.33,8.09,5.67,0.0,40.0147,0.0169,39.06,2028,H1,Jan-Jun
Imad Wasim,Pakistan,Bowling All-Rounder,39.25,0.0,0,166.0,-9.8614,0,1,48.86,23.37,80.11,3.82,5.56,0.0,29.8678,0.003,29.16,2028,H1,Jan-Jun
Imam-ul-Haq,Pakistan,Top Order Batter,32.25,1.0,1,109.0,-2.7301,0,1,665.02,43.01,87.58,0.0,0.0,0.0,43.554,0.6136,43.56,2028,H1,Jan-Jun
Irfan Khan,Pakistan,Top Order Batter,26.25,1.0,1,61.0,1.9012,1,0,734.31,50.53,102.69,0.0,0.0,0.0,50.9956,0.8967,51.36,2028,H1,Jan-Jun
Jahandad Khan,Pakistan,Bowling All-Rounder,25.25,1.0,1,49.0,3.075,1,0,519.43,46.23,104.17,34.57,5.24,0.0,65.4719,0.018,57.38,2028,H1,Jan-Jun
Kamran Ghulam,Pakistan,Middle Order Batter,32.25,1.0,1,79.0,0.409,0,0,695.44,41.23,88.05,0.0,0.0,0.0,42.5496,0.7536,42.44,2028,H1,Jan-Jun
Kashif Ali,Pakistan,Pace Bowler,26.25,1.0,1,48.0,0.5927,1,0,152.57,18.79,94.2,38.65,5.46,0.0,46.2682,0.6468,46.27,2028,H1,Jan-Jun
Khawaja Nafay,Pakistan,Wicketkeeper,26.25,1.0,1,56.0,2.2118,1,0,952.83,51.31,110.94,0.0,0.0,0.0,53.5286,0.655,53.23,2028,H1,Jan-Jun
Khurram Shahzad,Pakistan,Pace Bowler,33.25,1.0,1,71.0,-0.4063,0,0,141.79,17.6,86.19,42.68,5.92,0.0,46.1353,0.5829,45.92,2028,H1,Jan-Jun
Khushdil Shah,Pakistan,Batting All-Rounder,33.25,1.0,1,114.0,-1.7074,0,1,949.74,40.07,98.51,39.23,5.45,0.0,64.4074,0.6678,57.29,2028,H1,Jan-Jun
Maaz Sadaqat,Pakistan,Batting All-Rounder,23.25,1.0,1,43.0,3.4321,1,0,677.23,61.15,116.71,23.6,4.72,0.0,72.6404,0.9121,57.25,2028,H1,Jan-Jun
Mir Hamza,Pakistan,Pace Bowler,35.25,0.95,1,58.8,-1.0573,0,1,48.41,8.35,72.1,29.81,6.19,0.0,31.2422,0.0538,30.92,2028,H1,Jan-Jun
Mohammad Abbas,Pakistan,Pace Bowler,38.25,0.35,1,43.0,-0.9006,0,1,26.53,7.64,73.82,15.65,5.56,0.0,24.1688,0.0112,23.7,2028,H1,Jan-Jun
Mohammad Ali,Pakistan,Pace Bowler,34.25,1.0,1,74.0,-0.6481,0,1,128.99,14.63,82.7,44.79,6.14,0.0,44.5852,0.4849,44.54,2028,H1,Jan-Jun
Mohammad Amir,Pakistan,Pace Bowler,36.25,0.4375,1,101.5,-5.6365,0,1,27.26,9.0,68.72,14.58,6.31,0.0,23.6443,0.0289,23.42,2028,H1,Jan-Jun
Mohammad Faiq,Pakistan,Top Order Batter,25.25,1.0,1,39.0,2.6175,1,0,470.96,52.48,111.67,0.0,0.0,0.0,52.5764,0.8724,52.57,2028,H1,Jan-Jun
Mohammad Haris,Pakistan,Wicketkeeper,27.25,1.0,1,80.0,1.2055,1,0,817.57,43.09,105.44,0.0,0.0,0.0,46.7424,0.4477,46.57,2028,H1,Jan-Jun
Mohammad Hasnain,Pakistan,Pace Bowler,28.25,1.0,1,99.0,-2.4027,0,1,112.91,13.41,90.13,57.83,5.6,0.0,51.2779,0.6116,51.32,2028,H1,Jan-Jun
Mohammad Huraira,Pakistan,Top Order Batter,26.25,1.0,1,60.0,1.77,1,0,789.89,45.15,99.66,0.0,0.0,0.0,47.1849,0.8789,47.14,2028,H1,Jan-Jun
Mohammad Nawaz,Pakistan,Bowling All-Rounder,34.25,0.9375,1,149.5,-4.4159,0,1,765.97,31.27,87.4,55.04,5.12,0.0,64.0732,0.0317,57.55,2028,H1,Jan-Jun
Mohammad Rizwan,Pakistan,Wicketkeeper,36.25,0.55,1,147.6,-2.6697,0,1,773.14,43.93,88.49,0.0,0.0,0.0,44.7101,0.1225,41.57,2028,H1,Jan-Jun
Mohammad Wasim,Pakistan,Pace Bowler,27.25,1.0,1,81.0,-1.7049,0,1,141.76,13.95,97.1,53.32,5.04,0.0,50.7107,0.5723,51.44,2028,H1,Jan-Jun
Mubasir Khan,Pakistan,Bowling All-Rounder,26.25,1.0,1,66.0,1.5054,1,0,632.5,45.6,107.42,37.74,4.88,0.0,67.6165,0.0185,57.48,2028,H1,Jan-Jun
Naseem Shah,Pakistan,Pace Bowler,25.25,1.0,1,84.0,-1.3674,0,1,126.25,14.44,90.97,50.58,5.08,0.0,48.75,0.6363,48.52,2028,H1,Jan-Jun
Noman Ali,Pakistan,Spin Bowler,42.25,0.0,0,31.0,-0.7494,0,1,11.32,7.62,70.12,8.41,5.24,0.0,20.1249,0.0154,20.06,2028,H1,Jan-Jun
Omair Yousuf,Pakistan,Middle Order Batter,30.25,1.0,1,69.0,0.6701,1,0,643.24,37.69,96.45,0.0,0.0,0.0,41.1897,0.6996,41.14,2028,H1,Jan-Jun
Qasim Akram,Pakistan,Batting All-Rounder,25.25,1.0,1,71.0,1.8237,1,0,535.8,45.68,106.72,24.36,4.93,0.0,60.6459,0.7306,57.27,2028,H1,Jan-Jun
Saad Masood,Pakistan,Top Order Batter,26.25,1.0,1,41.0,2.6207,1,0,538.11,49.0,108.96,0.0,0.0,0.0,50.1232,0.8272,50.16,2028,H1,Jan-Jun
Sahibzada Farhan,Pakistan,Wicketkeeper,32.25,1.0,1,122.0,-0.2614,0,0,1259.36,45.72,95.82,0.0,0.0,0.0,48.806,0.6968,48.58,2028,H1,Jan-Jun
Saim Ayub,Pakistan,Batting All-Rounder,26.25,1.0,1,90.0,0.0838,0,0,1201.53,50.19,110.23,30.21,4.95,0.0,69.5461,0.7544,57.49,2028,H1,Jan-Jun
Sajid Khan,Pakistan,Spin Bowler,35.25,0.6875,1,60.0,-1.6044,0,1,86.2,12.8,80.44,33.86,4.79,0.0,37.9301,0.1845,35.6,2028,H1,Jan-Jun
Salman Ali Agha,Pakistan,Batting All-Rounder,34.25,0.9375,1,121.5,-2.2557,0,1,1108.2,41.15,95.29,26.1,4.95,0.0,59.0148,0.622,55.11,2028,H1,Jan-Jun
Salman Mirza,Pakistan,Pace Bowler,31.25,1.0,1,49.0,0.8651,1,0,133.45,16.05,94.75,40.12,5.18,0.0,45.2487,0.6153,45.16,2028,H1,Jan-Jun
Saud Shakeel,Pakistan,Top Order Batter,33.25,1.0,1,83.0,0.506,1,0,758.06,46.23,82.03,0.0,0.0,0.0,45.2636,0.827,45.17,2028,H1,Jan-Jun
Shadab Khan,Pakistan,Bowling All-Rounder,30.25,1.0,1,155.0,-4.4196,0,1,1175.23,41.26,106.12,71.21,4.7,0.0,83.0249,0.0456,57.89,2028,H1,Jan-Jun
Shaheen Afridi,Pakistan,Pace Bowler,28.25,1.0,1,126.0,-5.4713,0,1,130.16,11.64,88.65,84.27,4.76,0.0,63.1393,0.8653,58.43,2028,H1,Jan-Jun
Shahzaib Khan,Pakistan,Middle Order Batter,26.25,1.0,1,43.0,2.4534,1,0,515.5,47.05,106.96,0.0,0.0,0.0,48.4501,0.7995,48.58,2028,H1,Jan-Jun
Shamyl Hussain,Pakistan,Middle Order Batter,23.25,1.0,1,42.0,3.9117,1,0,758.96,61.69,114.21,0.0,0.0,0.0,60.1823,0.9558,57.04,2028,H1,Jan-Jun
Shan Masood,Pakistan,Top Order Batter,38.25,0.0,0,75.0,-0.428,0,0,149.13,31.4,80.09,0.0,0.0,0.0,32.7704,0.0265,33.15,2028,H1,Jan-Jun
Sufiyan Muqeem,Pakistan,Spin Bowler,27.25,1.0,1,53.0,1.301,1,0,179.13,22.48,93.46,54.75,4.52,0.0,56.9177,0.9255,57.57,2028,H1,Jan-Jun
Tayyab Tahir,Pakistan,Middle Order Batter,34.25,1.0,1,94.0,0.733,1,0,846.15,45.35,92.5,0.23,5.59,0.0,47.5811,0.5252,47.19,2028,H1,Jan-Jun
Ubaid Shah,Pakistan,Pace Bowler,23.25,1.0,1,45.0,1.567,1,0,156.78,19.56,105.28,42.52,4.92,0.0,50.4448,0.7535,50.1,2028,H1,Jan-Jun
Usama Mir,Pakistan,Spin Bowler,32.25,1.0,1,74.0,-0.7556,0,1,285.39,24.57,96.83,50.94,4.73,0.0,57.2535,0.8842,57.34,2028,H1,Jan-Jun
Usman Khan,Pakistan,Wicketkeeper,32.25,1.0,1,87.0,0.9113,1,0,1073.46,46.93,106.17,0.0,0.0,0.0,50.3843,0.6985,50.16,2028,H1,Jan-Jun
Usman Tariq,Pakistan,Spin Bowler,29.25,1.0,1,50.0,1.5712,1,0,196.29,19.63,99.81,48.71,4.47,0.0,53.0595,0.8859,52.47,2028,H1,Jan-Jun
Yasir Khan,Pakistan,Top Order Batter,25.25,1.0,1,47.0,2.5914,1,0,685.23,51.12,111.11,0.0,0.0,0.0,52.4059,0.8853,52.6,2028,H1,Jan-Jun
Zahid Mahmood,Pakistan,Pace Bowler,40.25,0.0,0,49.0,-1.0963,0,1,23.07,9.6,76.93,10.22,6.42,0.0,23.0488,0.0053,22.96,2028,H1,Jan-Jun
Zaman Khan,Pakistan,Pace Bowler,26.25,1.0,1,72.0,-0.0384,0,0,140.69,17.75,96.29,53.85,5.42,0.0,53.2661,0.5573,52.68,2028,H1,Jan-Jun
Aiden Markram,South Africa,Top Order Batter,33.25,1.0,1,208.0,-4.6912,0,1,1040.11,37.47,95.29,18.34,5.18,0.0,52.4318,0.9185,52.59,2028,H1,Jan-Jun
Alfred Mothoa,South Africa,Pace Bowler,26.25,1.0,1,45.0,1.4454,1,0,92.35,14.6,101.16,27.73,5.43,0.0,38.9112,0.5681,38.75,2028,H1,Jan-Jun
Andile Phehlukwayo,South Africa,Bowling All-Rounder,32.25,1.0,1,183.0,-5.8708,0,1,493.83,24.51,90.42,32.19,5.91,0.0,47.5694,0.0343,47.14,2028,H1,Jan-Jun
Andile Simelane,South Africa,Bowling All-Rounder,24.25,1.0,1,61.0,0.396,0,0,255.27,29.23,103.62,19.06,5.07,0.0,45.5205,0.0122,45.48,2028,H1,Jan-Jun
Anrich Nortje,South Africa,Pace Bowler,34.25,0.9375,1,131.5,-3.4491,0,1,38.21,11.08,100.63,34.32,5.53,0.0,39.472,0.4167,38.75,2028,H1,Jan-Jun
Beyers Swanepoel,South Africa,Pace Bowler,27.25,1.0,1,57.0,0.8479,1,0,140.91,17.87,103.64,31.98,5.11,0.0,43.8078,0.7073,43.91,2028,H1,Jan-Jun
Bjorn Fortuin,South Africa,Spin Bowler,33.25,1.0,1,130.0,-3.9407,0,1,85.58,11.79,82.96,31.84,5.37,0.0,36.4344,0.7151,36.34,2028,H1,Jan-Jun
Clyde Fortuin,South Africa,Wicketkeeper,32.25,1.0,1,105.0,-0.2078,0,0,408.85,30.29,96.7,0.0,0.0,0.0,35.3947,0.2909,35.55,2028,H1,Jan-Jun
Codi Yusuf,South Africa,Pace Bowler,26.25,1.0,1,54.0,0.6996,1,0,78.24,12.92,103.31,26.67,5.52,0.0,37.5004,0.4477,37.36,2028,H1,Jan-Jun
Connor Esterhuizen,South Africa,Wicketkeeper,23.25,1.0,1,46.0,4.1917,1,0,598.45,59.61,103.45,0.0,0.0,0.0,56.6443,0.6768,56.92,2028,H1,Jan-Jun
Corbin Bosch,South Africa,Bowling All-Rounder,33.25,1.0,1,116.0,-0.4491,0,0,759.27,36.8,93.28,23.94,5.7,0.0,53.2123,0.0145,52.6,2028,H1,Jan-Jun
Dane Paterson,South Africa,Pace Bowler,37.25,0.0,0,98.0,-3.3207,0,1,11.88,8.39,93.03,9.1,5.54,0.0,24.165,0.0091,23.68,2028,H1,Jan-Jun
Dane Piedt,South Africa,Spin Bowler,38.25,0.0,0,72.0,-2.2967,0,1,16.87,10.53,90.82,8.28,4.78,0.0,25.1405,0.0123,24.33,2028,H1,Jan-Jun
Daniel Smith,South Africa,Wicketkeeper,27.25,1.0,1,63.0,2.9094,1,0,567.38,49.0,107.83,0.0,0.0,0.0,50.0733,0.4212,49.54,2028,H1,Jan-Jun
David Bedingham,South Africa,Middle Order Batter,34.25,1.0,1,93.0,0.6258,1,0,584.85,39.54,100.02,0.0,0.0,0.0,42.7117,0.6106,42.73,2028,H1,Jan-Jun
David Miller,South Africa,Middle Order Batter,39.25,0.0,0,275.0,-5.5557,0,1,205.03,35.75,99.33,0.0,0.0,0.0,38.6364,0.0205,38.75,2028,H1,Jan-Jun
Dayyaan Galiem,South Africa,Bowling All-Rounder,30.25,1.0,1,73.0,-0.4328,0,0,367.16,28.83,100.14,15.68,5.34,0.0,43.446,0.0091,43.33,2028,H1,Jan-Jun
Delano Potgieter,South Africa,Bowling All-Rounder,31.25,1.0,1,76.0,0.657,1,0,489.23,36.37,103.25,24.44,5.35,0.0,53.6637,0.0152,53.94,2028,H1,Jan-Jun
Dewald Brevis,South Africa,Middle Order Batter,25.25,1.0,1,123.0,2.9913,1,0,1551.95,51.2,116.02,10.62,5.21,0.0,62.7257,0.9683,57.41,2028,H1,Jan-Jun
Dian Forrester,South Africa,Batting All-Rounder,28.25,1.0,1,49.0,4.2028,1,0,764.68,43.87,102.38,10.42,5.64,0.0,52.6609,0.8113,52.58,2028,H1,Jan-Jun
Donovan Ferreira,South Africa,Batting All-Rounder,30.25,1.0,1,111.0,-1.0287,0,1,790.12,38.91,106.72,17.57,5.48,0.0,53.6069,0.6661,54.17,2028,H1,Jan-Jun
Eathan Bosch,South Africa,Pace Bowler,30.25,1.0,1,94.0,-2.2423,0,1,73.76,11.5,95.44,28.33,5.53,0.0,36.219,0.3444,36.13,2028,H1,Jan-Jun
Gavin Kaplan,South Africa,Top Order Batter,30.25,1.0,1,52.0,3.8924,1,0,562.91,46.33,103.83,0.0,0.0,0.0,47.703,0.8817,47.79,2028,H1,Jan-Jun
George Linde,South Africa,Bowling All-Rounder,36.25,0.0,0,127.0,-4.6609,0,1,115.33,23.4,85.82,10.46,5.22,0.0,34.3021,0.0023,33.15,2028,H1,Jan-Jun
Gerald Coetzee,South Africa,Pace Bowler,27.25,1.0,1,100.0,-1.5111,0,1,66.96,12.21,100.95,38.38,5.29,0.0,42.4352,0.461,42.28,2028,H1,Jan-Jun
Gideon Peters,South Africa,Pace Bowler,26.25,1.0,1,52.0,0.9374,1,0,97.35,13.67,101.91,28.95,5.29,0.0,39.0548,0.5923,38.89,2028,H1,Jan-Jun
Heinrich Klaasen,South Africa,Wicketkeeper,37.25,0.0,0,225.0,-3.4191,0,1,307.57,42.55,101.57,0.0,0.0,0.0,43.8844,0.0116,41.44,2028,H1,Jan-Jun
Jason Smith,South Africa,Batting All-Rounder,33.25,1.0,1,96.0,0.4218,0,0,523.12,37.53,92.98,15.57,5.89,0.0,48.6181,0.5528,48.58,2028,H1,Jan-Jun
Jordan Hermann,South Africa,Top Order Batter,26.25,1.0,1,61.0,3.9414,1,0,710.38,56.1,110.86,0.0,0.0,0.0,55.7886,0.9339,57.31,2028,H1,Jan-Jun
Junaid Dawood,South Africa,Spin Bowler,26.25,1.0,1,47.0,1.0573,1,0,97.26,15.83,105.85,29.52,4.45,0.0,41.6425,0.8177,41.47,2028,H1,Jan-Jun
Junior Dala,South Africa,Pace Bowler,38.25,0.0,0,95.0,-3.8199,0,1,12.88,9.81,92.03,7.29,6.28,0.0,23.907,0.0069,23.68,2028,H1,Jan-Jun
Kagiso Rabada,South Africa,Pace Bowler,33.25,1.0,1,213.0,-6.9449,0,1,66.58,9.82,91.4,52.46,5.35,0.0,46.3352,0.8976,46.11,2028,H1,Jan-Jun
Keshav Maharaj,South Africa,Spin Bowler,38.25,0.0,0,152.0,-5.6797,0,1,58.46,18.04,91.45,12.91,4.63,0.0,32.7199,0.0386,30.67,2028,H1,Jan-Jun
Kwena Maphaka,South Africa,Pace Bowler,22.25,1.0,1,72.0,0.3083,0,0,143.11,19.92,110.27,37.62,4.94,0.0,48.9451,0.8239,48.86,2028,H1,Jan-Jun
Kyle Simmonds,South Africa,Spin Bowler,29.25,1.0,1,66.0,-0.1165,0,0,125.19,15.71,95.07,31.15,4.8,0.0,40.784,0.7672,40.65,2028,H1,Jan-Jun
Kyle Verreynne,South Africa,Wicketkeeper,30.25,1.0,1,103.0,0.0833,0,0,535.91,40.21,101.46,0.0,0.0,0.0,43.1781,0.3962,43.29,2028,H1,Jan-Jun
Lesego Senokwane,South Africa,Top Order Batter,29.25,1.0,1,66.0,1.6623,1,0,503.91,43.61,107.77,0.0,0.0,0.0,46.2266,0.8686,46.29,2028,H1,Jan-Jun
Lesiba Ngoepe,South Africa,Middle Order Batter,32.25,1.0,1,66.0,1.1313,1,0,371.54,34.12,98.75,0.0,0.0,0.0,38.1008,0.8099,38.16,2028,H1,Jan-Jun
Lhuan-dre Pretorius,South Africa,Wicketkeeper,22.25,1.0,1,65.0,5.2704,1,0,1040.96,56.6,113.86,0.0,0.0,0.0,57.8114,0.8731,56.91,2028,H1,Jan-Jun
Lizaad Williams,South Africa,Pace Bowler,34.25,0.9375,1,107.5,-2.546,0,1,41.09,8.91,87.03,27.99,6.05,0.0,32.8651,0.0491,32.24,2028,H1,Jan-Jun
Lungi Ngidi,South Africa,Pace Bowler,32.25,1.0,1,155.0,-3.5797,0,1,77.89,12.6,93.09,46.35,5.52,0.0,45.4401,0.7653,45.26,2028,H1,Jan-Jun
Lutho Sipamla,South Africa,Pace Bowler,30.25,1.0,1,97.0,-2.0847,0,1,54.48,11.78,95.74,27.27,5.56,0.0,35.8489,0.3172,35.79,2028,H1,Jan-Jun
Marco Jansen,South Africa,Bowling All-Rounder,28.25,1.0,1,150.0,-4.5021,0,1,554.24,34.96,104.53,41.92,4.92,0.0,61.8343,0.0239,57.39,2028,H1,Jan-Jun
Matthew Boast,South Africa,Pace Bowler,27.25,1.0,1,49.0,0.8971,1,0,85.31,13.16,98.26,24.77,5.68,0.0,35.9935,0.5331,35.97,2028,H1,Jan-Jun
Matthew Breetzke,South Africa,Top Order Batter,29.25,1.0,1,120.0,1.1938,1,0,799.7,41.95,105.11,0.0,0.0,0.0,45.8665,0.8759,45.93,2028,H1,Jan-Jun
Meeka-eel Prince,South Africa,Wicketkeeper,23.25,1.0,1,56.0,3.0889,1,0,441.97,47.5,104.74,0.0,0.0,0.0,48.1526,0.4963,48.18,2028,H1,Jan-Jun
Mihlali Mpongwana,South Africa,Pace Bowler,28.25,1.0,1,70.0,-0.4075,0,0,73.56,12.76,94.76,28.65,5.67,0.0,37.0799,0.5317,36.99,2028,H1,Jan-Jun
Nandre Burger,South Africa,Pace Bowler,33.25,1.0,1,81.0,-0.6872,0,1,61.12,13.26,98.77,32.14,5.54,0.0,39.6799,0.5458,39.54,2028,H1,Jan-Jun
Nqaba Peter,South Africa,Spin Bowler,27.25,1.0,1,69.0,0.4825,0,0,131.67,18.72,99.08,37.37,4.6,0.0,46.5068,0.9115,46.27,2028,H1,Jan-Jun
Nqobani Mokoena,South Africa,Pace Bowler,22.25,1.0,1,47.0,5.4474,1,0,234.75,25.92,108.26,44.06,4.96,0.0,56.1498,0.9488,56.75,2028,H1,Jan-Jun
Ottneil Baartman,South Africa,Pace Bowler,35.25,0.6875,1,85.0,-1.8824,0,1,36.18,9.89,85.74,22.03,5.96,0.0,30.425,0.0279,28.38,2028,H1,Jan-Jun
Patrick Kruger,South Africa,Bowling All-Rounder,32.25,1.0,1,86.0,-0.148,0,0,390.21,32.18,92.96,21.74,5.86,0.0,47.5612,0.0095,47.18,2028,H1,Jan-Jun
Prenelan Subrayen,South Africa,Spin Bowler,34.25,0.9583,1,88.0,-1.6344,0,1,160.02,19.68,87.34,33.44,5.1,0.0,43.4745,0.6673,42.44,2028,H1,Jan-Jun
Quinton de Kock,South Africa,Wicketkeeper,35.25,0.375,1,256.0,-4.8246,0,1,292.22,34.62,100.76,0.0,0.0,0.0,38.4194,0.0073,38.54,2028,H1,Jan-Jun
Rassie van der Dussen,South Africa,Top Order Batter,39.25,0.0,0,190.0,-3.5451,0,1,210.66,38.86,87.22,0.0,0.0,0.0,39.0015,0.037,39.11,2028,H1,Jan-Jun
Reeza Hendricks,South Africa,Top Order Batter,39.25,0.0,0,184.0,-3.3918,0,1,190.18,29.48,90.85,0.0,0.0,0.0,33.1842,0.0388,33.57,2028,H1,Jan-Jun
Rubin Hermann,South Africa,Wicketkeeper,28.25,1.0,1,79.0,2.683,1,0,864.36,53.26,109.18,0.0,0.0,0.0,54.2407,0.4884,54.12,2028,H1,Jan-Jun
Ryan Rickelton,South Africa,Wicketkeeper,32.25,1.0,1,139.0,-0.2583,0,0,901.84,45.18,101.98,0.0,0.0,0.0,47.9634,0.5287,47.79,2028,H1,Jan-Jun
Senuran Muthusamy,South Africa,Bowling All-Rounder,33.25,1.0,1,109.0,-1.3072,0,1,427.91,31.67,97.98,26.19,4.75,0.0,50.5977,0.0154,50.2,2028,H1,Jan-Jun
Shaun von Berg,South Africa,Spin Bowler,41.25,0.0,0,87.0,-2.6744,0,1,23.25,15.75,88.98,9.36,4.61,0.0,28.9782,0.0181,27.75,2028,H1,Jan-Jun
Simon Harmer,South Africa,Spin Bowler,39.25,0.0,0,108.0,-3.8807,0,1,49.2,15.5,86.23,11.4,4.77,0.0,29.4517,0.0165,28.0,2028,H1,Jan-Jun
Sinethemba Qeshile,South Africa,Wicketkeeper,28.25,1.0,1,85.0,0.8262,1,0,501.52,36.59,98.14,0.0,0.0,0.0,40.1571,0.3867,40.2,2028,H1,Jan-Jun
Tabraiz Shamsi,South Africa,Spin Bowler,38.25,0.15,1,186.4,-6.4828,0,1,45.46,13.04,88.96,23.04,4.95,0.0,33.8086,0.0384,31.15,2028,H1,Jan-Jun
Temba Bavuma,South Africa,Top Order Batter,38.25,0.0,0,103.0,-0.9287,0,1,93.65,27.13,86.25,0.0,0.0,0.0,30.5907,0.0286,30.42,2028,H1,Jan-Jun
Tony de Zorzi,South Africa,Top Order Batter,31.25,1.0,1,94.0,0.4521,0,0,496.62,36.31,100.95,0.0,0.0,0.0,40.3533,0.7653,40.3,2028,H1,Jan-Jun
Tristan Stubbs,South Africa,Middle Order Batter,27.25,1.0,1,123.0,1.9388,1,0,1075.65,51.43,110.14,8.62,5.57,0.0,59.1394,0.9593,57.41,2028,H1,Jan-Jun
Tshepo Moreki,South Africa,Pace Bowler,33.25,1.0,1,79.0,-1.1792,0,1,67.84,11.11,90.03,26.19,6.01,0.0,33.9937,0.238,33.84,2028,H1,Jan-Jun
Wiaan Mulder,South Africa,Batting All-Rounder,30.25,1.0,1,134.0,-2.0186,0,1,668.26,37.11,97.54,26.94,5.26,0.0,55.2725,0.7857,54.16,2028,H1,Jan-Jun
Ahan Wickramasinghe,Sri Lanka,Middle Order Batter,26.25,1.0,1,59.0,-0.3501,0,0,194.28,25.86,87.98,0.0,0.0,0.0,30.3744,0.1686,30.4,2028,H1,Jan-Jun
Ashian Daniel,Sri Lanka,Spin Bowler,27.25,1.0,1,67.0,-0.0191,0,0,114.0,19.5,74.75,19.89,5.75,0.0,34.5689,0.7711,34.52,2028,H1,Jan-Jun
Asitha Fernando,Sri Lanka,Pace Bowler,32.25,1.0,1,67.0,0.5009,1,0,90.65,16.91,68.55,41.12,5.64,0.0,42.2675,0.973,42.05,2028,H1,Jan-Jun
Bhanuka Rajapaksa,Sri Lanka,Middle Order Batter,36.25,0.75,1,57.2,0.3092,0,0,242.1,29.2,75.16,0.0,0.0,0.0,30.9522,0.2174,30.86,2028,H1,Jan-Jun
Binura Fernando,Sri Lanka,Pace Bowler,33.25,1.0,1,67.0,0.1806,0,0,90.04,13.96,63.86,24.76,6.61,0.0,31.4105,0.3579,31.35,2028,H1,Jan-Jun
Chamika Karunaratne,Sri Lanka,Bowling All-Rounder,32.25,1.0,1,86.0,-0.9644,0,1,468.04,32.48,82.55,17.26,5.85,0.0,44.3834,0.0292,44.28,2028,H1,Jan-Jun
Chamindu Wickramasinghe,Sri Lanka,Bowling All-Rounder,26.25,1.0,1,44.0,0.4136,0,0,256.18,31.07,93.31,7.59,5.78,0.0,39.4662,0.0115,39.54,2028,H1,Jan-Jun
Chamindu Wijesinghe,Sri Lanka,Batting All-Rounder,26.25,1.0,1,51.0,-0.9092,0,1,90.6,20.59,84.17,6.45,5.32,0.0,30.107,0.0143,30.04,2028,H1,Jan-Jun
Charith Asalanka,Sri Lanka,Middle Order Batter,31.25,1.0,1,86.0,-0.8353,0,1,741.59,47.19,89.21,0.0,0.0,0.0,46.8678,0.9601,46.89,2028,H1,Jan-Jun
Dasun Shanaka,Sri Lanka,Batting All-Rounder,37.25,0.55,1,49.6,-1.3389,0,1,180.29,26.64,73.36,6.81,6.92,0.0,32.7442,0.0062,31.87,2028,H1,Jan-Jun
Dhananjaya Lakshan,Sri Lanka,Bowling All-Rounder,30.25,1.0,1,81.0,-2.8309,0,1,297.28,31.21,84.03,19.64,5.74,0.0,44.2875,0.0277,44.28,2028,H1,Jan-Jun
Dhananjaya de Silva,Sri Lanka,Batting All-Rounder,37.25,0.625,1,56.0,-0.406,0,0,424.07,37.49,76.85,7.06,6.25,0.0,41.6661,0.071,40.11,2028,H1,Jan-Jun
Dilshan Madushanka,Sri Lanka,Pace Bowler,27.25,1.0,1,81.0,-0.6199,0,1,124.38,17.49,73.57,26.6,5.5,0.0,36.4449,0.8608,36.49,2028,H1,Jan-Jun
Sachindu Colombage,Sri Lanka,Spin Bowler,27.25,1.0,1,74.0,-0.0663,0,0,89.82,14.79,67.72,18.11,5.79,0.0,39.4492,0.8355,29.35,2028,H1,Jan-Jun
Dinesh Chandimal,Sri Lanka,Wicketkeeper,38.25,0.4583,1,65.0,1.0224,1,0,403.65,40.21,79.5,0.0,0.0,0.0,39.5343,0.0405,39.14,2028,H1,Jan-Jun
Dulaj Samuditha,Sri Lanka,Bowling All-Rounder,26.25,1.0,1,50.0,-1.9007,0,1,107.02,16.66,80.51,4.26,5.6,0.0,25.8739,0.0117,25.79,2028,H1,Jan-Jun
Dulnith Sigera,Sri Lanka,Batting All-Rounder,21.25,1.0,1,50.0,-1.6962,0,1,102.84,16.97,85.98,5.67,5.68,0.0,27.5143,0.0249,27.34,2028,H1,Jan-Jun
Dunith Wellalage,Sri Lanka,Bowling All-Rounder,25.25,1.0,1,51.0,4.5432,1,0,466.29,35.56,85.83,56.2,5.51,0.0,66.017,0.092,57.65,2028,H1,Jan-Jun
Dushan Hemantha,Sri Lanka,Bowling All-Rounder,33.25,1.0,1,66.0,-1.4072,0,1,453.85,35.08,82.19,9.35,6.12,0.0,42.0831,0.0125,42.13,2028,H1,Jan-Jun
Dushmantha Chameera,Sri Lanka,Pace Bowler,36.25,0.6875,1,62.0,-1.3421,0,1,110.79,16.18,63.97,14.25,6.84,0.0,27.8077,0.07,26.81,2028,H1,Jan-Jun
Eshan Malinga,Sri Lanka,Pace Bowler,26.25,1.0,1,47.0,-1.1498,0,1,114.42,18.95,76.19,3.71,5.66,0.0,26.5275,0.2791,26.52,2028,H1,Jan-Jun
Garuka Sanketh,Sri Lanka,Pace Bowler,26.25,1.0,1,45.0,0.0477,0,0,48.18,12.49,68.99,13.17,5.85,0.0,25.5087,0.0453,25.51,2028,H1,Jan-Jun
Isitha Wijesundera,Sri Lanka,Pace Bowler,26.25,1.0,1,45.0,-0.0173,0,0,26.91,16.33,72.18,0.0,0.0,0.0,21.1191,0.1089,21.1,2028,H1,Jan-Jun
Janishka Perera,Sri Lanka,Top Order Batter,27.25,1.0,1,46.0,-0.4691,0,0,127.78,20.56,82.62,0.0,0.0,0.0,25.8185,0.1283,25.9,2028,H1,Jan-Jun
Janith Liyanage,Sri Lanka,Batting All-Rounder,32.25,1.0,1,70.0,-0.3423,0,0,472.3,38.13,78.6,15.09,6.24,0.0,46.4528,0.7448,46.31,2028,H1,Jan-Jun
Jeffrey Vandersay,Sri Lanka,Spin Bowler,38.25,0.0,0,47.0,-1.0743,0,1,8.8,14.07,63.05,5.3,6.18,0.0,21.6401,0.007,21.79,2028,H1,Jan-Jun
Kamil Mishara,Sri Lanka,Top Order Batter,27.25,1.0,1,68.0,-0.4688,0,0,495.86,37.49,82.26,0.0,0.0,0.0,38.4657,0.7661,38.41,2028,H1,Jan-Jun
Kamindu Mendis,Sri Lanka,Batting All-Rounder,29.25,1.0,1,88.0,-0.8904,0,1,644.48,44.7,90.14,27.95,5.7,0.0,59.5558,0.86,57.35,2028,H1,Jan-Jun
Kasun Rajitha,Sri Lanka,Pace Bowler,35.25,0.9375,1,62.5,0.4998,0,0,114.99,19.77,63.52,16.4,6.19,0.0,31.3364,0.1256,30.82,2028,H1,Jan-Jun
Kavija Gamage,Sri Lanka,Spin Bowler,21.25,1.0,1,73.0,-0.6212,0,1,107.99,15.57,75.67,14.4,5.6,0.0,29.4129,0.4801,29.23,2028,H1,Jan-Jun
Keshara Nuwantha,Sri Lanka,Bowling All-Rounder,26.25,1.0,1,52.0,0.3469,0,0,177.77,25.04,87.99,0.0,0.0,0.0,29.7657,0.0093,29.73,2028,H1,Jan-Jun
Kusal Mendis,Sri Lanka,Wicketkeeper,33.25,1.0,1,124.0,-1.0759,0,1,1030.84,42.44,83.16,0.0,0.0,0.0,43.9365,0.967,43.94,2028,H1,Jan-Jun
Kusal Perera,Sri Lanka,Wicketkeeper,38.25,0.0,0,64.0,-1.1317,0,1,124.35,33.17,79.18,0.0,0.0,0.0,33.7267,0.0025,34.7,2028,H1,Jan-Jun
Lahiru Kumara,Sri Lanka,Pace Bowler,31.25,1.0,1,68.0,-1.3159,0,1,152.88,18.57,74.36,6.68,5.61,0.0,27.6235,0.2858,27.84,2028,H1,Jan-Jun
Lahiru Udara,Sri Lanka,Wicketkeeper,34.25,0.9375,1,76.5,-1.5651,0,1,378.38,36.47,81.18,0.0,0.0,0.0,37.1828,0.0859,36.49,2028,H1,Jan-Jun
Lasith Croospulle,Sri Lanka,Top Order Batter,29.25,1.0,1,83.0,1.5796,1,0,843.08,48.74,91.34,0.0,0.0,0.0,48.5933,0.9652,48.58,2028,H1,Jan-Jun
M Shiraz,Sri Lanka,Pace Bowler,33.25,1.0,1,70.0,-1.5395,0,1,57.45,12.43,62.94,11.09,6.79,0.0,23.4204,0.2027,23.43,2028,H1,Jan-Jun
MNK Fernando,Sri Lanka,Top Order Batter,29.25,1.0,1,70.0,-1.1334,0,1,39.47,15.37,72.76,22.41,5.66,0.0,32.4997,0.4671,32.4,2028,H1,Jan-Jun
Maheesh Theekshana,Sri Lanka,Spin Bowler,27.25,1.0,1,76.0,3.671,1,0,156.76,19.62,72.38,76.72,5.62,0.0,62.2749,0.9916,57.39,2028,H1,Jan-Jun
Mateesha Pathirana,Sri Lanka,Pace Bowler,25.25,1.0,1,45.0,-0.8798,0,1,28.59,17.35,76.7,6.18,5.45,0.0,26.4707,0.2592,26.39,2028,H1,Jan-Jun
Milan Rathnayake,Sri Lanka,Bowling All-Rounder,31.25,1.0,1,86.0,0.2057,0,0,774.95,41.52,89.51,16.57,5.59,0.0,52.3107,0.0178,52.16,2028,H1,Jan-Jun
Nipun Dhananjaya,Sri Lanka,Middle Order Batter,27.25,1.0,1,86.0,0.624,1,0,585.38,36.71,84.82,0.0,0.0,0.0,38.6525,0.6896,38.82,2028,H1,Jan-Jun
Niroshan Dickwella,Sri Lanka,Wicketkeeper,35.25,0.375,1,76.0,-2.441,0,1,168.02,29.57,75.7,0.0,0.0,0.0,30.9938,0.0025,31.01,2028,H1,Jan-Jun
Nishan Madushka,Sri Lanka,Wicketkeeper,28.25,1.0,1,75.0,-0.2222,0,0,359.51,33.01,84.8,0.0,0.0,0.0,35.32,0.232,35.41,2028,H1,Jan-Jun
Nishan Peiris,Sri Lanka,Pace Bowler,31.25,1.0,1,78.0,-0.0328,0,0,18.32,16.28,71.97,0.0,0.0,0.0,21.023,0.2248,21.1,2028,H1,Jan-Jun
Nuwan Thushara,Sri Lanka,Pace Bowler,32.25,1.0,1,80.0,-1.7708,0,1,45.61,12.21,70.29,23.59,5.95,0.0,30.5646,0.2886,30.49,2028,H1,Jan-Jun
Oshada Fernando,Sri Lanka,Top Order Batter,36.25,0.5833,1,65.0,-0.3358,0,0,256.2,26.94,69.95,0.0,0.0,0.0,28.7533,0.056,28.74,2028,H1,Jan-Jun
Pasindu Sooriyabandara,Sri Lanka,Top Order Batter,25.25,1.0,0,52.0,0.2286,0,0,296.79,35.53,95.47,0.0,0.0,0.0,38.2876,0.5295,38.28,2028,H1,Jan-Jun
Pathum Nissanka,Sri Lanka,Top Order Batter,30.25,1.0,1,121.0,-4.2667,0,1,820.78,52.81,93.66,0.0,0.0,0.0,51.5554,0.9765,51.35,2028,H1,Jan-Jun
Pavan Rathnayake,Sri Lanka,Middle Order Batter,26.25,1.0,1,39.0,2.629,1,0,449.79,50.48,93.41,0.0,0.0,0.0,48.5508,0.9432,48.58,2028,H1,Jan-Jun
Prabath Jayasuriya,Sri Lanka,Spin Bowler,36.25,0.25,1,49.0,-2.3893,0,1,15.84,13.71,67.76,6.13,5.75,0.0,22.6092,0.0088,22.72,2028,H1,Jan-Jun
Pramod Madushan,Sri Lanka,Pace Bowler,34.25,1.0,1,55.0,-0.3121,0,0,73.2,14.44,67.95,10.55,6.5,0.0,25.3301,0.1489,25.31,2028,H1,Jan-Jun
Ramesh Mendis,Sri Lanka,Bowling All-Rounder,33.25,1.0,1,71.0,-0.2337,0,0,438.12,30.01,77.19,9.55,6.12,0.0,38.0234,0.0108,37.9,2028,H1,Jan-Jun
Ravindu Fernando,Sri Lanka,Batting All-Rounder,26.25,1.0,1,49.0,-0.5682,0,1,157.67,22.55,88.1,7.49,5.48,0.0,32.6935,0.0911,32.79,2028,H1,Jan-Jun
Ravindu Rasantha,Sri Lanka,Top Order Batter,27.25,1.0,1,83.0,-0.0404,0,0,670.5,37.06,87.5,0.0,0.0,0.0,39.5937,0.7768,39.54,2028,H1,Jan-Jun
Sadeera Samarawickrama,Sri Lanka,Wicketkeeper,31.25,1.0,1,91.0,-1.3263,0,1,491.79,36.42,84.92,0.0,0.0,0.0,38.1165,0.1384,38.16,2028,H1,Jan-Jun
Sahan Kosala,Sri Lanka,Middle Order Batter,27.25,1.0,1,86.0,-0.0947,0,0,534.97,36.07,83.82,0.0,0.0,0.0,37.8904,0.7101,37.86,2028,H1,Jan-Jun
Sohan de Livera,Sri Lanka,Top Order Batter,28.25,1.0,1,48.0,0.4655,0,0,183.62,26.53,87.13,0.0,0.0,0.0,30.6592,0.2485,30.66,2028,H1,Jan-Jun
Sonal Dinusha,Sri Lanka,Batting All-Rounder,27.25,1.0,1,68.0,-2.6451,0,1,384.85,33.3,85.86,8.09,5.71,0.0,40.6419,0.3438,40.57,2028,H1,Jan-Jun
Tharindu Ratnayake,Sri Lanka,Bowling All-Rounder,32.25,1.0,1,93.0,1.1736,1,0,759.98,44.69,83.95,0.0,0.0,0.0,44.5179,0.0302,44.56,2028,H1,Jan-Jun
Traveen Mathew,Sri Lanka,Spin Bowler,27.25,1.0,1,64.0,0.8117,1,0,41.53,11.69,66.19,37.25,5.88,0.0,36.3074,0.8578,36.23,2028,H1,Jan-Jun
V Viyaskanth,Sri Lanka,Spin Bowler,27.25,1.0,1,65.0,0.9241,1,0,84.04,15.84,74.54,39.53,5.49,0.0,41.6494,0.9555,41.47,2028,H1,Jan-Jun
Vimath Dinsara,Sri Lanka,Top Order Batter,22.25,1.0,1,58.0,-1.3131,0,1,91.74,22.01,90.07,0.0,0.0,0.0,27.7136,0.1735,27.92,2028,H1,Jan-Jun
Vishad Randika,Sri Lanka,Top Order Batter,31.25,1.0,1,72.0,0.9009,1,0,496.32,37.46,84.6,0.0,0.0,0.0,38.7819,0.5585,38.82,2028,H1,Jan-Jun
Vishen Halambage,Sri Lanka,Top Order Batter,23.25,1.0,1,52.0,-0.6052,0,1,132.18,18.56,85.27,0.0,0.0,0.0,24.8797,0.0722,25.06,2028,H1,Jan-Jun
Vishwa Fernando,Sri Lanka,Pace Bowler,36.25,0.5833,1,55.0,-0.165,0,0,70.18,16.78,63.94,10.59,6.84,0.0,26.2606,0.0149,25.25,2028,H1,Jan-Jun
Wanindu Hasaranga,Sri Lanka,Bowling All-Rounder,31.25,1.0,1,108.0,0.1586,0,0,1328.26,48.81,91.97,28.83,5.1,0.0,65.7728,0.0667,57.26,2028,H1,Jan-Jun
Ackeem Auguste,West Indies,Top Order Batter,25.25,1.0,1,36.0,2.5512,1,0,433.1,45.76,104.3,0.0,0.0,0.0,46.895,0.8686,46.89,2028,H1,Jan-Jun
Akeal Hosein,West Indies,Spin Bowler,35.25,0.5833,1,77.0,-1.9037,0,1,15.35,11.75,76.52,4.75,5.52,0.0,21.9397,0.0994,22.07,2028,H1,Jan-Jun
Alick Athanaze,West Indies,Top Order Batter,29.25,1.0,1,60.0,0.8484,1,0,212.62,39.24,94.73,0.0,0.0,0.0,40.3362,0.8004,40.3,2028,H1,Jan-Jun
Alzarri Joseph,West Indies,Pace Bowler,32.25,1.0,1,92.0,-2.2498,0,1,11.1,6.68,83.01,8.35,5.83,0.0,21.1454,0.4675,21.0,2028,H1,Jan-Jun
Amari Goodridge,West Indies,Pace Bowler,25.25,1.0,1,28.0,0.7323,1,0,47.39,10.6,85.77,5.67,6.15,0.0,22.9079,0.2867,22.96,2028,H1,Jan-Jun
Amir Jangoo,West Indies,Wicketkeeper,31.25,1.0,1,42.0,2.8354,1,0,489.68,45.58,105.27,0.0,0.0,0.0,47.1293,0.4214,47.14,2028,H1,Jan-Jun
Andre Fletcher,West Indies,Wicketkeeper,40.25,0.0,0,21.0,-0.3337,0,0,18.93,19.55,80.34,0.0,0.0,0.0,24.4037,0.0025,23.91,2028,H1,Jan-Jun
Andre Russell,West Indies,Bowling All-Rounder,40.25,0.0,0,87.0,-3.0009,0,1,0.0,12.97,79.24,0.64,6.96,0.0,20.7554,0.0015,20.56,2028,H1,Jan-Jun
Brandon King,West Indies,Top Order Batter,33.25,1.0,1,69.0,0.0426,0,0,161.4,29.58,85.07,0.0,0.0,0.0,32.3149,0.4113,32.35,2028,H1,Jan-Jun
Carlon Tuckett,West Indies,Pace Bowler,22.25,1.0,1,29.0,1.1085,1,0,54.21,12.78,86.77,7.41,5.91,0.0,25.4379,0.459,25.33,2028,H1,Jan-Jun
Evin Lewis,West Indies,Top Order Batter,37.25,0.4375,1,98.5,-0.1861,0,0,63.14,29.33,100.89,0.0,0.0,0.0,34.0352,0.0455,34.46,2028,H1,Jan-Jun
Fabian Allen,West Indies,Bowling All-Rounder,33.25,1.0,1,67.0,-1.2591,0,1,46.16,21.93,102.56,3.76,6.39,0.0,31.8773,0.0156,31.7,2028,H1,Jan-Jun
Giavonte Depeiza,West Indies,Top Order Batter,23.25,1.0,1,30.0,2.6938,1,0,156.22,38.5,99.71,0.0,0.0,0.0,40.3394,0.6842,40.29,2028,H1,Jan-Jun
Gudakesh Motie,West Indies,Spin Bowler,33.25,1.0,1,77.0,-1.9101,0,1,2.06,8.69,77.48,7.86,5.58,0.0,21.4876,0.8804,21.54,2028,H1,Jan-Jun
Hayden Walsh Jr,West Indies,Spin Bowler,36.25,0.4375,1,54.5,-1.7845,0,1,0.0,0.0,79.8,0.0,6.75,0.0,11.9076,0.0851,12.11,2028,H1,Jan-Jun
Jason Holder,West Indies,Bowling All-Rounder,36.25,0.4375,1,179.5,-2.9626,0,1,15.08,15.24,85.21,1.99,6.73,0.0,23.8825,0.0015,23.61,2028,H1,Jan-Jun
Jayden Seales,West Indies,Pace Bowler,26.25,1.0,1,66.0,-1.3438,0,1,2.61,4.07,81.73,8.9,5.89,0.0,19.4424,0.4768,19.42,2028,H1,Jan-Jun
Jediah Blades,West Indies,Pace Bowler,24.25,1.0,1,33.0,0.369,0,0,41.29,9.46,85.39,4.32,6.23,0.0,21.3922,0.3825,21.36,2028,H1,Jan-Jun
Jewel Andrew,West Indies,Wicketkeeper,21.25,1.0,1,36.0,4.1871,1,0,326.73,52.29,105.42,0.0,0.0,0.0,51.0063,0.5206,51.33,2028,H1,Jan-Jun
Johann Jeremiah,West Indies,Top Order Batter,22.25,1.0,1,31.0,2.6562,1,0,233.08,37.2,101.93,0.0,0.0,0.0,40.0825,0.7462,40.2,2028,H1,Jan-Jun
Johann Layne,West Indies,Pace Bowler,25.25,1.0,1,39.0,-0.6077,0,1,0.0,0.0,0.0,3.43,5.74,0.0,2.3976,0.0074,1.62,2028,H1,Jan-Jun
John Campbell,West Indies,Top Order Batter,34.25,1.0,1,66.0,2.1906,1,0,240.76,50.62,93.29,0.0,0.0,0.0,47.8301,0.9064,47.79,2028,H1,Jan-Jun
Johnson Charles,West Indies,Top Order Batter,39.25,0.0,0,72.0,-0.8618,0,1,1.92,16.02,93.65,0.0,0.0,0.0,23.8865,0.0307,23.52,2028,H1,Jan-Jun
Joshua Da Silva,West Indies,Wicketkeeper,30.25,1.0,1,57.0,0.1758,0,0,0.0,37.67,92.25,0.0,0.0,0.0,38.1235,0.1666,37.93,2028,H1,Jan-Jun
Justin Greaves,West Indies,Batting All-Rounder,33.25,1.0,1,54.0,2.7268,1,0,547.13,44.71,103.15,5.47,5.97,0.0,49.9996,0.7482,49.53,2028,H1,Jan-Jun
Kavem Hodge,West Indies,Batting All-Rounder,35.25,1.0,1,49.0,2.5688,1,0,273.82,44.12,94.03,5.21,6.57,0.0,47.0023,0.7914,46.93,2028,H1,Jan-Jun
Keacy Carty,West Indies,Middle Order Batter,31.25,1.0,1,72.0,1.9427,1,0,588.31,53.49,111.01,0.0,0.0,0.0,53.6033,0.8744,53.89,2028,H1,Jan-Jun
Kelvin Pittman,West Indies,Pace Bowler,26.25,1.0,1,28.0,1.2564,1,0,51.82,12.34,88.13,8.21,5.8,0.0,25.748,0.3256,25.73,2028,H1,Jan-Jun
Kemar Paul,West Indies,Bowling All-Rounder,30.25,1.0,1,49.0,-0.1916,0,0,76.22,19.95,114.64,5.88,5.75,0.0,33.5827,0.0298,33.4,2028,H1,Jan-Jun
Keron Gore,West Indies,Pace Bowler,32.25,1.0,1,30.0,0.4278,0,0,49.04,10.51,85.12,5.65,6.19,0.0,22.7424,0.1304,22.85,2028,H1,Jan-Jun
Kevlon Anderson,West Indies,Top Order Batter,22.25,1.0,1,33.0,2.8498,1,0,261.53,41.72,108.69,0.0,0.0,0.0,44.1731,0.7765,44.12,2028,H1,Jan-Jun
Kirk McKenzie,West Indies,Middle Order Batter,27.25,1.0,1,43.0,1.9603,1,0,333.11,37.54,98.74,0.0,0.0,0.0,40.2346,0.7331,40.3,2028,H1,Jan-Jun
Kraigg Brathwaite,West Indies,Top Order Batter,35.25,0.9375,1,140.5,-0.6135,0,1,0.0,29.26,61.83,0.0,0.0,0.0,28.1635,0.1921,27.99,2028,H1,Jan-Jun
Kyle Mayers,West Indies,Batting All-Rounder,35.25,0.9167,1,59.0,-0.9681,0,1,61.42,28.06,95.34,3.13,6.7,0.0,34.6234,0.0318,33.37,2028,H1,Jan-Jun
Marlon Mindley,West Indies,Pace Bowler,31.25,1.0,1,30.0,0.5152,1,0,44.43,10.03,87.98,5.55,6.0,0.0,22.8084,0.2946,22.85,2028,H1,Jan-Jun
Matthew Forde,West Indies,Bowling All-Rounder,26.25,1.0,1,59.0,1.3953,1,0,273.45,52.07,114.17,11.7,5.6,0.0,58.5808,0.0273,57.26,2028,H1,Jan-Jun
Mavendra Dindyal,West Indies,Middle Order Batter,22.25,1.0,1,33.0,2.9096,1,0,277.61,44.78,108.68,0.0,0.0,0.0,46.2745,0.7662,46.29,2028,H1,Jan-Jun
Mbeki Joseph,West Indies,Pace Bowler,25.25,1.0,1,28.0,0.8249,1,0,45.33,10.37,88.32,6.13,5.84,0.0,23.4097,0.2424,23.49,2028,H1,Jan-Jun
Mikyle Louis,West Indies,Middle Order Batter,27.25,1.0,1,42.0,2.9589,1,0,401.98,41.74,98.97,0.0,0.0,0.0,43.3322,0.8256,43.29,2028,H1,Jan-Jun
Nathan Edward,West Indies,Pace Bowler,26.25,1.0,1,30.0,0.6986,1,0,39.91,9.25,85.67,6.99,6.05,0.0,22.6323,0.2934,22.69,2028,H1,Jan-Jun
Navin Bidaisee,West Indies,Middle Order Batter,28.25,1.0,1,35.0,1.4305,1,0,164.47,25.72,94.32,0.0,0.0,0.0,31.0737,0.3602,31.16,2028,H1,Jan-Jun
Nicholas Pooran,West Indies,Wicketkeeper,32.25,1.0,1,119.0,0.2079,0,0,313.56,41.96,108.05,0.0,0.0,0.0,44.4401,0.475,44.37,2028,H1,Jan-Jun
Obed McCoy,West Indies,Pace Bowler,31.25,1.0,1,41.0,-1.0708,0,1,7.84,3.59,77.58,1.6,7.06,0.0,14.7414,0.0278,14.64,2028,H1,Jan-Jun
Ramon Simmonds,West Indies,Pace Bowler,26.25,1.0,1,32.0,0.7937,1,0,48.19,11.11,86.6,8.26,5.93,0.0,24.6869,0.254,24.7,2028,H1,Jan-Jun
Renico Smith,West Indies,Middle Order Batter,24.25,1.0,1,29.0,2.54,1,0,177.82,33.82,98.97,0.0,0.0,0.0,37.1936,0.5704,37.28,2028,H1,Jan-Jun
Rivaldo Clarke,West Indies,Wicketkeeper,26.25,1.0,1,35.0,2.9461,1,0,238.74,46.49,108.63,0.0,0.0,0.0,47.2601,0.2665,47.14,2028,H1,Jan-Jun
Romario Shepherd,West Indies,Bowling All-Rounder,33.25,1.0,1,73.0,-1.2265,0,1,138.67,27.82,104.2,4.87,7.53,0.0,36.7339,0.0092,36.77,2028,H1,Jan-Jun
Roston Chase,West Indies,Batting All-Rounder,36.25,0.375,1,73.0,0.7246,1,0,292.2,49.29,93.21,5.41,5.93,0.0,50.6427,0.113,43.62,2028,H1,Jan-Jun
Rovman Powell,West Indies,Batting All-Rounder,34.25,1.0,1,80.0,-1.2927,0,1,66.43,24.8,105.13,1.83,7.41,0.0,33.1096,0.0613,32.93,2028,H1,Jan-Jun
Shai Hope,West Indies,Wicketkeeper,34.25,1.0,1,125.0,0.0626,0,0,526.19,49.31,96.75,0.0,0.0,0.0,48.539,0.6147,48.58,2028,H1,Jan-Jun
Shamar Joseph,West Indies,Pace Bowler,28.25,1.0,1,49.0,-0.7346,0,1,8.7,5.2,74.7,7.76,6.0,0.0,18.6309,0.3291,18.59,2028,H1,Jan-Jun
Shamyl Springer,West Indies,Batting All-Rounder,27.25,1.0,1,42.0,2.7512,1,0,297.46,40.51,103.01,5.02,6.04,0.0,45.9891,0.7259,45.97,2028,H1,Jan-Jun
Shaqkere Parris,West Indies,Middle Order Batter,21.25,1.0,1,33.0,3.2173,1,0,299.9,48.22,112.79,0.0,0.0,0.0,49.2422,0.8278,48.91,2028,H1,Jan-Jun
Sherfane Rutherford,West Indies,Batting All-Rounder,29.25,1.0,1,62.0,2.552,1,0,441.96,59.42,120.45,5.41,6.29,0.0,61.7841,0.9374,57.37,2028,H1,Jan-Jun
Shimron Hetmyer,West Indies,Middle Order Batter,31.25,1.0,1,94.0,1.5711,1,0,319.78,53.51,115.25,0.0,0.0,0.0,53.1991,0.9365,52.52,2028,H1,Jan-Jun
Tagenarine Chanderpaul,West Indies,Top Order Batter,31.25,1.0,1,36.0,1.0064,1,0,91.01,20.23,80.38,0.0,0.0,0.0,25.1379,0.2773,25.21,2028,H1,Jan-Jun
Tevin Imlach,West Indies,Wicketkeeper,31.25,1.0,1,35.0,1.2735,1,0,140.13,22.39,91.92,0.0,0.0,0.0,28.4161,0.0492,28.69,2028,H1,Jan-Jun
Trevon Hinds,West Indies,Batting All-Rounder,29.25,1.0,1,36.0,2.2999,1,0,255.68,29.82,95.08,4.49,6.53,0.0,37.1988,0.0734,37.29,2028,H1,Jan-Jun
Voight Lawes,West Indies,Spin Bowler,22.25,1.0,1,27.0,0.6247,1,0,55.95,12.8,96.35,3.89,5.86,0.0,25.12,0.78,25.17,2028,H1,Jan-Jun
Zishan Motara,West Indies,Pace Bowler,22.25,1.0,1,27.0,0.8771,1,0,51.69,11.6,89.77,6.41,6.02,0.0,24.5549,0.3511,24.61,2028,H1,Jan-Jun
Ainsley Ndlovu,Zimbabwe,Middle Order Batter,29.25,1.0,1,30.0,1.5204,1,0,210.99,34.59,90.36,0.0,0.0,0.0,36.6028,0.7224,36.68,2028,H1,Jan-Jun
Antum Naqvi,Zimbabwe,Batting All-Rounder,28.25,1.0,1,46.0,2.2367,1,0,472.54,44.16,111.08,5.22,5.53,0.0,50.4739,0.809,50.16,2028,H1,Jan-Jun
Ben Curran,Zimbabwe,Top Order Batter,32.25,1.0,1,47.0,1.9872,1,0,295.81,44.84,93.83,0.0,0.0,0.0,44.2609,0.9041,44.24,2028,H1,Jan-Jun
Blessing Muzarabani,Zimbabwe,Pace Bowler,32.25,1.0,1,105.0,-0.455,0,0,13.43,7.54,81.84,7.69,6.48,0.0,21.0911,0.2663,21.06,2028,H1,Jan-Jun
Brad Evans,Zimbabwe,Bowling All-Rounder,31.25,1.0,1,60.0,-0.3882,0,0,147.97,31.41,95.04,4.95,5.82,0.0,38.2277,0.007,38.27,2028,H1,Jan-Jun
Brandon Mavuta,Zimbabwe,Spin Bowler,31.25,1.0,1,49.0,-0.8088,0,1,102.11,17.44,87.92,8.5,5.61,0.0,29.504,0.7279,29.27,2028,H1,Jan-Jun
Brendan Taylor,Zimbabwe,Wicketkeeper,42.25,0.0,0,205.0,0.8283,1,0,124.79,33.32,82.5,0.0,0.0,0.0,34.3031,0.0206,34.99,2028,H1,Jan-Jun
Brian Bennett,Zimbabwe,Batting All-Rounder,24.25,1.0,1,56.0,2.8084,1,0,695.34,58.2,110.38,8.95,4.97,0.0,62.5871,0.9272,57.13,2028,H1,Jan-Jun
Brian Mudzinganyama,Zimbabwe,Middle Order Batter,27.25,1.0,1,37.0,1.7158,1,0,176.27,28.92,92.51,0.0,0.0,0.0,32.9949,0.4714,33.0,2028,H1,Jan-Jun
Charlton Tshuma,Zimbabwe,Pace Bowler,28.25,1.0,1,38.0,0.5003,1,0,73.62,12.81,90.71,9.51,5.71,0.0,27.172,0.509,27.08,2028,H1,Jan-Jun
Clive Chitumba,Zimbabwe,Wicketkeeper,29.25,1.0,1,35.0,0.9985,1,0,150.1,25.18,95.79,0.0,0.0,0.0,30.8688,0.0374,30.9,2028,H1,Jan-Jun
Clive Madande,Zimbabwe,Wicketkeeper,27.25,1.0,1,56.0,1.1504,1,0,404.02,39.11,106.71,0.0,0.0,0.0,42.6919,0.7914,42.73,2028,H1,Jan-Jun
Craig Ervine,Zimbabwe,Top Order Batter,42.25,0.0,0,142.0,-1.4179,0,1,76.29,29.59,71.87,0.0,0.0,0.0,30.1099,0.0441,29.76,2028,H1,Jan-Jun
Dion Myers,Zimbabwe,Batting All-Rounder,26.25,1.0,1,53.0,2.6554,1,0,460.38,38.76,98.57,7.05,5.58,0.0,45.9165,0.637,45.98,2028,H1,Jan-Jun
Ernest Masuku,Zimbabwe,Pace Bowler,30.25,1.0,1,36.0,0.5106,1,0,68.68,12.62,90.86,5.46,5.51,0.0,25.1233,0.1508,25.14,2028,H1,Jan-Jun
Faraz Akram,Zimbabwe,Bowling All-Rounder,30.25,1.0,1,47.0,0.7301,1,0,153.53,24.34,91.9,9.66,6.7,0.0,35.1914,0.0138,35.24,2028,H1,Jan-Jun
Graeme Cremer,Zimbabwe,Spin Bowler,41.25,0.0,0,111.0,-2.5622,0,1,8.31,7.47,65.6,3.61,5.59,0.0,16.9197,0.0387,17.24,2028,H1,Jan-Jun
Innocent Kaia,Zimbabwe,Top Order Batter,36.25,0.625,1,65.0,-2.1666,0,1,0.0,9.54,67.84,0.0,0.0,0.0,15.8659,0.0396,15.94,2028,H1,Jan-Jun
Johnathan Campbell,Zimbabwe,Middle Order Batter,34.25,1.0,1,49.0,2.3356,1,0,228.35,45.97,97.59,0.0,0.0,0.0,45.2952,0.8728,45.17,2028,H1,Jan-Jun
Joylord Gumbie,Zimbabwe,Wicketkeeper,32.25,1.0,1,45.0,-0.2775,0,0,56.76,18.62,83.21,0.0,0.0,0.0,24.3377,0.0242,24.45,2028,H1,Jan-Jun
Kian Blignaut,Zimbabwe,Pace Bowler,23.25,1.0,1,32.0,0.7225,1,0,48.24,14.43,89.2,6.72,6.0,0.0,26.5046,0.3941,26.47,2028,H1,Jan-Jun
Kundai Matigimu,Zimbabwe,Pace Bowler,31.25,1.0,1,32.0,0.4155,0,0,39.0,11.47,83.6,6.58,6.03,0.0,23.6184,0.2076,23.67,2028,H1,Jan-Jun
Luke Jongwe,Zimbabwe,Bowling All-Rounder,32.25,1.0,1,100.0,-2.0011,0,1,23.76,16.68,94.76,4.21,6.41,0.0,27.3898,0.0166,27.22,2028,H1,Jan-Jun
Milton Shumba,Zimbabwe,Middle Order Batter,27.25,1.0,1,84.0,0.4796,0,0,180.31,31.47,93.66,0.0,0.0,0.0,34.876,0.7848,35.03,2028,H1,Jan-Jun
Nathaniel Mayavo,Zimbabwe,Wicketkeeper,31.25,1.0,1,40.0,1.5254,1,0,171.16,26.83,95.86,0.0,0.0,0.0,32.06,0.1067,32.1,2028,H1,Jan-Jun
Newman Nyamhuri,Zimbabwe,Pace Bowler,22.25,1.0,1,43.0,0.1675,0,0,67.66,12.1,91.04,9.44,5.39,0.0,26.7774,0.4337,26.76,2028,H1,Jan-Jun
Nick Welch,Zimbabwe,Top Order Batter,30.25,1.0,1,61.0,3.4175,1,0,666.95,43.51,100.3,0.0,0.0,0.0,45.7135,0.8678,45.62,2028,H1,Jan-Jun
Panashe Taruvinga,Zimbabwe,Middle Order Batter,26.25,1.0,1,36.0,1.4641,1,0,114.65,26.73,100.16,0.0,0.0,0.0,32.3926,0.3815,32.27,2028,H1,Jan-Jun
Prince Masvaure,Zimbabwe,Middle Order Batter,38.25,0.0,0,41.0,-0.0881,0,0,16.44,12.45,72.32,0.0,0.0,0.0,18.5106,0.0097,18.3,2028,H1,Jan-Jun
Richard Ngarava,Zimbabwe,Pace Bowler,30.25,1.0,1,109.0,-1.2674,0,1,28.94,10.4,83.16,10.59,6.06,0.0,24.7555,0.4274,24.84,2028,H1,Jan-Jun
Richmond Mutumbami,Zimbabwe,Wicketkeeper,37.25,0.625,1,61.0,-0.2693,0,0,0.0,13.72,55.04,0.0,0.0,0.0,16.8247,0.0032,16.59,2028,H1,Jan-Jun
Ryan Burl,Zimbabwe,Batting All-Rounder,34.25,1.0,1,114.0,-0.7951,0,1,203.37,28.27,88.78,5.61,6.45,0.0,35.628,0.1611,35.6,2028,H1,Jan-Jun
Sean Williams,Zimbabwe,Batting All-Rounder,42.25,0.0,0,156.0,-3.7864,0,1,0.0,51.1,84.34,0.0,6.3,0.0,46.7401,0.0217,41.9,2028,H1,Jan-Jun
Sikandar Raza,Zimbabwe,Batting All-Rounder,42.25,0.0,0,178.0,-1.4443,0,1,131.28,37.21,89.35,2.52,6.22,0.0,39.9385,0.0142,39.22,2028,H1,Jan-Jun
Tadiwanashe Marumani,Zimbabwe,Wicketkeeper,26.25,1.0,1,54.0,1.471,1,0,241.52,33.79,109.0,0.0,0.0,0.0,38.8504,0.2708,38.83,2028,H1,Jan-Jun
Tafadzwa Tsiga,Zimbabwe,Wicketkeeper,28.25,1.0,1,36.0,1.2411,1,0,90.29,20.93,89.86,0.0,0.0,0.0,26.9575,0.0538,27.05,2028,H1,Jan-Jun
Takudzwanashe Kaitano,Zimbabwe,Top Order Batter,34.25,1.0,1,57.0,0.0692,0,0,75.15,14.91,82.48,0.0,0.0,0.0,21.8282,0.4114,21.79,2028,H1,Jan-Jun
Tanaka Chivanga,Zimbabwe,Pace Bowler,32.25,1.0,1,42.0,0.0318,0,0,31.25,9.53,79.3,4.66,6.62,0.0,20.6153,0.0419,20.57,2028,H1,Jan-Jun
Tapiwa Mufudza,Zimbabwe,Spin Bowler,30.25,1.0,1,40.0,0.3788,0,0,83.71,16.45,85.22,7.3,5.99,0.0,27.7043,0.7104,27.64,2028,H1,Jan-Jun
Tashinga Musekiwa,Zimbabwe,Batting All-Rounder,27.25,1.0,1,44.0,2.3436,1,0,146.2,35.71,101.72,1.03,6.56,0.0,39.9638,0.1835,39.94,2028,H1,Jan-Jun
Tendai Chatara,Zimbabwe,Pace Bowler,37.25,0.35,1,107.0,-2.8433,0,1,0.0,0.0,64.25,0.0,5.65,0.0,9.9311,0.006,10.23,2028,H1,Jan-Jun
Tinotenda Maposa,Zimbabwe,Pace Bowler,31.25,1.0,1,47.0,0.4366,0,0,56.99,12.95,82.13,8.04,6.33,0.0,25.1104,0.4103,25.13,2028,H1,Jan-Jun
Tony Munyonga,Zimbabwe,Batting All-Rounder,32.25,1.0,1,47.0,0.5727,1,0,72.32,17.78,87.48,1.38,6.82,0.0,25.8051,0.024,25.79,2028,H1,Jan-Jun
Trevor Gwandu,Zimbabwe,Pace Bowler,27.25,1.0,1,45.0,0.8155,1,0,106.74,16.19,84.87,4.89,6.55,0.0,26.269,0.5758,26.18,2028,H1,Jan-Jun
Victor Nyauchi,Zimbabwe,Pace Bowler,36.25,0.375,1,60.0,-0.6271,0,1,14.0,8.43,72.73,0.98,6.97,0.0,17.0134,0.013,16.79,2028,H1,Jan-Jun
Vincent Masekesa,Zimbabwe,Batting All-Rounder,26.25,1.0,1,37.0,1.1773,1,0,140.01,21.43,93.93,2.62,6.33,0.0,30.1234,0.0357,30.27,2028,H1,Jan-Jun
Wellington Masakadza,Zimbabwe,Spin Bowler,35.25,0.375,1,88.0,-2.3175,0,1,23.67,11.32,80.5,4.51,5.74,0.0,22.0769,0.0792,22.19,2028,H1,Jan-Jun
Wessly Madhevere,Zimbabwe,Batting All-Rounder,27.25,1.0,1,89.0,-0.913,0,1,181.69,27.56,98.37,3.86,6.12,0.0,35.6591,0.2118,35.6,2028,H1,Jan-Jun
William Mashinge,Zimbabwe,Batting All-Rounder,31.25,1.0,1,39.0,1.26,1,0,149.81,25.14,95.0,5.95,6.11,0.0,34.4647,0.1077,34.46,2028,H1,Jan-Jun
A M Ghazanfar,Afghanistan,Spin Bowler,22.75,1.0,1,56.0,-0.4942,0,0,89.86,15.87,84.79,23.2,4.75,0.0,34.0924,0.6159,34.04,2028,H2,Jul-Dec
Abdul Malik,Afghanistan,Top Order Batter,31.75,1.0,1,64.0,-0.6172,0,1,365.25,34.1,81.99,0.0,0.0,0.0,32.6834,0.3407,32.71,2028,H2,Jul-Dec
Abdul Rahman,Afghanistan,Pace Bowler,29.75,1.0,1,56.0,-0.3754,0,0,54.21,12.7,72.5,17.9,5.82,0.0,27.3596,0.1926,27.32,2028,H2,Jul-Dec
Azizullah Mia Khil,Afghanistan,Top Order Batter,27.75,1.0,1,51.0,0.6699,1,0,340.88,37.88,91.61,0.0,0.0,0.0,36.1716,0.5746,36.25,2028,H2,Jul-Dec
Azmatullah Omarzai,Afghanistan,Bowling All-Rounder,28.75,1.0,1,89.0,-0.273,0,0,579.67,40.82,84.35,19.93,5.8,0.0,48.9957,0.0156,48.97,2028,H2,Jul-Dec
Bahir Shah,Afghanistan,Middle Order Batter,27.75,1.0,1,53.0,0.9364,1,0,324.67,47.87,86.53,0.0,0.0,0.0,41.5603,0.8336,41.68,2028,H2,Jul-Dec
Bashir Ahmad,Afghanistan,Bowling All-Rounder,28.75,1.0,1,54.0,0.2437,0,0,258.04,31.2,84.14,15.41,5.85,0.0,39.6334,0.0166,39.66,2028,H2,Jul-Dec
Bilal Sami,Afghanistan,Pace Bowler,27.75,1.0,1,53.0,0.124,0,0,68.24,12.53,70.76,22.95,5.63,0.0,29.712,0.2851,29.57,2028,H2,Jul-Dec
Darwish Rasooli,Afghanistan,Top Order Batter,29.75,1.0,1,70.0,0.437,0,0,544.38,42.73,91.21,0.0,0.0,0.0,39.7975,0.7228,39.89,2028,H2,Jul-Dec
Faisal Khan Ahmadzai,Afghanistan,Pace Bowler,28.75,1.0,1,52.0,0.2292,0,0,64.43,15.25,72.26,19.38,5.71,0.0,29.7106,0.3252,29.58,2028,H2,Jul-Dec
Fareed Ahmad,Afghanistan,Pace Bowler,33.75,1.0,1,67.0,-0.7562,0,1,42.03,11.37,61.71,14.35,7.14,0.0,22.9885,0.3059,22.93,2028,H2,Jul-Dec
Faridoon Dawoodzai,Afghanistan,Pace Bowler,28.75,1.0,1,54.0,0.215,0,0,64.65,15.27,72.56,21.38,5.73,0.0,30.7806,0.4793,30.79,2028,H2,Jul-Dec
Fazalhaq Farooqi,Afghanistan,Pace Bowler,27.75,1.0,1,84.0,-0.9637,0,1,61.49,13.11,74.93,24.85,5.46,0.0,31.6113,0.6384,31.63,2028,H2,Jul-Dec
Gulbadin Naib,Afghanistan,Batting All-Rounder,37.75,0.0,0,61.0,-1.4567,0,1,104.44,26.79,76.47,2.9,6.64,0.0,28.8113,0.0036,28.29,2028,H2,Jul-Dec
Hashmatullah Shahidi,Afghanistan,Middle Order Batter,33.75,1.0,1,111.0,-0.1776,0,0,754.0,43.09,70.93,0.0,0.0,0.0,38.092,0.9758,38.17,2028,H2,Jul-Dec
Ibrahim Zadran,Afghanistan,Top Order Batter,26.75,1.0,1,89.0,-0.6476,0,1,788.34,55.3,94.26,0.0,0.0,0.0,48.7397,0.9664,48.6,2028,H2,Jul-Dec
Ikram Ali Khil,Afghanistan,Wicketkeeper,26.75,1.0,1,70.0,-0.0275,0,0,478.0,37.66,89.87,0.0,0.0,0.0,36.2883,0.2039,36.39,2028,H2,Jul-Dec
Karim Janat,Afghanistan,Bowling All-Rounder,29.75,1.0,1,77.0,-0.1393,0,0,515.07,40.78,90.12,17.32,5.67,0.0,48.202,0.0171,48.23,2028,H2,Jul-Dec
Khatir Stanikzai,Afghanistan,Middle Order Batter,29.75,1.0,1,60.0,0.3579,0,0,387.81,35.26,83.56,0.0,0.0,0.0,33.6777,0.5512,33.81,2028,H2,Jul-Dec
Mohammad Ishaq,Afghanistan,Wicketkeeper,26.75,1.0,1,55.0,1.0059,1,0,372.14,42.21,88.81,0.0,0.0,0.0,38.5627,0.3206,38.55,2028,H2,Jul-Dec
Mohammad Nabi,Afghanistan,Bowling All-Rounder,43.75,0.0,0,92.0,-2.4656,0,1,66.94,29.75,74.46,2.87,6.41,0.0,30.2605,0.0017,29.99,2028,H2,Jul-Dec
Mohammad Saleem,Afghanistan,Pace Bowler,26.75,1.0,1,49.0,0.6069,1,0,68.09,16.17,72.51,22.3,5.77,0.0,31.7965,0.5755,31.85,2028,H2,Jul-Dec
Mujeeb Ur Rahman,Afghanistan,Spin Bowler,27.75,1.0,1,76.0,-1.4718,0,1,58.74,12.61,70.78,17.81,5.27,0.0,27.2094,0.4483,27.22,2028,H2,Jul-Dec
Munir Ahmad Kakar,Afghanistan,Wicketkeeper,29.75,1.0,1,58.0,0.249,0,0,359.67,35.83,89.8,0.0,0.0,0.0,34.746,0.1636,34.76,2028,H2,Jul-Dec
Najibullah Zadran,Afghanistan,Wicketkeeper,34.75,1.0,1,77.0,-0.5949,0,1,338.45,32.19,79.9,0.0,0.0,0.0,31.1473,0.0786,31.27,2028,H2,Jul-Dec
Nangeyalia Kharote,Afghanistan,Spin Bowler,24.75,1.0,1,53.0,0.428,0,0,248.1,30.83,84.32,20.28,5.43,0.0,42.0057,0.9607,41.8,2028,H2,Jul-Dec
Naveed Zadran,Afghanistan,Pace Bowler,27.75,1.0,1,60.0,-0.0521,0,0,69.07,12.38,68.07,20.18,6.16,0.0,27.7166,0.1949,27.67,2028,H2,Jul-Dec
Naveen-ul-Haq,Afghanistan,Pace Bowler,28.75,1.0,1,79.0,-1.1179,0,1,43.55,11.85,74.93,20.84,5.48,0.0,28.7204,0.458,28.61,2028,H2,Jul-Dec
Nazifullah Amiri,Afghanistan,Top Order Batter,25.75,1.0,1,49.0,1.1004,1,0,311.48,38.94,87.98,0.0,0.0,0.0,36.2415,0.5834,36.32,2028,H2,Jul-Dec
Noor Ahmad,Afghanistan,Spin Bowler,23.75,1.0,1,71.0,-1.0101,0,1,100.1,16.59,86.01,25.05,4.83,0.0,35.6438,0.7506,35.54,2028,H2,Jul-Dec
Qais Ahmad,Afghanistan,Spin Bowler,27.75,1.0,1,64.0,-0.6376,0,1,66.83,13.27,70.66,20.41,5.9,0.0,28.7744,0.533,28.7,2028,H2,Jul-Dec
Rahmanullah Gurbaz,Afghanistan,Wicketkeeper,26.75,1.0,1,98.0,-0.4631,0,0,1058.57,46.64,92.62,0.0,0.0,0.0,44.1717,0.9418,44.18,2028,H2,Jul-Dec
Rahmat Shah,Afghanistan,Top Order Batter,35.75,0.625,1,104.0,-0.1939,0,0,595.71,46.34,72.86,0.0,0.0,0.0,39.7799,0.2002,39.2,2028,H2,Jul-Dec
Rashid Khan,Afghanistan,Spin Bowler,29.75,1.0,1,98.0,-1.7821,0,1,308.46,28.86,92.19,27.12,4.88,0.0,45.7283,0.9569,45.62,2028,H2,Jul-Dec
Riaz Hassan,Afghanistan,Top Order Batter,28.75,1.0,1,68.0,0.2114,0,0,519.51,40.15,88.74,0.0,0.0,0.0,37.8085,0.7228,37.87,2028,H2,Jul-Dec
Rohullah Arab,Afghanistan,Pace Bowler,26.75,1.0,1,51.0,0.3801,0,0,64.71,14.56,72.07,18.72,5.84,0.0,28.892,0.4059,28.73,2028,H2,Jul-Dec
Sediqullah Atal,Afghanistan,Top Order Batter,26.75,1.0,1,61.0,1.658,1,0,850.68,58.83,99.08,0.0,0.0,0.0,51.7489,0.9727,51.45,2028,H2,Jul-Dec
Shahidullah Kamal,Afghanistan,Middle Order Batter,32.75,1.0,1,93.0,0.212,0,0,691.04,45.91,82.48,0.0,0.0,0.0,41.1111,0.9547,41.18,2028,H2,Jul-Dec
Sharafuddin Ashraf,Afghanistan,Batting All-Rounder,32.75,1.0,1,71.0,-0.334,0,0,397.62,33.04,80.61,12.49,6.17,0.0,39.211,0.7517,39.16,2028,H2,Jul-Dec
Wafiullah Tarakhil,Afghanistan,Top Order Batter,24.75,1.0,1,57.0,1.0772,1,0,485.98,43.93,94.41,0.0,0.0,0.0,40.7469,0.6924,40.76,2028,H2,Jul-Dec
Wahidullah Zadran,Afghanistan,Top Order Batter,24.75,1.0,1,50.0,1.6886,1,0,461.1,57.64,105.59,0.0,0.0,0.0,50.5124,0.9326,50.27,2028,H2,Jul-Dec
Zia-Ur-Rehman Abdul Malik,Afghanistan,Spin Bowler,27.75,1.0,1,56.0,0.0277,0,0,92.64,18.38,73.96,24.88,5.5,0.0,34.8204,0.7637,34.78,2028,H2,Jul-Dec
Zubaid Akbari,Afghanistan,Top Order Batter,25.75,1.0,1,64.0,1.0328,1,0,523.94,46.6,96.83,0.0,0.0,0.0,42.8302,0.7337,42.78,2028,H2,Jul-Dec
Aaron Hardie,Australia,Bowling All-Rounder,29.75,1.0,1,113.0,1.0052,1,0,822.25,48.11,99.56,25.67,5.41,0.0,59.3448,0.0313,57.48,2028,H2,Jul-Dec
Adam Zampa,Australia,Spin Bowler,36.75,0.45,1,199.6,-3.3881,0,1,15.81,7.94,61.38,23.57,6.06,0.0,25.6956,0.0377,25.26,2028,H2,Jul-Dec
Alex Carey,Australia,Wicketkeeper,36.75,0.5625,1,168.0,-0.2162,0,0,391.43,35.33,79.5,0.0,0.0,0.0,33.201,0.0368,34.08,2028,H2,Jul-Dec
Ashton Agar,Australia,Spin Bowler,34.75,0.85,1,137.4,-3.4644,0,1,4.84,6.5,59.63,6.85,5.82,0.0,16.0542,0.0239,16.47,2028,H2,Jul-Dec
Beau Webster,Australia,Bowling All-Rounder,34.75,1.0,1,108.0,0.5936,1,0,754.27,41.46,89.01,29.11,5.93,0.0,55.2709,0.0223,54.01,2028,H2,Jul-Dec
Ben Dwarshuis,Australia,Pace Bowler,33.75,1.0,1,96.0,-1.155,0,1,29.75,11.95,71.44,26.98,6.73,0.0,31.1135,0.4521,31.2,2028,H2,Jul-Dec
Ben Kellaway,Australia,Batting All-Rounder,23.75,1.0,1,53.0,2.9159,1,0,397.8,47.59,118.68,11.06,5.13,0.0,52.6655,0.8186,52.55,2028,H2,Jul-Dec
Ben Manenti,Australia,Bowling All-Rounder,31.75,1.0,1,84.0,-0.8421,0,1,173.59,26.04,82.79,12.5,6.3,0.0,34.4067,0.0081,34.41,2028,H2,Jul-Dec
Billy Stanlake,Australia,Pace Bowler,33.75,1.0,1,76.0,-2.1014,0,1,0.0,0.24,44.62,1.71,8.27,0.0,7.155,0.0083,8.49,2028,H2,Jul-Dec
Brendan Doggett,Australia,Pace Bowler,33.75,1.0,1,85.0,-1.4562,0,1,13.91,7.23,57.07,16.07,6.71,0.0,20.7097,0.1703,20.52,2028,H2,Jul-Dec
Cameron Gannon,Australia,Pace Bowler,37.75,0.0,0,46.0,-1.246,0,1,0.43,0.71,51.12,1.44,7.45,0.0,8.2771,0.0027,8.85,2028,H2,Jul-Dec
Cameron Green,Australia,Batting All-Rounder,29.75,1.0,1,134.0,-0.3193,0,0,561.7,40.44,91.83,17.47,5.7,0.0,48.4496,0.0446,48.64,2028,H2,Jul-Dec
Campbell Kellaway,Australia,Top Order Batter,26.75,1.0,1,73.0,1.0464,1,0,385.97,38.42,94.61,0.0,0.0,0.0,37.0529,0.7585,37.15,2028,H2,Jul-Dec
Cooper Connolly,Australia,Batting All-Rounder,24.75,1.0,1,83.0,1.2337,1,0,682.3,51.56,108.53,17.63,4.97,0.0,58.1754,0.8237,56.97,2028,H2,Jul-Dec
Corey Rocchiccioli,Australia,Spin Bowler,31.75,1.0,1,74.0,-0.9047,0,1,11.02,5.51,64.72,18.5,5.56,0.0,22.1693,0.2398,21.82,2028,H2,Jul-Dec
Fergus O'Neill,Australia,Pace Bowler,27.75,1.0,1,66.0,-0.2598,0,0,14.48,6.0,69.24,17.93,6.09,0.0,22.6419,0.1054,22.45,2028,H2,Jul-Dec
Glenn Maxwell,Australia,Batting All-Rounder,40.75,0.0,0,218.0,-2.3845,0,1,145.16,29.16,85.31,3.6,7.37,0.0,31.7869,0.003,31.69,2028,H2,Jul-Dec
Harry Nielsen,Australia,Wicketkeeper,32.75,1.0,1,114.0,-0.1674,0,0,323.45,27.67,79.95,0.0,0.0,0.0,28.3364,0.0639,28.9,2028,H2,Jul-Dec
Henry Hunt,Australia,Top Order Batter,30.75,1.0,1,79.0,0.3843,0,0,327.71,40.93,93.83,0.0,0.0,0.0,38.2824,0.7187,38.3,2028,H2,Jul-Dec
Henry Thornton,Australia,Pace Bowler,32.75,1.0,1,84.0,-1.4441,0,1,13.5,6.75,69.21,8.77,6.55,0.0,18.304,0.0528,18.38,2028,H2,Jul-Dec
Jack Edwards,Australia,Batting All-Rounder,28.75,1.0,1,100.0,0.2612,0,0,374.25,34.44,90.06,11.55,5.86,0.0,40.8204,0.4258,40.69,2028,H2,Jul-Dec
Jake Fraser-McGurk,Australia,Top Order Batter,26.75,1.0,1,86.0,-1.986,0,1,296.36,24.78,94.43,0.0,0.0,0.0,28.3719,0.2185,28.94,2028,H2,Jul-Dec
Jake Lehmann,Australia,Middle Order Batter,35.75,0.625,1,85.0,-0.6477,0,1,113.65,25.02,73.06,0.0,0.0,0.0,25.0787,0.012,24.64,2028,H2,Jul-Dec
Jake Weatherald,Australia,Top Order Batter,34.75,1.0,1,165.0,-0.4672,0,0,640.47,42.34,85.37,0.0,0.0,0.0,39.1293,0.8598,39.08,2028,H2,Jul-Dec
Jason Behrendorff,Australia,Pace Bowler,38.75,0.05,1,129.8,-2.7731,0,1,2.06,9.52,61.72,4.88,6.96,0.0,16.9061,0.0074,17.4,2028,H2,Jul-Dec
Jason Sangha,Australia,Middle Order Batter,29.75,1.0,1,108.0,-0.775,0,1,260.02,27.44,86.79,0.0,0.0,0.0,28.8706,0.2183,29.35,2028,H2,Jul-Dec
Jhye Richardson,Australia,Pace Bowler,31.75,1.0,1,108.0,-2.2689,0,1,8.12,6.45,61.79,13.64,6.31,0.0,19.6724,0.096,19.44,2028,H2,Jul-Dec
Joel Davies,Australia,Middle Order Batter,24.75,1.0,1,44.0,3.3883,1,0,346.0,51.98,110.42,0.0,0.0,0.0,47.2808,0.9107,47.19,2028,H2,Jul-Dec
Jordan Buckingham,Australia,Pace Bowler,27.75,1.0,1,56.0,-0.4146,0,0,17.78,7.27,68.42,16.7,6.27,0.0,22.6514,0.135,22.44,2028,H2,Jul-Dec
Josh Hazlewood,Australia,Pace Bowler,37.75,0.0625,1,144.0,-1.6984,0,1,6.13,8.35,67.57,10.99,6.08,0.0,20.2834,0.0099,20.35,2028,H2,Jul-Dec
Josh Inglis,Australia,Wicketkeeper,33.75,1.0,1,149.0,0.9926,1,0,1000.72,44.28,94.65,0.0,0.0,0.0,42.7918,0.9195,42.78,2028,H2,Jul-Dec
Josh Philippe,Australia,Wicketkeeper,31.75,1.0,1,173.0,-0.7511,0,1,563.02,35.27,93.41,0.0,0.0,0.0,35.5875,0.2084,35.71,2028,H2,Jul-Dec
Lance Morris,Australia,Pace Bowler,30.75,1.0,1,63.0,-0.9395,0,1,2.7,2.7,58.24,14.24,6.64,0.0,17.1305,0.061,17.13,2028,H2,Jul-Dec
Liam Hatcher,Australia,Pace Bowler,31.75,1.0,1,83.0,-1.3878,0,1,12.31,4.74,66.45,9.2,6.63,0.0,16.912,0.0484,17.1,2028,H2,Jul-Dec
Liam Scott,Australia,Batting All-Rounder,27.75,1.0,1,85.0,1.8499,1,0,644.34,41.52,99.98,15.2,5.66,0.0,49.3173,0.6977,49.58,2028,H2,Jul-Dec
Mackenzie Harvey,Australia,Wicketkeeper,27.75,1.0,1,109.0,-0.8342,0,1,209.39,25.48,82.62,0.0,0.0,0.0,26.948,0.0745,27.28,2028,H2,Jul-Dec
Mahli Beardman,Australia,Pace Bowler,22.75,1.0,1,40.0,0.6828,1,0,15.32,13.63,91.16,10.72,5.4,0.0,26.6852,0.5424,26.51,2028,H2,Jul-Dec
Marcus Stoinis,Australia,Batting All-Rounder,39.75,0.0,0,244.0,-2.0386,0,1,104.51,31.47,89.86,3.09,6.59,0.0,33.5372,0.0026,33.3,2028,H2,Jul-Dec
Marnus Labuschagne,Australia,Middle Order Batter,34.75,1.0,1,164.0,-0.7433,0,1,587.23,39.89,82.3,0.0,0.0,0.0,37.042,0.7518,37.15,2028,H2,Jul-Dec
Matthew Gilkes,Australia,Wicketkeeper,29.75,1.0,1,123.0,-0.5671,0,1,328.21,32.41,91.17,0.0,0.0,0.0,32.7235,0.1224,32.8,2028,H2,Jul-Dec
Matthew Kuhnemann,Australia,Spin Bowler,31.75,1.0,1,86.0,-0.7711,0,1,16.42,9.93,64.8,26.82,5.53,0.0,29.1676,0.7948,28.87,2028,H2,Jul-Dec
Matthew Renshaw,Australia,Top Order Batter,32.75,1.0,1,179.0,-0.7015,0,1,556.31,34.29,80.16,0.15,6.85,0.0,34.0145,0.329,34.03,2028,H2,Jul-Dec
Matthew Short,Australia,Batting All-Rounder,32.75,1.0,1,166.0,-1.3185,0,1,840.48,42.58,95.61,12.28,6.45,0.0,48.391,0.8304,48.64,2028,H2,Jul-Dec
Matthew Wade,Australia,Wicketkeeper,40.75,0.0,0,182.0,-1.9889,0,1,0.98,15.3,66.51,0.0,0.0,0.0,17.8801,0.0032,18.47,2028,H2,Jul-Dec
Michael Neser,Australia,Bowling All-Rounder,38.75,0.0,0,128.0,-2.5268,0,1,83.72,24.35,80.69,6.83,6.12,0.0,29.9245,0.0017,28.29,2028,H2,Jul-Dec
Mitchell Marsh,Australia,Bowling All-Rounder,36.75,0.65,1,180.0,-1.1962,0,1,579.82,40.11,92.82,6.94,6.45,0.0,42.8712,0.0255,41.04,2028,H2,Jul-Dec
Mitchell Owen,Australia,Batting All-Rounder,27.75,1.0,1,88.0,1.4973,1,0,698.76,47.98,110.32,11.14,5.72,0.0,52.7212,0.7509,52.63,2028,H2,Jul-Dec
Mitchell Starc,Australia,Pace Bowler,38.75,0.3125,1,200.5,1.947,1,0,6.72,7.61,63.18,44.28,6.49,0.0,36.1949,0.2567,33.04,2028,H2,Jul-Dec
Mitchell Stoinis,Australia,Batting All-Rounder,39.75,0.0,0,244.0,-2.0386,0,1,101.69,30.63,87.43,3.0,6.77,0.0,32.6128,0.0028,32.17,2028,H2,Jul-Dec
Nathan Ellis,Australia,Pace Bowler,33.75,1.0,1,105.0,-1.9794,0,1,17.35,7.05,64.67,19.27,6.91,0.0,23.2063,0.1557,22.93,2028,H2,Jul-Dec
Nathan Lyon,Australia,Spin Bowler,40.75,0.0,0,82.0,-3.8812,0,1,0.98,5.09,48.79,6.86,5.77,0.0,13.7756,0.0078,14.39,2028,H2,Jul-Dec
Nathan McAndrew,Australia,Bowling All-Rounder,33.75,1.0,1,113.0,-0.2638,0,0,298.17,27.95,80.56,22.54,6.46,0.0,40.8193,0.0142,40.69,2028,H2,Jul-Dec
Nathan McSweeney,Australia,Middle Order Batter,29.75,1.0,1,97.0,0.3499,0,0,512.5,40.7,85.13,0.0,0.0,0.0,37.6472,0.7631,37.8,2028,H2,Jul-Dec
Nikhil Chaudhary,Australia,Batting All-Rounder,32.75,1.0,1,94.0,1.0003,1,0,539.83,33.42,93.88,12.65,6.86,0.0,41.616,0.3155,41.61,2028,H2,Jul-Dec
Oliver Peake,Australia,Middle Order Batter,22.75,1.0,1,37.0,2.319,1,0,266.49,43.05,102.45,0.0,0.0,0.0,40.4953,0.7776,40.52,2028,H2,Jul-Dec
Pat Cummins,Australia,Pace Bowler,35.75,0.4167,1,161.6667,-2.7793,0,1,22.95,10.24,67.38,15.32,6.5,0.0,23.5935,0.0199,23.88,2028,H2,Jul-Dec
Riley Meredith,Australia,Pace Bowler,32.75,1.0,1,90.0,-1.7714,0,1,5.42,4.07,61.05,10.52,7.02,0.0,16.3704,0.0438,16.61,2028,H2,Jul-Dec
Sam Elliott,Australia,Pace Bowler,26.75,1.0,1,47.0,-0.2929,0,0,25.0,9.33,71.16,4.74,6.34,0.0,18.1617,0.0717,18.41,2028,H2,Jul-Dec
Sam Konstas,Australia,Top Order Batter,22.75,1.0,1,57.0,3.4904,1,0,1067.64,53.44,112.16,0.0,0.0,0.0,50.9246,0.9555,51.41,2028,H2,Jul-Dec
Scott Boland,Australia,Pace Bowler,39.75,0.0,0,74.0,-1.8017,0,1,3.85,8.18,59.39,5.0,6.46,0.0,15.9482,0.0092,16.49,2028,H2,Jul-Dec
Sean Abbott,Australia,Bowling All-Rounder,36.75,0.3125,1,192.5,-2.6925,0,1,191.19,25.79,77.69,15.58,6.89,0.0,35.1007,0.0068,32.93,2028,H2,Jul-Dec
Spencer Johnson,Australia,Pace Bowler,32.75,1.0,1,73.0,-0.8558,0,1,18.42,8.09,66.33,19.06,7.07,0.0,23.9271,0.1403,23.69,2028,H2,Jul-Dec
Tanveer Sangha,Australia,Spin Bowler,26.75,1.0,1,79.0,-0.8269,0,1,10.96,7.38,64.77,27.79,5.68,0.0,28.0381,0.6304,27.55,2028,H2,Jul-Dec
Tim David,Australia,Middle Order Batter,32.75,1.0,1,110.0,0.0158,0,0,423.23,34.52,92.32,0.0,0.0,0.0,34.4971,0.6976,34.5,2028,H2,Jul-Dec
Todd Murphy,Australia,Spin Bowler,27.75,1.0,1,54.0,-1.1286,0,1,6.43,10.73,62.22,9.08,5.3,0.0,20.2787,0.4781,20.46,2028,H2,Jul-Dec
Travis Head,Australia,Top Order Batter,34.75,1.0,1,170.0,-0.1483,0,0,986.17,46.85,94.63,0.0,0.0,0.0,44.3105,0.9729,44.29,2028,H2,Jul-Dec
Will Sutherland,Australia,Bowling All-Rounder,28.75,1.0,1,117.0,0.1147,0,0,450.36,38.76,89.15,25.09,5.86,0.0,50.5367,0.018,50.2,2028,H2,Jul-Dec
Xavier Bartlett,Australia,Pace Bowler,29.75,1.0,1,77.0,-0.6519,0,1,26.7,11.89,81.59,23.86,5.87,0.0,30.9955,0.3552,31.06,2028,H2,Jul-Dec
A. G. Saqlain,Bangladesh,Bowling All-Rounder,26.75,1.0,1,40.0,1.5243,1,0,204.68,30.68,148.19,18.66,8.06,0.0,48.7679,0.0192,48.63,2028,H2,Jul-Dec
Abdul Gaffar Saqlain,Bangladesh,Bowling All-Rounder,26.75,1.0,1,40.0,1.5243,1,0,204.86,30.71,148.32,18.68,8.06,0.0,48.8142,0.0192,48.63,2028,H2,Jul-Dec
Afif Hossain,Bangladesh,Batting All-Rounder,28.75,1.0,1,154.0,-2.0747,0,1,222.62,18.76,130.8,7.99,9.16,0.0,33.6672,0.0579,33.8,2028,H2,Jul-Dec
Akbar Ali,Bangladesh,Wicketkeeper,27.75,1.0,1,56.0,1.424,1,0,514.84,33.07,150.37,0.0,0.0,0.0,41.5399,0.3805,41.68,2028,H2,Jul-Dec
Amite Hasan,Bangladesh,Middle Order Batter,27.75,1.0,1,53.0,1.6032,1,0,353.06,30.12,136.23,0.0,0.0,0.0,37.3162,0.8691,37.42,2028,H2,Jul-Dec
Anamul Haque,Bangladesh,Wicketkeeper,35.75,0.75,1,159.0,-1.296,0,1,189.62,19.81,123.37,0.0,0.0,0.0,28.7521,0.0208,29.58,2028,H2,Jul-Dec
Ebadat Hossain,Bangladesh,Pace Bowler,34.75,1.0,1,67.0,0.4398,0,0,25.64,12.43,107.61,18.62,9.04,0.0,31.5175,0.1638,31.6,2028,H2,Jul-Dec
Hasan Mahmud,Bangladesh,Pace Bowler,29.75,1.0,1,105.0,-0.667,0,1,96.6,14.42,131.2,43.71,7.66,0.0,49.0892,0.834,48.69,2028,H2,Jul-Dec
Hasan Murad,Bangladesh,Spin Bowler,26.75,1.0,1,60.0,1.4761,1,0,77.56,17.88,121.37,32.0,7.77,0.0,43.8435,0.9173,43.75,2028,H2,Jul-Dec
Jaker Ali,Bangladesh,Wicketkeeper,30.75,1.0,1,89.0,1.2723,1,0,647.99,34.66,141.38,0.0,0.0,0.0,41.7996,0.4441,41.86,2028,H2,Jul-Dec
Jishan Alam,Bangladesh,Top Order Batter,26.75,1.0,1,53.0,1.6795,1,0,476.36,37.27,157.47,0.0,0.0,0.0,44.9054,0.9451,44.96,2028,H2,Jul-Dec
Khaled Ahmed,Bangladesh,Pace Bowler,35.75,0.875,1,90.0,0.4571,0,0,38.09,13.68,105.49,25.38,9.58,0.0,35.4502,0.1971,34.08,2028,H2,Jul-Dec
Litton Das,Bangladesh,Wicketkeeper,33.75,1.0,1,232.0,-0.81,0,1,626.11,30.92,140.66,0.0,0.0,0.0,39.3408,0.4572,39.35,2028,H2,Jul-Dec
Mahedi Hasan,Bangladesh,Batting All-Rounder,33.75,1.0,1,175.0,0.0353,0,0,652.26,31.71,150.39,36.66,8.12,0.0,60.4512,0.8727,57.27,2028,H2,Jul-Dec
Mahidul Islam Ankon,Bangladesh,Wicketkeeper,27.75,1.0,1,67.0,1.7718,1,0,448.83,36.19,147.13,0.0,0.0,0.0,42.7931,0.4254,42.78,2028,H2,Jul-Dec
Mahmudul Hasan Joy,Bangladesh,Middle Order Batter,27.75,1.0,1,94.0,0.2224,0,0,434.27,29.82,138.47,0.0,0.0,0.0,37.7102,0.8399,37.8,2028,H2,Jul-Dec
Mahmudullah,Bangladesh,Batting All-Rounder,42.75,0.0,0,250.0,-5.119,0,1,0.0,18.84,126.98,0.0,9.55,0.0,28.3097,0.0038,28.38,2028,H2,Jul-Dec
Mehidy Hasan Miraz,Bangladesh,Bowling All-Rounder,30.75,1.0,1,190.0,-0.4125,0,0,648.33,33.43,142.88,40.83,7.46,0.0,62.7361,0.0692,57.46,2028,H2,Jul-Dec
Mohammad Naim,Bangladesh,Middle Order Batter,28.75,1.0,1,130.0,-1.1598,0,1,302.8,22.8,129.34,0.0,0.0,0.0,31.7594,0.4407,31.85,2028,H2,Jul-Dec
Mohammad Saifuddin,Bangladesh,Bowling All-Rounder,31.75,1.0,1,133.0,-0.5889,0,1,386.64,23.18,136.14,32.51,8.94,0.0,50.2124,0.0215,50.1,2028,H2,Jul-Dec
Mominul Haque,Bangladesh,Top Order Batter,36.75,0.5625,1,110.0,-0.4437,0,0,151.49,21.62,111.16,0.0,0.0,0.0,28.1255,0.0199,29.11,2028,H2,Jul-Dec
Mosaddek Hossain,Bangladesh,Batting All-Rounder,32.75,1.0,1,159.0,-1.0736,0,1,358.12,23.22,127.17,13.47,8.91,0.0,39.2242,0.2483,39.16,2028,H2,Jul-Dec
Musfik Hasan,Bangladesh,Pace Bowler,24.75,1.0,1,46.0,1.3273,1,0,48.14,14.43,131.3,27.85,7.4,0.0,40.8664,0.7552,40.73,2028,H2,Jul-Dec
Mushfiqur Rahim,Bangladesh,Wicketkeeper,41.75,0.0,0,190.0,-1.6022,0,1,34.16,23.41,120.35,0.0,0.0,0.0,30.015,0.0024,30.07,2028,H2,Jul-Dec
Mustafizur Rahman,Bangladesh,Pace Bowler,32.75,1.0,1,227.0,-1.4401,0,1,58.09,12.27,108.95,43.12,8.25,0.0,44.3373,0.8357,44.06,2028,H2,Jul-Dec
Nahid Rana,Bangladesh,Pace Bowler,25.75,1.0,1,86.0,0.6137,1,0,48.16,13.63,126.12,47.95,7.46,0.0,49.9711,0.8621,49.33,2028,H2,Jul-Dec
Najmul Hossain Apu,Bangladesh,Spin Bowler,29.75,1.0,1,49.0,1.293,1,0,60.14,13.68,116.54,26.08,8.07,0.0,37.5088,0.7526,37.37,2028,H2,Jul-Dec
Najmul Hossain Shanto,Bangladesh,Middle Order Batter,29.75,1.0,1,140.0,-0.2388,0,0,734.84,36.86,147.8,0.0,0.0,0.0,44.2906,0.9727,44.29,2028,H2,Jul-Dec
Nasum Ahmed,Bangladesh,Spin Bowler,34.75,1.0,1,161.0,-1.324,0,1,48.31,10.23,91.71,31.81,8.64,0.0,34.9602,0.6508,34.9,2028,H2,Jul-Dec
Nasum Ahmed Jr,Bangladesh,Spin Bowler,23.75,1.0,1,41.0,1.0085,1,0,63.73,13.47,130.97,24.7,7.12,0.0,38.7265,0.7268,38.67,2028,H2,Jul-Dec
Nayeem Hasan,Bangladesh,Spin Bowler,27.75,1.0,1,73.0,-0.6,0,1,57.9,14.28,112.3,25.9,7.42,0.0,37.3173,0.7456,37.26,2028,H2,Jul-Dec
Nurul Hasan,Bangladesh,Wicketkeeper,35.75,0.8125,1,165.5,0.0764,0,0,362.29,24.84,127.89,0.0,0.0,0.0,33.0252,0.07,33.57,2028,H2,Jul-Dec
Parvez Hossain Emon,Bangladesh,Wicketkeeper,26.75,1.0,1,87.0,1.3541,1,0,765.42,39.77,147.02,0.0,0.0,0.0,46.0754,0.8573,45.98,2028,H2,Jul-Dec
Pritom Kumar,Bangladesh,Wicketkeeper,24.75,1.0,1,50.0,1.8842,1,0,501.24,39.08,155.32,0.0,0.0,0.0,45.8178,0.6169,45.98,2028,H2,Jul-Dec
Rejaur Rahman Raja,Bangladesh,Pace Bowler,27.75,1.0,1,55.0,1.2786,1,0,62.63,14.28,121.61,29.79,7.98,0.0,40.4596,0.7186,40.28,2028,H2,Jul-Dec
Ripon Mondol,Bangladesh,Pace Bowler,25.75,1.0,1,51.0,1.2736,1,0,49.24,14.47,121.78,30.64,8.02,0.0,40.9806,0.7061,40.79,2028,H2,Jul-Dec
Rishad Hossain,Bangladesh,Spin Bowler,25.75,1.0,1,113.0,1.8401,1,0,662.5,34.96,144.08,45.64,7.72,0.0,66.2992,0.9828,57.45,2028,H2,Jul-Dec
Saif Hassan,Bangladesh,Top Order Batter,29.75,1.0,1,104.0,1.1672,1,0,640.09,32.41,150.0,0.0,0.0,0.0,41.5255,0.8693,41.68,2028,H2,Jul-Dec
Shadman Islam,Bangladesh,Top Order Batter,32.75,1.0,1,86.0,0.6824,1,0,356.33,29.6,121.61,0.0,0.0,0.0,35.0931,0.7675,35.23,2028,H2,Jul-Dec
Shahadat Hossain,Bangladesh,Top Order Batter,26.75,1.0,1,59.0,1.697,1,0,448.84,38.75,158.17,0.0,0.0,0.0,45.8064,0.9458,45.97,2028,H2,Jul-Dec
Shakib Al Hasan,Bangladesh,Batting All-Rounder,41.75,0.0,0,310.0,-8.1687,0,1,0.0,19.22,131.09,0.0,8.54,0.0,29.1918,0.0015,29.47,2028,H2,Jul-Dec
Shamim Hossain,Bangladesh,Batting All-Rounder,27.75,1.0,1,98.0,1.7462,1,0,665.27,36.36,141.7,17.86,8.61,0.0,52.5217,0.86,52.63,2028,H2,Jul-Dec
Shoriful Islam,Bangladesh,Pace Bowler,27.75,1.0,1,126.0,-1.0289,0,1,72.49,14.35,116.85,36.36,8.4,0.0,43.2179,0.7085,43.12,2028,H2,Jul-Dec
Soumya Sarkar,Bangladesh,Batting All-Rounder,35.75,0.4167,1,188.6667,-1.854,0,1,196.92,20.26,126.04,6.63,9.6,0.0,33.1304,0.0027,32.59,2028,H2,Jul-Dec
Taijul Islam,Bangladesh,Spin Bowler,36.75,0.45,1,112.6,-3.1901,0,1,21.56,9.65,88.78,12.14,8.0,0.0,24.1479,0.0062,24.15,2028,H2,Jul-Dec
Tanvir Islam,Bangladesh,Spin Bowler,31.75,1.0,1,94.0,0.2649,0,0,70.76,14.01,102.49,40.13,8.23,0.0,43.0722,0.905,42.87,2028,H2,Jul-Dec
Tanzid Hasan,Bangladesh,Top Order Batter,27.75,1.0,1,104.0,0.865,1,0,860.85,39.89,157.77,0.0,0.0,0.0,47.8916,0.9553,47.85,2028,H2,Jul-Dec
Tanzim Hasan Sakib,Bangladesh,Pace Bowler,25.75,1.0,1,96.0,0.2146,0,0,124.65,23.76,158.68,41.24,7.32,0.0,57.2938,0.9505,57.17,2028,H2,Jul-Dec
Taskin Ahmed,Bangladesh,Pace Bowler,33.75,1.0,1,170.0,-0.8099,0,1,62.42,11.05,99.65,37.14,9.52,0.0,39.1829,0.6257,39.03,2028,H2,Jul-Dec
Towhid Hridoy,Bangladesh,Top Order Batter,27.75,1.0,1,127.0,1.2181,1,0,956.95,37.24,147.27,2.2,8.32,0.0,46.8347,0.7898,46.61,2028,H2,Jul-Dec
Yasir Ali Chowdhury,Bangladesh,Middle Order Batter,32.75,1.0,1,105.0,0.2857,0,0,386.47,26.32,127.39,0.0,0.0,0.0,33.9496,0.7321,33.96,2028,H2,Jul-Dec
Zakir Hasan,Bangladesh,Middle Order Batter,30.75,1.0,1,83.0,0.2371,0,0,365.8,25.59,123.22,0.0,0.0,0.0,32.8841,0.5993,32.91,2028,H2,Jul-Dec
Adil Rashid,England,Spin Bowler,40.75,0.0,0,337.0,-3.2729,0,1,15.07,9.13,68.03,8.53,5.57,0.0,19.7285,0.0285,20.14,2028,H2,Jul-Dec
Alex Horton,England,Wicketkeeper,25.75,1.0,1,44.0,1.2558,1,0,404.52,34.37,94.88,0.0,0.0,0.0,34.6756,0.2033,34.76,2028,H2,Jul-Dec
Archie Vaughan,England,Batting All-Rounder,23.75,1.0,1,52.0,1.7508,1,0,546.48,41.99,103.79,17.98,4.92,0.0,51.4223,0.7047,51.37,2028,H2,Jul-Dec
Ben Duckett,England,Top Order Batter,33.75,1.0,1,200.0,0.0879,0,0,1030.86,40.05,94.53,0.0,0.0,0.0,40.2938,0.9401,40.3,2028,H2,Jul-Dec
Ben Foakes,England,Wicketkeeper,35.75,0.85,1,144.4,0.0596,0,0,355.52,30.0,74.67,0.0,0.0,0.0,29.1817,0.1614,29.96,2028,H2,Jul-Dec
Ben Geddes,England,Top Order Batter,26.75,1.0,1,66.0,1.3094,1,0,654.8,38.69,99.29,0.0,0.0,0.0,38.7712,0.7173,38.83,2028,H2,Jul-Dec
Ben McKinney,England,Top Order Batter,23.75,1.0,1,53.0,1.368,1,0,551.42,41.6,103.0,0.0,0.0,0.0,40.6764,0.7617,40.76,2028,H2,Jul-Dec
Brydon Carse,England,Pace Bowler,33.75,1.0,1,113.0,-1.1245,0,1,209.84,22.68,85.77,49.86,6.12,0.0,52.0231,0.8944,51.54,2028,H2,Jul-Dec
Chris Jordan,England,Pace Bowler,39.75,0.0,0,314.0,-1.6142,0,1,100.19,19.51,86.16,10.85,6.64,0.0,29.6803,0.0087,28.12,2028,H2,Jul-Dec
Chris Woakes,England,Bowling All-Rounder,39.75,0.0,0,191.0,-2.9738,0,1,46.51,24.61,74.77,4.78,6.59,0.0,28.0244,0.0029,27.26,2028,H2,Jul-Dec
Dan Lawrence,England,Batting All-Rounder,31.75,1.0,1,160.0,-0.2645,0,0,740.26,36.62,82.88,6.87,6.0,0.0,40.0624,0.5299,40.24,2028,H2,Jul-Dec
Dan Mousley,England,Batting All-Rounder,27.75,1.0,1,113.0,1.04,1,0,859.76,38.36,93.74,22.83,5.56,0.0,51.2511,0.8232,51.4,2028,H2,Jul-Dec
Emilio Gay,England,Top Order Batter,31.75,1.0,1,113.0,0.1781,0,0,760.33,39.82,89.94,0.0,0.0,0.0,38.6057,0.8448,38.55,2028,H2,Jul-Dec
Farhan Ahmed,England,Spin Bowler,21.75,1.0,1,45.0,1.4017,1,0,94.11,16.17,85.21,33.52,5.19,0.0,39.4656,0.9007,39.38,2028,H2,Jul-Dec
George Bell,England,Wicketkeeper,25.75,1.0,1,64.0,1.1959,1,0,601.38,38.5,102.46,0.0,0.0,0.0,38.8838,0.3441,38.92,2028,H2,Jul-Dec
George Hill,England,Batting All-Rounder,29.75,1.0,1,94.0,1.1122,1,0,690.89,34.65,90.84,22.51,5.63,0.0,47.8273,0.7833,47.88,2028,H2,Jul-Dec
George Thomas,England,Top Order Batter,26.75,1.0,1,73.0,0.8743,1,0,635.41,33.01,89.61,0.0,0.0,0.0,33.9599,0.6776,34.01,2028,H2,Jul-Dec
Gus Atkinson,England,Pace Bowler,30.75,1.0,1,108.0,-0.8209,0,1,121.19,18.18,90.22,51.82,5.54,0.0,50.6995,0.702,51.47,2028,H2,Jul-Dec
Harry Brook,England,Middle Order Batter,29.75,1.0,1,164.0,0.8266,1,0,1262.79,51.23,102.86,1.27,5.35,0.0,50.762,0.9721,51.41,2028,H2,Jul-Dec
Henry Crocombe,England,Pace Bowler,26.75,1.0,1,56.0,0.7751,1,0,60.43,12.4,78.57,32.15,5.6,0.0,35.344,0.5991,35.27,2028,H2,Jul-Dec
Jack Carson,England,Spin Bowler,27.75,1.0,1,68.0,0.4887,0,0,102.6,16.73,81.91,38.21,5.01,0.0,41.8665,0.9104,41.67,2028,H2,Jul-Dec
Jack Haynes,England,Top Order Batter,27.75,1.0,1,110.0,0.44,0,0,753.26,33.53,90.46,0.0,0.0,0.0,34.8014,0.7612,34.83,2028,H2,Jul-Dec
Jack Leach,England,Spin Bowler,37.75,0.0625,1,128.0,-3.6338,0,1,4.88,11.02,66.0,2.49,5.9,0.0,17.4031,0.0098,17.91,2028,H2,Jul-Dec
Jacob Bethell,England,Batting All-Rounder,24.75,1.0,1,104.0,1.6991,1,0,1045.76,50.84,101.4,23.49,5.45,0.0,60.91,0.9642,57.11,2028,H2,Jul-Dec
James Anderson,England,Pace Bowler,46.75,0.0,0,44.0,-0.2853,0,0,0.0,0.0,0.0,0.0,7.62,0.0,0.3766,0.0023,0.79,2028,H2,Jul-Dec
James Coles,England,Batting All-Rounder,24.75,1.0,1,60.0,1.8564,1,0,568.85,36.74,100.08,21.98,5.19,0.0,49.7542,0.7304,49.57,2028,H2,Jul-Dec
James Rew,England,Wicketkeeper,24.75,1.0,1,77.0,1.2263,1,0,857.19,47.01,99.58,0.0,0.0,0.0,44.6064,0.4076,44.61,2028,H2,Jul-Dec
Jamie Overton,England,Bowling All-Rounder,34.75,1.0,1,163.0,-0.8046,0,1,527.37,28.85,87.11,41.11,6.07,0.0,52.6188,0.0764,52.54,2028,H2,Jul-Dec
Jamie Smith,England,Wicketkeeper,27.75,1.0,1,100.0,1.3645,1,0,904.1,51.28,100.13,0.0,0.0,0.0,47.4546,0.7698,47.2,2028,H2,Jul-Dec
Joe Root,England,Top Order Batter,37.75,0.0833,1,276.3333,-1.2134,0,1,327.88,42.02,83.34,1.12,5.37,0.0,39.218,0.0165,39.01,2028,H2,Jul-Dec
Jofra Archer,England,Pace Bowler,33.75,1.0,1,131.0,-0.8589,0,1,84.42,16.08,79.4,36.64,5.99,0.0,39.9808,0.7666,39.79,2028,H2,Jul-Dec
John Turner,England,Pace Bowler,25.75,1.0,1,58.0,1.4679,1,0,69.67,20.52,83.37,33.91,5.54,0.0,41.8905,0.8087,41.67,2028,H2,Jul-Dec
Jonny Bairstow,England,Wicketkeeper,39.75,0.0,0,211.0,-1.2164,0,1,138.22,29.26,83.92,0.0,0.0,0.0,29.182,0.0067,30.2,2028,H2,Jul-Dec
Jordan Cox,England,Middle Order Batter,27.75,1.0,1,118.0,1.3002,1,0,1124.39,48.93,101.73,0.0,0.0,0.0,46.9968,0.9197,46.94,2028,H2,Jul-Dec
Jos Buttler,England,Wicketkeeper,37.75,0.0,0,270.0,-0.9306,0,1,253.2,38.73,92.6,0.0,0.0,0.0,36.5149,0.6047,37.03,2028,H2,Jul-Dec
Josh Hull,England,Pace Bowler,24.75,1.0,1,57.0,1.1943,1,0,65.41,14.79,83.65,37.77,5.42,0.0,40.4176,0.6005,40.27,2028,H2,Jul-Dec
Josh Tongue,England,Pace Bowler,30.75,1.0,1,80.0,-0.0176,0,0,62.0,20.34,79.6,26.54,5.74,0.0,37.4328,0.8055,37.37,2028,H2,Jul-Dec
Liam Dawson,England,Bowling All-Rounder,38.75,0.0,0,251.0,-2.6943,0,1,172.07,29.74,77.49,8.23,5.9,0.0,33.8819,0.0077,33.15,2028,H2,Jul-Dec
Liam Livingstone,England,Batting All-Rounder,35.75,0.75,1,163.0,-1.0399,0,1,614.9,34.17,86.61,18.62,6.54,0.0,44.5022,0.2224,41.72,2028,H2,Jul-Dec
Luc Benkenstein,England,Batting All-Rounder,23.75,1.0,1,50.0,2.0211,1,0,493.7,39.07,100.82,19.97,5.05,0.0,50.0334,0.683,49.59,2028,H2,Jul-Dec
Luke Wood,England,Pace Bowler,32.75,1.0,1,171.0,-0.7712,0,1,103.66,14.82,82.77,41.67,6.31,0.0,42.2165,0.7114,42.05,2028,H2,Jul-Dec
Mark Wood,England,Pace Bowler,38.75,0.0,0,107.0,-1.1578,0,1,8.92,10.64,72.31,7.41,6.87,0.0,20.3146,0.0131,20.57,2028,H2,Jul-Dec
Matthew Fisher,England,Pace Bowler,31.75,1.0,1,91.0,-0.2388,0,0,78.82,19.41,79.86,31.02,5.9,0.0,39.2063,0.6828,39.04,2028,H2,Jul-Dec
Matthew Potts,England,Pace Bowler,29.75,1.0,1,104.0,-0.6259,0,1,149.88,22.54,81.34,37.92,5.85,0.0,45.1063,0.8242,44.9,2028,H2,Jul-Dec
Ollie Pope,England,Top Order Batter,30.75,1.0,1,140.0,-0.3341,0,0,659.17,40.41,91.34,0.0,5.5,0.0,39.8275,0.6045,39.94,2028,H2,Jul-Dec
Ollie Robinson,England,Pace Bowler,29.75,1.0,1,85.0,-0.1986,0,0,84.31,20.85,83.03,32.65,5.48,0.0,41.4721,0.6419,41.19,2028,H2,Jul-Dec
Olly Stone,England,Pace Bowler,34.75,1.0,1,101.0,-0.4774,0,0,62.91,21.88,78.5,31.7,6.1,0.0,40.7815,0.603,40.55,2028,H2,Jul-Dec
Phil Salt,England,Wicketkeeper,32.75,1.0,1,150.0,-0.474,0,0,973.14,45.0,102.14,0.0,0.0,0.0,44.1177,0.6692,43.97,2028,H2,Jul-Dec
Reece Topley,England,Pace Bowler,34.75,1.0,1,141.0,-0.389,0,0,71.45,18.72,75.35,36.42,6.66,0.0,40.7566,0.748,40.54,2028,H2,Jul-Dec
Rehan Ahmed,England,Spin Bowler,23.75,1.0,1,104.0,0.4494,0,0,556.68,33.69,98.23,49.26,4.97,0.0,61.6356,0.9556,57.27,2028,H2,Jul-Dec
Rocky Flintoff,England,Middle Order Batter,22.75,1.0,0,45.0,1.6829,1,0,434.73,40.18,96.62,0.0,0.0,0.0,38.5634,0.8944,38.55,2028,H2,Jul-Dec
Sam Cook,England,Pace Bowler,30.75,1.0,1,104.0,-0.3005,0,0,75.16,18.62,79.6,38.16,5.64,0.0,42.3988,0.7201,42.27,2028,H2,Jul-Dec
Sam Curran,England,Bowling All-Rounder,30.75,1.0,1,176.0,-0.8161,0,1,747.65,35.83,94.03,40.35,5.44,0.0,58.3479,0.877,57.44,2028,H2,Jul-Dec
Saqib Mahmood,England,Pace Bowler,31.75,1.0,1,111.0,0.1678,0,0,77.56,19.18,80.12,39.2,5.86,0.0,43.2904,0.7641,43.11,2028,H2,Jul-Dec
Shoaib Bashir,England,Spin Bowler,24.75,1.0,1,75.0,-0.7253,0,1,74.25,13.12,78.25,32.86,4.93,0.0,36.3713,0.7503,36.23,2028,H2,Jul-Dec
Sonny Baker,England,Pace Bowler,23.75,1.0,1,65.0,1.3198,1,0,85.3,19.4,96.22,45.6,4.77,0.0,49.1857,0.912,48.68,2028,H2,Jul-Dec
Tom Banton,England,Top Order Batter,30.75,1.0,1,161.0,0.4016,0,0,1002.93,41.65,103.1,0.0,0.0,0.0,42.2984,0.7778,42.27,2028,H2,Jul-Dec
Tom Hartley,England,Spin Bowler,29.75,1.0,1,83.0,-2.6063,0,1,77.41,15.59,89.28,20.44,5.12,0.0,32.918,0.6581,32.86,2028,H2,Jul-Dec
Tom Rew,England,Wicketkeeper,23.75,1.0,1,49.0,1.386,1,0,459.07,40.77,103.65,0.0,0.0,0.0,39.931,0.3854,39.96,2028,H2,Jul-Dec
Will Jacks,England,Batting All-Rounder,29.75,1.0,1,125.0,-0.1446,0,0,821.04,39.99,103.32,13.66,5.49,0.0,48.698,0.7159,48.64,2028,H2,Jul-Dec
Zak Crawley,England,Top Order Batter,30.75,1.0,1,125.0,-0.0777,0,0,643.61,35.12,95.02,0.0,0.0,0.0,35.9885,0.6319,36.13,2028,H2,Jul-Dec
Abhishek Sharma,India,Top Order Batter,28.75,1.0,1,92.0,1.1705,1,0,864.32,48.18,104.16,14.39,6.13,0.0,54.1727,0.6068,54.16,2028,H2,Jul-Dec
Akash Deep,India,Pace Bowler,31.75,1.0,1,70.0,-0.2158,0,0,74.28,13.88,74.89,21.07,5.7,0.0,30.119,0.2616,30.14,2028,H2,Jul-Dec
Akshat Raghuwanshi,India,Top Order Batter,23.75,1.0,1,50.0,1.1828,1,0,389.35,41.25,95.67,0.0,0.0,0.0,38.9348,0.6392,38.92,2028,H2,Jul-Dec
Aman Mokhade,India,Middle Order Batter,26.75,1.0,1,80.0,0.2971,0,0,511.15,39.25,92.37,0.0,0.0,0.0,37.7046,0.6558,37.8,2028,H2,Jul-Dec
Angkrish Raghuwanshi,India,Wicketkeeper,23.75,1.0,1,58.0,2.6714,1,0,625.23,61.58,115.4,0.0,0.0,0.0,54.7824,0.812,54.05,2028,H2,Jul-Dec
Anshul Kamboj,India,Pace Bowler,27.75,1.0,1,76.0,-1.2672,0,1,43.15,10.7,76.05,19.26,5.49,0.0,27.3511,0.1689,27.32,2028,H2,Jul-Dec
Arshdeep Singh,India,Pace Bowler,29.75,1.0,1,117.0,-1.2114,0,1,45.93,9.54,62.98,28.03,5.4,0.0,29.4516,0.3018,29.44,2028,H2,Jul-Dec
Ashok Sharma,India,Pace Bowler,27.75,1.0,1,61.0,0.448,0,0,32.29,16.14,69.89,21.59,6.0,0.0,30.8868,0.3748,30.89,2028,H2,Jul-Dec
Atharva Taide,India,Top Order Batter,26.75,1.0,1,77.0,0.2251,0,0,539.49,40.44,93.79,0.0,0.0,0.0,38.7177,0.563,38.83,2028,H2,Jul-Dec
Auqib Nabi,India,Bowling All-Rounder,27.75,1.0,1,53.0,0.755,1,0,364.87,35.46,83.19,22.75,6.23,0.0,46.15,0.0189,45.94,2028,H2,Jul-Dec
Avesh Khan,India,Pace Bowler,31.75,1.0,1,106.0,-1.5949,0,1,28.96,13.01,65.06,19.18,6.01,0.0,27.0919,0.2376,26.96,2028,H2,Jul-Dec
Axar Patel,India,Bowling All-Rounder,34.75,1.0,1,192.0,-0.7269,0,1,560.89,37.74,80.82,17.12,5.87,0.0,45.1272,0.038,45.27,2028,H2,Jul-Dec
Ayush Mhatre,India,Top Order Batter,21.75,1.0,0,52.0,2.9733,1,0,534.75,53.6,108.46,11.33,4.84,0.0,55.7238,0.8432,53.95,2028,H2,Jul-Dec
Brijesh Sharma,India,Pace Bowler,26.75,1.0,1,80.0,0.6321,1,0,43.71,49.12,48.22,22.35,6.1,0.0,48.6256,0.9835,48.3,2028,H2,Jul-Dec
Devdutt Padikkal,India,Top Order Batter,28.75,1.0,1,89.0,0.039,0,0,492.66,38.44,87.31,0.0,0.0,0.0,36.4811,0.4671,36.56,2028,H2,Jul-Dec
Dhruv Jurel,India,Wicketkeeper,27.75,1.0,1,64.0,0.8529,1,0,426.9,45.93,101.7,0.0,0.0,0.0,42.7195,0.3475,42.78,2028,H2,Jul-Dec
Digvesh Rathi,India,Spin Bowler,28.75,1.0,0,58.0,0.3626,0,0,86.35,14.71,70.39,26.18,5.74,0.0,32.6823,0.7763,32.64,2028,H2,Jul-Dec
Gurnoor Brar,India,Pace Bowler,27.75,1.0,1,53.0,0.1687,0,0,45.81,13.0,69.69,21.87,5.65,0.0,29.2227,0.2946,29.15,2028,H2,Jul-Dec
Hardik Pandya,India,Batting All-Rounder,34.75,1.0,1,197.0,-1.4176,0,1,511.26,39.86,87.44,10.28,6.24,0.0,43.5288,0.4532,43.61,2028,H2,Jul-Dec
Harsh Dubey,India,Bowling All-Rounder,26.75,1.0,1,70.0,0.7898,1,0,567.18,45.28,98.49,33.15,5.12,0.0,60.5021,0.0169,57.36,2028,H2,Jul-Dec
Harshit Rana,India,Pace Bowler,25.75,1.0,1,68.0,-0.1021,0,0,39.75,10.91,77.08,25.16,5.45,0.0,30.633,0.2592,30.69,2028,H2,Jul-Dec
Ishan Kishan,India,Wicketkeeper,30.75,1.0,1,147.0,0.1316,0,0,710.98,47.18,102.78,0.0,0.0,0.0,44.6188,0.6751,44.61,2028,H2,Jul-Dec
Jasprit Bumrah,India,Pace Bowler,34.75,1.0,1,177.0,1.893,1,0,25.01,10.14,60.44,87.65,4.96,0.0,60.0601,0.9854,57.13,2028,H2,Jul-Dec
Jitesh Sharma,India,Wicketkeeper,34.75,1.0,1,104.0,0.2796,0,0,525.04,38.52,95.95,0.0,0.0,0.0,37.7758,0.2508,37.81,2028,H2,Jul-Dec
KL Rahul,India,Wicketkeeper,36.75,0.65,1,169.0,-0.8516,0,1,370.28,38.11,81.64,0.0,0.0,0.0,35.1082,0.0322,35.78,2028,H2,Jul-Dec
KS Bharat,India,Wicketkeeper,34.75,1.0,1,64.0,0.1394,0,0,238.92,33.02,79.64,0.0,0.0,0.0,31.2731,0.1325,31.32,2028,H2,Jul-Dec
Kartik Sharma,India,Wicketkeeper,23.75,1.0,1,54.0,1.3296,1,0,450.2,46.58,110.83,0.0,0.0,0.0,44.3954,0.4001,44.29,2028,H2,Jul-Dec
Karun Nair,India,Top Order Batter,36.75,0.5625,1,94.0,-0.4225,0,0,298.84,39.38,78.02,0.0,0.0,0.0,35.1608,0.0454,35.93,2028,H2,Jul-Dec
Khaleel Ahmed,India,Pace Bowler,30.75,1.0,1,97.0,-1.1822,0,1,38.85,17.43,76.84,27.06,5.2,0.0,35.6379,0.6645,35.54,2028,H2,Jul-Dec
Kuldeep Yadav,India,Spin Bowler,33.75,1.0,1,167.0,-1.7942,0,1,60.2,10.98,65.6,23.13,5.14,0.0,28.303,0.4921,28.25,2028,H2,Jul-Dec
Kumar Kushagra,India,Wicketkeeper,23.75,1.0,1,60.0,0.9844,1,0,494.06,48.24,96.03,0.0,0.0,0.0,43.6241,0.3379,43.62,2028,H2,Jul-Dec
Manav Suthar,India,Spin Bowler,26.75,1.0,1,60.0,0.2155,0,0,181.47,26.04,83.78,30.45,4.87,0.0,44.1641,0.9582,44.13,2028,H2,Jul-Dec
Mangesh Yadav,India,Pace Bowler,25.75,1.0,1,65.0,0.277,0,0,75.49,17.63,81.6,28.21,5.24,0.0,37.0874,0.7774,36.99,2028,H2,Jul-Dec
Mayank Yadav,India,Pace Bowler,26.75,1.0,1,53.0,0.0713,0,0,22.74,10.3,72.47,21.57,5.1,0.0,27.8722,0.1587,27.38,2028,H2,Jul-Dec
Mohammed Shami,India,Pace Bowler,38.75,0.0,0,160.0,-1.4329,0,1,3.01,5.21,53.92,9.97,6.55,0.0,15.9349,0.007,16.32,2028,H2,Jul-Dec
Mohammed Siraj,India,Pace Bowler,34.75,0.85,1,183.4,-2.0001,0,1,23.91,8.03,56.71,22.62,6.1,0.0,24.6711,0.142,24.63,2028,H2,Jul-Dec
Mukesh Kumar,India,Pace Bowler,34.75,1.0,1,94.0,-1.2457,0,1,18.77,13.25,61.05,18.65,6.25,0.0,26.3491,0.1796,26.35,2028,H2,Jul-Dec
Nithish Kumar Reddy,India,Batting All-Rounder,25.75,1.0,1,57.0,1.8849,1,0,481.9,41.53,97.67,17.44,5.44,0.0,49.6627,0.7316,49.58,2028,H2,Jul-Dec
Prabhsimran Singh,India,Wicketkeeper,28.75,1.0,1,97.0,0.8032,1,0,686.93,46.09,104.14,0.0,0.0,0.0,44.0462,0.4898,43.97,2028,H2,Jul-Dec
Prashant Veer,India,Batting All-Rounder,26.75,1.0,1,56.0,2.0276,1,0,469.99,46.35,102.01,14.94,5.96,0.0,51.716,0.7523,51.38,2028,H2,Jul-Dec
Prasidh Krishna,India,Pace Bowler,32.75,1.0,1,112.0,-1.619,0,1,14.69,4.89,58.57,24.86,5.66,0.0,24.2219,0.1814,24.04,2028,H2,Jul-Dec
Prince Yadav,India,Pace Bowler,27.75,1.0,1,65.0,0.0246,0,0,40.28,12.39,74.4,27.56,5.48,0.0,32.4077,0.4638,32.43,2028,H2,Jul-Dec
Rajat Patidar,India,Middle Order Batter,34.75,1.0,1,74.0,-0.1297,0,0,414.83,35.49,85.28,0.0,0.0,0.0,34.1383,0.381,34.13,2028,H2,Jul-Dec
Ramandeep Singh,India,Batting All-Rounder,31.75,1.0,1,76.0,1.1133,1,0,493.84,44.64,101.04,19.05,6.27,0.0,52.6545,0.7353,52.56,2028,H2,Jul-Dec
Ravi Ashwin,India,Spin Bowler,41.75,0.0,0,190.0,-3.261,0,1,3.85,9.69,63.52,2.94,5.45,0.0,16.6163,0.0101,17.25,2028,H2,Jul-Dec
Ravi Bishnoi,India,Spin Bowler,28.75,1.0,1,112.0,-0.2805,0,0,64.36,16.09,74.89,30.93,5.08,0.0,36.6722,0.8304,36.52,2028,H2,Jul-Dec
Ravindra Jadeja,India,Bowling All-Rounder,39.75,0.05,1,210.8,-1.4028,0,1,121.7,32.96,79.47,5.22,5.66,0.0,34.4597,0.0045,34.02,2028,H2,Jul-Dec
Rinku Singh,India,Middle Order Batter,31.75,1.0,1,112.0,1.0572,1,0,644.8,47.61,111.44,0.0,0.0,0.0,45.7857,0.8598,45.67,2028,H2,Jul-Dec
Rishabh Pant,India,Wicketkeeper,30.75,1.0,1,127.0,-0.3609,0,0,606.08,47.1,102.72,0.0,0.0,0.0,44.1953,0.3617,44.18,2028,H2,Jul-Dec
Riyan Parag,India,Batting All-Rounder,26.75,1.0,1,117.0,1.0461,1,0,838.6,47.64,107.86,19.42,5.71,0.0,56.9182,0.9069,57.37,2028,H2,Jul-Dec
Rohit Sharma,India,Top Order Batter,41.75,0.0,0,275.0,-1.4563,0,1,84.04,34.88,74.24,0.0,0.0,0.0,31.1616,0.0239,31.5,2028,H2,Jul-Dec
Ruturaj Gaikwad,India,Top Order Batter,31.75,1.0,1,112.0,1.4894,1,0,721.12,46.45,95.39,0.0,0.0,0.0,43.2389,0.6959,43.34,2028,H2,Jul-Dec
Sai Sudharsan,India,Top Order Batter,26.75,1.0,1,72.0,0.5815,1,0,833.87,53.17,100.34,0.0,0.0,0.0,48.3928,0.9095,48.59,2028,H2,Jul-Dec
Sakib Hussain,India,Pace Bowler,23.75,1.0,1,50.0,0.1904,0,0,45.66,11.84,78.26,24.92,5.3,0.0,31.3009,0.3811,31.35,2028,H2,Jul-Dec
Salil Arora,India,Wicketkeeper,25.75,1.0,1,67.0,0.6122,1,0,460.29,46.28,99.96,0.0,0.0,0.0,42.8222,0.2647,42.78,2028,H2,Jul-Dec
Sanju Samson,India,Wicketkeeper,33.75,1.0,1,147.0,0.273,0,0,678.03,41.35,88.41,0.0,0.0,0.0,39.0535,0.5154,39.06,2028,H2,Jul-Dec
Sarfaraz Khan,India,Middle Order Batter,30.75,1.0,1,77.0,0.1166,0,0,514.34,47.14,93.03,0.0,0.0,0.0,42.6288,0.6782,42.57,2028,H2,Jul-Dec
Sarthak Ranjan,India,Middle Order Batter,25.75,1.0,1,46.0,1.8025,1,0,391.94,50.79,101.67,0.0,0.0,0.0,45.5664,0.5844,45.49,2028,H2,Jul-Dec
Shardul Thakur,India,Bowling All-Rounder,36.75,0.4167,1,153.6667,-0.844,0,1,296.02,30.69,78.53,11.74,6.54,0.0,36.6798,0.0045,35.64,2028,H2,Jul-Dec
Shivam Dube,India,Batting All-Rounder,35.75,0.875,1,124.0,-0.6292,0,1,486.26,37.3,84.86,2.97,7.24,0.0,37.5993,0.1853,36.08,2028,H2,Jul-Dec
Shreyas Iyer,India,Middle Order Batter,33.75,1.0,1,187.0,-0.3177,0,0,784.57,43.43,86.3,0.0,0.0,0.0,40.4217,0.9074,40.44,2028,H2,Jul-Dec
Shubman Gill,India,Top Order Batter,29.75,1.0,1,167.0,-0.8876,0,1,970.11,49.98,98.99,0.0,0.0,0.0,46.7407,0.9185,46.61,2028,H2,Jul-Dec
Suryakumar Yadav,India,Middle Order Batter,38.75,0.0,0,145.0,-0.3177,0,0,174.96,39.53,90.25,0.0,0.0,0.0,36.4227,0.0228,37.01,2028,H2,Jul-Dec
Suryansh Shedge,India,Batting All-Rounder,24.75,1.0,1,50.0,1.46,1,0,431.06,47.33,113.06,15.04,5.44,0.0,53.8227,0.7486,53.92,2028,H2,Jul-Dec
Tejasvi Dahiya,India,Wicketkeeper,24.75,1.0,1,51.0,0.9948,1,0,392.87,48.61,97.01,0.0,0.0,0.0,43.6252,0.2618,43.62,2028,H2,Jul-Dec
Tushar Deshpande,India,Pace Bowler,33.75,1.0,1,88.0,-0.8291,0,1,30.71,13.67,65.83,17.83,6.55,0.0,26.7893,0.2175,26.8,2028,H2,Jul-Dec
Vaibhav Suryavanshi,India,Top Order Batter,17.75,1.0,1,40.0,4.4262,1,0,1269.13,51.89,120.14,0.0,0.0,0.0,51.7268,0.9512,51.4,2028,H2,Jul-Dec
Varun Chakravarthy,India,Spin Bowler,37.75,0.5417,1,105.6667,-0.3543,0,0,19.16,14.11,61.84,17.84,5.78,0.0,26.6822,0.0488,26.09,2028,H2,Jul-Dec
Virat Kohli,India,Top Order Batter,39.75,0.2083,0,304.3333,-0.4963,0,0,408.69,51.26,83.29,0.0,0.0,0.0,43.5031,0.0629,41.41,2028,H2,Jul-Dec
Washington Sundar,India,Bowling All-Rounder,28.75,1.0,1,104.0,0.1695,0,0,506.12,45.51,99.06,19.74,4.81,0.0,53.7565,0.0152,54.08,2028,H2,Jul-Dec
Yash Thakur,India,Pace Bowler,28.75,1.0,1,64.0,-0.1711,0,0,33.3,15.07,70.81,24.51,5.82,0.0,31.8964,0.3136,31.92,2028,H2,Jul-Dec
Yashasvi Jaiswal,India,Top Order Batter,26.75,1.0,1,94.0,-0.2176,0,0,705.8,46.94,104.43,0.0,0.0,0.0,64.6702,0.9227,44.61,2028,H2,Jul-Dec
Adam Leckey,Ireland,Pace Bowler,23.75,1.0,1,42.0,1.502,1,0,54.26,16.5,80.04,24.07,5.35,0.0,33.9644,0.3639,33.93,2028,H2,Jul-Dec
Andrew Balbirnie,Ireland,Top Order Batter,37.75,0.0625,1,211.0,-1.5995,0,1,164.53,26.48,74.38,0.0,0.0,0.0,26.3227,0.0298,26.34,2028,H2,Jul-Dec
Andy McBrine,Ireland,Bowling All-Rounder,35.75,0.85,1,137.4,0.1867,0,0,445.33,29.21,80.13,31.32,5.82,0.0,46.6923,0.0142,44.48,2028,H2,Jul-Dec
Barry McCarthy,Ireland,Pace Bowler,35.75,0.625,1,135.0,-1.214,0,1,56.13,16.05,68.57,26.59,6.39,0.0,33.2089,0.1177,30.71,2028,H2,Jul-Dec
Ben Calitz,Ireland,Middle Order Batter,27.75,1.0,1,60.0,1.5226,1,0,537.18,36.65,86.96,0.0,0.0,0.0,35.4958,0.801,35.57,2028,H2,Jul-Dec
Ben White,Ireland,Spin Bowler,29.75,1.0,1,93.0,-0.2932,0,0,64.1,16.0,72.28,35.2,5.46,0.0,38.3359,0.8692,38.25,2028,H2,Jul-Dec
Cade Carmichael,Ireland,Middle Order Batter,26.75,1.0,1,70.0,1.6499,1,0,621.34,39.29,88.64,0.0,0.0,0.0,37.6253,0.9122,37.64,2028,H2,Jul-Dec
Chris de Freitas,Ireland,Top Order Batter,27.75,1.0,1,47.0,1.3176,1,0,316.27,33.22,92.03,0.0,0.0,0.0,33.29,0.6568,33.45,2028,H2,Jul-Dec
Cian Carmichael,Ireland,Top Order Batter,26.75,1.0,1,40.0,1.5431,1,0,244.8,34.39,88.74,0.0,0.0,0.0,33.3246,0.6466,33.45,2028,H2,Jul-Dec
Craig Young,Ireland,Pace Bowler,36.75,0.4167,1,109.6667,-0.6428,0,1,28.97,12.1,69.94,19.68,6.49,0.0,27.3206,0.0094,26.52,2028,H2,Jul-Dec
Curtis Campher,Ireland,Bowling All-Rounder,29.75,1.0,1,160.0,-0.2978,0,0,654.25,34.9,83.78,33.63,5.97,0.0,52.5249,0.0279,52.54,2028,H2,Jul-Dec
Fionn Hand,Ireland,Pace Bowler,30.75,1.0,1,111.0,-0.2212,0,0,69.79,13.24,73.22,35.99,5.76,0.0,37.1093,0.6149,36.99,2028,H2,Jul-Dec
Gareth Delany,Ireland,Batting All-Rounder,31.75,1.0,1,134.0,-0.3094,0,0,530.63,28.68,83.96,20.69,5.99,0.0,41.6865,0.5351,41.6,2028,H2,Jul-Dec
Gavin Hoey,Ireland,Spin Bowler,25.75,1.0,1,74.0,1.6008,1,0,267.69,33.53,92.94,35.81,4.94,0.0,52.9642,0.9784,52.48,2028,H2,Jul-Dec
Gavin Roulston,Ireland,Middle Order Batter,25.75,1.0,1,50.0,2.0579,1,0,367.18,40.97,91.33,0.0,0.0,0.0,38.1171,0.7979,38.17,2028,H2,Jul-Dec
George Dockrell,Ireland,Batting All-Rounder,35.75,0.75,1,180.0,-0.9925,0,1,330.55,22.98,70.03,12.99,6.29,0.0,31.6637,0.0601,30.32,2028,H2,Jul-Dec
Graham Hume,Ireland,Pace Bowler,37.75,0.0,0,112.0,-0.914,0,1,15.52,12.93,66.18,9.84,6.55,0.0,22.2418,0.0123,22.39,2028,H2,Jul-Dec
Harry Tector,Ireland,Top Order Batter,28.75,1.0,1,179.0,0.4733,0,0,962.85,37.47,84.18,1.73,6.41,0.0,38.8059,0.8179,38.84,2028,H2,Jul-Dec
Jai Moondra,Ireland,Pace Bowler,25.75,1.0,1,49.0,1.2562,1,0,53.53,15.74,83.55,28.21,5.06,0.0,36.1709,0.503,36.09,2028,H2,Jul-Dec
Jake Egan,Ireland,Top Order Batter,24.75,1.0,1,46.0,1.8563,1,0,405.09,40.51,94.71,0.0,0.0,0.0,38.4113,0.854,38.42,2028,H2,Jul-Dec
James West,Ireland,Top Order Batter,25.75,1.0,1,48.0,1.7561,1,0,379.21,37.92,91.29,0.0,0.0,0.0,36.2881,0.8469,36.39,2028,H2,Jul-Dec
Jordan Neill,Ireland,Pace Bowler,26.75,1.0,1,63.0,0.6817,1,0,56.49,12.64,79.74,30.27,5.32,0.0,34.7528,0.4163,34.67,2028,H2,Jul-Dec
Josh Little,Ireland,Pace Bowler,28.75,1.0,1,126.0,-0.6463,0,1,54.53,19.44,75.9,36.35,5.82,0.0,41.3682,0.8193,41.17,2028,H2,Jul-Dec
Liam McCarthy,Ireland,Pace Bowler,29.75,1.0,1,69.0,0.8579,1,0,68.65,15.45,78.51,35.4,5.36,0.0,38.9649,0.5815,38.75,2028,H2,Jul-Dec
Lorcan Tucker,Ireland,Wicketkeeper,32.75,1.0,1,134.0,0.5,0,0,749.04,33.03,85.56,0.0,0.0,0.0,33.8384,0.6741,33.91,2028,H2,Jul-Dec
Luke Murray,Ireland,Wicketkeeper,25.75,1.0,1,43.0,1.9319,1,0,365.6,39.8,96.25,0.0,0.0,0.0,38.0408,0.4865,37.99,2028,H2,Jul-Dec
Mark Adair,Ireland,Bowling All-Rounder,32.75,1.0,1,187.0,-2.7607,0,1,333.36,22.23,81.47,31.05,6.46,0.0,41.916,0.0852,41.85,2028,H2,Jul-Dec
Matt Hollard,Ireland,Batting All-Rounder,25.75,1.0,1,51.0,2.1049,1,0,292.01,34.53,88.88,18.9,5.6,0.0,44.2644,0.746,44.25,2028,H2,Jul-Dec
Matthew Foster,Ireland,Pace Bowler,28.75,1.0,1,60.0,0.8945,1,0,62.84,14.33,78.14,32.12,5.31,0.0,36.5487,0.5081,36.4,2028,H2,Jul-Dec
Matthew Humphreys,Ireland,Spin Bowler,25.75,1.0,1,77.0,0.2956,0,0,86.14,16.38,83.91,38.78,4.73,0.0,42.2544,0.9096,42.05,2028,H2,Jul-Dec
Morgan Topping,Ireland,Middle Order Batter,24.75,1.0,1,54.0,1.7408,1,0,514.48,41.35,102.46,0.0,0.0,0.0,40.3235,0.8987,40.3,2028,H2,Jul-Dec
Neil Rock,Ireland,Wicketkeeper,27.75,1.0,1,83.0,0.9481,1,0,450.48,35.1,91.27,0.0,0.0,0.0,34.8096,0.2896,34.89,2028,H2,Jul-Dec
Paul Stirling,Ireland,Batting All-Rounder,37.75,0.25,1,365.2,-4.0064,0,1,339.64,24.25,75.82,1.35,7.26,0.0,27.0864,0.0034,27.05,2028,H2,Jul-Dec
Peter Moor,Ireland,Wicketkeeper,37.75,0.3125,1,110.5,-0.7797,0,1,59.06,19.91,71.17,0.0,0.0,0.0,21.5141,0.0059,22.1,2028,H2,Jul-Dec
Reuben Wilson,Ireland,Pace Bowler,23.75,1.0,1,53.0,1.8185,1,0,162.34,30.47,94.82,32.03,4.76,0.0,49.1053,0.9714,48.86,2028,H2,Jul-Dec
Ross Adair,Ireland,Middle Order Batter,33.75,1.0,1,98.0,0.9123,1,0,774.08,37.21,89.47,0.0,0.0,0.0,36.9956,0.8881,37.08,2028,H2,Jul-Dec
Sam Topping,Ireland,Middle Order Batter,25.75,1.0,1,56.0,1.9326,1,0,514.18,42.79,99.59,0.0,0.0,0.0,40.8271,0.8737,40.95,2028,H2,Jul-Dec
Scott Macbeth,Ireland,Pace Bowler,27.75,1.0,1,44.0,1.2961,1,0,52.12,15.38,70.38,22.32,5.97,0.0,30.9364,0.1269,30.89,2028,H2,Jul-Dec
Seamus Lynch,Ireland,Wicketkeeper,26.75,1.0,1,53.0,1.7348,1,0,436.78,38.47,92.75,0.0,0.0,0.0,37.0172,0.5313,37.15,2028,H2,Jul-Dec
Sebastian Dijkstra,Ireland,Top Order Batter,24.75,1.0,1,39.0,1.571,1,0,282.96,35.42,92.58,0.0,0.0,0.0,34.5914,0.7698,34.68,2028,H2,Jul-Dec
Stephen Doheny,Ireland,Wicketkeeper,28.75,1.0,1,70.0,1.2326,1,0,607.05,39.16,96.14,0.0,0.0,0.0,38.4789,0.378,38.42,2028,H2,Jul-Dec
Theo van Woerkom,Ireland,Pace Bowler,32.75,1.0,1,76.0,0.2844,0,0,52.05,12.31,67.95,24.36,6.4,0.0,29.6825,0.2006,29.57,2028,H2,Jul-Dec
Tim Tector,Ireland,Top Order Batter,25.75,1.0,1,63.0,1.649,1,0,546.68,37.59,93.4,0.0,0.0,0.0,36.9483,0.8864,37.08,2028,H2,Jul-Dec
Tom Mayes,Ireland,Pace Bowler,26.75,1.0,1,58.0,1.337,1,0,69.99,16.01,77.29,31.37,5.55,0.0,37.0334,0.563,36.99,2028,H2,Jul-Dec
Adam Milne,New Zealand,Pace Bowler,36.75,0.0833,1,206.3333,-2.8034,0,1,14.1,14.09,74.15,9.0,6.1,0.0,23.6623,0.0142,23.72,2028,H2,Jul-Dec
Adithya Ashok,New Zealand,Spin Bowler,25.75,1.0,1,56.0,0.5087,1,0,66.89,13.67,87.38,29.36,4.53,0.0,36.2487,0.8225,36.23,2028,H2,Jul-Dec
Ajaz Patel,New Zealand,Spin Bowler,39.75,0.0417,1,87.6667,-2.0677,0,1,1.6,6.17,59.73,2.64,5.41,0.0,13.8169,0.0184,14.19,2028,H2,Jul-Dec
Ben Lister,New Zealand,Pace Bowler,32.75,1.0,1,101.0,0.2277,0,0,69.32,17.4,81.73,43.31,5.36,0.0,44.6288,0.654,44.38,2028,H2,Jul-Dec
Ben Sears,New Zealand,Pace Bowler,30.75,1.0,1,96.0,0.6359,1,0,52.31,16.31,83.98,47.29,5.12,0.0,46.3119,0.7632,46.11,2028,H2,Jul-Dec
Benjamin Jacobs,New Zealand,Middle Order Batter,26.75,1.0,1,47.0,1.6761,1,0,360.72,36.65,100.6,0.0,0.0,0.0,36.667,0.7573,36.68,2028,H2,Jul-Dec
Bharat Popli,New Zealand,Middle Order Batter,36.75,0.5625,1,79.0,0.5639,1,0,321.19,29.24,82.1,0.0,0.0,0.0,29.5708,0.119,30.06,2028,H2,Jul-Dec
Blair Tickner,New Zealand,Pace Bowler,34.75,0.75,1,120.0,-1.5604,0,1,25.13,11.17,66.66,18.36,7.14,0.0,25.5074,0.084,25.09,2028,H2,Jul-Dec
Cole McConchie,New Zealand,Batting All-Rounder,32.75,1.0,1,113.0,0.2715,0,0,490.21,28.93,85.92,17.55,5.58,0.0,40.4585,0.489,40.39,2028,H2,Jul-Dec
Curtis Heaphy,New Zealand,Batting All-Rounder,26.75,1.0,1,56.0,2.0963,1,0,489.32,35.49,91.9,20.4,5.21,0.0,46.8243,0.8015,46.66,2028,H2,Jul-Dec
Dane Cleaver,New Zealand,Wicketkeeper,35.75,0.75,1,94.0,0.313,0,0,331.69,28.77,83.06,0.0,0.0,0.0,29.4458,0.0549,30.03,2028,H2,Jul-Dec
Daryl Foxcroft,New Zealand,Batting All-Rounder,29.75,1.0,1,83.0,2.4655,1,0,712.35,43.05,96.88,23.07,5.12,0.0,54.2776,0.7973,54.16,2028,H2,Jul-Dec
Daryl Mitchell,New Zealand,Batting All-Rounder,37.75,0.0,0,176.0,-2.0684,0,1,134.75,27.48,77.28,2.44,6.52,0.0,29.2351,0.003,29.52,2028,H2,Jul-Dec
Devon Conway,New Zealand,Wicketkeeper,37.75,0.45,1,193.6,-1.1502,0,1,375.36,32.27,80.76,0.0,0.0,0.0,31.438,0.018,31.89,2028,H2,Jul-Dec
Finn Allen,New Zealand,Top Order Batter,29.75,1.0,1,192.0,-0.6176,0,1,1029.4,38.93,106.87,0.0,0.0,0.0,41.2212,0.9425,41.18,2028,H2,Jul-Dec
Fraser Sheat,New Zealand,Pace Bowler,26.75,1.0,1,57.0,1.0405,1,0,60.71,13.8,77.35,28.71,5.43,0.0,34.3317,0.4092,34.34,2028,H2,Jul-Dec
Glenn Phillips,New Zealand,Batting All-Rounder,32.75,1.0,1,232.0,-1.0925,0,1,839.83,31.15,88.33,19.75,6.12,0.0,44.3386,0.8304,44.25,2028,H2,Jul-Dec
Henry Nicholls,New Zealand,Top Order Batter,37.75,0.0,0,92.0,-0.8776,0,1,44.53,17.51,72.68,0.0,0.0,0.0,20.1931,0.0113,20.63,2028,H2,Jul-Dec
Ish Sodhi,New Zealand,Spin Bowler,35.75,0.125,1,192.0,-2.8436,0,1,12.52,9.37,62.07,6.92,6.03,0.0,18.1388,0.0152,18.48,2028,H2,Jul-Dec
Jacob Cumming,New Zealand,Top Order Batter,26.75,1.0,1,53.0,1.4784,1,0,464.64,33.27,88.31,0.0,0.0,0.0,33.3516,0.7195,33.45,2028,H2,Jul-Dec
Jacob Duffy,New Zealand,Pace Bowler,33.75,1.0,1,100.0,0.5432,1,0,56.91,13.29,70.51,44.21,6.13,0.0,40.851,0.7435,40.73,2028,H2,Jul-Dec
Jayden Lennox,New Zealand,Pace Bowler,26.75,1.0,1,43.0,1.3839,1,0,42.04,13.32,77.26,25.24,5.36,0.0,32.2074,0.1759,32.2,2028,H2,Jul-Dec
Jesse Tashkoff,New Zealand,Batting All-Rounder,29.75,1.0,1,61.0,1.8598,1,0,505.35,33.05,89.65,22.16,5.32,0.0,45.9576,0.6846,45.94,2028,H2,Jul-Dec
Jimmy Neesham,New Zealand,Bowling All-Rounder,37.75,0.25,1,230.2,-1.7394,0,1,170.63,22.54,78.48,9.12,6.82,0.0,29.8528,0.0028,28.33,2028,H2,Jul-Dec
Josh Clarkson,New Zealand,Batting All-Rounder,31.75,1.0,1,87.0,1.7262,1,0,635.58,32.42,88.5,21.18,5.64,0.0,45.2798,0.6034,45.18,2028,H2,Jul-Dec
Katene Clarke,New Zealand,Top Order Batter,27.75,1.0,1,59.0,1.2402,1,0,489.07,34.13,91.65,0.0,0.0,0.0,34.4009,0.7,34.43,2028,H2,Jul-Dec
Kristian Clarke,New Zealand,Bowling All-Rounder,26.75,1.0,1,53.0,1.8875,1,0,433.01,32.02,90.7,22.93,5.23,0.0,45.6351,0.0233,45.63,2028,H2,Jul-Dec
Kyle Jamieson,New Zealand,Pace Bowler,33.75,1.0,1,116.0,-0.8741,0,1,61.4,11.6,71.7,30.2,5.89,0.0,32.8812,0.462,32.84,2028,H2,Jul-Dec
Lachlan Stackpole,New Zealand,Top Order Batter,25.75,1.0,1,44.0,1.4015,1,0,322.21,32.81,89.39,0.0,0.0,0.0,32.7139,0.6565,32.8,2028,H2,Jul-Dec
Lockie Ferguson,New Zealand,Pace Bowler,37.75,0.0,0,137.0,-1.4864,0,1,9.48,11.65,70.22,7.73,6.46,0.0,20.9069,0.0111,21.11,2028,H2,Jul-Dec
Mark Chapman,New Zealand,Batting All-Rounder,33.75,1.0,1,165.0,-0.2326,0,0,627.78,30.28,82.34,13.1,6.33,0.0,38.8294,0.4284,38.8,2028,H2,Jul-Dec
Matt Bacon,New Zealand,Pace Bowler,33.75,1.0,1,65.0,0.4986,0,0,41.37,9.18,71.26,26.05,6.06,0.0,29.1073,0.1352,29.02,2028,H2,Jul-Dec
Matt Henry,New Zealand,Pace Bowler,36.75,0.125,1,153.0,-1.2645,0,1,14.51,9.97,70.12,11.84,6.2,0.0,22.0444,0.0185,22.27,2028,H2,Jul-Dec
Matthew Boyle,New Zealand,Top Order Batter,26.75,1.0,1,51.0,1.6778,1,0,427.71,37.25,95.11,0.0,0.0,0.0,36.5486,0.8376,36.56,2028,H2,Jul-Dec
Matthew Fisher,New Zealand,Pace Bowler,27.75,1.0,1,46.0,1.1376,1,0,39.2,11.25,75.85,26.13,5.44,0.0,31.177,0.2162,31.24,2028,H2,Jul-Dec
Max Chu,New Zealand,Wicketkeeper,29.75,1.0,1,53.0,1.5857,1,0,403.53,35.01,88.25,0.0,0.0,0.0,34.1945,0.4921,34.22,2028,H2,Jul-Dec
Michael Bracewell,New Zealand,Batting All-Rounder,37.75,0.0,0,130.0,0.1999,0,0,168.39,30.82,77.31,7.48,6.16,0.0,34.0584,0.0099,33.33,2028,H2,Jul-Dec
Michael Rae,New Zealand,Pace Bowler,33.75,1.0,1,68.0,0.3501,0,0,33.31,10.28,67.69,23.98,6.42,0.0,28.1423,0.1438,28.03,2028,H2,Jul-Dec
Mitchell Hay,New Zealand,Wicketkeeper,32.75,1.0,1,84.0,1.5117,1,0,589.11,34.56,83.66,0.0,0.0,0.0,33.9663,0.3988,34.01,2028,H2,Jul-Dec
Mitchell Santner,New Zealand,Spin Bowler,36.75,0.125,1,237.0,-1.1665,0,1,175.35,26.79,75.86,12.55,5.47,0.0,34.2044,0.0808,32.31,2028,H2,Jul-Dec
Muhammad Abbas,New Zealand,Top Order Batter,27.75,1.0,1,34.0,0.2739,0,0,42.92,14.61,76.06,0.0,0.0,0.0,18.8565,0.0881,19.29,2028,H2,Jul-Dec
Nathan Smith,New Zealand,Pace Bowler,29.75,1.0,1,92.0,0.9517,1,0,212.93,27.83,90.51,36.6,5.22,0.0,49.2743,0.9037,49.48,2028,H2,Jul-Dec
Nicholas Kelly,New Zealand,Middle Order Batter,32.75,1.0,1,66.0,1.3841,1,0,546.61,32.14,87.02,0.0,0.0,0.0,32.7777,0.673,32.8,2028,H2,Jul-Dec
Rachin Ravindra,New Zealand,Batting All-Rounder,28.75,1.0,1,113.0,1.0588,1,0,927.47,40.24,92.45,25.2,5.36,0.0,53.7412,0.9164,54.16,2028,H2,Jul-Dec
Rhys Mariu,New Zealand,Middle Order Batter,26.75,1.0,1,65.0,1.4087,1,0,531.8,34.4,89.67,0.0,0.0,0.0,34.4559,0.7948,34.5,2028,H2,Jul-Dec
Rohit Gulati,New Zealand,Top Order Batter,26.75,1.0,1,42.0,1.2059,1,0,264.26,30.53,90.62,0.0,0.0,0.0,31.2778,0.4277,31.32,2028,H2,Jul-Dec
Simon Johnston,New Zealand,Top Order Batter,25.75,1.0,1,46.0,1.5606,1,0,305.06,36.89,93.12,0.0,0.0,0.0,35.6387,0.8218,35.71,2028,H2,Jul-Dec
Simon Keene,New Zealand,Pace Bowler,26.75,1.0,1,46.0,1.3373,1,0,57.39,16.93,80.44,25.48,5.14,0.0,35.0805,0.4307,35.06,2028,H2,Jul-Dec
Tim Pringle,New Zealand,Spin Bowler,24.75,1.0,1,61.0,1.9026,1,0,364.98,34.98,94.7,29.69,5.03,0.0,51.2588,0.9803,51.35,2028,H2,Jul-Dec
Tim Robinson,New Zealand,Middle Order Batter,25.75,1.0,1,76.0,1.7045,1,0,824.85,41.75,97.74,0.0,0.0,0.0,41.0344,0.9389,41.0,2028,H2,Jul-Dec
Tim Seifert,New Zealand,Wicketkeeper,33.75,1.0,1,212.0,-0.1157,0,0,877.21,34.46,87.45,0.0,0.0,0.0,35.409,0.7573,35.57,2028,H2,Jul-Dec
Tim Southee,New Zealand,Pace Bowler,39.75,0.0,0,220.0,-3.6623,0,1,0.0,3.72,61.1,1.13,7.1,0.0,11.3258,0.004,11.38,2028,H2,Jul-Dec
Tom Blundell,New Zealand,Wicketkeeper,37.75,0.5417,1,83.6667,-0.1609,0,0,143.43,20.01,68.5,0.0,0.0,0.0,21.5202,0.0038,22.17,2028,H2,Jul-Dec
Tom Latham,New Zealand,Wicketkeeper,36.75,0.65,1,142.0,-0.754,0,1,202.27,23.5,76.47,0.0,0.0,0.0,24.9057,0.0152,24.63,2028,H2,Jul-Dec
Trent Boult,New Zealand,Pace Bowler,39.75,0.0,0,168.0,-3.6887,0,1,1.41,6.27,61.18,1.32,6.7,0.0,13.0736,0.004,13.32,2028,H2,Jul-Dec
Will ORourke,New Zealand,Pace Bowler,27.75,1.0,1,74.0,1.0005,1,0,76.66,17.48,81.44,40.74,5.19,0.0,43.4054,0.7156,43.12,2028,H2,Jul-Dec
Will Young,New Zealand,Middle Order Batter,36.75,0.65,1,127.0,0.3119,0,0,356.74,29.19,78.82,0.0,0.0,0.0,29.2345,0.1312,29.98,2028,H2,Jul-Dec
Zak Foulkes,New Zealand,Pace Bowler,26.75,1.0,1,68.0,2.648,1,0,579.54,42.41,102.04,32.47,4.83,0.0,59.0121,0.9515,57.41,2028,H2,Jul-Dec
Zak Gibson,New Zealand,Pace Bowler,26.75,1.0,1,40.0,1.4059,1,0,44.44,14.08,81.6,25.63,5.14,0.0,33.5206,0.2825,33.43,2028,H2,Jul-Dec
Aamir Jamal,Pakistan,Bowling All-Rounder,32.75,1.0,1,84.0,-0.3155,0,0,366.89,30.59,86.42,19.03,5.91,0.0,41.776,0.0115,41.6,2028,H2,Jul-Dec
Abbas Afridi,Pakistan,Pace Bowler,27.75,1.0,1,69.0,-1.6149,0,1,105.25,19.11,87.34,39.39,5.65,0.0,44.4448,0.4659,44.19,2028,H2,Jul-Dec
Abdul Faseeh,Pakistan,Middle Order Batter,25.75,1.0,1,29.0,1.3386,1,0,54.1,20.38,97.18,0.0,0.0,0.0,25.1939,0.3439,25.39,2028,H2,Jul-Dec
Abdul Faseeh Jr,Pakistan,Middle Order Batter,25.75,1.0,1,30.0,0.7065,1,0,77.88,14.16,91.24,0.0,0.0,0.0,20.6934,0.1639,21.13,2028,H2,Jul-Dec
Abdul Samad,Pakistan,Middle Order Batter,26.75,1.0,1,89.0,-0.0361,0,0,865.26,41.63,103.75,0.0,0.0,0.0,41.8901,0.8059,41.89,2028,H2,Jul-Dec
Abdullah Fazal,Pakistan,Middle Order Batter,29.75,1.0,1,53.0,0.8042,1,0,358.24,40.26,94.43,0.0,0.0,0.0,38.0579,0.7064,38.17,2028,H2,Jul-Dec
Abdullah Shafique,Pakistan,Top Order Batter,28.75,1.0,1,113.0,-2.1327,0,1,898.95,46.39,91.21,0.0,0.0,0.0,43.2759,0.9395,43.34,2028,H2,Jul-Dec
Abrar Ahmed,Pakistan,Spin Bowler,29.75,1.0,1,83.0,-3.1001,0,1,186.2,22.71,85.49,55.05,4.85,0.0,54.9602,0.8872,54.33,2028,H2,Jul-Dec
Ahmed Daniyal,Pakistan,Pace Bowler,31.75,1.0,1,57.0,-0.4139,0,0,154.47,18.92,93.08,38.89,5.56,0.0,45.0229,0.4331,44.91,2028,H2,Jul-Dec
Akif Javed,Pakistan,Pace Bowler,33.75,1.0,1,76.0,-1.04,0,1,133.29,18.22,85.21,36.04,6.14,0.0,41.8789,0.5885,41.84,2028,H2,Jul-Dec
Ali Raza,Pakistan,Pace Bowler,22.75,1.0,1,41.0,3.2668,1,0,199.74,28.68,121.1,57.92,4.77,0.0,64.8268,0.959,57.18,2028,H2,Jul-Dec
Ali Usman,Pakistan,Spin Bowler,37.75,0.45,1,51.6,-0.6145,0,1,65.51,13.92,76.03,20.12,5.38,0.0,29.8697,0.0151,28.07,2028,H2,Jul-Dec
Arafat Minhas,Pakistan,Bowling All-Rounder,24.75,1.0,1,60.0,1.2588,1,0,545.91,50.03,109.57,28.23,4.4,0.0,62.5551,0.0155,56.97,2028,H2,Jul-Dec
Asif Afridi,Pakistan,Spin Bowler,41.75,0.0,0,51.0,-2.2689,0,1,23.3,11.34,70.57,8.75,5.44,0.0,21.5931,0.0228,21.77,2028,H2,Jul-Dec
Awais Zafar,Pakistan,Middle Order Batter,33.75,1.0,1,66.0,0.2452,0,0,492.82,35.79,91.68,0.0,0.0,0.0,35.4334,0.6628,35.57,2028,H2,Jul-Dec
Azam Khan,Pakistan,Wicketkeeper,29.75,1.0,1,79.0,-0.3443,0,0,785.21,32.76,106.55,0.0,0.0,0.0,36.5512,0.2248,36.56,2028,H2,Jul-Dec
Azan Awais,Pakistan,Middle Order Batter,24.75,1.0,1,51.0,1.9917,1,0,633.42,53.82,110.34,0.0,0.0,0.0,49.4006,0.8441,49.54,2028,H2,Jul-Dec
Babar Azam,Pakistan,Top Order Batter,33.75,1.0,1,196.0,-4.4918,0,1,1047.95,41.58,85.89,0.0,0.0,0.0,40.1569,0.9167,40.2,2028,H2,Jul-Dec
Faheem Ashraf,Pakistan,Bowling All-Rounder,34.75,0.625,1,107.0,-3.2527,0,1,448.05,28.77,85.84,32.73,6.05,0.0,47.844,0.0065,42.17,2028,H2,Jul-Dec
Faisal Akram,Pakistan,Spin Bowler,25.75,1.0,1,55.0,0.0897,0,0,148.25,20.91,98.03,46.64,4.31,0.0,51.2991,0.7641,51.3,2028,H2,Jul-Dec
Fakhar Zaman,Pakistan,Top Order Batter,38.75,0.0,0,143.0,-4.7932,0,1,236.89,35.53,92.87,0.0,0.0,0.0,34.5357,0.0145,35.21,2028,H2,Jul-Dec
Ghazi Ghori,Pakistan,Wicketkeeper,24.75,1.0,1,48.0,1.8661,1,0,507.25,46.21,110.31,0.0,0.0,0.0,44.3003,0.3283,44.29,2028,H2,Jul-Dec
Haris Rauf,Pakistan,Pace Bowler,34.75,0.625,1,122.0,-6.1124,0,1,59.33,11.65,81.42,39.89,6.31,0.0,39.0347,0.057,36.11,2028,H2,Jul-Dec
Hasan Ali,Pakistan,Pace Bowler,33.75,1.0,1,148.0,-6.69,0,1,318.34,14.65,80.23,55.77,6.39,0.0,49.7255,0.8961,49.6,2028,H2,Jul-Dec
Haseebullah Khan,Pakistan,Wicketkeeper,24.75,1.0,1,56.0,1.7595,1,0,705.44,50.15,110.73,0.0,0.0,0.0,47.4584,0.533,47.2,2028,H2,Jul-Dec
Hassan Nawaz,Pakistan,Middle Order Batter,24.75,1.0,1,50.0,3.0248,1,0,840.76,58.38,120.5,0.0,0.0,0.0,54.2468,0.9488,54.06,2028,H2,Jul-Dec
Hussain Talat,Pakistan,Batting All-Rounder,32.75,1.0,1,97.0,-0.3581,0,0,629.55,35.51,90.64,25.38,5.76,0.0,49.5451,0.5559,49.57,2028,H2,Jul-Dec
Iftikhar Ahmed,Pakistan,Batting All-Rounder,37.75,0.0,0,129.0,-3.9999,0,1,240.42,34.54,86.09,7.92,5.54,0.0,38.1245,0.0149,37.87,2028,H2,Jul-Dec
Imad Wasim,Pakistan,Bowling All-Rounder,39.75,0.0,0,166.0,-9.8614,0,1,16.61,22.87,80.51,2.64,5.61,0.0,26.7504,0.0024,26.27,2028,H2,Jul-Dec
Imam-ul-Haq,Pakistan,Top Order Batter,32.75,1.0,1,113.0,-2.7301,0,1,588.14,42.77,87.93,0.0,0.0,0.0,39.545,0.6516,39.55,2028,H2,Jul-Dec
Irfan Khan,Pakistan,Top Order Batter,26.75,1.0,1,65.0,1.9012,1,0,744.16,52.74,105.12,0.0,0.0,0.0,48.4428,0.9146,48.59,2028,H2,Jul-Dec
Jahandad Khan,Pakistan,Bowling All-Rounder,25.75,1.0,1,53.0,3.075,1,0,534.02,47.59,105.29,34.96,5.25,0.0,63.5733,0.0195,57.37,2028,H2,Jul-Dec
Kamran Ghulam,Pakistan,Middle Order Batter,32.75,1.0,1,83.0,0.409,0,0,703.44,43.22,91.76,0.0,0.0,0.0,40.7254,0.7613,40.76,2028,H2,Jul-Dec
Kashif Ali,Pakistan,Pace Bowler,26.75,1.0,1,52.0,0.5927,1,0,163.34,20.2,99.97,40.04,5.2,0.0,47.4399,0.6935,47.13,2028,H2,Jul-Dec
Khawaja Nafay,Pakistan,Wicketkeeper,26.75,1.0,1,60.0,2.2118,1,0,968.82,52.68,112.59,0.0,0.0,0.0,50.1706,0.6614,50.18,2028,H2,Jul-Dec
Khurram Shahzad,Pakistan,Pace Bowler,33.75,1.0,1,75.0,-0.4063,0,0,136.45,17.34,83.75,39.61,6.22,0.0,42.9678,0.5461,43.03,2028,H2,Jul-Dec
Khushdil Shah,Pakistan,Batting All-Rounder,33.75,1.0,1,118.0,-1.7074,0,1,901.61,39.87,97.67,37.45,5.54,0.0,60.3214,0.654,57.3,2028,H2,Jul-Dec
Maaz Sadaqat,Pakistan,Batting All-Rounder,23.75,1.0,1,47.0,3.4321,1,0,709.7,64.49,120.6,24.4,4.64,0.0,71.3547,0.9694,57.25,2028,H2,Jul-Dec
Mir Hamza,Pakistan,Pace Bowler,35.75,0.85,1,60.4,-1.0573,0,1,43.96,8.17,70.85,25.64,6.45,0.0,28.1457,0.0472,27.88,2028,H2,Jul-Dec
Mohammad Abbas,Pakistan,Pace Bowler,38.75,0.25,1,42.2,-0.9006,0,1,21.41,7.07,69.72,12.2,6.06,0.0,20.4595,0.009,20.51,2028,H2,Jul-Dec
Mohammad Ali,Pakistan,Pace Bowler,34.75,1.0,1,78.0,-0.6481,0,1,130.24,15.09,84.41,43.63,6.14,0.0,43.7315,0.4085,43.55,2028,H2,Jul-Dec
Mohammad Amir,Pakistan,Pace Bowler,36.75,0.3125,1,100.5,-5.6365,0,1,22.95,9.74,73.96,10.81,6.01,0.0,21.9553,0.0322,22.15,2028,H2,Jul-Dec
Mohammad Faiq,Pakistan,Top Order Batter,25.75,1.0,1,43.0,2.6175,1,0,457.21,51.65,107.61,0.0,0.0,0.0,47.0993,0.8651,46.94,2028,H2,Jul-Dec
Mohammad Haris,Pakistan,Wicketkeeper,27.75,1.0,1,84.0,1.2055,1,0,831.57,45.26,108.94,0.0,0.0,0.0,44.6733,0.419,44.61,2028,H2,Jul-Dec
Mohammad Hasnain,Pakistan,Pace Bowler,28.75,1.0,1,103.0,-2.4027,0,1,107.21,13.28,88.5,53.69,5.75,0.0,48.3253,0.6052,47.98,2028,H2,Jul-Dec
Mohammad Huraira,Pakistan,Top Order Batter,26.75,1.0,1,64.0,1.77,1,0,786.29,45.95,99.9,0.0,0.0,0.0,43.7521,0.855,43.61,2028,H2,Jul-Dec
Mohammad Nawaz,Pakistan,Bowling All-Rounder,34.75,0.8125,1,150.5,-4.4159,0,1,597.7,29.0,81.19,44.16,5.58,0.0,53.8702,0.0242,47.68,2028,H2,Jul-Dec
Mohammad Rizwan,Pakistan,Wicketkeeper,36.75,0.45,1,147.6,-2.6697,0,1,645.43,44.2,89.21,0.0,0.0,0.0,40.7878,0.0628,39.96,2028,H2,Jul-Dec
Mohammad Wasim,Pakistan,Pace Bowler,27.75,1.0,1,85.0,-1.7049,0,1,132.85,13.17,91.21,47.36,5.42,0.0,45.5594,0.4006,45.43,2028,H2,Jul-Dec
Mubasir Khan,Pakistan,Bowling All-Rounder,26.75,1.0,1,70.0,1.5054,1,0,597.32,43.43,101.16,34.71,5.26,0.0,60.5773,0.0156,57.46,2028,H2,Jul-Dec
Naseem Shah,Pakistan,Pace Bowler,25.75,1.0,1,88.0,-1.3674,0,1,126.49,14.77,91.89,48.6,5.09,0.0,47.3465,0.6338,47.11,2028,H2,Jul-Dec
Noman Ali,Pakistan,Spin Bowler,42.75,0.0,0,31.0,-0.7494,0,1,11.83,8.08,74.54,8.64,4.96,0.0,20.1821,0.0149,20.47,2028,H2,Jul-Dec
Omair Yousuf,Pakistan,Middle Order Batter,30.75,1.0,1,73.0,0.6701,1,0,652.52,39.38,100.26,0.0,0.0,0.0,39.3125,0.7021,39.35,2028,H2,Jul-Dec
Qasim Akram,Pakistan,Batting All-Rounder,25.75,1.0,1,75.0,1.8237,1,0,524.11,45.5,104.63,23.5,5.11,0.0,56.3576,0.7383,57.27,2028,H2,Jul-Dec
Saad Masood,Pakistan,Top Order Batter,26.75,1.0,1,45.0,2.6207,1,0,545.94,49.91,109.04,0.0,0.0,0.0,46.5325,0.8327,46.61,2028,H2,Jul-Dec
Sahibzada Farhan,Pakistan,Wicketkeeper,32.75,1.0,1,126.0,-0.2614,0,0,1247.79,47.23,98.49,0.0,0.0,0.0,45.9635,0.6878,45.98,2028,H2,Jul-Dec
Saim Ayub,Pakistan,Batting All-Rounder,26.75,1.0,1,94.0,0.0838,0,0,1163.72,50.48,110.0,29.71,5.01,0.0,65.5558,0.7199,57.47,2028,H2,Jul-Dec
Sajid Khan,Pakistan,Spin Bowler,35.75,0.5625,1,60.0,-1.6044,0,1,70.41,12.13,76.62,27.37,5.06,0.0,32.6834,0.082,30.04,2028,H2,Jul-Dec
Salman Ali Agha,Pakistan,Batting All-Rounder,34.75,0.8125,1,122.5,-2.2557,0,1,953.42,41.45,95.44,22.86,4.99,0.0,53.8909,0.5919,47.68,2028,H2,Jul-Dec
Salman Mirza,Pakistan,Pace Bowler,31.75,1.0,1,53.0,0.8651,1,0,125.14,15.13,87.74,36.25,5.7,0.0,40.5118,0.6102,40.56,2028,H2,Jul-Dec
Saud Shakeel,Pakistan,Top Order Batter,33.75,1.0,1,87.0,0.506,1,0,767.29,47.73,84.59,0.0,0.0,0.0,42.7676,0.829,42.78,2028,H2,Jul-Dec
Shadab Khan,Pakistan,Bowling All-Rounder,30.75,1.0,1,159.0,-4.4196,0,1,1033.7,38.88,100.24,64.6,5.02,0.0,74.5712,0.0334,57.82,2028,H2,Jul-Dec
Shaheen Afridi,Pakistan,Pace Bowler,28.75,1.0,1,130.0,-5.4713,0,1,121.4,11.36,86.91,76.72,4.9,0.0,59.0438,0.8629,57.96,2028,H2,Jul-Dec
Shahzaib Khan,Pakistan,Middle Order Batter,26.75,1.0,1,47.0,2.4534,1,0,509.02,46.85,104.78,0.0,0.0,0.0,43.9731,0.7484,43.97,2028,H2,Jul-Dec
Shamyl Hussain,Pakistan,Middle Order Batter,23.75,1.0,1,46.0,3.9117,1,0,864.81,70.42,127.5,0.0,0.0,0.0,62.6138,0.9869,57.05,2028,H2,Jul-Dec
Shan Masood,Pakistan,Top Order Batter,38.75,0.0,0,75.0,-0.428,0,0,147.33,33.1,84.36,0.0,0.0,0.0,31.6206,0.0231,32.16,2028,H2,Jul-Dec
Sufiyan Muqeem,Pakistan,Spin Bowler,27.75,1.0,1,57.0,1.301,1,0,183.12,23.25,95.12,54.76,4.52,0.0,56.5286,0.9354,57.59,2028,H2,Jul-Dec
Tayyab Tahir,Pakistan,Middle Order Batter,34.75,1.0,1,98.0,0.733,1,0,847.57,47.15,95.34,0.23,5.5,0.0,45.2512,0.5209,45.22,2028,H2,Jul-Dec
Ubaid Shah,Pakistan,Pace Bowler,23.75,1.0,1,49.0,1.567,1,0,169.51,21.15,111.58,44.6,4.72,0.0,52.0725,0.7921,51.32,2028,H2,Jul-Dec
Usama Mir,Pakistan,Spin Bowler,32.75,1.0,1,78.0,-0.7556,0,1,282.56,24.91,97.41,49.45,4.72,0.0,55.3914,0.8842,54.16,2028,H2,Jul-Dec
Usman Khan,Pakistan,Wicketkeeper,32.75,1.0,1,91.0,0.9113,1,0,1031.21,46.43,104.11,0.0,0.0,0.0,45.4537,0.6016,45.49,2028,H2,Jul-Dec
Usman Tariq,Pakistan,Spin Bowler,29.75,1.0,1,54.0,1.5712,1,0,195.35,19.53,97.8,47.14,4.64,0.0,50.6975,0.9233,50.17,2028,H2,Jul-Dec
Yasir Khan,Pakistan,Top Order Batter,25.75,1.0,1,51.0,2.5914,1,0,700.94,52.56,112.67,0.0,0.0,0.0,49.1713,0.9019,48.93,2028,H2,Jul-Dec
Zahid Mahmood,Pakistan,Pace Bowler,40.75,0.0,0,49.0,-1.0963,0,1,23.26,9.68,78.7,9.83,6.47,0.0,21.9337,0.0056,22.12,2028,H2,Jul-Dec
Zaman Khan,Pakistan,Pace Bowler,26.75,1.0,1,76.0,-0.0384,0,0,149.81,19.14,101.89,55.06,5.18,0.0,54.6865,0.5659,54.19,2028,H2,Jul-Dec
Aiden Markram,South Africa,Top Order Batter,33.75,1.0,1,212.0,-4.6912,0,1,859.31,34.19,86.38,14.91,5.76,0.0,43.6261,0.8589,43.61,2028,H2,Jul-Dec
Alfred Mothoa,South Africa,Pace Bowler,26.75,1.0,1,49.0,1.4454,1,0,98.49,15.56,105.41,28.77,5.29,0.0,39.2931,0.589,39.19,2028,H2,Jul-Dec
Andile Phehlukwayo,South Africa,Bowling All-Rounder,32.75,1.0,1,187.0,-5.8708,0,1,450.45,24.92,91.95,28.79,5.84,0.0,44.3357,0.0308,44.24,2028,H2,Jul-Dec
Andile Simelane,South Africa,Bowling All-Rounder,24.75,1.0,1,65.0,0.396,0,0,274.05,32.1,113.21,19.88,4.71,0.0,46.7078,0.016,46.65,2028,H2,Jul-Dec
Anrich Nortje,South Africa,Pace Bowler,34.75,0.8125,1,132.5,-3.4491,0,1,31.89,10.95,98.73,27.34,5.75,0.0,34.4975,0.0731,33.31,2028,H2,Jul-Dec
Beyers Swanepoel,South Africa,Pace Bowler,27.75,1.0,1,61.0,0.8479,1,0,133.16,17.12,97.88,29.77,5.48,0.0,39.8344,0.671,39.89,2028,H2,Jul-Dec
Bjorn Fortuin,South Africa,Spin Bowler,33.75,1.0,1,134.0,-3.9407,0,1,80.0,11.83,84.31,29.02,5.33,0.0,34.2959,0.6592,34.21,2028,H2,Jul-Dec
Clyde Fortuin,South Africa,Wicketkeeper,32.75,1.0,1,109.0,-0.2078,0,0,366.15,29.29,93.01,0.0,0.0,0.0,31.1887,0.2189,31.31,2028,H2,Jul-Dec
Codi Yusuf,South Africa,Pace Bowler,26.75,1.0,1,58.0,0.6996,1,0,84.32,14.11,110.85,28.12,5.22,0.0,38.7598,0.5777,38.67,2028,H2,Jul-Dec
Connor Esterhuizen,South Africa,Wicketkeeper,23.75,1.0,1,50.0,4.1917,1,0,644.24,62.9,105.47,0.0,0.0,0.0,54.3546,0.708,54.05,2028,H2,Jul-Dec
Corbin Bosch,South Africa,Bowling All-Rounder,33.75,1.0,1,120.0,-0.4491,0,0,795.08,39.81,99.43,23.98,5.4,0.0,53.2939,0.0149,52.6,2028,H2,Jul-Dec
Dane Paterson,South Africa,Pace Bowler,37.75,0.0,0,98.0,-3.3207,0,1,10.82,8.19,91.32,7.87,5.79,0.0,21.7929,0.01,21.95,2028,H2,Jul-Dec
Dane Piedt,South Africa,Spin Bowler,38.75,0.0,0,72.0,-2.2967,0,1,14.45,9.61,83.11,6.89,5.25,0.0,21.2557,0.0131,21.41,2028,H2,Jul-Dec
Daniel Smith,South Africa,Wicketkeeper,27.75,1.0,1,67.0,2.9094,1,0,559.1,48.69,104.65,0.0,0.0,0.0,45.2567,0.386,45.22,2028,H2,Jul-Dec
David Bedingham,South Africa,Middle Order Batter,34.75,1.0,1,97.0,0.6258,1,0,519.53,36.62,91.5,0.0,0.0,0.0,36.0109,0.5772,36.13,2028,H2,Jul-Dec
David Miller,South Africa,Middle Order Batter,39.75,0.0,0,275.0,-5.5557,0,1,143.49,31.84,89.11,0.0,0.0,0.0,31.459,0.0163,31.92,2028,H2,Jul-Dec
Dayyaan Galiem,South Africa,Bowling All-Rounder,30.75,1.0,1,77.0,-0.4328,0,0,332.8,27.51,94.88,14.08,5.69,0.0,38.4079,0.0084,38.37,2028,H2,Jul-Dec
Delano Potgieter,South Africa,Bowling All-Rounder,31.75,1.0,1,80.0,0.657,1,0,482.84,36.96,103.85,23.98,5.38,0.0,51.0445,0.0153,51.37,2028,H2,Jul-Dec
Dewald Brevis,South Africa,Middle Order Batter,25.75,1.0,1,127.0,2.9913,1,0,1536.72,51.05,113.56,10.62,5.37,0.0,57.7891,0.9685,57.38,2028,H2,Jul-Dec
Dian Forrester,South Africa,Batting All-Rounder,28.75,1.0,1,53.0,4.2028,1,0,837.22,46.58,107.44,11.38,5.47,0.0,52.1655,0.869,51.4,2028,H2,Jul-Dec
Donovan Ferreira,South Africa,Batting All-Rounder,30.75,1.0,1,115.0,-1.0287,0,1,786.34,40.54,110.04,17.04,5.35,0.0,51.5659,0.7554,51.41,2028,H2,Jul-Dec
Eathan Bosch,South Africa,Pace Bowler,30.75,1.0,1,98.0,-2.2423,0,1,78.17,12.81,105.91,28.57,5.03,0.0,37.5905,0.4338,37.48,2028,H2,Jul-Dec
Gavin Kaplan,South Africa,Top Order Batter,30.75,1.0,1,56.0,3.8924,1,0,648.76,52.96,115.7,0.0,0.0,0.0,49.6308,0.8918,49.55,2028,H2,Jul-Dec
George Linde,South Africa,Bowling All-Rounder,36.75,0.0,0,127.0,-4.6609,0,1,113.47,25.23,92.51,10.16,4.9,0.0,34.1841,0.0022,32.97,2028,H2,Jul-Dec
Gerald Coetzee,South Africa,Pace Bowler,27.75,1.0,1,104.0,-1.5111,0,1,61.34,11.9,97.54,34.99,5.5,0.0,39.01,0.4064,38.89,2028,H2,Jul-Dec
Gideon Peters,South Africa,Pace Bowler,26.75,1.0,1,56.0,0.9374,1,0,97.09,13.69,100.37,28.08,5.44,0.0,37.0839,0.5762,36.99,2028,H2,Jul-Dec
Heinrich Klaasen,South Africa,Wicketkeeper,37.75,0.0,0,225.0,-3.4191,0,1,285.75,44.0,104.82,0.0,0.0,0.0,41.4544,0.0118,40.47,2028,H2,Jul-Dec
Jason Smith,South Africa,Batting All-Rounder,33.75,1.0,1,100.0,0.4218,0,0,496.58,37.21,90.77,14.52,6.09,0.0,44.4973,0.5036,44.65,2028,H2,Jul-Dec
Jordan Hermann,South Africa,Top Order Batter,26.75,1.0,1,65.0,3.9414,1,0,799.12,63.35,122.05,0.0,0.0,0.0,57.3447,0.9762,57.41,2028,H2,Jul-Dec
Junaid Dawood,South Africa,Spin Bowler,26.75,1.0,1,51.0,1.0573,1,0,97.6,15.95,104.43,28.66,4.59,0.0,39.6019,0.8054,39.38,2028,H2,Jul-Dec
Junior Dala,South Africa,Pace Bowler,38.75,0.0,0,95.0,-3.8199,0,1,11.9,9.88,92.38,6.19,6.4,0.0,21.9626,0.0077,22.17,2028,H2,Jul-Dec
Kagiso Rabada,South Africa,Pace Bowler,33.75,1.0,1,217.0,-6.9449,0,1,64.91,10.49,97.2,48.82,5.12,0.0,45.3113,0.8839,44.99,2028,H2,Jul-Dec
Keshav Maharaj,South Africa,Spin Bowler,38.75,0.0,0,152.0,-5.6797,0,1,51.03,17.39,87.95,10.98,4.83,0.0,29.018,0.0344,27.88,2028,H2,Jul-Dec
Kwena Maphaka,South Africa,Pace Bowler,22.75,1.0,1,76.0,0.3083,0,0,148.7,20.95,113.48,37.46,4.85,0.0,48.4229,0.8347,48.52,2028,H2,Jul-Dec
Kyle Simmonds,South Africa,Spin Bowler,29.75,1.0,1,70.0,-0.1165,0,0,134.85,17.25,103.87,32.94,4.45,0.0,42.7049,0.7722,42.73,2028,H2,Jul-Dec
Kyle Verreynne,South Africa,Wicketkeeper,30.75,1.0,1,107.0,0.0833,0,0,481.77,38.45,96.13,0.0,0.0,0.0,37.6053,0.3616,37.64,2028,H2,Jul-Dec
Lesego Senokwane,South Africa,Top Order Batter,29.75,1.0,1,70.0,1.6623,1,0,472.27,42.02,102.14,0.0,0.0,0.0,40.5439,0.8511,40.62,2028,H2,Jul-Dec
Lesiba Ngoepe,South Africa,Middle Order Batter,32.75,1.0,1,70.0,1.1313,1,0,337.62,31.74,90.86,0.0,0.0,0.0,32.3059,0.6505,32.38,2028,H2,Jul-Dec
Lhuan-dre Pretorius,South Africa,Wicketkeeper,22.75,1.0,1,69.0,5.2704,1,0,1119.74,60.23,117.76,0.0,0.0,0.0,55.9945,0.8904,57.01,2028,H2,Jul-Dec
Lizaad Williams,South Africa,Pace Bowler,34.75,0.8125,1,108.5,-2.546,0,1,37.72,9.52,92.33,24.24,5.83,0.0,31.1969,0.0293,30.54,2028,H2,Jul-Dec
Lungi Ngidi,South Africa,Pace Bowler,32.75,1.0,1,159.0,-3.5797,0,1,72.87,12.62,92.1,41.78,5.68,0.0,42.1997,0.7445,42.05,2028,H2,Jul-Dec
Lutho Sipamla,South Africa,Pace Bowler,30.75,1.0,1,101.0,-2.0847,0,1,54.39,12.51,100.57,25.82,5.35,0.0,35.1105,0.3191,35.07,2028,H2,Jul-Dec
Marco Jansen,South Africa,Bowling All-Rounder,28.75,1.0,1,154.0,-4.5021,0,1,506.86,34.59,102.74,36.97,5.05,0.0,56.2873,0.0216,57.33,2028,H2,Jul-Dec
Matthew Boast,South Africa,Pace Bowler,27.75,1.0,1,53.0,0.8971,1,0,89.43,13.84,101.62,25.23,5.58,0.0,35.8134,0.5396,35.79,2028,H2,Jul-Dec
Matthew Breetzke,South Africa,Top Order Batter,29.75,1.0,1,124.0,1.1938,1,0,771.22,41.73,103.11,0.0,0.0,0.0,41.5386,0.8699,41.68,2028,H2,Jul-Dec
Meeka-eel Prince,South Africa,Wicketkeeper,23.75,1.0,1,60.0,3.0889,1,0,505.59,54.76,117.08,0.0,0.0,0.0,50.4123,0.454,50.26,2028,H2,Jul-Dec
Mihlali Mpongwana,South Africa,Pace Bowler,28.75,1.0,1,74.0,-0.4075,0,0,77.62,14.06,104.36,30.4,5.21,0.0,39.0247,0.6086,38.89,2028,H2,Jul-Dec
Nandre Burger,South Africa,Pace Bowler,33.75,1.0,1,85.0,-0.6872,0,1,53.37,12.29,90.11,27.73,6.19,0.0,34.3512,0.3388,34.34,2028,H2,Jul-Dec
Nqaba Peter,South Africa,Spin Bowler,27.75,1.0,1,73.0,0.4825,0,0,128.22,18.68,97.22,35.92,4.75,0.0,44.0822,0.8878,43.9,2028,H2,Jul-Dec
Nqobani Mokoena,South Africa,Pace Bowler,22.75,1.0,1,51.0,5.4474,1,0,244.42,26.47,107.18,45.79,5.07,0.0,55.4898,0.9504,53.84,2028,H2,Jul-Dec
Ottneil Baartman,South Africa,Pace Bowler,35.75,0.5625,1,85.0,-1.8824,0,1,30.46,9.82,85.04,17.79,6.15,0.0,27.0198,0.0066,26.36,2028,H2,Jul-Dec
Patrick Kruger,South Africa,Bowling All-Rounder,32.75,1.0,1,90.0,-0.148,0,0,370.63,31.8,91.05,20.33,6.05,0.0,43.7662,0.008,43.57,2028,H2,Jul-Dec
Prenelan Subrayen,South Africa,Spin Bowler,34.75,0.875,1,90.0,-1.6344,0,1,143.62,19.58,86.24,29.14,5.19,0.0,39.619,0.5077,38.09,2028,H2,Jul-Dec
Quinton de Kock,South Africa,Wicketkeeper,35.75,0.125,1,252.0,-4.8246,0,1,154.15,34.32,100.11,0.0,0.0,0.0,34.4553,0.0043,35.05,2028,H2,Jul-Dec
Rassie van der Dussen,South Africa,Top Order Batter,39.75,0.0,0,190.0,-3.5451,0,1,188.62,40.63,91.25,0.0,0.0,0.0,37.2745,0.0311,37.53,2028,H2,Jul-Dec
Reeza Hendricks,South Africa,Top Order Batter,39.75,0.0,0,184.0,-3.3918,0,1,164.92,29.95,92.81,0.0,0.0,0.0,30.8628,0.0297,31.33,2028,H2,Jul-Dec
Rubin Hermann,South Africa,Wicketkeeper,28.75,1.0,1,83.0,2.683,1,0,851.34,53.2,106.94,0.0,0.0,0.0,49.3374,0.5318,49.55,2028,H2,Jul-Dec
Ryan Rickelton,South Africa,Wicketkeeper,32.75,1.0,1,143.0,-0.2583,0,0,865.1,45.6,102.37,0.0,0.0,0.0,44.1372,0.4942,43.97,2028,H2,Jul-Dec
Senuran Muthusamy,South Africa,Bowling All-Rounder,33.75,1.0,1,113.0,-1.3072,0,1,363.88,28.4,87.6,21.98,5.39,0.0,42.2358,0.015,42.23,2028,H2,Jul-Dec
Shaun von Berg,South Africa,Spin Bowler,41.75,0.0,0,87.0,-2.6744,0,1,18.65,14.02,79.24,7.62,5.2,0.0,23.8507,0.0185,23.83,2028,H2,Jul-Dec
Simon Harmer,South Africa,Spin Bowler,39.75,0.0,0,108.0,-3.8807,0,1,47.51,16.05,89.65,10.82,4.61,0.0,28.4154,0.0169,27.5,2028,H2,Jul-Dec
Sinethemba Qeshile,South Africa,Wicketkeeper,28.75,1.0,1,89.0,0.8262,1,0,527.97,40.32,106.57,0.0,0.0,0.0,40.2793,0.3896,40.3,2028,H2,Jul-Dec
Tabraiz Shamsi,South Africa,Spin Bowler,38.75,0.05,1,184.8,-6.4828,0,1,33.05,12.44,84.72,16.27,5.2,0.0,28.078,0.0331,27.2,2028,H2,Jul-Dec
Temba Bavuma,South Africa,Top Order Batter,38.75,0.0,0,103.0,-0.9287,0,1,85.71,28.13,89.37,0.0,0.0,0.0,29.0216,0.0275,29.71,2028,H2,Jul-Dec
Tony de Zorzi,South Africa,Top Order Batter,31.75,1.0,1,98.0,0.4521,0,0,468.34,36.16,99.39,0.0,0.0,0.0,36.5849,0.7144,36.68,2028,H2,Jul-Dec
Tristan Stubbs,South Africa,Middle Order Batter,27.75,1.0,1,127.0,1.9388,1,0,1166.74,57.38,120.79,9.52,5.13,0.0,60.8311,0.9706,57.48,2028,H2,Jul-Dec
Tshepo Moreki,South Africa,Pace Bowler,33.75,1.0,1,83.0,-1.1792,0,1,66.66,11.24,90.23,24.28,6.12,0.0,32.0227,0.0811,32.04,2028,H2,Jul-Dec
Wiaan Mulder,South Africa,Batting All-Rounder,30.75,1.0,1,138.0,-2.0186,0,1,715.6,41.82,109.2,27.87,4.75,0.0,57.7433,0.8462,57.49,2028,H2,Jul-Dec
Ahan Wickramasinghe,Sri Lanka,Middle Order Batter,26.75,1.0,1,63.0,-0.3501,0,0,192.02,26.15,90.31,0.0,0.0,0.0,28.3052,0.1766,28.9,2028,H2,Jul-Dec
Ashian Daniel,Sri Lanka,Spin Bowler,27.75,1.0,1,71.0,-0.0191,0,0,114.35,20.1,75.42,19.7,5.74,0.0,33.4218,0.7443,33.45,2028,H2,Jul-Dec
Asitha Fernando,Sri Lanka,Pace Bowler,32.75,1.0,1,71.0,0.5009,1,0,80.85,15.7,63.58,38.71,6.13,0.0,38.6869,0.9668,38.67,2028,H2,Jul-Dec
Bhanuka Rajapaksa,Sri Lanka,Middle Order Batter,36.75,0.65,1,58.0,0.3092,0,0,210.31,28.45,72.59,0.0,0.0,0.0,27.4533,0.1091,28.02,2028,H2,Jul-Dec
Binura Fernando,Sri Lanka,Pace Bowler,33.75,1.0,1,71.0,0.1806,0,0,86.22,13.29,60.42,23.33,7.08,0.0,28.7531,0.2922,28.56,2028,H2,Jul-Dec
Chamika Karunaratne,Sri Lanka,Bowling All-Rounder,32.75,1.0,1,90.0,-0.9644,0,1,419.95,29.85,76.23,15.66,6.37,0.0,38.3396,0.0295,38.37,2028,H2,Jul-Dec
Chamindu Wickramasinghe,Sri Lanka,Bowling All-Rounder,26.75,1.0,1,48.0,0.4136,0,0,251.46,30.52,90.79,7.28,5.98,0.0,35.8737,0.0159,35.87,2028,H2,Jul-Dec
Chamindu Wijesinghe,Sri Lanka,Batting All-Rounder,26.75,1.0,1,55.0,-0.9092,0,1,79.41,19.53,80.79,5.75,5.53,0.0,26.5776,0.0135,26.49,2028,H2,Jul-Dec
Charith Asalanka,Sri Lanka,Middle Order Batter,31.75,1.0,1,90.0,-0.8353,0,1,688.68,45.32,85.95,0.0,0.0,0.0,41.1968,0.9471,41.18,2028,H2,Jul-Dec
Dasun Shanaka,Sri Lanka,Batting All-Rounder,37.75,0.45,1,49.6,-1.3389,0,1,154.06,26.85,74.78,6.17,6.8,0.0,30.4411,0.0038,29.24,2028,H2,Jul-Dec
Dhananjaya Lakshan,Sri Lanka,Bowling All-Rounder,30.75,1.0,1,85.0,-2.8309,0,1,239.56,29.28,80.17,18.2,6.06,0.0,39.2482,0.0287,39.15,2028,H2,Jul-Dec
Dhananjaya de Silva,Sri Lanka,Batting All-Rounder,37.75,0.5417,1,56.6667,-0.406,0,0,394.72,38.02,77.77,6.27,6.21,0.0,38.6837,0.0532,38.63,2028,H2,Jul-Dec
Dilshan Madushanka,Sri Lanka,Pace Bowler,27.75,1.0,1,85.0,-0.6199,0,1,115.51,16.98,71.55,25.72,5.67,0.0,34.1089,0.8333,34.06,2028,H2,Jul-Dec
Sachindu Colombage,Sri Lanka,Spin Bowler,27.75,1.0,1,78.0,-0.0663,0,0,96.71,15.27,69.97,18.57,5.6,0.0,29.1519,0.7252,29.18,2028,H2,Jul-Dec
Dinesh Chandimal,Sri Lanka,Wicketkeeper,38.75,0.375,1,65.0,1.0224,1,0,370.56,40.9,79.93,0.0,0.0,0.0,36.5917,0.0175,37.04,2028,H2,Jul-Dec
Dulaj Samuditha,Sri Lanka,Bowling All-Rounder,26.75,1.0,1,54.0,-1.9007,0,1,90.71,15.12,76.81,3.53,5.87,0.0,22.1681,0.0108,22.33,2028,H2,Jul-Dec
Dulnith Sigera,Sri Lanka,Batting All-Rounder,21.75,1.0,1,54.0,-1.6962,0,1,100.8,17.71,93.22,5.33,5.29,0.0,27.027,0.0275,26.97,2028,H2,Jul-Dec
Dunith Wellalage,Sri Lanka,Bowling All-Rounder,25.75,1.0,1,55.0,4.5432,1,0,504.14,37.63,90.62,62.72,5.27,0.0,69.648,0.0885,57.61,2028,H2,Jul-Dec
Dushan Hemantha,Sri Lanka,Bowling All-Rounder,33.75,1.0,1,70.0,-1.4072,0,1,390.64,31.27,73.88,7.99,6.86,0.0,34.7736,0.0157,34.8,2028,H2,Jul-Dec
Dushmantha Chameera,Sri Lanka,Pace Bowler,36.75,0.5625,1,62.0,-1.3421,0,1,104.34,16.95,66.59,12.28,6.69,0.0,26.2849,0.0204,25.76,2028,H2,Jul-Dec
Eshan Malinga,Sri Lanka,Pace Bowler,26.75,1.0,1,51.0,-1.1498,0,1,116.89,19.03,76.27,2.55,5.68,0.0,24.1304,0.2388,24.24,2028,H2,Jul-Dec
Garuka Sanketh,Sri Lanka,Pace Bowler,26.75,1.0,1,49.0,0.0477,0,0,50.29,13.2,71.38,13.31,5.66,0.0,25.2003,0.0673,25.27,2028,H2,Jul-Dec
Isitha Wijesundera,Sri Lanka,Pace Bowler,26.75,1.0,1,49.0,-0.0173,0,0,23.12,16.66,72.34,0.0,0.0,0.0,19.5537,0.0843,19.94,2028,H2,Jul-Dec
Janishka Perera,Sri Lanka,Top Order Batter,27.75,1.0,1,50.0,-0.4691,0,0,116.68,19.16,78.84,0.0,0.0,0.0,22.2622,0.1514,22.55,2028,H2,Jul-Dec
Janith Liyanage,Sri Lanka,Batting All-Rounder,32.75,1.0,1,74.0,-0.3423,0,0,479.98,39.61,81.67,15.63,6.05,0.0,45.2921,0.6531,45.26,2028,H2,Jul-Dec
Jeffrey Vandersay,Sri Lanka,Spin Bowler,38.75,0.0,0,47.0,-1.0743,0,1,7.0,13.85,63.02,5.19,6.17,0.0,20.0659,0.0072,20.28,2028,H2,Jul-Dec
Kamil Mishara,Sri Lanka,Top Order Batter,27.75,1.0,1,72.0,-0.4688,0,0,508.86,39.99,87.76,0.0,0.0,0.0,37.5449,0.7346,37.64,2028,H2,Jul-Dec
Kamindu Mendis,Sri Lanka,Batting All-Rounder,29.75,1.0,1,92.0,-0.8904,0,1,590.8,44.3,89.05,27.63,5.82,0.0,55.7135,0.8679,54.09,2028,H2,Jul-Dec
Kasun Rajitha,Sri Lanka,Pace Bowler,35.75,0.8125,1,63.5,0.4998,0,0,103.33,19.69,62.19,14.51,6.38,0.0,28.5866,0.0934,27.94,2028,H2,Jul-Dec
Kavija Gamage,Sri Lanka,Spin Bowler,21.75,1.0,1,77.0,-0.6212,0,1,119.73,16.61,80.02,14.47,5.32,0.0,29.3562,0.5446,29.32,2028,H2,Jul-Dec
Keshara Nuwantha,Sri Lanka,Bowling All-Rounder,26.75,1.0,1,56.0,0.3469,0,0,179.65,25.62,89.34,0.0,0.0,0.0,27.8106,0.0127,28.26,2028,H2,Jul-Dec
Kusal Mendis,Sri Lanka,Wicketkeeper,33.75,1.0,1,128.0,-1.0759,0,1,962.05,40.94,80.21,0.0,0.0,0.0,38.7206,0.9406,38.83,2028,H2,Jul-Dec
Kusal Perera,Sri Lanka,Wicketkeeper,38.75,0.0,0,64.0,-1.1317,0,1,125.43,35.09,84.66,0.0,0.0,0.0,32.8007,0.0022,33.54,2028,H2,Jul-Dec
Lahiru Kumara,Sri Lanka,Pace Bowler,31.75,1.0,1,72.0,-1.3159,0,1,156.48,18.64,73.58,4.96,5.72,0.0,24.8995,0.3335,25.28,2028,H2,Jul-Dec
Lahiru Udara,Sri Lanka,Wicketkeeper,34.75,0.8125,1,77.5,-1.5651,0,1,307.74,35.97,80.5,0.0,0.0,0.0,33.431,0.0315,34.04,2028,H2,Jul-Dec
Lasith Croospulle,Sri Lanka,Top Order Batter,29.75,1.0,1,87.0,1.5796,1,0,880.87,50.49,93.6,0.0,0.0,0.0,46.0341,0.961,45.98,2028,H2,Jul-Dec
M Shiraz,Sri Lanka,Pace Bowler,33.75,1.0,1,74.0,-1.5395,0,1,53.88,12.26,62.26,9.82,6.95,0.0,21.3633,0.2009,21.37,2028,H2,Jul-Dec
MNK Fernando,Sri Lanka,Top Order Batter,29.75,1.0,1,74.0,-1.1334,0,1,32.01,14.71,69.94,20.79,5.91,0.0,29.6311,0.3447,29.49,2028,H2,Jul-Dec
Maheesh Theekshana,Sri Lanka,Spin Bowler,27.75,1.0,1,80.0,3.671,1,0,158.79,19.77,72.81,80.41,5.65,0.0,64.1161,0.992,57.39,2028,H2,Jul-Dec
Mateesha Pathirana,Sri Lanka,Pace Bowler,25.75,1.0,1,49.0,-0.8798,0,1,24.21,17.45,75.75,5.32,5.52,0.0,24.2345,0.2837,24.33,2028,H2,Jul-Dec
Milan Rathnayake,Sri Lanka,Bowling All-Rounder,31.75,1.0,1,90.0,0.2057,0,0,733.92,39.67,84.55,14.98,5.99,0.0,46.2764,0.0152,46.38,2028,H2,Jul-Dec
Nipun Dhananjaya,Sri Lanka,Middle Order Batter,27.75,1.0,1,90.0,0.624,1,0,608.74,36.72,85.68,0.0,0.0,0.0,35.621,0.6398,35.71,2028,H2,Jul-Dec
Niroshan Dickwella,Sri Lanka,Wicketkeeper,35.75,0.125,1,72.0,-2.441,0,1,102.57,29.76,77.53,0.0,0.0,0.0,28.5256,0.002,29.1,2028,H2,Jul-Dec
Nishan Madushka,Sri Lanka,Wicketkeeper,28.75,1.0,1,79.0,-0.2222,0,0,331.82,31.51,81.16,0.0,0.0,0.0,30.8733,0.132,31.0,2028,H2,Jul-Dec
Nishan Peiris,Sri Lanka,Pace Bowler,31.75,1.0,1,82.0,-0.0328,0,0,13.06,15.45,67.1,0.0,0.0,0.0,18.0915,0.1505,18.42,2028,H2,Jul-Dec
Nuwan Thushara,Sri Lanka,Pace Bowler,32.75,1.0,1,84.0,-1.7708,0,1,39.4,11.28,65.54,20.73,6.45,0.0,26.8244,0.2068,26.84,2028,H2,Jul-Dec
Oshada Fernando,Sri Lanka,Top Order Batter,36.75,0.4167,1,63.6667,-0.3358,0,0,222.08,28.05,73.34,0.0,0.0,0.0,27.348,0.0226,27.96,2028,H2,Jul-Dec
Pasindu Sooriyabandara,Sri Lanka,Top Order Batter,25.75,1.0,1,56.0,0.2286,0,0,294.11,35.23,94.77,0.0,0.0,0.0,34.8013,0.5407,34.83,2028,H2,Jul-Dec
Pathum Nissanka,Sri Lanka,Top Order Batter,30.75,1.0,1,125.0,-4.2667,0,1,682.56,51.98,92.29,0.0,0.0,0.0,46.0807,0.9511,45.98,2028,H2,Jul-Dec
Pavan Rathnayake,Sri Lanka,Middle Order Batter,26.75,1.0,1,43.0,2.629,1,0,510.04,56.44,102.13,0.0,0.0,0.0,49.4959,0.9406,49.58,2028,H2,Jul-Dec
Prabath Jayasuriya,Sri Lanka,Spin Bowler,36.75,0.0833,1,46.3333,-2.3893,0,1,9.61,13.37,67.05,4.04,5.82,0.0,19.8086,0.0087,20.07,2028,H2,Jul-Dec
Pramod Madushan,Sri Lanka,Pace Bowler,34.75,1.0,1,59.0,-0.3121,0,0,66.98,13.32,63.23,9.64,7.06,0.0,22.0725,0.1358,22.11,2028,H2,Jul-Dec
Ramesh Mendis,Sri Lanka,Bowling All-Rounder,33.75,1.0,1,75.0,-0.2337,0,0,443.45,30.37,77.58,8.91,6.16,0.0,35.5116,0.017,35.57,2028,H2,Jul-Dec
Ravindu Fernando,Sri Lanka,Batting All-Rounder,26.75,1.0,1,53.0,-0.5682,0,1,140.11,20.67,81.5,6.65,5.97,0.0,27.9213,0.0367,28.12,2028,H2,Jul-Dec
Ravindu Rasantha,Sri Lanka,Top Order Batter,27.75,1.0,1,87.0,-0.0404,0,0,624.28,34.86,82.48,0.0,0.0,0.0,34.118,0.6852,34.13,2028,H2,Jul-Dec
Sadeera Samarawickrama,Sri Lanka,Wicketkeeper,31.75,1.0,1,95.0,-1.3263,0,1,432.29,34.25,80.33,0.0,0.0,0.0,32.7919,0.1048,32.82,2028,H2,Jul-Dec
Sahan Kosala,Sri Lanka,Middle Order Batter,27.75,1.0,1,90.0,-0.0947,0,0,485.62,33.43,77.62,0.0,0.0,0.0,32.1215,0.4986,32.2,2028,H2,Jul-Dec
Sohan de Livera,Sri Lanka,Top Order Batter,28.75,1.0,1,52.0,0.4655,0,0,185.53,27.19,88.36,0.0,0.0,0.0,28.6631,0.2195,29.18,2028,H2,Jul-Dec
Sonal Dinusha,Sri Lanka,Batting All-Rounder,27.75,1.0,1,72.0,-2.6451,0,1,334.15,31.2,81.66,6.73,6.05,0.0,35.0833,0.223,35.14,2028,H2,Jul-Dec
Tharindu Ratnayake,Sri Lanka,Bowling All-Rounder,32.75,1.0,1,97.0,1.1736,1,0,757.65,44.62,83.01,0.0,0.0,0.0,40.6243,0.0274,40.62,2028,H2,Jul-Dec
Traveen Mathew,Sri Lanka,Spin Bowler,27.75,1.0,1,68.0,0.8117,1,0,39.55,12.35,71.41,41.52,5.44,0.0,39.1424,0.884,38.92,2028,H2,Jul-Dec
V Viyaskanth,Sri Lanka,Spin Bowler,27.75,1.0,1,69.0,0.9241,1,0,82.05,15.47,73.4,40.02,5.61,0.0,40.6432,0.9513,40.41,2028,H2,Jul-Dec
Vimath Dinsara,Sri Lanka,Top Order Batter,22.75,1.0,1,62.0,-1.3131,0,1,65.34,20.15,84.94,0.0,0.0,0.0,23.488,0.1855,23.61,2028,H2,Jul-Dec
Vishad Randika,Sri Lanka,Top Order Batter,31.75,1.0,1,76.0,0.9009,1,0,535.78,39.77,89.35,0.0,0.0,0.0,37.7129,0.7457,37.8,2028,H2,Jul-Dec
Vishen Halambage,Sri Lanka,Top Order Batter,23.75,1.0,1,56.0,-0.6052,0,1,127.88,18.58,87.35,0.0,0.0,0.0,23.0621,0.1084,23.37,2028,H2,Jul-Dec
Vishwa Fernando,Sri Lanka,Pace Bowler,36.75,0.4167,1,53.6667,-0.165,0,0,58.78,16.58,62.06,8.24,7.16,0.0,23.1508,0.0142,23.26,2028,H2,Jul-Dec
Wanindu Hasaranga,Sri Lanka,Bowling All-Rounder,31.75,1.0,1,112.0,0.1586,0,0,1251.15,46.56,87.45,27.29,5.44,0.0,59.1281,0.0771,57.27,2028,H2,Jul-Dec
Ackeem Auguste,West Indies,Top Order Batter,25.75,1.0,1,40.0,2.5512,1,0,419.92,44.08,98.22,0.0,0.0,0.0,41.1072,0.8511,41.18,2028,H2,Jul-Dec
Akeal Hosein,West Indies,Spin Bowler,35.75,0.4167,1,75.6667,-1.9037,0,1,10.02,11.52,76.03,3.14,5.6,0.0,19.4555,0.1078,19.74,2028,H2,Jul-Dec
Alick Athanaze,West Indies,Top Order Batter,29.75,1.0,1,64.0,0.8484,1,0,187.37,38.18,90.4,0.0,0.0,0.0,35.6599,0.7427,35.71,2028,H2,Jul-Dec
Alzarri Joseph,West Indies,Pace Bowler,32.75,1.0,1,96.0,-2.2498,0,1,6.97,5.77,75.25,5.75,6.61,0.0,16.9161,0.2984,17.3,2028,H2,Jul-Dec
Amari Goodridge,West Indies,Pace Bowler,25.75,1.0,1,32.0,0.7323,1,0,54.43,11.88,95.5,6.11,5.68,0.0,23.8801,0.3698,24.0,2028,H2,Jul-Dec
Amir Jangoo,West Indies,Wicketkeeper,31.75,1.0,1,46.0,2.8354,1,0,492.19,45.37,102.68,0.0,0.0,0.0,42.7336,0.3524,42.78,2028,H2,Jul-Dec
Andre Fletcher,West Indies,Wicketkeeper,40.75,0.0,0,21.0,-0.3337,0,0,16.09,18.84,78.81,0.0,0.0,0.0,21.7109,0.0025,22.23,2028,H2,Jul-Dec
Andre Russell,West Indies,Bowling All-Rounder,40.75,0.0,0,87.0,-3.0009,0,1,0.0,11.75,75.44,0.32,7.29,0.0,17.6706,0.0013,18.03,2028,H2,Jul-Dec
Brandon King,West Indies,Top Order Batter,33.75,1.0,1,73.0,0.0426,0,0,147.46,31.96,90.74,0.0,0.0,0.0,31.76,0.4109,31.85,2028,H2,Jul-Dec
Carlon Tuckett,West Indies,Pace Bowler,22.75,1.0,1,33.0,1.1085,1,0,62.74,14.69,97.54,8.15,5.42,0.0,27.0148,0.5322,26.99,2028,H2,Jul-Dec
Evin Lewis,West Indies,Top Order Batter,37.75,0.3125,1,97.5,-0.1861,0,0,45.14,30.45,104.9,0.0,0.0,0.0,32.3348,0.0404,32.58,2028,H2,Jul-Dec
Fabian Allen,West Indies,Bowling All-Rounder,33.75,1.0,1,71.0,-1.2591,0,1,35.55,22.19,104.27,2.77,6.41,0.0,29.3826,0.0117,29.27,2028,H2,Jul-Dec
Giavonte Depeiza,West Indies,Top Order Batter,23.75,1.0,1,34.0,2.6938,1,0,173.61,42.73,107.62,0.0,0.0,0.0,40.6526,0.6965,40.65,2028,H2,Jul-Dec
Gudakesh Motie,West Indies,Spin Bowler,33.75,1.0,1,81.0,-1.9101,0,1,0.73,9.05,82.25,6.7,5.34,0.0,20.6265,0.8771,20.69,2028,H2,Jul-Dec
Hayden Walsh Jr,West Indies,Spin Bowler,36.75,0.3125,1,53.5,-1.7845,0,1,0.0,0.0,89.34,0.0,6.18,0.0,12.3616,0.0525,12.88,2028,H2,Jul-Dec
Jason Holder,West Indies,Bowling All-Rounder,36.75,0.3125,1,178.5,-2.9626,0,1,4.96,14.35,83.06,0.93,7.0,0.0,20.6403,0.0011,21.06,2028,H2,Jul-Dec
Jayden Seales,West Indies,Pace Bowler,26.75,1.0,1,70.0,-1.3438,0,1,1.41,4.0,84.03,7.63,5.89,0.0,18.0921,0.4706,18.16,2028,H2,Jul-Dec
Jediah Blades,West Indies,Pace Bowler,24.75,1.0,1,37.0,0.369,0,0,46.03,10.42,93.24,4.31,5.89,0.0,21.6843,0.4741,21.8,2028,H2,Jul-Dec
Jewel Andrew,West Indies,Wicketkeeper,21.75,1.0,1,40.0,4.1871,1,0,365.79,57.95,112.77,0.0,0.0,0.0,51.3101,0.7307,51.44,2028,H2,Jul-Dec
Johann Jeremiah,West Indies,Top Order Batter,22.75,1.0,1,35.0,2.6562,1,0,265.16,42.1,112.29,0.0,0.0,0.0,41.1994,0.7845,41.18,2028,H2,Jul-Dec
Johann Layne,West Indies,Pace Bowler,25.75,1.0,1,43.0,-0.6077,0,1,0.0,0.0,0.0,2.96,5.61,0.0,2.3118,0.0065,1.6,2028,H2,Jul-Dec
John Campbell,West Indies,Top Order Batter,34.75,1.0,1,70.0,2.1906,1,0,219.7,49.93,89.43,0.0,0.0,0.0,42.8337,0.8791,42.78,2028,H2,Jul-Dec
Johnson Charles,West Indies,Top Order Batter,39.75,0.0,0,72.0,-0.8618,0,1,0.7,16.69,101.08,0.0,0.0,0.0,23.2612,0.0303,23.48,2028,H2,Jul-Dec
Joshua Da Silva,West Indies,Wicketkeeper,30.75,1.0,1,61.0,0.1758,0,0,0.0,38.58,93.8,0.0,0.0,0.0,35.6953,0.1388,35.64,2028,H2,Jul-Dec
Justin Greaves,West Indies,Batting All-Rounder,33.75,1.0,1,58.0,2.7268,1,0,566.46,45.92,104.35,5.43,6.02,0.0,47.2168,0.739,47.18,2028,H2,Jul-Dec
Kavem Hodge,West Indies,Batting All-Rounder,35.75,1.0,1,53.0,2.5688,1,0,307.18,49.58,103.84,5.63,6.08,0.0,48.5702,0.7831,48.63,2028,H2,Jul-Dec
Keacy Carty,West Indies,Middle Order Batter,31.75,1.0,1,76.0,1.9427,1,0,575.96,53.13,109.12,0.0,0.0,0.0,48.6177,0.8689,48.59,2028,H2,Jul-Dec
Kelvin Pittman,West Indies,Pace Bowler,26.75,1.0,1,32.0,1.2564,1,0,52.97,12.53,87.44,8.09,6.01,0.0,24.1425,0.3186,24.12,2028,H2,Jul-Dec
Kemar Paul,West Indies,Bowling All-Rounder,30.75,1.0,1,53.0,-0.1916,0,0,70.01,18.75,108.54,4.95,6.19,0.0,29.1233,0.0179,29.08,2028,H2,Jul-Dec
Keron Gore,West Indies,Pace Bowler,32.75,1.0,1,34.0,0.4278,0,0,46.79,9.79,80.0,5.12,6.78,0.0,19.7809,0.0904,19.98,2028,H2,Jul-Dec
Kevlon Anderson,West Indies,Top Order Batter,22.75,1.0,1,37.0,2.8498,1,0,277.28,44.0,111.66,0.0,0.0,0.0,42.3214,0.7862,42.27,2028,H2,Jul-Dec
Kirk McKenzie,West Indies,Middle Order Batter,27.75,1.0,1,47.0,1.9603,1,0,314.32,34.95,90.6,0.0,0.0,0.0,34.154,0.6867,34.22,2028,H2,Jul-Dec
Kraigg Brathwaite,West Indies,Top Order Batter,35.75,0.8125,1,141.5,-0.6135,0,1,0.0,27.37,57.86,0.0,0.0,0.0,24.1265,0.1326,23.89,2028,H2,Jul-Dec
Kyle Mayers,West Indies,Batting All-Rounder,35.75,0.75,1,59.0,-0.9681,0,1,34.33,28.45,97.04,2.55,6.66,0.0,32.0951,0.0182,31.62,2028,H2,Jul-Dec
Marlon Mindley,West Indies,Pace Bowler,31.75,1.0,1,34.0,0.5152,1,0,42.26,9.4,82.13,4.88,6.65,0.0,19.7087,0.1502,19.85,2028,H2,Jul-Dec
Matthew Forde,West Indies,Bowling All-Rounder,26.75,1.0,1,63.0,1.3953,1,0,292.39,56.14,121.45,11.71,5.37,0.0,58.145,0.0324,57.3,2028,H2,Jul-Dec
Mavendra Dindyal,West Indies,Middle Order Batter,22.75,1.0,1,37.0,2.9096,1,0,282.93,45.44,107.41,0.0,0.0,0.0,42.665,0.7085,42.57,2028,H2,Jul-Dec
Mbeki Joseph,West Indies,Pace Bowler,25.75,1.0,1,32.0,0.8249,1,0,50.73,11.34,95.78,6.48,5.54,0.0,23.8027,0.2793,23.84,2028,H2,Jul-Dec
Mikyle Louis,West Indies,Middle Order Batter,27.75,1.0,1,46.0,2.9589,1,0,418.68,43.12,99.61,0.0,0.0,0.0,40.6978,0.8305,40.76,2028,H2,Jul-Dec
Nathan Edward,West Indies,Pace Bowler,26.75,1.0,1,34.0,0.6986,1,0,44.14,10.12,92.75,7.32,5.75,0.0,23.0068,0.3287,23.06,2028,H2,Jul-Dec
Navin Bidaisee,West Indies,Middle Order Batter,28.75,1.0,1,39.0,1.4305,1,0,171.58,26.92,96.98,0.0,0.0,0.0,29.5791,0.3806,29.74,2028,H2,Jul-Dec
Nicholas Pooran,West Indies,Wicketkeeper,32.75,1.0,1,123.0,0.2079,0,0,301.57,43.19,110.41,0.0,0.0,0.0,41.747,0.47,41.68,2028,H2,Jul-Dec
Obed McCoy,West Indies,Pace Bowler,31.75,1.0,1,45.0,-1.0708,0,1,7.29,3.46,81.25,0.76,6.95,0.0,13.6716,0.03,14.06,2028,H2,Jul-Dec
Ramon Simmonds,West Indies,Pace Bowler,26.75,1.0,1,36.0,0.7937,1,0,47.34,10.8,82.7,7.66,6.37,0.0,22.139,0.3695,22.23,2028,H2,Jul-Dec
Renico Smith,West Indies,Middle Order Batter,24.75,1.0,1,33.0,2.54,1,0,207.3,39.21,111.57,0.0,0.0,0.0,39.1348,0.6491,39.08,2028,H2,Jul-Dec
Rivaldo Clarke,West Indies,Wicketkeeper,26.75,1.0,1,39.0,2.9461,1,0,248.37,48.23,109.91,0.0,0.0,0.0,44.5786,0.2945,44.61,2028,H2,Jul-Dec
Romario Shepherd,West Indies,Bowling All-Rounder,33.75,1.0,1,77.0,-1.2265,0,1,129.3,29.15,108.82,4.09,7.31,0.0,35.0678,0.01,35.12,2028,H2,Jul-Dec
Roston Chase,West Indies,Batting All-Rounder,36.75,0.125,1,69.0,0.7246,1,0,180.87,45.29,85.18,3.25,6.62,0.0,41.7206,0.032,40.64,2028,H2,Jul-Dec
Rovman Powell,West Indies,Batting All-Rounder,34.75,1.0,1,84.0,-1.2927,0,1,40.48,24.56,104.88,1.49,7.52,0.0,30.0686,0.0305,30.06,2028,H2,Jul-Dec
Shai Hope,West Indies,Wicketkeeper,34.75,1.0,1,129.0,0.0626,0,0,471.73,45.74,90.2,0.0,0.0,0.0,41.2525,0.6295,41.18,2028,H2,Jul-Dec
Shamar Joseph,West Indies,Pace Bowler,28.75,1.0,1,53.0,-0.7346,0,1,8.59,5.57,82.87,7.63,5.52,0.0,19.0275,0.3936,19.12,2028,H2,Jul-Dec
Shamyl Springer,West Indies,Batting All-Rounder,27.75,1.0,1,46.0,2.7512,1,0,297.29,40.26,99.78,4.76,6.4,0.0,41.7833,0.3545,41.69,2028,H2,Jul-Dec
Shaqkere Parris,West Indies,Middle Order Batter,21.75,1.0,1,37.0,3.2173,1,0,298.45,47.78,108.52,0.0,0.0,0.0,44.2962,0.76,44.29,2028,H2,Jul-Dec
Sherfane Rutherford,West Indies,Batting All-Rounder,29.75,1.0,1,66.0,2.552,1,0,418.55,56.64,112.42,4.8,6.87,0.0,53.8092,0.932,54.13,2028,H2,Jul-Dec
Shimron Hetmyer,West Indies,Middle Order Batter,31.75,1.0,1,98.0,1.5711,1,0,292.83,51.24,108.73,0.0,0.0,0.0,46.4207,0.9302,46.34,2028,H2,Jul-Dec
Tagenarine Chanderpaul,West Indies,Top Order Batter,31.75,1.0,1,40.0,1.0064,1,0,85.5,18.69,74.65,0.0,0.0,0.0,21.3164,0.2747,21.64,2028,H2,Jul-Dec
Tevin Imlach,West Indies,Wicketkeeper,31.75,1.0,1,39.0,1.2735,1,0,139.08,22.11,89.75,0.0,0.0,0.0,25.5753,0.0568,25.76,2028,H2,Jul-Dec
Trevon Hinds,West Indies,Batting All-Rounder,29.75,1.0,1,40.0,2.2999,1,0,276.1,31.92,99.35,4.59,6.41,0.0,36.4618,0.1174,36.47,2028,H2,Jul-Dec
Voight Lawes,West Indies,Spin Bowler,22.75,1.0,1,31.0,0.6247,1,0,56.35,12.73,95.03,3.58,6.14,0.0,22.9328,0.7187,23.03,2028,H2,Jul-Dec
Zishan Motara,West Indies,Pace Bowler,22.75,1.0,1,31.0,0.8771,1,0,59.34,12.99,99.89,7.0,5.58,0.0,25.6354,0.592,25.61,2028,H2,Jul-Dec
Ainsley Ndlovu,Zimbabwe,Middle Order Batter,29.75,1.0,1,34.0,1.5204,1,0,226.33,37.3,95.98,0.0,0.0,0.0,35.9893,0.7018,36.13,2028,H2,Jul-Dec
Antum Naqvi,Zimbabwe,Batting All-Rounder,28.75,1.0,1,50.0,2.2367,1,0,456.5,42.57,105.78,4.99,5.92,0.0,44.7706,0.6532,44.61,2028,H2,Jul-Dec
Ben Curran,Zimbabwe,Top Order Batter,32.75,1.0,1,51.0,1.9872,1,0,305.99,47.68,97.59,0.0,0.0,0.0,42.8286,0.8947,42.78,2028,H2,Jul-Dec
Blessing Muzarabani,Zimbabwe,Pace Bowler,32.75,1.0,1,109.0,-0.455,0,0,13.34,8.08,88.11,7.16,6.27,0.0,20.832,0.2702,20.88,2028,H2,Jul-Dec
Brad Evans,Zimbabwe,Bowling All-Rounder,31.75,1.0,1,64.0,-0.3882,0,0,140.39,32.87,98.26,4.21,5.71,0.0,36.4025,0.0088,36.41,2028,H2,Jul-Dec
Brandon Mavuta,Zimbabwe,Spin Bowler,31.75,1.0,1,53.0,-0.8088,0,1,93.49,16.22,82.48,6.95,6.05,0.0,25.2982,0.6159,25.42,2028,H2,Jul-Dec
Brendan Taylor,Zimbabwe,Wicketkeeper,42.75,0.0,0,205.0,0.8283,1,0,122.46,32.12,79.36,0.0,0.0,0.0,30.2787,0.0206,30.7,2028,H2,Jul-Dec
Brian Bennett,Zimbabwe,Batting All-Rounder,24.75,1.0,1,60.0,2.8084,1,0,694.93,58.95,109.44,8.78,5.07,0.0,58.2965,0.926,57.09,2028,H2,Jul-Dec
Brian Mudzinganyama,Zimbabwe,Middle Order Batter,27.75,1.0,1,41.0,1.7158,1,0,191.6,31.59,99.14,0.0,0.0,0.0,32.7891,0.5467,32.82,2028,H2,Jul-Dec
Charlton Tshuma,Zimbabwe,Pace Bowler,28.75,1.0,1,42.0,0.5003,1,0,74.82,12.86,90.97,9.18,5.83,0.0,25.4871,0.4482,25.55,2028,H2,Jul-Dec
Clive Chitumba,Zimbabwe,Wicketkeeper,29.75,1.0,1,39.0,0.9985,1,0,141.38,23.96,90.46,0.0,0.0,0.0,26.8081,0.0355,27.19,2028,H2,Jul-Dec
Clive Madande,Zimbabwe,Wicketkeeper,27.75,1.0,1,60.0,1.1504,1,0,414.0,41.26,111.49,0.0,0.0,0.0,41.1009,0.79,41.18,2028,H2,Jul-Dec
Craig Ervine,Zimbabwe,Top Order Batter,42.75,0.0,0,142.0,-1.4179,0,1,67.85,30.43,74.74,0.0,0.0,0.0,28.4483,0.0429,29.13,2028,H2,Jul-Dec
Dion Myers,Zimbabwe,Batting All-Rounder,26.75,1.0,1,57.0,2.6554,1,0,542.19,44.86,113.04,8.35,4.92,0.0,49.449,0.7311,49.59,2028,H2,Jul-Dec
Ernest Masuku,Zimbabwe,Pace Bowler,30.75,1.0,1,40.0,0.5106,1,0,69.59,12.74,91.63,5.24,5.55,0.0,23.5438,0.1625,23.71,2028,H2,Jul-Dec
Faraz Akram,Zimbabwe,Bowling All-Rounder,30.75,1.0,1,51.0,0.7301,1,0,156.11,24.93,93.31,9.37,6.77,0.0,33.3457,0.0215,33.46,2028,H2,Jul-Dec
Graeme Cremer,Zimbabwe,Spin Bowler,41.75,0.0,0,111.0,-2.5622,0,1,8.17,7.85,69.86,3.12,5.31,0.0,16.4723,0.0355,16.95,2028,H2,Jul-Dec
Innocent Kaia,Zimbabwe,Top Order Batter,36.75,0.5417,1,65.6667,-2.1666,0,1,0.0,9.27,72.72,0.0,0.0,0.0,15.002,0.0219,15.56,2028,H2,Jul-Dec
Johnathan Campbell,Zimbabwe,Middle Order Batter,34.75,1.0,1,53.0,2.3356,1,0,244.87,49.76,103.97,0.0,0.0,0.0,44.7237,0.8713,44.6,2028,H2,Jul-Dec
Joylord Gumbie,Zimbabwe,Wicketkeeper,32.75,1.0,1,49.0,-0.2775,0,0,41.94,16.97,77.59,0.0,0.0,0.0,20.4974,0.0291,20.93,2028,H2,Jul-Dec
Kian Blignaut,Zimbabwe,Pace Bowler,23.75,1.0,1,36.0,0.7225,1,0,56.48,16.84,103.02,7.53,5.33,0.0,28.7372,0.5313,28.61,2028,H2,Jul-Dec
Kundai Matigimu,Zimbabwe,Pace Bowler,31.75,1.0,1,36.0,0.4155,0,0,38.3,11.21,81.33,6.09,6.37,0.0,21.3754,0.1895,21.44,2028,H2,Jul-Dec
Luke Jongwe,Zimbabwe,Bowling All-Rounder,32.75,1.0,1,104.0,-2.0011,0,1,7.45,15.46,88.74,2.62,6.98,0.0,22.9408,0.017,22.89,2028,H2,Jul-Dec
Milton Shumba,Zimbabwe,Middle Order Batter,27.75,1.0,1,88.0,0.4796,0,0,168.7,33.17,97.69,0.0,0.0,0.0,33.4855,0.6879,33.49,2028,H2,Jul-Dec
Nathaniel Mayavo,Zimbabwe,Wicketkeeper,31.75,1.0,1,44.0,1.5254,1,0,166.68,26.25,92.04,0.0,0.0,0.0,28.5046,0.0768,29.05,2028,H2,Jul-Dec
Newman Nyamhuri,Zimbabwe,Pace Bowler,22.75,1.0,1,47.0,0.1675,0,0,76.91,13.65,102.45,9.77,4.9,0.0,28.0758,0.5196,28.08,2028,H2,Jul-Dec
Nick Welch,Zimbabwe,Top Order Batter,30.75,1.0,1,65.0,3.4175,1,0,696.94,44.01,99.9,0.0,0.0,0.0,42.253,0.8783,42.27,2028,H2,Jul-Dec
Panashe Taruvinga,Zimbabwe,Middle Order Batter,26.75,1.0,1,40.0,1.4641,1,0,112.93,26.32,96.6,0.0,0.0,0.0,28.9572,0.3672,29.25,2028,H2,Jul-Dec
Prince Masvaure,Zimbabwe,Middle Order Batter,38.75,0.0,0,41.0,-0.0881,0,0,15.34,12.16,72.37,0.0,0.0,0.0,16.7777,0.0116,17.42,2028,H2,Jul-Dec
Richard Ngarava,Zimbabwe,Pace Bowler,30.75,1.0,1,113.0,-1.2674,0,1,28.51,10.65,86.75,9.62,5.93,0.0,23.6193,0.4292,23.72,2028,H2,Jul-Dec
Richmond Mutumbami,Zimbabwe,Wicketkeeper,37.75,0.5417,1,61.6667,-0.2693,0,0,0.0,13.45,53.96,0.0,0.0,0.0,15.0999,0.0036,15.67,2028,H2,Jul-Dec
Ryan Burl,Zimbabwe,Batting All-Rounder,34.75,1.0,1,118.0,-0.7951,0,1,190.0,29.61,92.51,5.14,6.33,0.0,34.1501,0.125,34.21,2028,H2,Jul-Dec
Sean Williams,Zimbabwe,Batting All-Rounder,42.75,0.0,0,156.0,-3.7864,0,1,0.0,46.78,76.24,0.0,7.12,0.0,39.0703,0.016,38.33,2028,H2,Jul-Dec
Sikandar Raza,Zimbabwe,Batting All-Rounder,42.75,0.0,0,178.0,-1.4443,0,1,126.22,38.17,91.68,2.36,6.16,0.0,37.6717,0.0141,37.81,2028,H2,Jul-Dec
Tadiwanashe Marumani,Zimbabwe,Wicketkeeper,26.75,1.0,1,58.0,1.471,1,0,244.91,34.73,110.43,0.0,0.0,0.0,36.3762,0.2288,36.39,2028,H2,Jul-Dec
Tafadzwa Tsiga,Zimbabwe,Wicketkeeper,28.75,1.0,1,40.0,1.2411,1,0,97.5,22.58,95.35,0.0,0.0,0.0,26.4515,0.063,26.6,2028,H2,Jul-Dec
Takudzwanashe Kaitano,Zimbabwe,Top Order Batter,34.75,1.0,1,61.0,0.0692,0,0,66.51,14.06,79.01,0.0,0.0,0.0,18.9892,0.4749,19.44,2028,H2,Jul-Dec
Tanaka Chivanga,Zimbabwe,Pace Bowler,32.75,1.0,1,46.0,0.0318,0,0,30.92,9.56,79.35,4.12,6.79,0.0,18.986,0.0387,19.32,2028,H2,Jul-Dec
Tapiwa Mufudza,Zimbabwe,Spin Bowler,30.75,1.0,1,44.0,0.3788,0,0,94.63,18.74,96.24,7.7,5.44,0.0,29.1971,0.8186,29.18,2028,H2,Jul-Dec
Tashinga Musekiwa,Zimbabwe,Batting All-Rounder,27.75,1.0,1,48.0,2.3436,1,0,160.93,39.53,109.84,1.03,6.24,0.0,40.3065,0.251,40.34,2028,H2,Jul-Dec
Tendai Chatara,Zimbabwe,Pace Bowler,37.75,0.25,1,106.2,-2.8433,0,1,0.0,0.0,69.97,0.0,5.28,0.0,10.0694,0.0113,10.01,2028,H2,Jul-Dec
Tinotenda Maposa,Zimbabwe,Pace Bowler,31.75,1.0,1,51.0,0.4366,0,0,63.09,14.28,90.25,8.32,5.95,0.0,25.7494,0.4943,25.8,2028,H2,Jul-Dec
Tony Munyonga,Zimbabwe,Batting All-Rounder,32.75,1.0,1,51.0,0.5727,1,0,75.24,18.68,91.3,1.26,6.69,0.0,24.843,0.0233,24.94,2028,H2,Jul-Dec
Trevor Gwandu,Zimbabwe,Pace Bowler,27.75,1.0,1,49.0,0.8155,1,0,114.8,17.32,90.38,5.05,6.31,0.0,26.0482,0.6198,26.1,2028,H2,Jul-Dec
Victor Nyauchi,Zimbabwe,Pace Bowler,36.75,0.125,1,56.0,-0.6271,0,1,9.63,8.84,76.58,0.43,6.84,0.0,16.2106,0.0125,16.96,2028,H2,Jul-Dec
Vincent Masekesa,Zimbabwe,Batting All-Rounder,26.75,1.0,1,41.0,1.1773,1,0,146.14,22.26,96.63,2.69,6.29,0.0,28.7962,0.0311,28.95,2028,H2,Jul-Dec
Wellington Masakadza,Zimbabwe,Spin Bowler,35.75,0.125,1,84.0,-2.3175,0,1,10.39,10.44,76.8,2.5,6.09,0.0,18.441,0.0418,18.75,2028,H2,Jul-Dec
Wessly Madhevere,Zimbabwe,Batting All-Rounder,27.75,1.0,1,93.0,-0.913,0,1,158.0,28.44,101.47,3.5,6.04,0.0,33.726,0.2386,33.8,2028,H2,Jul-Dec
William Mashinge,Zimbabwe,Batting All-Rounder,31.75,1.0,1,43.0,1.26,1,0,155.1,26.24,97.49,5.94,6.09,0.0,33.0844,0.0893,33.08,2028,H2,Jul-Dec
A M Ghazanfar,Afghanistan,Spin Bowler,23.25,1.0,1,60.0,-0.4942,0,0,90.12,15.77,84.48,22.62,4.83,0.0,33.0755,0.589,33.01,2029,H1,Jan-Jun
Abdul Malik,Afghanistan,Top Order Batter,32.25,1.0,1,68.0,-0.6172,0,1,353.75,34.32,82.97,0.0,0.0,0.0,32.2796,0.2858,32.35,2029,H1,Jan-Jun
Abdul Rahman,Afghanistan,Pace Bowler,30.25,1.0,1,60.0,-0.3754,0,0,56.15,13.3,75.19,18.07,5.66,0.0,27.7258,0.2646,27.71,2029,H1,Jan-Jun
Azizullah Mia Khil,Afghanistan,Top Order Batter,28.25,1.0,1,55.0,0.6699,1,0,322.53,35.84,86.08,0.0,0.0,0.0,33.4836,0.5428,33.5,2029,H1,Jan-Jun
Azmatullah Omarzai,Afghanistan,Bowling All-Rounder,29.25,1.0,1,93.0,-0.273,0,0,616.68,44.33,91.22,21.37,5.4,0.0,52.0474,0.0155,51.4,2029,H1,Jan-Jun
Bahir Shah,Afghanistan,Middle Order Batter,28.25,1.0,1,57.0,0.9364,1,0,337.28,50.26,90.05,0.0,0.0,0.0,42.6901,0.8402,42.78,2029,H1,Jan-Jun
Bashir Ahmad,Afghanistan,Bowling All-Rounder,29.25,1.0,1,58.0,0.2437,0,0,254.99,31.03,83.18,15.05,5.97,0.0,38.4626,0.0158,38.37,2029,H1,Jan-Jun
Bilal Sami,Afghanistan,Pace Bowler,28.25,1.0,1,57.0,0.124,0,0,72.62,13.18,73.4,23.65,5.46,0.0,30.3472,0.2878,30.39,2029,H1,Jan-Jun
Darwish Rasooli,Afghanistan,Top Order Batter,30.25,1.0,1,74.0,0.437,0,0,490.55,38.9,82.55,0.0,0.0,0.0,35.4404,0.6162,35.57,2029,H1,Jan-Jun
Faisal Khan Ahmadzai,Afghanistan,Pace Bowler,29.25,1.0,1,56.0,0.2292,0,0,67.13,15.92,73.92,19.68,5.61,0.0,29.9958,0.3247,30.03,2029,H1,Jan-Jun
Fareed Ahmad,Afghanistan,Pace Bowler,34.25,1.0,1,71.0,-0.7562,0,1,40.99,11.38,61.64,13.68,7.26,0.0,22.2281,0.2249,22.19,2029,H1,Jan-Jun
Faridoon Dawoodzai,Afghanistan,Pace Bowler,29.25,1.0,1,58.0,0.215,0,0,65.53,15.51,72.52,21.28,5.77,0.0,30.3267,0.4264,30.29,2029,H1,Jan-Jun
Fazalhaq Farooqi,Afghanistan,Pace Bowler,28.25,1.0,1,88.0,-0.9637,0,1,57.8,12.58,71.62,22.94,5.75,0.0,29.269,0.5322,29.17,2029,H1,Jan-Jun
Gulbadin Naib,Afghanistan,Batting All-Rounder,38.25,0.0,0,61.0,-1.4567,0,1,98.34,25.89,74.84,2.72,6.82,0.0,27.3798,0.0034,26.71,2029,H1,Jan-Jun
Hashmatullah Shahidi,Afghanistan,Middle Order Batter,34.25,1.0,1,115.0,-0.1776,0,0,766.64,44.58,73.34,0.0,0.0,0.0,38.6086,0.9503,38.55,2029,H1,Jan-Jun
Ibrahim Zadran,Afghanistan,Top Order Batter,27.25,1.0,1,93.0,-0.6476,0,1,760.19,55.11,94.11,0.0,0.0,0.0,47.5686,0.9512,47.2,2029,H1,Jan-Jun
Ikram Ali Khil,Afghanistan,Wicketkeeper,27.25,1.0,1,74.0,-0.0275,0,0,476.43,37.98,90.75,0.0,0.0,0.0,35.894,0.1899,35.95,2029,H1,Jan-Jun
Karim Janat,Afghanistan,Bowling All-Rounder,30.25,1.0,1,81.0,-0.1393,0,0,512.12,41.15,90.39,17.0,5.69,0.0,47.3922,0.0153,47.24,2029,H1,Jan-Jun
Khatir Stanikzai,Afghanistan,Middle Order Batter,30.25,1.0,1,64.0,0.3579,0,0,384.12,34.92,82.69,0.0,0.0,0.0,32.7074,0.5145,32.8,2029,H1,Jan-Jun
Mohammad Ishaq,Afghanistan,Wicketkeeper,27.25,1.0,1,59.0,1.0059,1,0,363.88,41.59,86.33,0.0,0.0,0.0,37.1049,0.2779,37.15,2029,H1,Jan-Jun
Mohammad Nabi,Afghanistan,Bowling All-Rounder,44.25,0.0,0,92.0,-2.4656,0,1,54.56,28.37,71.37,2.54,6.76,0.0,28.1918,0.0014,27.86,2029,H1,Jan-Jun
Mohammad Saleem,Afghanistan,Pace Bowler,27.25,1.0,1,53.0,0.6069,1,0,67.88,16.14,71.04,22.02,5.93,0.0,30.8538,0.5271,30.83,2029,H1,Jan-Jun
Mujeeb Ur Rahman,Afghanistan,Spin Bowler,28.25,1.0,1,80.0,-1.4718,0,1,61.25,13.48,76.43,18.09,4.93,0.0,28.2512,0.4476,28.27,2029,H1,Jan-Jun
Munir Ahmad Kakar,Afghanistan,Wicketkeeper,30.25,1.0,1,62.0,0.249,0,0,358.94,35.93,90.04,0.0,0.0,0.0,34.1711,0.1901,34.22,2029,H1,Jan-Jun
Najibullah Zadran,Afghanistan,Wicketkeeper,35.25,0.9375,1,79.0,-0.5949,0,1,305.26,31.53,78.42,0.0,0.0,0.0,29.8561,0.043,29.9,2029,H1,Jan-Jun
Nangeyalia Kharote,Afghanistan,Spin Bowler,25.25,1.0,1,57.0,0.428,0,0,269.49,33.66,91.19,21.76,5.09,0.0,44.7523,0.9647,44.56,2029,H1,Jan-Jun
Naveed Zadran,Afghanistan,Pace Bowler,28.25,1.0,1,64.0,-0.0521,0,0,72.88,12.84,70.8,20.91,5.96,0.0,28.295,0.2567,28.24,2029,H1,Jan-Jun
Naveen-ul-Haq,Afghanistan,Pace Bowler,29.25,1.0,1,83.0,-1.1179,0,1,41.78,11.7,73.99,19.68,5.59,0.0,27.3933,0.4082,27.34,2029,H1,Jan-Jun
Nazifullah Amiri,Afghanistan,Top Order Batter,26.25,1.0,1,53.0,1.1004,1,0,338.83,42.36,94.33,0.0,0.0,0.0,38.5086,0.694,38.55,2029,H1,Jan-Jun
Noor Ahmad,Afghanistan,Spin Bowler,24.25,1.0,1,75.0,-1.0101,0,1,94.63,15.84,83.02,23.39,5.07,0.0,33.2467,0.629,33.2,2029,H1,Jan-Jun
Qais Ahmad,Afghanistan,Spin Bowler,28.25,1.0,1,68.0,-0.6376,0,1,65.57,13.17,70.84,20.11,5.93,0.0,28.0776,0.4709,28.07,2029,H1,Jan-Jun
Rahmanullah Gurbaz,Afghanistan,Wicketkeeper,27.25,1.0,1,102.0,-0.4631,0,0,1037.77,46.7,92.7,0.0,0.0,0.0,43.296,0.9384,43.34,2029,H1,Jan-Jun
Rahmat Shah,Afghanistan,Top Order Batter,36.25,0.375,1,100.0,-0.1939,0,0,450.97,46.79,73.51,0.0,0.0,0.0,38.874,0.0486,38.96,2029,H1,Jan-Jun
Rashid Khan,Afghanistan,Spin Bowler,30.25,1.0,1,102.0,-1.7821,0,1,308.13,29.25,93.71,26.01,4.87,0.0,44.7826,0.9543,44.56,2029,H1,Jan-Jun
Riaz Hassan,Afghanistan,Top Order Batter,29.25,1.0,1,72.0,0.2114,0,0,524.05,40.81,90.19,0.0,0.0,0.0,37.682,0.6846,37.8,2029,H1,Jan-Jun
Rohullah Arab,Afghanistan,Pace Bowler,27.25,1.0,1,55.0,0.3801,0,0,66.41,14.88,72.18,18.69,5.87,0.0,28.5781,0.4129,28.53,2029,H1,Jan-Jun
Sediqullah Atal,Afghanistan,Top Order Batter,27.25,1.0,1,65.0,1.658,1,0,829.89,56.92,94.95,0.0,0.0,0.0,49.0006,0.9723,48.94,2029,H1,Jan-Jun
Shahidullah Kamal,Afghanistan,Middle Order Batter,33.25,1.0,1,97.0,0.212,0,0,655.61,43.7,78.62,0.0,0.0,0.0,38.379,0.925,38.42,2029,H1,Jan-Jun
Sharafuddin Ashraf,Afghanistan,Batting All-Rounder,33.25,1.0,1,75.0,-0.334,0,0,366.6,30.59,74.89,11.26,6.7,0.0,35.4468,0.7466,35.48,2029,H1,Jan-Jun
Wafiullah Tarakhil,Afghanistan,Top Order Batter,25.25,1.0,1,61.0,1.0772,1,0,510.6,46.16,97.99,0.0,0.0,0.0,41.8458,0.6756,41.89,2029,H1,Jan-Jun
Wahidullah Zadran,Afghanistan,Top Order Batter,25.25,1.0,1,54.0,1.6886,1,0,471.3,58.91,106.06,0.0,0.0,0.0,50.3926,0.9325,50.21,2029,H1,Jan-Jun
Zia-Ur-Rehman Abdul Malik,Afghanistan,Spin Bowler,28.25,1.0,1,60.0,0.0277,0,0,96.06,19.23,76.81,25.77,5.35,0.0,35.5938,0.8308,35.54,2029,H1,Jan-Jun
Zubaid Akbari,Afghanistan,Top Order Batter,26.25,1.0,1,68.0,1.0328,1,0,513.7,45.72,94.06,0.0,0.0,0.0,41.0876,0.7123,41.18,2029,H1,Jan-Jun
Aaron Hardie,Australia,Bowling All-Rounder,30.25,1.0,1,117.0,1.0052,1,0,839.1,48.77,100.25,25.75,5.4,0.0,58.8373,0.0267,57.48,2029,H1,Jan-Jun
Adam Zampa,Australia,Spin Bowler,37.25,0.35,1,198.8,-3.3881,0,1,11.98,7.31,58.83,19.06,6.29,0.0,22.2237,0.0265,22.42,2029,H1,Jan-Jun
Alex Carey,Australia,Wicketkeeper,37.25,0.4375,1,167.0,-0.2162,0,0,316.49,33.0,74.44,0.0,0.0,0.0,30.2646,0.0123,30.68,2029,H1,Jan-Jun
Ashton Agar,Australia,Spin Bowler,35.25,0.75,1,138.2,-3.4644,0,1,0.19,5.1,52.56,4.24,6.54,0.0,12.5365,0.0182,12.83,2029,H1,Jan-Jun
Beau Webster,Australia,Bowling All-Rounder,35.25,0.875,1,108.0,0.5936,1,0,705.05,42.1,90.34,26.97,5.88,0.0,53.5867,0.0166,49.95,2029,H1,Jan-Jun
Ben Dwarshuis,Australia,Pace Bowler,34.25,1.0,1,100.0,-1.155,0,1,26.63,11.35,68.53,25.18,7.07,0.0,28.8696,0.3576,28.62,2029,H1,Jan-Jun
Ben Kellaway,Australia,Batting All-Rounder,24.25,1.0,1,57.0,2.9159,1,0,423.5,49.6,121.8,11.47,5.12,0.0,53.5784,0.8349,53.92,2029,H1,Jan-Jun
Ben Manenti,Australia,Bowling All-Rounder,32.25,1.0,1,88.0,-0.8421,0,1,170.02,25.3,81.08,11.55,6.5,0.0,32.5833,0.0089,32.59,2029,H1,Jan-Jun
Billy Stanlake,Australia,Pace Bowler,34.25,0.95,1,78.4,-2.1014,0,1,0.0,0.03,47.09,0.96,7.78,0.0,6.9268,0.008,8.11,2029,H1,Jan-Jun
Brendan Doggett,Australia,Pace Bowler,34.25,1.0,1,89.0,-1.4562,0,1,13.22,7.16,57.37,15.28,6.71,0.0,19.9593,0.1008,19.84,2029,H1,Jan-Jun
Cameron Gannon,Australia,Pace Bowler,38.25,0.0,0,46.0,-1.246,0,1,0.24,0.4,47.55,1.17,8.05,0.0,7.2763,0.0023,8.4,2029,H1,Jan-Jun
Cameron Green,Australia,Batting All-Rounder,30.25,1.0,1,138.0,-0.3193,0,0,563.04,40.85,92.73,17.47,5.67,0.0,47.9296,0.0369,47.89,2029,H1,Jan-Jun
Campbell Kellaway,Australia,Top Order Batter,27.25,1.0,1,77.0,1.0464,1,0,378.2,37.13,90.77,0.0,0.0,0.0,35.0503,0.7302,35.23,2029,H1,Jan-Jun
Cooper Connolly,Australia,Batting All-Rounder,25.25,1.0,1,87.0,1.2337,1,0,691.22,51.77,108.16,17.72,5.03,0.0,57.2222,0.8632,57.34,2029,H1,Jan-Jun
Corey Rocchiccioli,Australia,Spin Bowler,32.25,1.0,1,78.0,-0.9047,0,1,9.88,4.94,61.48,17.32,5.84,0.0,20.3677,0.2446,20.29,2029,H1,Jan-Jun
Fergus O'Neill,Australia,Pace Bowler,28.25,1.0,1,70.0,-0.2598,0,0,14.31,5.78,67.45,17.31,6.29,0.0,21.5406,0.1129,21.32,2029,H1,Jan-Jun
Glenn Maxwell,Australia,Batting All-Rounder,41.25,0.0,0,218.0,-2.3845,0,1,145.73,30.01,88.88,3.49,7.09,0.0,32.1548,0.0027,32.0,2029,H1,Jan-Jun
Harry Nielsen,Australia,Wicketkeeper,33.25,1.0,1,118.0,-0.1674,0,0,325.79,27.73,80.7,0.0,0.0,0.0,27.9409,0.0544,28.52,2029,H1,Jan-Jun
Henry Hunt,Australia,Top Order Batter,31.25,1.0,1,83.0,0.3843,0,0,318.15,39.96,91.26,0.0,0.0,0.0,36.6044,0.6724,36.69,2029,H1,Jan-Jun
Henry Thornton,Australia,Pace Bowler,33.25,1.0,1,88.0,-1.4441,0,1,12.11,6.06,63.61,7.02,7.22,0.0,15.8456,0.0223,16.26,2029,H1,Jan-Jun
Jack Edwards,Australia,Batting All-Rounder,29.25,1.0,1,104.0,0.2612,0,0,388.3,35.6,93.08,11.9,5.69,0.0,41.4178,0.4201,41.31,2029,H1,Jan-Jun
Jake Fraser-McGurk,Australia,Top Order Batter,27.25,1.0,1,90.0,-1.986,0,1,267.84,23.73,93.13,0.0,0.0,0.0,26.9411,0.2241,27.25,2029,H1,Jan-Jun
Jake Lehmann,Australia,Middle Order Batter,36.25,0.375,1,81.0,-0.6477,0,1,81.23,24.39,71.67,0.0,0.0,0.0,23.9403,0.0079,23.88,2029,H1,Jan-Jun
Jake Weatherald,Australia,Top Order Batter,35.25,0.875,1,165.0,-0.4672,0,0,532.77,39.32,79.29,0.0,0.0,0.0,35.418,0.5075,34.19,2029,H1,Jan-Jun
Jason Behrendorff,Australia,Pace Bowler,39.25,0.0,0,129.0,-2.7731,0,1,1.49,9.17,58.7,3.37,7.47,0.0,15.1643,0.0072,15.98,2029,H1,Jan-Jun
Jason Sangha,Australia,Middle Order Batter,30.25,1.0,1,112.0,-0.775,0,1,259.08,27.96,90.12,0.0,0.0,0.0,29.0606,0.199,29.5,2029,H1,Jan-Jun
Jhye Richardson,Australia,Pace Bowler,32.25,1.0,1,112.0,-2.2689,0,1,6.84,6.45,63.49,12.39,6.2,0.0,18.9508,0.0815,18.64,2029,H1,Jan-Jun
Joel Davies,Australia,Middle Order Batter,25.25,1.0,1,48.0,3.3883,1,0,412.04,61.06,126.47,0.0,0.0,0.0,54.1009,0.9658,54.14,2029,H1,Jan-Jun
Jordan Buckingham,Australia,Pace Bowler,28.25,1.0,1,60.0,-0.4146,0,0,18.38,7.3,69.56,16.74,6.19,0.0,22.4726,0.1325,22.29,2029,H1,Jan-Jun
Josh Hazlewood,Australia,Pace Bowler,38.25,0.0,0,143.0,-1.6984,0,1,4.74,8.32,67.81,9.03,6.17,0.0,18.9349,0.0063,18.97,2029,H1,Jan-Jun
Josh Inglis,Australia,Wicketkeeper,34.25,1.0,1,153.0,0.9926,1,0,964.04,42.44,90.38,0.0,0.0,0.0,40.1912,0.8137,40.2,2029,H1,Jan-Jun
Josh Philippe,Australia,Wicketkeeper,32.25,1.0,1,177.0,-0.7511,0,1,537.47,34.44,91.73,0.0,0.0,0.0,34.1065,0.2058,34.13,2029,H1,Jan-Jun
Lance Morris,Australia,Pace Bowler,31.25,1.0,1,67.0,-0.9395,0,1,2.44,2.44,58.28,13.83,6.66,0.0,16.489,0.0571,16.52,2029,H1,Jan-Jun
Liam Hatcher,Australia,Pace Bowler,32.25,1.0,1,87.0,-1.3878,0,1,11.96,4.41,64.67,8.0,6.88,0.0,15.5458,0.0187,15.9,2029,H1,Jan-Jun
Liam Scott,Australia,Batting All-Rounder,28.25,1.0,1,89.0,1.8499,1,0,649.54,41.22,98.38,14.91,5.8,0.0,47.8498,0.7003,47.89,2029,H1,Jan-Jun
Mackenzie Harvey,Australia,Wicketkeeper,28.25,1.0,1,113.0,-0.8342,0,1,214.7,27.52,90.54,0.0,0.0,0.0,28.6987,0.0701,29.21,2029,H1,Jan-Jun
Mahli Beardman,Australia,Pace Bowler,23.25,1.0,1,44.0,0.6828,1,0,15.81,14.16,91.63,10.62,5.48,0.0,26.5152,0.5579,26.28,2029,H1,Jan-Jun
Marcus Stoinis,Australia,Batting All-Rounder,40.25,0.0,0,244.0,-2.0386,0,1,89.24,28.65,82.59,2.69,7.18,0.0,29.9193,0.0024,29.62,2029,H1,Jan-Jun
Marnus Labuschagne,Australia,Middle Order Batter,35.25,0.9167,1,165.3333,-0.7433,0,1,509.05,37.6,77.79,0.0,0.0,0.0,34.1128,0.4429,33.25,2029,H1,Jan-Jun
Matthew Gilkes,Australia,Wicketkeeper,30.25,1.0,1,127.0,-0.5671,0,1,292.15,29.57,83.88,0.0,0.0,0.0,29.3375,0.0586,29.57,2029,H1,Jan-Jun
Matthew Kuhnemann,Australia,Spin Bowler,32.25,1.0,1,90.0,-0.7711,0,1,16.04,10.28,66.67,27.02,5.38,0.0,29.2708,0.8156,28.91,2029,H1,Jan-Jun
Matthew Renshaw,Australia,Top Order Batter,33.25,1.0,1,183.0,-0.7015,0,1,583.17,36.65,85.93,0.06,6.43,0.0,35.6562,0.2932,35.71,2029,H1,Jan-Jun
Matthew Short,Australia,Batting All-Rounder,33.25,1.0,1,170.0,-1.3185,0,1,807.9,41.51,93.42,11.37,6.65,0.0,45.9522,0.7287,45.98,2029,H1,Jan-Jun
Matthew Wade,Australia,Wicketkeeper,41.25,0.0,0,182.0,-1.9889,0,1,0.0,14.04,63.58,0.0,0.0,0.0,16.4169,0.0031,17.19,2029,H1,Jan-Jun
Michael Neser,Australia,Bowling All-Rounder,39.25,0.0,0,128.0,-2.5268,0,1,78.31,23.2,78.05,6.15,6.37,0.0,27.9292,0.0013,27.21,2029,H1,Jan-Jun
Mitchell Marsh,Australia,Bowling All-Rounder,37.25,0.55,1,180.0,-1.1962,0,1,484.01,37.58,87.03,5.54,6.92,0.0,38.6778,0.0184,38.92,2029,H1,Jan-Jun
Mitchell Owen,Australia,Batting All-Rounder,28.25,1.0,1,92.0,1.4973,1,0,647.7,43.52,99.59,9.98,6.39,0.0,46.7552,0.6359,46.61,2029,H1,Jan-Jun
Mitchell Starc,Australia,Pace Bowler,39.25,0.1875,1,198.5,1.947,1,0,4.14,6.84,58.31,34.57,7.13,0.0,29.4932,0.105,28.16,2029,H1,Jan-Jun
Mitchell Stoinis,Australia,Batting All-Rounder,40.25,0.0,0,244.0,-2.0386,0,1,87.18,27.99,80.69,2.63,7.35,0.0,29.2138,0.0022,29.53,2029,H1,Jan-Jun
Nathan Ellis,Australia,Pace Bowler,34.25,0.9583,1,107.6667,-1.9794,0,1,15.03,6.67,62.09,16.77,7.24,0.0,20.9323,0.0905,20.89,2029,H1,Jan-Jun
Nathan Lyon,Australia,Spin Bowler,41.25,0.0,0,82.0,-3.8812,0,1,0.47,4.52,45.39,5.73,6.11,0.0,12.1136,0.007,12.04,2029,H1,Jan-Jun
Nathan McAndrew,Australia,Bowling All-Rounder,34.25,1.0,1,117.0,-0.2638,0,0,288.28,26.9,77.86,21.47,6.73,0.0,38.483,0.0109,38.5,2029,H1,Jan-Jun
Nathan McSweeney,Australia,Middle Order Batter,30.25,1.0,1,101.0,0.3499,0,0,528.8,42.02,87.74,0.0,0.0,0.0,38.1089,0.7232,38.17,2029,H1,Jan-Jun
Nikhil Chaudhary,Australia,Batting All-Rounder,33.25,1.0,1,98.0,1.0003,1,0,595.21,35.95,101.15,13.4,6.46,0.0,43.9442,0.5009,43.96,2029,H1,Jan-Jun
Oliver Peake,Australia,Middle Order Batter,23.25,1.0,1,41.0,2.319,1,0,289.99,45.39,106.41,0.0,0.0,0.0,41.7101,0.8308,41.68,2029,H1,Jan-Jun
Pat Cummins,Australia,Pace Bowler,36.25,0.25,1,159.0,-2.7793,0,1,16.7,10.19,68.42,11.7,6.46,0.0,21.4558,0.0137,21.75,2029,H1,Jan-Jun
Riley Meredith,Australia,Pace Bowler,33.25,1.0,1,94.0,-1.7714,0,1,4.21,3.69,56.8,8.62,7.61,0.0,14.2657,0.0325,15.08,2029,H1,Jan-Jun
Sam Elliott,Australia,Pace Bowler,27.25,1.0,1,51.0,-0.2929,0,0,28.62,10.34,78.14,4.81,5.81,0.0,19.5185,0.1087,19.63,2029,H1,Jan-Jun
Sam Konstas,Australia,Top Order Batter,23.25,1.0,1,61.0,3.4904,1,0,1172.21,55.96,116.81,0.0,0.0,0.0,52.4064,0.9582,52.64,2029,H1,Jan-Jun
Scott Boland,Australia,Pace Bowler,40.25,0.0,0,74.0,-1.8017,0,1,3.48,8.01,58.09,4.48,6.73,0.0,15.0858,0.0087,15.81,2029,H1,Jan-Jun
Sean Abbott,Australia,Bowling All-Rounder,37.25,0.1875,1,190.5,-2.6925,0,1,150.01,25.16,76.21,12.05,7.06,0.0,31.9494,0.0026,29.98,2029,H1,Jan-Jun
Spencer Johnson,Australia,Pace Bowler,33.25,1.0,1,77.0,-0.8558,0,1,17.66,7.77,64.18,17.78,7.39,0.0,22.3532,0.1461,22.18,2029,H1,Jan-Jun
Tanveer Sangha,Australia,Spin Bowler,27.25,1.0,1,83.0,-0.8269,0,1,10.08,7.56,67.25,28.55,5.45,0.0,28.4435,0.6984,27.92,2029,H1,Jan-Jun
Tim David,Australia,Middle Order Batter,33.25,1.0,1,114.0,0.0158,0,0,394.07,32.28,86.45,0.0,0.0,0.0,31.6417,0.4962,31.78,2029,H1,Jan-Jun
Todd Murphy,Australia,Spin Bowler,28.25,1.0,1,58.0,-1.1286,0,1,4.9,9.88,56.71,7.48,5.8,0.0,17.7552,0.4299,17.92,2029,H1,Jan-Jun
Travis Head,Australia,Top Order Batter,35.25,0.9375,1,172.0,-0.1483,0,0,993.81,50.23,100.99,0.0,0.0,0.0,46.327,0.9468,44.68,2029,H1,Jan-Jun
Will Sutherland,Australia,Bowling All-Rounder,29.25,1.0,1,121.0,0.1147,0,0,485.71,41.64,95.85,26.8,5.47,0.0,53.2941,0.0113,52.6,2029,H1,Jan-Jun
Xavier Bartlett,Australia,Pace Bowler,30.25,1.0,1,81.0,-0.6519,0,1,24.98,11.14,76.14,21.72,6.31,0.0,28.1236,0.227,27.95,2029,H1,Jan-Jun
A. G. Saqlain,Bangladesh,Bowling All-Rounder,27.25,1.0,1,44.0,1.5243,1,0,221.18,32.72,155.11,20.06,7.73,0.0,50.7884,0.0243,51.38,2029,H1,Jan-Jun
Abdul Gaffar Saqlain,Bangladesh,Bowling All-Rounder,27.25,1.0,1,44.0,1.5243,1,0,213.39,31.57,149.65,19.35,8.01,0.0,48.9733,0.0194,48.96,2029,H1,Jan-Jun
Afif Hossain,Bangladesh,Batting All-Rounder,29.25,1.0,1,158.0,-2.0747,0,1,205.76,19.53,138.95,7.96,8.69,0.0,34.532,0.0729,34.62,2029,H1,Jan-Jun
Akbar Ali,Bangladesh,Wicketkeeper,28.25,1.0,1,60.0,1.424,1,0,528.15,33.56,149.79,0.0,0.0,0.0,41.0065,0.3696,41.0,2029,H1,Jan-Jun
Amite Hasan,Bangladesh,Middle Order Batter,28.25,1.0,1,57.0,1.6032,1,0,386.86,32.84,146.45,0.0,0.0,0.0,39.6616,0.909,39.7,2029,H1,Jan-Jun
Anamul Haque,Bangladesh,Wicketkeeper,36.25,0.5833,1,157.6667,-1.296,0,1,142.79,19.19,121.53,0.0,0.0,0.0,27.4394,0.0031,28.09,2029,H1,Jan-Jun
Ebadat Hossain,Bangladesh,Pace Bowler,35.25,0.9167,1,68.3333,0.4398,0,0,22.86,11.94,101.27,16.01,9.77,0.0,28.4549,0.0512,28.08,2029,H1,Jan-Jun
Hasan Mahmud,Bangladesh,Pace Bowler,30.25,1.0,1,109.0,-0.667,0,1,95.75,14.18,129.88,42.36,7.8,0.0,47.2198,0.8126,46.96,2029,H1,Jan-Jun
Hasan Murad,Bangladesh,Spin Bowler,27.25,1.0,1,64.0,1.4761,1,0,80.68,18.57,123.39,32.71,7.75,0.0,44.1145,0.9257,43.75,2029,H1,Jan-Jun
Jaker Ali,Bangladesh,Wicketkeeper,31.25,1.0,1,93.0,1.2723,1,0,704.71,37.67,152.24,0.0,0.0,0.0,44.3905,0.6253,44.29,2029,H1,Jan-Jun
Jishan Alam,Bangladesh,Top Order Batter,27.25,1.0,1,57.0,1.6795,1,0,495.0,38.66,158.87,0.0,0.0,0.0,45.1174,0.9446,45.22,2029,H1,Jan-Jun
Khaled Ahmed,Bangladesh,Pace Bowler,36.25,0.7917,1,91.3333,0.4571,0,0,34.03,13.18,99.44,21.76,10.25,0.0,31.8547,0.1087,30.9,2029,H1,Jan-Jun
Litton Das,Bangladesh,Wicketkeeper,34.25,1.0,1,236.0,-0.81,0,1,591.92,30.71,139.21,0.0,0.0,0.0,38.1569,0.3072,38.17,2029,H1,Jan-Jun
Mahedi Hasan,Bangladesh,Batting All-Rounder,34.25,1.0,1,179.0,0.0353,0,0,606.23,29.75,140.28,33.24,8.83,0.0,54.9163,0.7417,53.99,2029,H1,Jan-Jun
Mahidul Islam Ankon,Bangladesh,Wicketkeeper,28.25,1.0,1,71.0,1.7718,1,0,442.42,35.72,141.63,0.0,0.0,0.0,40.9595,0.402,40.9,2029,H1,Jan-Jun
Mahmudul Hasan Joy,Bangladesh,Middle Order Batter,28.25,1.0,1,98.0,0.2224,0,0,435.95,30.06,139.69,0.0,0.0,0.0,37.2945,0.8001,37.42,2029,H1,Jan-Jun
Mahmudullah,Bangladesh,Batting All-Rounder,43.25,0.0,0,250.0,-5.119,0,1,0.0,18.52,128.24,0.0,9.55,0.0,27.7459,0.003,27.68,2029,H1,Jan-Jun
Mehidy Hasan Miraz,Bangladesh,Bowling All-Rounder,31.25,1.0,1,194.0,-0.4125,0,0,665.58,34.74,146.9,40.91,7.32,0.0,63.0301,0.0705,57.25,2029,H1,Jan-Jun
Mohammad Naim,Bangladesh,Middle Order Batter,29.25,1.0,1,134.0,-1.1598,0,1,284.49,23.21,133.14,0.0,0.0,0.0,31.8269,0.3752,31.94,2029,H1,Jan-Jun
Mohammad Saifuddin,Bangladesh,Bowling All-Rounder,32.25,1.0,1,137.0,-0.5889,0,1,372.54,22.66,133.1,31.13,9.21,0.0,47.8385,0.0188,47.79,2029,H1,Jan-Jun
Mominul Haque,Bangladesh,Top Order Batter,37.25,0.4375,1,109.0,-0.4437,0,0,119.61,20.51,105.92,0.0,0.0,0.0,26.1459,0.016,26.02,2029,H1,Jan-Jun
Mosaddek Hossain,Bangladesh,Batting All-Rounder,33.25,1.0,1,163.0,-1.0736,0,1,355.96,24.12,133.11,13.78,8.61,0.0,39.9884,0.3192,39.92,2029,H1,Jan-Jun
Musfik Hasan,Bangladesh,Pace Bowler,25.25,1.0,1,50.0,1.3273,1,0,50.86,15.21,134.94,28.99,7.29,0.0,41.6803,0.7654,41.47,2029,H1,Jan-Jun
Mushfiqur Rahim,Bangladesh,Wicketkeeper,42.25,0.0,0,190.0,-1.6022,0,1,20.19,20.74,107.18,0.0,0.0,0.0,26.105,0.0022,25.9,2029,H1,Jan-Jun
Mustafizur Rahman,Bangladesh,Pace Bowler,33.25,1.0,1,231.0,-1.4401,0,1,49.81,11.19,99.69,38.12,9.12,0.0,39.0923,0.6943,38.89,2029,H1,Jan-Jun
Nahid Rana,Bangladesh,Pace Bowler,26.25,1.0,1,90.0,0.6137,1,0,48.18,13.51,124.11,47.08,7.63,0.0,48.3157,0.8523,47.95,2029,H1,Jan-Jun
Najmul Hossain Apu,Bangladesh,Spin Bowler,30.25,1.0,1,53.0,1.293,1,0,63.82,14.47,121.42,27.46,7.86,0.0,38.6858,0.8145,38.67,2029,H1,Jan-Jun
Najmul Hossain Shanto,Bangladesh,Middle Order Batter,30.25,1.0,1,144.0,-0.2388,0,0,657.2,34.18,136.3,0.0,0.0,0.0,40.0872,0.9045,40.2,2029,H1,Jan-Jun
Nasum Ahmed,Bangladesh,Spin Bowler,35.25,0.875,1,161.0,-1.324,0,1,41.17,10.06,90.76,28.17,8.75,0.0,32.2684,0.2528,30.79,2029,H1,Jan-Jun
Nasum Ahmed Jr,Bangladesh,Spin Bowler,24.25,1.0,1,45.0,1.0085,1,0,63.77,13.19,128.31,24.44,7.39,0.0,37.354,0.6904,37.26,2029,H1,Jan-Jun
Nayeem Hasan,Bangladesh,Spin Bowler,28.25,1.0,1,77.0,-0.6,0,1,58.17,14.51,113.93,25.46,7.39,0.0,36.7924,0.7374,36.69,2029,H1,Jan-Jun
Nurul Hasan,Bangladesh,Wicketkeeper,36.25,0.6875,1,165.5,0.0764,0,0,313.36,24.42,125.41,0.0,0.0,0.0,31.6581,0.038,32.21,2029,H1,Jan-Jun
Parvez Hossain Emon,Bangladesh,Wicketkeeper,27.25,1.0,1,91.0,1.3541,1,0,788.92,40.89,148.64,0.0,0.0,0.0,46.1471,0.8621,45.98,2029,H1,Jan-Jun
Pritom Kumar,Bangladesh,Wicketkeeper,25.25,1.0,1,54.0,1.8842,1,0,475.52,36.87,141.27,0.0,0.0,0.0,41.7162,0.4835,41.68,2029,H1,Jan-Jun
Rejaur Rahman Raja,Bangladesh,Pace Bowler,28.25,1.0,1,59.0,1.2786,1,0,65.24,14.83,124.06,30.71,7.92,0.0,40.8738,0.7324,40.74,2029,H1,Jan-Jun
Ripon Mondol,Bangladesh,Pace Bowler,26.25,1.0,1,55.0,1.2736,1,0,51.4,15.04,123.85,31.62,7.95,0.0,41.3793,0.7405,41.17,2029,H1,Jan-Jun
Rishad Hossain,Bangladesh,Spin Bowler,26.25,1.0,1,117.0,1.8401,1,0,713.06,37.55,151.86,48.63,7.33,0.0,69.4006,0.9887,57.47,2029,H1,Jan-Jun
Saif Hassan,Bangladesh,Top Order Batter,30.25,1.0,1,108.0,1.1672,1,0,624.76,31.37,143.91,0.0,0.0,0.0,39.269,0.8254,39.21,2029,H1,Jan-Jun
Shadman Islam,Bangladesh,Top Order Batter,33.25,1.0,1,90.0,0.6824,1,0,356.39,29.91,121.79,0.0,0.0,0.0,34.6321,0.6892,34.68,2029,H1,Jan-Jun
Shahadat Hossain,Bangladesh,Top Order Batter,27.25,1.0,1,63.0,1.697,1,0,411.86,35.55,141.4,0.0,0.0,0.0,40.7233,0.9153,40.71,2029,H1,Jan-Jun
Shakib Al Hasan,Bangladesh,Batting All-Rounder,42.25,0.0,0,310.0,-8.1687,0,1,0.0,18.24,127.56,0.0,8.84,0.0,27.5647,0.0013,27.56,2029,H1,Jan-Jun
Shamim Hossain,Bangladesh,Batting All-Rounder,28.25,1.0,1,102.0,1.7462,1,0,690.82,37.85,144.35,18.41,8.46,0.0,53.1616,0.8956,52.63,2029,H1,Jan-Jun
Shoriful Islam,Bangladesh,Pace Bowler,28.25,1.0,1,130.0,-1.0289,0,1,78.47,15.66,126.55,38.01,7.81,0.0,45.4283,0.7822,45.26,2029,H1,Jan-Jun
Soumya Sarkar,Bangladesh,Batting All-Rounder,36.25,0.25,1,186.0,-1.854,0,1,148.47,20.65,129.61,5.29,9.36,0.0,32.3902,0.0022,31.91,2029,H1,Jan-Jun
Taijul Islam,Bangladesh,Spin Bowler,37.25,0.35,1,111.8,-3.1901,0,1,15.65,8.55,80.46,8.6,8.83,0.0,20.0886,0.0054,20.3,2029,H1,Jan-Jun
Tanvir Islam,Bangladesh,Spin Bowler,32.25,1.0,1,98.0,0.2649,0,0,76.45,15.25,110.71,43.28,7.69,0.0,45.8117,0.9336,45.75,2029,H1,Jan-Jun
Tanzid Hasan,Bangladesh,Top Order Batter,28.25,1.0,1,108.0,0.865,1,0,806.97,37.79,147.25,0.0,0.0,0.0,44.1717,0.9356,44.18,2029,H1,Jan-Jun
Tanzim Hasan Sakib,Bangladesh,Pace Bowler,26.25,1.0,1,100.0,0.2146,0,0,115.87,22.11,146.08,37.84,8.0,0.0,51.8205,0.9456,51.14,2029,H1,Jan-Jun
Taskin Ahmed,Bangladesh,Pace Bowler,34.25,1.0,1,174.0,-0.8099,0,1,60.34,11.01,100.15,36.32,9.62,0.0,38.1229,0.5574,38.01,2029,H1,Jan-Jun
Towhid Hridoy,Bangladesh,Top Order Batter,28.25,1.0,1,131.0,1.2181,1,0,959.29,37.48,145.61,2.12,8.44,0.0,45.8211,0.6945,45.98,2029,H1,Jan-Jun
Yasir Ali Chowdhury,Bangladesh,Middle Order Batter,33.25,1.0,1,109.0,0.2857,0,0,361.22,24.9,120.37,0.0,0.0,0.0,31.4624,0.4886,31.52,2029,H1,Jan-Jun
Zakir Hasan,Bangladesh,Middle Order Batter,31.25,1.0,1,87.0,0.2371,0,0,395.22,27.76,133.9,0.0,0.0,0.0,35.032,0.7321,35.11,2029,H1,Jan-Jun
Adil Rashid,England,Spin Bowler,41.25,0.0,0,337.0,-3.2729,0,1,12.3,7.99,61.97,7.21,6.11,0.0,17.1101,0.0124,17.43,2029,H1,Jan-Jun
Alex Horton,England,Wicketkeeper,26.25,1.0,1,48.0,1.2558,1,0,441.81,36.94,100.68,0.0,0.0,0.0,36.4276,0.2565,36.5,2029,H1,Jan-Jun
Archie Vaughan,England,Batting All-Rounder,24.25,1.0,1,56.0,1.7508,1,0,552.21,41.99,102.43,17.99,5.03,0.0,50.2818,0.7405,50.21,2029,H1,Jan-Jun
Ben Duckett,England,Top Order Batter,34.25,1.0,1,204.0,0.0879,0,0,961.96,37.58,88.7,0.0,0.0,0.0,37.0542,0.883,37.15,2029,H1,Jan-Jun
Ben Foakes,England,Wicketkeeper,36.25,0.75,1,145.2,0.0596,0,0,301.54,27.87,69.31,0.0,0.0,0.0,26.4784,0.1031,26.27,2029,H1,Jan-Jun
Ben Geddes,England,Top Order Batter,27.25,1.0,1,70.0,1.3094,1,0,645.46,37.75,95.79,0.0,0.0,0.0,36.9827,0.6474,37.08,2029,H1,Jan-Jun
Ben McKinney,England,Top Order Batter,24.25,1.0,1,57.0,1.368,1,0,561.8,41.86,102.35,0.0,0.0,0.0,40.0032,0.7647,39.96,2029,H1,Jan-Jun
Brydon Carse,England,Pace Bowler,34.25,1.0,1,117.0,-1.1245,0,1,201.76,21.93,82.76,46.7,6.4,0.0,48.6083,0.8568,48.52,2029,H1,Jan-Jun
Chris Jordan,England,Pace Bowler,40.25,0.0,0,314.0,-1.6142,0,1,85.35,16.87,75.34,9.1,7.73,0.0,25.0519,0.0066,24.94,2029,H1,Jan-Jun
Chris Woakes,England,Bowling All-Rounder,40.25,0.0,0,191.0,-2.9738,0,1,43.32,25.21,76.87,4.36,6.47,0.0,27.9401,0.0027,27.27,2029,H1,Jan-Jun
Dan Lawrence,England,Batting All-Rounder,32.25,1.0,1,164.0,-0.2645,0,0,737.8,36.69,82.96,6.59,6.04,0.0,39.205,0.36,39.24,2029,H1,Jan-Jun
Dan Mousley,England,Batting All-Rounder,28.25,1.0,1,117.0,1.04,1,0,843.34,37.12,90.47,22.12,5.79,0.0,48.6724,0.8063,48.63,2029,H1,Jan-Jun
Emilio Gay,England,Top Order Batter,32.25,1.0,1,117.0,0.1781,0,0,733.52,38.68,87.18,0.0,0.0,0.0,36.7358,0.7631,36.8,2029,H1,Jan-Jun
Farhan Ahmed,England,Spin Bowler,22.25,1.0,1,49.0,1.4017,1,0,98.21,16.57,86.29,34.54,5.19,0.0,39.6911,0.9278,39.54,2029,H1,Jan-Jun
George Bell,England,Wicketkeeper,26.25,1.0,1,68.0,1.1959,1,0,553.78,35.05,92.32,0.0,0.0,0.0,34.6039,0.2369,34.68,2029,H1,Jan-Jun
George Hill,England,Batting All-Rounder,30.25,1.0,1,98.0,1.1122,1,0,705.66,34.98,91.36,22.75,5.63,0.0,47.3924,0.7708,47.23,2029,H1,Jan-Jun
George Thomas,England,Top Order Batter,27.25,1.0,1,77.0,0.8743,1,0,710.4,36.48,98.49,0.0,0.0,0.0,36.7906,0.7546,36.85,2029,H1,Jan-Jun
Gus Atkinson,England,Pace Bowler,31.25,1.0,1,112.0,-0.8209,0,1,118.14,17.59,87.6,49.3,5.76,0.0,47.8037,0.7859,47.65,2029,H1,Jan-Jun
Harry Brook,England,Middle Order Batter,30.25,1.0,1,168.0,0.8266,1,0,1257.84,51.04,101.86,1.2,5.43,0.0,49.4687,0.9646,49.54,2029,H1,Jan-Jun
Henry Crocombe,England,Pace Bowler,27.25,1.0,1,60.0,0.7751,1,0,66.61,13.31,84.42,34.96,5.23,0.0,37.5865,0.6637,37.48,2029,H1,Jan-Jun
Jack Carson,England,Spin Bowler,28.25,1.0,1,72.0,0.4887,0,0,106.94,17.08,83.75,39.14,4.94,0.0,42.1028,0.9128,42.05,2029,H1,Jan-Jun
Jack Haynes,England,Top Order Batter,28.25,1.0,1,114.0,0.44,0,0,774.06,34.24,92.44,0.0,0.0,0.0,34.8884,0.7249,35.05,2029,H1,Jan-Jun
Jack Leach,England,Spin Bowler,38.25,0.0,0,127.0,-3.6338,0,1,2.7,10.54,64.21,1.18,6.08,0.0,15.8647,0.0072,16.7,2029,H1,Jan-Jun
Jacob Bethell,England,Batting All-Rounder,25.25,1.0,1,108.0,1.6991,1,0,1065.6,51.15,100.92,23.41,5.51,0.0,59.9155,0.9658,57.48,2029,H1,Jan-Jun
James Anderson,England,Pace Bowler,47.25,0.0,0,44.0,-0.2853,0,0,0.0,0.0,0.0,0.0,8.12,0.0,0.3278,0.0022,0.8,2029,H1,Jan-Jun
James Coles,England,Batting All-Rounder,25.25,1.0,1,64.0,1.8564,1,0,559.59,35.78,96.18,21.4,5.44,0.0,47.3658,0.7005,47.23,2029,H1,Jan-Jun
James Rew,England,Wicketkeeper,25.25,1.0,1,81.0,1.2263,1,0,909.23,49.28,103.57,0.0,0.0,0.0,45.7991,0.397,45.98,2029,H1,Jan-Jun
Jamie Overton,England,Bowling All-Rounder,35.25,0.875,1,163.0,-0.8046,0,1,460.83,27.71,83.43,35.38,6.36,0.0,47.356,0.0418,44.21,2029,H1,Jan-Jun
Jamie Smith,England,Wicketkeeper,28.25,1.0,1,104.0,1.3645,1,0,943.11,53.1,102.74,0.0,0.0,0.0,48.099,0.8153,47.85,2029,H1,Jan-Jun
Joe Root,England,Top Order Batter,38.25,0.0,0,275.0,-1.2134,0,1,245.63,38.46,76.38,0.68,5.88,0.0,34.7983,0.0139,35.2,2029,H1,Jan-Jun
Jofra Archer,England,Pace Bowler,34.25,1.0,1,135.0,-0.8589,0,1,83.95,16.01,78.65,35.05,6.15,0.0,38.3167,0.6865,38.13,2029,H1,Jan-Jun
Jonny Bairstow,England,Wicketkeeper,40.25,0.0,0,211.0,-1.2164,0,1,130.88,29.44,84.63,0.0,0.0,0.0,28.8034,0.0061,29.81,2029,H1,Jan-Jun
Jordan Cox,England,Wicketkeeper,28.25,1.0,1,122.0,1.3002,1,0,1077.25,46.54,96.06,0.0,0.0,0.0,43.7671,0.8659,43.62,2029,H1,Jan-Jun
Jos Buttler,England,Wicketkeeper,38.25,0.0,0,270.0,-0.9306,0,1,220.23,34.96,83.38,0.0,0.0,0.0,32.2585,0.0084,32.56,2029,H1,Jan-Jun
Josh Hull,England,Pace Bowler,25.25,1.0,1,61.0,1.1943,1,0,74.19,16.59,92.17,42.07,4.94,0.0,44.254,0.6763,44.06,2029,H1,Jan-Jun
Josh Tongue,England,Pace Bowler,31.25,1.0,1,84.0,-0.0176,0,0,66.76,22.13,84.67,27.38,5.45,0.0,39.0225,0.5898,38.89,2029,H1,Jan-Jun
Liam Dawson,England,Bowling All-Rounder,39.25,0.0,0,251.0,-2.6943,0,1,161.62,28.49,74.85,7.51,6.16,0.0,31.7072,0.0051,30.92,2029,H1,Jan-Jun
Liam Livingstone,England,Batting All-Rounder,36.25,0.5833,1,161.6667,-1.0399,0,1,528.66,34.46,87.49,15.7,6.49,0.0,42.2196,0.0296,40.6,2029,H1,Jan-Jun
Luc Benkenstein,England,Batting All-Rounder,24.25,1.0,1,54.0,2.0211,1,0,525.53,41.03,104.27,20.92,4.93,0.0,51.3622,0.6897,51.39,2029,H1,Jan-Jun
Luke Wood,England,Pace Bowler,33.25,1.0,1,175.0,-0.7712,0,1,97.89,14.0,78.37,38.44,6.76,0.0,38.7011,0.7112,38.67,2029,H1,Jan-Jun
Mark Wood,England,Pace Bowler,39.25,0.0,0,107.0,-1.1578,0,1,8.8,10.82,73.47,7.12,6.88,0.0,20.0657,0.013,20.23,2029,H1,Jan-Jun
Matthew Fisher,England,Pace Bowler,32.25,1.0,1,95.0,-0.2388,0,0,81.53,20.27,82.36,31.13,5.79,0.0,39.4545,0.6939,39.38,2029,H1,Jan-Jun
Matthew Potts,England,Pace Bowler,30.25,1.0,1,108.0,-0.6259,0,1,155.38,23.2,83.85,38.44,5.71,0.0,45.3579,0.7753,45.17,2029,H1,Jan-Jun
Ollie Pope,England,Top Order Batter,31.25,1.0,1,144.0,-0.3341,0,0,643.47,39.93,90.15,0.0,5.61,0.0,38.5417,0.5148,38.55,2029,H1,Jan-Jun
Ollie Robinson,England,Pace Bowler,30.25,1.0,1,89.0,-0.1986,0,0,89.01,22.22,87.13,33.5,5.25,0.0,42.6121,0.6514,42.35,2029,H1,Jan-Jun
Olly Stone,England,Pace Bowler,35.25,0.875,1,101.0,-0.4774,0,0,54.94,21.31,74.66,26.57,6.51,0.0,36.5331,0.2439,35.07,2029,H1,Jan-Jun
Phil Salt,England,Wicketkeeper,33.25,1.0,1,154.0,-0.474,0,0,916.61,43.17,97.9,0.0,0.0,0.0,41.4325,0.583,41.38,2029,H1,Jan-Jun
Reece Topley,England,Pace Bowler,35.25,0.875,1,141.0,-0.389,0,0,64.55,18.82,74.51,32.09,6.86,0.0,37.7643,0.4558,36.11,2029,H1,Jan-Jun
Rehan Ahmed,England,Spin Bowler,24.25,1.0,1,108.0,0.4494,0,0,601.97,36.05,104.78,52.19,4.7,0.0,64.5371,0.9441,57.35,2029,H1,Jan-Jun
Rocky Flintoff,England,Middle Order Batter,23.25,1.0,1,49.0,1.6829,1,0,498.21,45.64,107.66,0.0,0.0,0.0,42.734,0.9044,42.78,2029,H1,Jan-Jun
Sam Cook,England,Pace Bowler,31.25,1.0,1,108.0,-0.3005,0,0,82.8,20.71,87.12,40.79,5.22,0.0,45.3647,0.7308,45.26,2029,H1,Jan-Jun
Sam Curran,England,Bowling All-Rounder,31.25,1.0,1,180.0,-0.8161,0,1,687.08,33.22,87.07,36.69,5.88,0.0,52.6753,0.8661,52.48,2029,H1,Jan-Jun
Saqib Mahmood,England,Pace Bowler,32.25,1.0,1,115.0,0.1678,0,0,80.7,20.12,82.11,39.28,5.78,0.0,43.4361,0.7691,43.12,2029,H1,Jan-Jun
Shoaib Bashir,England,Spin Bowler,25.25,1.0,1,79.0,-0.7253,0,1,74.34,13.03,77.9,31.95,5.0,0.0,35.1692,0.7636,35.17,2029,H1,Jan-Jun
Sonny Baker,England,Pace Bowler,24.25,1.0,1,69.0,1.3198,1,0,86.83,19.69,95.54,45.77,4.84,0.0,48.4889,0.9156,48.35,2029,H1,Jan-Jun
Tom Banton,England,Top Order Batter,31.25,1.0,1,165.0,0.4016,0,0,925.78,38.75,95.49,0.0,0.0,0.0,38.5042,0.5671,38.55,2029,H1,Jan-Jun
Tom Hartley,England,Spin Bowler,30.25,1.0,1,87.0,-2.6063,0,1,66.85,13.68,80.74,16.59,5.72,0.0,27.9418,0.5203,27.97,2029,H1,Jan-Jun
Tom Rew,England,Wicketkeeper,24.25,1.0,1,53.0,1.386,1,0,481.03,42.27,105.78,0.0,0.0,0.0,40.413,0.4215,40.44,2029,H1,Jan-Jun
Will Jacks,England,Batting All-Rounder,30.25,1.0,1,129.0,-0.1446,0,0,753.54,36.89,94.86,12.18,5.99,0.0,43.7348,0.6348,43.61,2029,H1,Jan-Jun
Zak Crawley,England,Top Order Batter,31.25,1.0,1,129.0,-0.0777,0,0,604.36,33.17,89.89,0.0,0.0,0.0,33.3378,0.4617,33.45,2029,H1,Jan-Jun
Abhishek Sharma,India,Top Order Batter,29.25,1.0,1,96.0,1.1705,1,0,905.11,49.81,106.99,14.65,6.03,0.0,54.7931,0.5957,54.16,2029,H1,Jan-Jun
Akash Deep,India,Pace Bowler,32.25,1.0,1,74.0,-0.2158,0,0,79.04,14.14,77.96,21.78,5.55,0.0,30.5628,0.2263,30.49,2029,H1,Jan-Jun
Akshat Raghuwanshi,India,Top Order Batter,24.25,1.0,1,54.0,1.1828,1,0,421.79,43.77,100.61,0.0,0.0,0.0,40.4451,0.7176,40.44,2029,H1,Jan-Jun
Aman Mokhade,India,Middle Order Batter,27.25,1.0,1,84.0,0.2971,0,0,550.53,41.77,98.62,0.0,0.0,0.0,39.4314,0.6579,39.55,2029,H1,Jan-Jun
Angkrish Raghuwanshi,India,Wicketkeeper,24.25,1.0,1,62.0,2.6714,1,0,668.65,64.99,119.43,0.0,0.0,0.0,56.4319,0.8431,57.0,2029,H1,Jan-Jun
Anshul Kamboj,India,Pace Bowler,28.25,1.0,1,80.0,-1.2672,0,1,42.57,10.19,75.49,18.28,5.57,0.0,25.9841,0.1662,26.09,2029,H1,Jan-Jun
Arshdeep Singh,India,Pace Bowler,30.25,1.0,1,121.0,-1.2114,0,1,49.22,10.05,66.77,29.08,5.1,0.0,30.3867,0.3026,30.5,2029,H1,Jan-Jun
Ashok Sharma,India,Pace Bowler,28.25,1.0,1,65.0,0.448,0,0,34.0,17.0,71.85,22.26,5.88,0.0,31.4909,0.4359,31.51,2029,H1,Jan-Jun
Atharva Taide,India,Top Order Batter,27.25,1.0,1,81.0,0.2251,0,0,545.37,40.38,94.12,0.0,0.0,0.0,38.0021,0.5156,37.99,2029,H1,Jan-Jun
Auqib Nabi,India,Bowling All-Rounder,28.25,1.0,1,57.0,0.755,1,0,394.25,37.64,88.26,24.19,5.93,0.0,48.168,0.0211,48.22,2029,H1,Jan-Jun
Avesh Khan,India,Pace Bowler,32.25,1.0,1,110.0,-1.5949,0,1,29.04,13.07,65.01,17.73,6.08,0.0,25.9084,0.2057,25.81,2029,H1,Jan-Jun
Axar Patel,India,Bowling All-Rounder,35.25,0.95,1,194.4,-0.7269,0,1,537.93,37.62,80.38,15.68,5.96,0.0,43.3432,0.0239,42.32,2029,H1,Jan-Jun
Ayush Mhatre,India,Top Order Batter,22.25,1.0,1,56.0,2.9733,1,0,573.48,54.45,110.53,12.13,4.78,0.0,56.007,0.9221,56.95,2029,H1,Jan-Jun
Brijesh Sharma,India,Pace Bowler,27.25,1.0,1,84.0,0.6321,1,0,37.57,50.29,44.61,22.1,6.26,0.0,47.7917,0.9833,47.58,2029,H1,Jan-Jun
Devdutt Padikkal,India,Top Order Batter,29.25,1.0,1,93.0,0.039,0,0,504.97,39.29,89.81,0.0,0.0,0.0,36.6564,0.4386,36.69,2029,H1,Jan-Jun
Dhruv Jurel,India,Wicketkeeper,28.25,1.0,1,68.0,0.8529,1,0,438.29,46.49,103.11,0.0,0.0,0.0,42.4537,0.3276,42.49,2029,H1,Jan-Jun
Digvesh Rathi,India,Spin Bowler,29.25,1.0,1,62.0,0.3626,0,0,96.62,16.11,76.8,28.67,5.32,0.0,35.1933,0.8783,35.18,2029,H1,Jan-Jun
Gurnoor Brar,India,Pace Bowler,28.25,1.0,1,57.0,0.1687,0,0,47.87,13.28,70.53,22.23,5.59,0.0,29.201,0.2652,29.15,2029,H1,Jan-Jun
Hardik Pandya,India,Batting All-Rounder,35.25,0.9375,1,199.0,-1.4176,0,1,472.0,38.91,85.66,8.99,6.42,0.0,41.0945,0.1686,40.14,2029,H1,Jan-Jun
Harsh Dubey,India,Bowling All-Rounder,27.25,1.0,1,74.0,0.7898,1,0,525.77,41.23,89.7,30.07,5.69,0.0,53.9797,0.0162,54.08,2029,H1,Jan-Jun
Harshit Rana,India,Pace Bowler,26.25,1.0,1,72.0,-0.1021,0,0,40.72,10.85,77.06,25.1,5.49,0.0,30.0324,0.2605,30.06,2029,H1,Jan-Jun
Ishan Kishan,India,Wicketkeeper,31.25,1.0,1,151.0,0.1316,0,0,644.28,42.98,93.6,0.0,0.0,0.0,39.8331,0.5174,39.89,2029,H1,Jan-Jun
Jasprit Bumrah,India,Pace Bowler,35.25,1.0,1,181.0,1.893,1,0,21.04,9.02,54.01,79.66,5.61,0.0,53.3456,0.9841,52.55,2029,H1,Jan-Jun
Jitesh Sharma,India,Wicketkeeper,35.25,0.9583,1,106.6667,0.2796,0,0,452.66,34.07,84.93,0.0,0.0,0.0,32.7204,0.2006,32.25,2029,H1,Jan-Jun
KL Rahul,India,Wicketkeeper,37.25,0.55,1,169.0,-0.8516,0,1,336.93,39.12,84.59,0.0,0.0,0.0,35.3081,0.02,36.09,2029,H1,Jan-Jun
KS Bharat,India,Wicketkeeper,35.25,0.875,1,64.0,0.1394,0,0,209.3,31.83,76.81,0.0,0.0,0.0,29.5003,0.0601,29.64,2029,H1,Jan-Jun
Kartik Sharma,India,Wicketkeeper,24.25,1.0,1,58.0,1.3296,1,0,467.74,47.29,111.98,0.0,0.0,0.0,44.1739,0.3635,44.18,2029,H1,Jan-Jun
Karun Nair,India,Top Order Batter,37.25,0.4375,1,93.0,-0.4225,0,0,259.08,39.66,79.07,0.0,0.0,0.0,34.6559,0.0188,35.34,2029,H1,Jan-Jun
Khaleel Ahmed,India,Pace Bowler,31.25,1.0,1,101.0,-1.1822,0,1,38.16,17.14,75.89,25.67,5.32,0.0,33.983,0.6086,33.93,2029,H1,Jan-Jun
Kuldeep Yadav,India,Spin Bowler,34.25,0.875,1,167.0,-1.7942,0,1,54.65,11.01,67.05,20.67,5.01,0.0,26.8131,0.3161,26.22,2029,H1,Jan-Jun
Kumar Kushagra,India,Wicketkeeper,24.25,1.0,1,64.0,0.9844,1,0,568.98,54.65,108.2,0.0,0.0,0.0,48.448,0.3903,48.59,2029,H1,Jan-Jun
Manav Suthar,India,Spin Bowler,27.25,1.0,1,64.0,0.2155,0,0,183.1,25.74,82.95,29.96,4.96,0.0,42.8235,0.9589,42.74,2029,H1,Jan-Jun
Mangesh Yadav,India,Pace Bowler,26.25,1.0,1,69.0,0.277,0,0,77.14,17.87,81.58,28.16,5.29,0.0,36.5485,0.764,36.4,2029,H1,Jan-Jun
Mayank Yadav,India,Pace Bowler,27.25,1.0,1,57.0,0.0713,0,0,21.38,9.7,67.45,20.07,5.53,0.0,25.4975,0.1609,25.34,2029,H1,Jan-Jun
Mohammed Shami,India,Pace Bowler,39.25,0.0,0,160.0,-1.4329,0,1,1.94,5.16,57.39,10.4,6.25,0.0,16.3634,0.0067,16.68,2029,H1,Jan-Jun
Mohammed Siraj,India,Pace Bowler,35.25,0.75,1,184.2,-2.0001,0,1,21.31,8.22,59.29,20.79,5.84,0.0,23.8394,0.1067,23.94,2029,H1,Jan-Jun
Mukesh Kumar,India,Pace Bowler,35.25,0.875,1,94.0,-1.2457,0,1,15.43,12.97,59.99,16.15,6.43,0.0,24.2823,0.1254,23.6,2029,H1,Jan-Jun
Nithish Kumar Reddy,India,Batting All-Rounder,26.25,1.0,1,61.0,1.8849,1,0,528.5,44.01,103.25,18.73,5.21,0.0,51.8292,0.7069,51.39,2029,H1,Jan-Jun
Prabhsimran Singh,India,Wicketkeeper,29.25,1.0,1,101.0,0.8032,1,0,653.1,43.44,97.85,0.0,0.0,0.0,40.6852,0.4312,40.71,2029,H1,Jan-Jun
Prashant Veer,India,Batting All-Rounder,27.25,1.0,1,60.0,2.0276,1,0,517.33,50.27,109.43,16.22,5.63,0.0,54.9482,0.7214,54.08,2029,H1,Jan-Jun
Prasidh Krishna,India,Pace Bowler,33.25,1.0,1,116.0,-1.619,0,1,13.16,4.38,58.03,23.86,5.73,0.0,22.9221,0.1629,22.56,2029,H1,Jan-Jun
Prince Yadav,India,Pace Bowler,28.25,1.0,1,69.0,0.0246,0,0,36.9,11.36,68.29,25.43,6.01,0.0,29.2256,0.2904,29.13,2029,H1,Jan-Jun
Priyansh Arya,India,Top Order Batter,28.25,1.0,1,74.0,3.2305,1,0,1008.37,55.93,108.62,0.0,0.0,0.0,50.7748,0.8571,51.4,2029,H1,Jan-Jun
Rajat Patidar,India,Middle Order Batter,35.25,0.875,1,74.0,-0.1297,0,0,383.48,35.68,86.47,0.0,0.0,0.0,33.6466,0.1314,33.26,2029,H1,Jan-Jun
Ramandeep Singh,India,Batting All-Rounder,32.25,1.0,1,80.0,1.1133,1,0,482.53,43.18,97.38,18.19,6.59,0.0,49.7938,0.7099,49.59,2029,H1,Jan-Jun
Ravi Ashwin,India,Spin Bowler,42.25,0.0,0,190.0,-3.261,0,1,1.83,9.04,61.97,2.31,5.57,0.0,15.3762,0.0096,16.15,2029,H1,Jan-Jun
Ravi Bishnoi,India,Spin Bowler,29.25,1.0,1,116.0,-0.2805,0,0,62.74,15.69,72.83,29.79,5.26,0.0,34.8982,0.8171,34.89,2029,H1,Jan-Jun
Ravindra Jadeja,India,Bowling All-Rounder,40.25,0.0,0,210.0,-1.4028,0,1,102.1,32.2,77.72,4.26,5.84,0.0,32.5383,0.0032,31.98,2029,H1,Jan-Jun
Rinku Singh,India,Middle Order Batter,32.25,1.0,1,116.0,1.0572,1,0,584.78,43.07,100.37,0.0,0.0,0.0,40.553,0.8016,40.58,2029,H1,Jan-Jun
Rishabh Pant,India,Wicketkeeper,31.25,1.0,1,131.0,-0.3609,0,0,593.67,46.98,102.53,0.0,0.0,0.0,43.2053,0.3189,43.34,2029,H1,Jan-Jun
Riyan Parag,India,Batting All-Rounder,27.25,1.0,1,121.0,1.0461,1,0,844.23,47.3,107.6,19.51,5.79,0.0,55.6658,0.8962,54.16,2029,H1,Jan-Jun
Rohit Sharma,India,Top Order Batter,42.25,0.0,0,275.0,-1.4563,0,1,74.09,34.57,73.32,0.0,0.0,0.0,30.2315,0.0199,30.47,2029,H1,Jan-Jun
Ruturaj Gaikwad,India,Top Order Batter,32.25,1.0,1,116.0,1.4894,1,0,709.27,42.8,88.51,0.0,0.0,0.0,39.2939,0.6302,39.35,2029,H1,Jan-Jun
Sai Sudharsan,India,Top Order Batter,27.25,1.0,1,76.0,0.5815,1,0,823.56,51.82,98.25,0.0,0.0,0.0,46.345,0.8848,46.34,2029,H1,Jan-Jun
Sakib Hussain,India,Pace Bowler,24.25,1.0,1,54.0,0.1904,0,0,48.32,12.14,79.85,25.39,5.24,0.0,31.413,0.4102,31.44,2029,H1,Jan-Jun
Salil Arora,India,Wicketkeeper,26.25,1.0,1,71.0,0.6122,1,0,473.06,46.91,101.39,0.0,0.0,0.0,42.6037,0.2451,42.57,2029,H1,Jan-Jun
Sanju Samson,India,Wicketkeeper,34.25,1.0,1,151.0,0.273,0,0,655.43,39.97,85.47,0.0,0.0,0.0,37.022,0.3917,37.15,2029,H1,Jan-Jun
Sarfaraz Khan,India,Middle Order Batter,31.25,1.0,1,81.0,0.1166,0,0,494.58,45.12,89.75,0.0,0.0,0.0,40.1086,0.6318,40.2,2029,H1,Jan-Jun
Sarthak Ranjan,India,Middle Order Batter,26.25,1.0,1,50.0,1.8025,1,0,397.71,50.97,100.2,0.0,0.0,0.0,44.6269,0.897,44.61,2029,H1,Jan-Jun
Shardul Thakur,India,Bowling All-Rounder,37.25,0.25,1,151.0,-0.844,0,1,249.99,32.26,82.59,9.56,6.26,0.0,36.2743,0.0036,35.72,2029,H1,Jan-Jun
Shivam Dube,India,Batting All-Rounder,36.25,0.7917,1,125.3333,-0.6292,0,1,469.25,38.45,87.94,2.52,7.06,0.0,37.7198,0.0916,37.43,2029,H1,Jan-Jun
Shreyas Iyer,India,Middle Order Batter,34.25,1.0,1,191.0,-0.3177,0,0,745.16,41.44,82.61,0.0,0.0,0.0,37.8434,0.7448,37.87,2029,H1,Jan-Jun
Shubman Gill,India,Top Order Batter,30.25,1.0,1,171.0,-0.8876,0,1,942.13,49.11,98.32,0.0,0.0,0.0,45.1354,0.8742,45.22,2029,H1,Jan-Jun
Suryakumar Yadav,India,Middle Order Batter,39.25,0.0,0,145.0,-0.3177,0,0,168.48,39.04,88.67,0.0,0.0,0.0,35.2072,0.0166,36.01,2029,H1,Jan-Jun
Suryansh Shedge,India,Batting All-Rounder,25.25,1.0,1,54.0,1.46,1,0,415.6,44.9,106.28,14.04,5.88,0.0,49.8109,0.736,49.58,2029,H1,Jan-Jun
Tejasvi Dahiya,India,Wicketkeeper,25.25,1.0,1,55.0,0.9948,1,0,449.3,54.83,108.69,0.0,0.0,0.0,48.2088,0.3801,48.19,2029,H1,Jan-Jun
Tilak Varma,India,Top Order Batter,26.25,1.0,1,70.0,1.4039,1,0,831.92,59.82,112.68,0.0,0.0,0.0,53.0243,0.927,52.68,2029,H1,Jan-Jun
Tushar Deshpande,India,Pace Bowler,34.25,1.0,1,92.0,-0.8291,0,1,30.62,13.64,65.92,17.17,6.63,0.0,25.9702,0.1831,26.0,2029,H1,Jan-Jun
Vaibhav Suryavanshi,India,Top Order Batter,18.25,1.0,1,44.0,4.4262,1,0,1260.04,49.91,113.67,0.0,0.0,0.0,48.6765,0.94,48.59,2029,H1,Jan-Jun
Varun Chakravarthy,India,Spin Bowler,38.25,0.4583,1,105.6667,-0.3543,0,0,18.2,14.66,63.48,16.43,5.67,0.0,26.0782,0.0596,25.55,2029,H1,Jan-Jun
Virat Kohli,India,Top Order Batter,40.25,0.125,0,303.0,-0.4963,0,0,371.5,54.56,88.69,0.0,0.0,0.0,45.2108,0.0413,41.99,2029,H1,Jan-Jun
Washington Sundar,India,Bowling All-Rounder,29.25,1.0,1,108.0,0.1695,0,0,504.78,45.19,98.09,18.87,4.9,0.0,51.97,0.0145,51.39,2029,H1,Jan-Jun
Yash Thakur,India,Pace Bowler,29.25,1.0,1,68.0,-0.1711,0,0,35.35,16.03,74.86,25.68,5.54,0.0,33.1148,0.3619,33.11,2029,H1,Jan-Jun
Yashasvi Jaiswal,India,Top Order Batter,27.25,1.0,1,98.0,-0.2176,0,0,667.14,44.56,99.54,0.0,0.0,0.0,41.6219,0.5048,41.68,2029,H1,Jan-Jun
Adam Leckey,Ireland,Pace Bowler,24.25,1.0,1,46.0,1.502,1,0,55.1,16.73,78.58,24.04,5.5,0.0,33.2658,0.2537,33.21,2029,H1,Jan-Jun
Andrew Balbirnie,Ireland,Top Order Batter,38.25,0.0,0,210.0,-1.5995,0,1,123.69,25.35,71.51,0.0,0.0,0.0,24.6408,0.0247,24.56,2029,H1,Jan-Jun
Andy McBrine,Ireland,Bowling All-Rounder,36.25,0.75,1,138.2,0.1867,0,0,383.42,27.5,75.06,26.84,6.26,0.0,41.6113,0.0174,40.13,2029,H1,Jan-Jun
Barry McCarthy,Ireland,Pace Bowler,36.25,0.375,1,131.0,-1.214,0,1,41.02,15.66,66.87,19.02,6.66,0.0,28.2647,0.0189,27.32,2029,H1,Jan-Jun
Ben Calitz,Ireland,Middle Order Batter,28.25,1.0,1,64.0,1.5226,1,0,594.35,40.43,94.32,0.0,0.0,0.0,38.2256,0.7891,38.29,2029,H1,Jan-Jun
Ben White,Ireland,Spin Bowler,30.25,1.0,1,97.0,-0.2932,0,0,70.66,17.64,80.38,38.74,4.96,0.0,41.6726,0.8733,41.47,2029,H1,Jan-Jun
Cade Carmichael,Ireland,Middle Order Batter,27.25,1.0,1,74.0,1.6499,1,0,637.08,40.11,89.01,0.0,0.0,0.0,37.4979,0.8912,37.53,2029,H1,Jan-Jun
Chris de Freitas,Ireland,Top Order Batter,28.25,1.0,1,51.0,1.3176,1,0,314.84,32.85,89.43,0.0,0.0,0.0,32.0949,0.6157,32.13,2029,H1,Jan-Jun
Cian Carmichael,Ireland,Top Order Batter,27.25,1.0,1,44.0,1.5431,1,0,240.15,33.68,84.87,0.0,0.0,0.0,31.7508,0.6088,31.86,2029,H1,Jan-Jun
Craig Young,Ireland,Pace Bowler,37.25,0.25,1,107.0,-0.6428,0,1,23.05,12.11,69.29,15.09,6.67,0.0,24.4046,0.0072,24.32,2029,H1,Jan-Jun
Curtis Campher,Ireland,Bowling All-Rounder,30.25,1.0,1,164.0,-0.2978,0,0,702.42,38.25,90.77,35.71,5.53,0.0,55.8205,0.0385,57.45,2029,H1,Jan-Jun
Fionn Hand,Ireland,Pace Bowler,31.25,1.0,1,115.0,-0.2212,0,0,75.04,14.26,78.52,37.91,5.42,0.0,38.8534,0.6213,38.75,2029,H1,Jan-Jun
Gareth Delany,Ireland,Batting All-Rounder,32.25,1.0,1,138.0,-0.3094,0,0,541.63,29.9,86.84,21.04,5.8,0.0,42.2969,0.5944,42.18,2029,H1,Jan-Jun
Gavin Hoey,Ireland,Spin Bowler,26.25,1.0,1,78.0,1.6008,1,0,271.05,33.95,92.28,35.67,5.02,0.0,52.1001,0.9785,51.28,2029,H1,Jan-Jun
Gavin Roulston,Ireland,Middle Order Batter,26.25,1.0,1,54.0,2.0579,1,0,403.26,45.18,97.89,0.0,0.0,0.0,40.8776,0.8678,40.9,2029,H1,Jan-Jun
George Dockrell,Ireland,Batting All-Rounder,36.25,0.5833,1,178.6667,-0.9925,0,1,266.54,22.4,68.24,10.62,6.5,0.0,29.0572,0.0113,28.06,2029,H1,Jan-Jun
Graham Hume,Ireland,Pace Bowler,38.25,0.0,0,112.0,-0.914,0,1,15.61,13.0,66.59,9.5,6.64,0.0,21.7569,0.0113,21.88,2029,H1,Jan-Jun
Harry Tector,Ireland,Top Order Batter,29.25,1.0,1,183.0,0.4733,0,0,1077.27,42.48,94.59,1.86,5.76,0.0,43.023,0.9103,43.09,2029,H1,Jan-Jun
Jai Moondra,Ireland,Pace Bowler,26.25,1.0,1,53.0,1.2562,1,0,51.83,15.17,78.84,27.1,5.39,0.0,33.9262,0.4066,33.82,2029,H1,Jan-Jun
Jake Egan,Ireland,Top Order Batter,25.25,1.0,1,50.0,1.8563,1,0,438.02,43.8,100.11,0.0,0.0,0.0,40.4545,0.8625,40.44,2029,H1,Jan-Jun
James West,Ireland,Top Order Batter,26.25,1.0,1,52.0,1.7561,1,0,402.87,40.28,94.73,0.0,0.0,0.0,37.5323,0.8661,37.64,2029,H1,Jan-Jun
Jordan Neill,Ireland,Pace Bowler,27.25,1.0,1,67.0,0.6817,1,0,53.01,11.81,73.48,27.96,5.8,0.0,31.5445,0.1685,31.64,2029,H1,Jan-Jun
Josh Little,Ireland,Pace Bowler,29.25,1.0,1,130.0,-0.6463,0,1,53.95,19.68,75.42,35.0,5.9,0.0,40.0349,0.7987,39.79,2029,H1,Jan-Jun
Liam McCarthy,Ireland,Pace Bowler,30.25,1.0,1,73.0,0.8579,1,0,66.04,14.8,73.92,33.43,5.73,0.0,36.2114,0.5358,36.13,2029,H1,Jan-Jun
Lorcan Tucker,Ireland,Wicketkeeper,33.25,1.0,1,138.0,0.5,0,0,668.52,29.71,76.41,0.0,0.0,0.0,29.7512,0.4327,29.88,2029,H1,Jan-Jun
Luke Murray,Ireland,Wicketkeeper,26.25,1.0,1,47.0,1.9319,1,0,386.57,42.13,99.27,0.0,0.0,0.0,39.169,0.5281,39.2,2029,H1,Jan-Jun
Mark Adair,Ireland,Bowling All-Rounder,33.25,1.0,1,191.0,-2.7607,0,1,314.62,22.66,83.5,30.53,6.32,0.0,41.4028,0.0652,41.35,2029,H1,Jan-Jun
Matt Hollard,Ireland,Batting All-Rounder,26.25,1.0,1,55.0,2.1049,1,0,307.84,36.15,91.42,19.84,5.49,0.0,45.3133,0.7897,45.18,2029,H1,Jan-Jun
Matthew Foster,Ireland,Pace Bowler,29.25,1.0,1,64.0,0.8945,1,0,59.93,13.62,72.76,30.01,5.74,0.0,33.6091,0.3065,33.58,2029,H1,Jan-Jun
Matthew Humphreys,Ireland,Spin Bowler,26.25,1.0,1,81.0,0.2956,0,0,85.6,16.18,82.13,37.73,4.89,0.0,40.5901,0.9195,40.41,2029,H1,Jan-Jun
Morgan Topping,Ireland,Middle Order Batter,25.25,1.0,1,58.0,1.7408,1,0,495.55,39.65,96.36,0.0,0.0,0.0,37.6815,0.8826,37.8,2029,H1,Jan-Jun
Neil Rock,Ireland,Wicketkeeper,28.25,1.0,1,87.0,0.9481,1,0,450.99,35.43,90.86,0.0,0.0,0.0,34.292,0.2792,34.3,2029,H1,Jan-Jun
Paul Stirling,Ireland,Batting All-Rounder,38.25,0.15,1,363.6,-4.0064,0,1,253.64,23.19,72.64,0.78,7.59,0.0,24.9024,0.0025,24.68,2029,H1,Jan-Jun
Peter Moor,Ireland,Wicketkeeper,38.25,0.1875,1,108.5,-0.7797,0,1,38.0,18.56,66.42,0.0,0.0,0.0,19.6221,0.0055,20.11,2029,H1,Jan-Jun
Reuben Wilson,Ireland,Pace Bowler,24.25,1.0,1,57.0,1.8185,1,0,170.7,31.77,97.08,33.41,4.69,0.0,50.0514,0.974,49.47,2029,H1,Jan-Jun
Ross Adair,Ireland,Middle Order Batter,34.25,1.0,1,102.0,0.9123,1,0,723.86,34.82,82.83,0.0,0.0,0.0,33.8295,0.7302,33.83,2029,H1,Jan-Jun
Sam Topping,Ireland,Middle Order Batter,26.25,1.0,1,60.0,1.9326,1,0,512.01,42.6,96.9,0.0,0.0,0.0,39.5761,0.8654,39.55,2029,H1,Jan-Jun
Scott Macbeth,Ireland,Pace Bowler,28.25,1.0,1,48.0,1.2961,1,0,59.35,17.44,78.04,25.2,5.42,0.0,34.2445,0.4244,34.21,2029,H1,Jan-Jun
Seamus Lynch,Ireland,Wicketkeeper,27.25,1.0,1,57.0,1.7348,1,0,429.12,37.78,89.14,0.0,0.0,0.0,35.4051,0.5097,35.57,2029,H1,Jan-Jun
Sebastian Dijkstra,Ireland,Top Order Batter,25.25,1.0,1,43.0,1.571,1,0,301.04,37.68,96.26,0.0,0.0,0.0,35.8211,0.7954,35.95,2029,H1,Jan-Jun
Stephen Doheny,Ireland,Wicketkeeper,29.25,1.0,1,74.0,1.2326,1,0,599.67,38.73,93.68,0.0,0.0,0.0,37.1423,0.3157,37.29,2029,H1,Jan-Jun
Theo van Woerkom,Ireland,Pace Bowler,33.25,1.0,1,80.0,0.2844,0,0,58.44,13.73,75.07,26.47,5.89,0.0,32.1451,0.3471,32.21,2029,H1,Jan-Jun
Tim Tector,Ireland,Top Order Batter,26.25,1.0,1,67.0,1.649,1,0,594.94,40.83,99.51,0.0,0.0,0.0,39.1343,0.8938,39.08,2029,H1,Jan-Jun
Tom Mayes,Ireland,Pace Bowler,27.25,1.0,1,62.0,1.337,1,0,75.62,17.25,81.28,33.36,5.31,0.0,38.7452,0.6593,38.67,2029,H1,Jan-Jun
Adam Milne,New Zealand,Pace Bowler,37.25,0.0,0,205.0,-2.8034,0,1,11.19,13.94,73.29,6.44,6.3,0.0,21.697,0.0137,21.94,2029,H1,Jan-Jun
Adithya Ashok,New Zealand,Spin Bowler,26.25,1.0,1,60.0,0.5087,1,0,66.3,13.19,85.04,28.44,4.73,0.0,34.4881,0.8425,34.41,2029,H1,Jan-Jun
Ajaz Patel,New Zealand,Spin Bowler,40.25,0.0,0,87.0,-2.0677,0,1,0.94,6.48,63.7,2.0,5.09,0.0,14.0536,0.018,14.45,2029,H1,Jan-Jun
Ben Lister,New Zealand,Pace Bowler,33.25,1.0,1,105.0,0.2277,0,0,62.74,15.75,73.12,37.97,6.09,0.0,38.8621,0.6411,38.75,2029,H1,Jan-Jun
Ben Sears,New Zealand,Pace Bowler,31.25,1.0,1,100.0,0.6359,1,0,52.89,16.53,83.65,46.83,5.2,0.0,45.3581,0.7233,44.99,2029,H1,Jan-Jun
Benjamin Jacobs,New Zealand,Middle Order Batter,27.25,1.0,1,51.0,1.6761,1,0,345.54,34.87,94.44,0.0,0.0,0.0,34.0549,0.7334,34.12,2029,H1,Jan-Jun
Bharat Popli,New Zealand,Middle Order Batter,37.25,0.4375,1,78.0,0.5639,1,0,270.65,28.14,78.73,0.0,0.0,0.0,27.7447,0.0422,28.32,2029,H1,Jan-Jun
Blair Tickner,New Zealand,Pace Bowler,35.25,0.5833,1,118.6667,-1.5604,0,1,21.31,11.44,68.73,15.2,7.05,0.0,23.9091,0.0113,24.12,2029,H1,Jan-Jun
Cole McConchie,New Zealand,Batting All-Rounder,33.25,1.0,1,117.0,0.2715,0,0,467.99,27.85,82.45,16.74,5.86,0.0,38.0706,0.3481,38.13,2029,H1,Jan-Jun
Curtis Heaphy,New Zealand,Batting All-Rounder,27.25,1.0,1,60.0,2.0963,1,0,533.78,38.54,98.27,22.2,4.9,0.0,49.7821,0.7885,49.57,2029,H1,Jan-Jun
Dane Cleaver,New Zealand,Wicketkeeper,36.25,0.5833,1,92.6667,0.313,0,0,257.06,26.23,75.47,0.0,0.0,0.0,26.1341,0.0069,26.08,2029,H1,Jan-Jun
Daryl Foxcroft,New Zealand,Batting All-Rounder,30.25,1.0,1,87.0,2.4655,1,0,701.93,42.24,93.52,22.61,5.36,0.0,52.0185,0.7889,51.4,2029,H1,Jan-Jun
Daryl Mitchell,New Zealand,Batting All-Rounder,38.25,0.0,0,176.0,-2.0684,0,1,130.6,28.26,79.62,2.25,6.36,0.0,29.3823,0.0028,29.83,2029,H1,Jan-Jun
Devon Conway,New Zealand,Wicketkeeper,38.25,0.35,1,192.8,-1.1502,0,1,300.7,30.57,76.64,0.0,0.0,0.0,29.0361,0.0131,29.84,2029,H1,Jan-Jun
Finn Allen,New Zealand,Top Order Batter,30.25,1.0,1,196.0,-0.6176,0,1,936.39,36.37,99.73,0.0,0.0,0.0,37.6583,0.8729,37.8,2029,H1,Jan-Jun
Fraser Sheat,New Zealand,Pace Bowler,27.25,1.0,1,61.0,1.0405,1,0,62.06,14.07,77.36,28.9,5.47,0.0,33.9941,0.4142,33.93,2029,H1,Jan-Jun
Glenn Phillips,New Zealand,Batting All-Rounder,33.25,1.0,1,236.0,-1.0925,0,1,847.93,31.98,90.72,19.55,5.99,0.0,44.2935,0.789,44.25,2029,H1,Jan-Jun
Henry Nicholls,New Zealand,Top Order Batter,38.25,0.0,0,92.0,-0.8776,0,1,37.92,16.52,69.58,0.0,0.0,0.0,18.8047,0.0104,19.34,2029,H1,Jan-Jun
Ish Sodhi,New Zealand,Spin Bowler,36.25,0.0,0,190.0,-2.8436,0,1,7.17,9.08,60.5,4.39,6.18,0.0,16.1209,0.0085,16.65,2029,H1,Jan-Jun
Jacob Cumming,New Zealand,Top Order Batter,27.25,1.0,1,57.0,1.4784,1,0,494.13,35.17,91.93,0.0,0.0,0.0,34.4214,0.7849,34.44,2029,H1,Jan-Jun
Jacob Duffy,New Zealand,Pace Bowler,34.25,1.0,1,104.0,0.5432,1,0,57.31,13.27,69.96,43.41,6.28,0.0,39.6461,0.7173,39.54,2029,H1,Jan-Jun
Jayden Lennox,New Zealand,Pace Bowler,27.25,1.0,1,47.0,1.3839,1,0,46.39,14.62,82.77,27.56,5.03,0.0,34.4314,0.4828,34.34,2029,H1,Jan-Jun
Jesse Tashkoff,New Zealand,Batting All-Rounder,30.25,1.0,1,65.0,1.8598,1,0,499.29,32.38,86.81,21.75,5.53,0.0,44.0667,0.598,43.93,2029,H1,Jan-Jun
Jimmy Neesham,New Zealand,Bowling All-Rounder,38.25,0.15,1,228.6,-1.7394,0,1,135.28,22.26,77.63,7.44,6.92,0.0,28.0465,0.0021,27.45,2029,H1,Jan-Jun
Josh Clarkson,New Zealand,Batting All-Rounder,32.25,1.0,1,91.0,1.7262,1,0,624.51,31.63,85.46,20.64,5.88,0.0,43.2188,0.4687,43.3,2029,H1,Jan-Jun
Katene Clarke,New Zealand,Top Order Batter,28.25,1.0,1,63.0,1.2402,1,0,502.76,34.85,92.49,0.0,0.0,0.0,34.331,0.6917,34.43,2029,H1,Jan-Jun
Kristian Clarke,New Zealand,Bowling All-Rounder,27.25,1.0,1,57.0,1.8875,1,0,450.57,32.93,92.23,23.74,5.18,0.0,46.0356,0.0246,45.94,2029,H1,Jan-Jun
Kyle Jamieson,New Zealand,Pace Bowler,34.25,1.0,1,120.0,-0.8741,0,1,60.21,11.38,70.95,28.82,6.06,0.0,31.3542,0.3001,31.43,2029,H1,Jan-Jun
Lachlan Stackpole,New Zealand,Top Order Batter,26.25,1.0,1,48.0,1.4015,1,0,331.79,33.43,89.62,0.0,0.0,0.0,32.5251,0.6767,32.58,2029,H1,Jan-Jun
Lockie Ferguson,New Zealand,Pace Bowler,38.25,0.0,0,137.0,-1.4864,0,1,9.33,11.88,71.65,7.4,6.42,0.0,20.702,0.0103,20.87,2029,H1,Jan-Jun
Mark Chapman,New Zealand,Batting All-Rounder,34.25,1.0,1,169.0,-0.2326,0,0,595.83,29.19,79.13,12.29,6.65,0.0,36.4661,0.2857,36.51,2029,H1,Jan-Jun
Matt Bacon,New Zealand,Pace Bowler,34.25,1.0,1,69.0,0.4986,0,0,42.99,9.47,73.3,26.56,5.99,0.0,29.3309,0.1224,29.19,2029,H1,Jan-Jun
Matt Henry,New Zealand,Pace Bowler,37.25,0.0,0,151.0,-1.2645,0,1,10.64,9.87,69.71,8.48,6.37,0.0,19.8067,0.0145,20.05,2029,H1,Jan-Jun
Matthew Boyle,New Zealand,Top Order Batter,27.25,1.0,1,55.0,1.6778,1,0,399.15,34.67,86.73,0.0,0.0,0.0,33.1281,0.7772,33.17,2029,H1,Jan-Jun
Matthew Fisher,New Zealand,Pace Bowler,28.25,1.0,1,50.0,1.1376,1,0,42.07,11.98,79.85,28.03,5.2,0.0,32.638,0.3098,32.63,2029,H1,Jan-Jun
Max Chu,New Zealand,Wicketkeeper,30.25,1.0,1,57.0,1.5857,1,0,438.98,37.98,94.01,0.0,0.0,0.0,36.1845,0.4848,36.29,2029,H1,Jan-Jun
Michael Bracewell,New Zealand,Batting All-Rounder,38.25,0.0,0,130.0,0.1999,0,0,167.98,31.17,77.71,7.43,6.18,0.0,33.6584,0.0076,33.33,2029,H1,Jan-Jun
Michael Rae,New Zealand,Pace Bowler,34.25,1.0,1,72.0,0.3501,0,0,33.34,10.32,67.27,23.52,6.56,0.0,27.3741,0.1069,27.28,2029,H1,Jan-Jun
Mitchell Hay,New Zealand,Wicketkeeper,33.25,1.0,1,88.0,1.5117,1,0,596.61,34.88,83.22,0.0,0.0,0.0,33.4796,0.3576,33.5,2029,H1,Jan-Jun
Mitchell Santner,New Zealand,Spin Bowler,37.25,0.0,0,235.0,-1.1665,0,1,131.44,26.9,76.1,9.41,5.46,0.0,31.9513,0.0514,30.53,2029,H1,Jan-Jun
Muhammad Abbas,New Zealand,Top Order Batter,28.25,1.0,1,38.0,0.2739,0,0,42.49,13.83,72.27,0.0,0.0,0.0,17.5531,0.1111,18.25,2029,H1,Jan-Jun
Nathan Smith,New Zealand,Pace Bowler,30.25,1.0,1,96.0,0.9517,1,0,215.5,27.97,89.96,36.28,5.3,0.0,48.2406,0.9028,48.13,2029,H1,Jan-Jun
Nicholas Kelly,New Zealand,Middle Order Batter,33.25,1.0,1,70.0,1.3841,1,0,575.64,33.39,89.58,0.0,0.0,0.0,33.3315,0.6005,33.45,2029,H1,Jan-Jun
Rachin Ravindra,New Zealand,Batting All-Rounder,29.25,1.0,1,117.0,1.0588,1,0,901.6,39.24,89.25,24.34,5.57,0.0,51.1644,0.892,51.4,2029,H1,Jan-Jun
Rhys Mariu,New Zealand,Middle Order Batter,27.25,1.0,1,69.0,1.4087,1,0,538.43,34.55,89.04,0.0,0.0,0.0,33.8301,0.74,33.83,2029,H1,Jan-Jun
Rohit Gulati,New Zealand,Top Order Batter,27.25,1.0,1,46.0,1.2059,1,0,261.68,29.92,87.6,0.0,0.0,0.0,29.9209,0.3799,30.17,2029,H1,Jan-Jun
Simon Johnston,New Zealand,Top Order Batter,26.25,1.0,1,50.0,1.5606,1,0,321.7,38.74,95.98,0.0,0.0,0.0,36.4915,0.8404,36.56,2029,H1,Jan-Jun
Simon Keene,New Zealand,Pace Bowler,27.25,1.0,1,50.0,1.3373,1,0,59.24,17.41,80.91,26.05,5.13,0.0,35.1148,0.4394,35.06,2029,H1,Jan-Jun
Tim Pringle,New Zealand,Spin Bowler,25.25,1.0,1,65.0,1.9026,1,0,399.31,37.57,100.65,31.87,4.79,0.0,53.9562,0.9786,54.08,2029,H1,Jan-Jun
Tim Robinson,New Zealand,Middle Order Batter,26.25,1.0,1,80.0,1.7045,1,0,881.6,44.17,102.17,0.0,0.0,0.0,42.4608,0.9312,42.49,2029,H1,Jan-Jun
Tim Seifert,New Zealand,Wicketkeeper,34.25,1.0,1,216.0,-0.1157,0,0,796.16,31.9,80.71,0.0,0.0,0.0,32.054,0.6612,32.13,2029,H1,Jan-Jun
Tim Southee,New Zealand,Pace Bowler,40.25,0.0,0,220.0,-3.6623,0,1,0.0,3.44,60.67,0.56,7.3,0.0,10.5892,0.0044,11.19,2029,H1,Jan-Jun
Tom Blundell,New Zealand,Wicketkeeper,38.25,0.4583,1,83.6667,-0.1609,0,0,139.02,21.75,74.6,0.0,0.0,0.0,22.9318,0.0036,23.31,2029,H1,Jan-Jun
Tom Latham,New Zealand,Wicketkeeper,37.25,0.55,1,142.0,-0.754,0,1,158.5,21.62,70.76,0.0,0.0,0.0,22.4273,0.008,22.89,2029,H1,Jan-Jun
Trent Boult,New Zealand,Pace Bowler,40.25,0.0,0,168.0,-3.6887,0,1,0.86,5.94,58.61,0.66,7.15,0.0,11.9021,0.0036,12.16,2029,H1,Jan-Jun
Will ORourke,New Zealand,Pace Bowler,28.25,1.0,1,78.0,1.0005,1,0,80.95,18.4,83.96,42.01,5.09,0.0,44.2247,0.7205,44.06,2029,H1,Jan-Jun
Will Young,New Zealand,Middle Order Batter,37.25,0.55,1,127.0,0.3119,0,0,298.47,27.16,72.96,0.0,0.0,0.0,26.5111,0.0347,26.4,2029,H1,Jan-Jun
Zak Foulkes,New Zealand,Pace Bowler,27.25,1.0,1,72.0,2.648,1,0,541.69,39.41,93.06,30.01,5.34,0.0,53.446,0.9487,52.59,2029,H1,Jan-Jun
Zak Gibson,New Zealand,Pace Bowler,27.25,1.0,1,44.0,1.4059,1,0,43.6,13.74,77.77,24.91,5.42,0.0,31.7914,0.181,31.85,2029,H1,Jan-Jun
Aamir Jamal,Pakistan,Bowling All-Rounder,33.25,1.0,1,88.0,-0.3155,0,0,357.62,30.92,86.78,18.38,5.94,0.0,40.8951,0.0103,40.86,2029,H1,Jan-Jun
Abbas Afridi,Pakistan,Pace Bowler,28.25,1.0,1,73.0,-1.6149,0,1,111.33,20.89,93.29,39.3,5.35,0.0,45.5718,0.4717,45.31,2029,H1,Jan-Jun
Abdul Faseeh,Pakistan,Middle Order Batter,26.25,1.0,1,33.0,1.3386,1,0,52.18,19.73,90.65,0.0,0.0,0.0,23.4853,0.2855,23.57,2029,H1,Jan-Jun
Abdul Faseeh Jr,Pakistan,Middle Order Batter,26.25,1.0,1,34.0,0.7065,1,0,92.53,16.24,104.82,0.0,0.0,0.0,23.3516,0.1688,23.46,2029,H1,Jan-Jun
Abdul Samad,Pakistan,Middle Order Batter,27.25,1.0,1,93.0,-0.0361,0,0,917.12,46.52,114.45,0.0,0.0,0.0,45.5692,0.8152,45.49,2029,H1,Jan-Jun
Abdullah Fazal,Pakistan,Middle Order Batter,30.25,1.0,1,57.0,0.8042,1,0,368.37,43.2,100.24,0.0,0.0,0.0,39.8728,0.6979,39.89,2029,H1,Jan-Jun
Abdullah Shafique,Pakistan,Top Order Batter,29.25,1.0,1,117.0,-2.1327,0,1,808.8,45.64,89.75,0.0,0.0,0.0,41.497,0.9155,41.41,2029,H1,Jan-Jun
Abrar Ahmed,Pakistan,Spin Bowler,30.25,1.0,1,87.0,-3.1001,0,1,181.25,22.92,85.18,50.82,4.93,0.0,51.9277,0.8807,51.53,2029,H1,Jan-Jun
Ahmed Daniyal,Pakistan,Pace Bowler,32.25,1.0,1,61.0,-0.4139,0,0,146.51,18.09,87.69,34.87,6.02,0.0,40.8799,0.4992,40.9,2029,H1,Jan-Jun
Akif Javed,Pakistan,Pace Bowler,34.25,1.0,1,80.0,-1.04,0,1,129.74,18.35,84.85,33.93,6.28,0.0,40.0795,0.4885,40.18,2029,H1,Jan-Jun
Ali Raza,Pakistan,Pace Bowler,23.25,1.0,1,45.0,3.2668,1,0,210.34,30.07,124.56,59.46,4.73,0.0,65.8001,0.9661,57.18,2029,H1,Jan-Jun
Ali Usman,Pakistan,Spin Bowler,38.25,0.35,1,50.8,-0.6145,0,1,58.13,14.2,77.42,17.62,5.31,0.0,28.4348,0.0155,27.43,2029,H1,Jan-Jun
Arafat Minhas,Pakistan,Bowling All-Rounder,25.25,1.0,1,64.0,1.2588,1,0,565.69,52.6,113.73,28.68,4.28,0.0,63.8313,0.0158,57.39,2029,H1,Jan-Jun
Asif Afridi,Pakistan,Spin Bowler,42.25,0.0,0,51.0,-2.2689,0,1,22.36,11.5,71.93,8.32,5.35,0.0,21.2926,0.0242,21.44,2029,H1,Jan-Jun
Awais Zafar,Pakistan,Middle Order Batter,34.25,1.0,1,70.0,0.2452,0,0,432.57,32.98,84.08,0.0,0.0,0.0,31.8888,0.3459,31.94,2029,H1,Jan-Jun
Azam Khan,Pakistan,Wicketkeeper,30.25,1.0,1,83.0,-0.3443,0,0,811.86,35.49,114.92,0.0,0.0,0.0,38.6556,0.2656,38.83,2029,H1,Jan-Jun
Azan Awais,Pakistan,Middle Order Batter,25.25,1.0,1,55.0,1.9917,1,0,689.12,59.21,119.59,0.0,0.0,0.0,53.0571,0.9052,52.68,2029,H1,Jan-Jun
Babar Azam,Pakistan,Top Order Batter,34.25,0.95,1,198.4,-4.4918,0,1,896.32,40.51,84.77,0.0,0.0,0.0,38.0812,0.7207,37.45,2029,H1,Jan-Jun
Faheem Ashraf,Pakistan,Bowling All-Rounder,35.25,0.375,1,103.0,-3.2527,0,1,341.41,30.1,89.81,24.65,5.84,0.0,43.9198,0.004,40.17,2029,H1,Jan-Jun
Faisal Akram,Pakistan,Spin Bowler,26.25,1.0,1,59.0,0.0897,0,0,152.42,21.6,100.12,46.25,4.27,0.0,50.932,0.7918,51.3,2029,H1,Jan-Jun
Fakhar Zaman,Pakistan,Top Order Batter,39.25,0.0,0,143.0,-4.7932,0,1,203.87,35.53,94.2,0.0,0.0,0.0,33.9344,0.0116,34.84,2029,H1,Jan-Jun
Ghazi Ghori,Pakistan,Wicketkeeper,25.25,1.0,1,52.0,1.8661,1,0,551.52,50.61,119.28,0.0,0.0,0.0,47.3894,0.4279,47.19,2029,H1,Jan-Jun
Haris Rauf,Pakistan,Pace Bowler,35.25,0.375,1,118.0,-6.1124,0,1,45.02,12.23,86.19,28.96,6.07,0.0,33.8379,0.0155,31.2,2029,H1,Jan-Jun
Hasan Ali,Pakistan,Pace Bowler,34.25,0.875,1,148.0,-6.69,0,1,287.95,15.3,83.56,48.3,6.25,0.0,45.8699,0.7997,43.41,2029,H1,Jan-Jun
Haseebullah Khan,Pakistan,Wicketkeeper,25.25,1.0,1,60.0,1.7595,1,0,704.27,50.54,110.38,0.0,0.0,0.0,46.7273,0.5127,46.62,2029,H1,Jan-Jun
Hassan Nawaz,Pakistan,Middle Order Batter,25.25,1.0,1,54.0,3.0248,1,0,880.2,61.2,123.98,0.0,0.0,0.0,55.4689,0.9771,54.22,2029,H1,Jan-Jun
Hussain Talat,Pakistan,Batting All-Rounder,33.25,1.0,1,101.0,-0.3581,0,0,622.9,36.53,92.39,24.73,5.7,0.0,49.1484,0.4413,48.96,2029,H1,Jan-Jun
Iftikhar Ahmed,Pakistan,Batting All-Rounder,38.25,0.0,0,129.0,-3.9999,0,1,213.75,33.66,84.37,7.33,5.71,0.0,36.2309,0.0128,35.78,2029,H1,Jan-Jun
Imad Wasim,Pakistan,Bowling All-Rounder,40.25,0.0,0,166.0,-9.8614,0,1,0.0,21.39,77.32,1.47,5.93,0.0,24.2279,0.0016,23.86,2029,H1,Jan-Jun
Imam-ul-Haq,Pakistan,Top Order Batter,33.25,1.0,1,117.0,-2.7301,0,1,501.87,41.71,86.58,0.0,0.0,0.0,37.6818,0.5301,37.8,2029,H1,Jan-Jun
Irfan Khan,Pakistan,Top Order Batter,27.25,1.0,1,69.0,1.9012,1,0,736.19,53.68,105.02,0.0,0.0,0.0,48.0307,0.9115,47.85,2029,H1,Jan-Jun
Jahandad Khan,Pakistan,Bowling All-Rounder,26.25,1.0,1,57.0,3.075,1,0,571.65,51.0,110.9,36.84,5.05,0.0,66.3238,0.0224,57.39,2029,H1,Jan-Jun
Kamran Ghulam,Pakistan,Middle Order Batter,33.25,1.0,1,87.0,0.409,0,0,662.08,42.16,89.0,0.0,0.0,0.0,38.8114,0.6354,38.84,2029,H1,Jan-Jun
Kashif Ali,Pakistan,Pace Bowler,27.25,1.0,1,56.0,0.5927,1,0,175.42,21.79,106.47,41.63,4.94,0.0,49.3343,0.7644,49.47,2029,H1,Jan-Jun
Khawaja Nafay,Pakistan,Wicketkeeper,27.25,1.0,1,64.0,2.2118,1,0,1058.86,58.12,122.83,0.0,0.0,0.0,54.0866,0.8662,54.22,2029,H1,Jan-Jun
Khurram Shahzad,Pakistan,Pace Bowler,34.25,1.0,1,79.0,-0.4063,0,0,138.47,17.99,85.8,38.72,6.2,0.0,42.4458,0.4582,42.44,2029,H1,Jan-Jun
Khushdil Shah,Pakistan,Batting All-Rounder,34.25,0.9583,1,120.6667,-1.7074,0,1,791.03,37.71,92.07,33.05,5.92,0.0,54.5229,0.4121,52.78,2029,H1,Jan-Jun
Maaz Sadaqat,Pakistan,Batting All-Rounder,24.25,1.0,1,51.0,3.4321,1,0,754.94,68.82,126.57,25.62,4.49,0.0,74.2174,0.9747,57.28,2029,H1,Jan-Jun
Mir Hamza,Pakistan,Pace Bowler,36.25,0.75,1,61.2,-1.0573,0,1,42.94,8.66,75.34,23.67,6.22,0.0,27.5975,0.036,26.77,2029,H1,Jan-Jun
Mohammad Abbas,Pakistan,Pace Bowler,39.25,0.15,1,40.6,-0.9006,0,1,18.62,7.21,72.53,10.23,6.0,0.0,19.568,0.0095,19.73,2029,H1,Jan-Jun
Mohammad Ali,Pakistan,Pace Bowler,35.25,0.95,1,80.4,-0.6481,0,1,124.28,15.21,84.27,40.22,6.27,0.0,41.2732,0.3141,40.42,2029,H1,Jan-Jun
Mohammad Amir,Pakistan,Pace Bowler,37.25,0.1875,1,98.5,-5.6365,0,1,16.33,9.24,69.72,6.48,6.54,0.0,18.4067,0.0201,18.67,2029,H1,Jan-Jun
Mohammad Faiq,Pakistan,Top Order Batter,26.25,1.0,1,47.0,2.6175,1,0,472.69,54.08,110.46,0.0,0.0,0.0,48.0667,0.8871,47.85,2029,H1,Jan-Jun
Mohammad Haris,Pakistan,Wicketkeeper,28.25,1.0,1,88.0,1.2055,1,0,849.17,47.69,112.99,0.0,0.0,0.0,45.8503,0.4096,45.98,2029,H1,Jan-Jun
Mohammad Hasnain,Pakistan,Pace Bowler,29.25,1.0,1,107.0,-2.4027,0,1,111.57,14.4,95.29,54.54,5.39,0.0,49.6001,0.6189,49.41,2029,H1,Jan-Jun
Mohammad Huraira,Pakistan,Top Order Batter,27.25,1.0,1,68.0,1.77,1,0,804.48,48.03,102.92,0.0,0.0,0.0,44.6073,0.8501,44.61,2029,H1,Jan-Jun
Mohammad Nawaz,Pakistan,Bowling All-Rounder,35.25,0.6875,1,150.5,-4.4159,0,1,489.03,28.64,80.33,37.29,5.71,0.0,48.7314,0.0206,43.14,2029,H1,Jan-Jun
Mohammad Rizwan,Pakistan,Wicketkeeper,37.25,0.35,1,146.8,-2.6697,0,1,531.68,44.71,90.44,0.0,0.0,0.0,40.0786,0.0223,39.61,2029,H1,Jan-Jun
Mohammad Wasim,Pakistan,Pace Bowler,28.25,1.0,1,89.0,-1.7049,0,1,136.31,13.61,93.81,45.98,5.32,0.0,44.7322,0.4053,44.54,2029,H1,Jan-Jun
Mubasir Khan,Pakistan,Bowling All-Rounder,27.25,1.0,1,74.0,1.5054,1,0,668.23,48.98,112.86,37.82,4.78,0.0,66.2874,0.02,57.47,2029,H1,Jan-Jun
Naseem Shah,Pakistan,Pace Bowler,26.25,1.0,1,92.0,-1.3674,0,1,135.96,16.2,99.57,50.03,4.77,0.0,49.2543,0.6332,49.51,2029,H1,Jan-Jun
Noman Ali,Pakistan,Spin Bowler,43.25,0.0,0,31.0,-0.7494,0,1,11.29,7.83,72.46,8.11,5.13,0.0,19.0872,0.0167,19.31,2029,H1,Jan-Jun
Omair Yousuf,Pakistan,Middle Order Batter,31.25,1.0,1,77.0,0.6701,1,0,583.96,36.29,91.91,0.0,0.0,0.0,35.3981,0.6006,35.57,2029,H1,Jan-Jun
Qasim Akram,Pakistan,Batting All-Rounder,26.25,1.0,1,79.0,1.8237,1,0,564.26,49.84,112.89,24.96,4.8,0.0,59.9674,0.7456,57.39,2029,H1,Jan-Jun
Saad Masood,Pakistan,Top Order Batter,27.25,1.0,1,49.0,2.6207,1,0,566.06,51.95,111.6,0.0,0.0,0.0,47.256,0.8662,47.19,2029,H1,Jan-Jun
Sahibzada Farhan,Pakistan,Wicketkeeper,33.25,1.0,1,130.0,-0.2614,0,0,1204.88,47.58,98.72,0.0,0.0,0.0,45.1697,0.6152,45.22,2029,H1,Jan-Jun
Saim Ayub,Pakistan,Batting All-Rounder,27.25,1.0,1,98.0,0.0838,0,0,1091.67,49.17,106.35,28.31,5.24,0.0,62.0651,0.6738,57.48,2029,H1,Jan-Jun
Sajid Khan,Pakistan,Spin Bowler,36.25,0.4375,1,59.0,-1.6044,0,1,57.9,11.76,74.68,22.26,5.22,0.0,28.9841,0.0286,27.79,2029,H1,Jan-Jun
Salman Ali Agha,Pakistan,Batting All-Rounder,35.25,0.6875,1,122.5,-2.2557,0,1,791.39,40.8,93.4,19.35,5.14,0.0,49.875,0.2598,43.49,2029,H1,Jan-Jun
Salman Mirza,Pakistan,Pace Bowler,32.25,1.0,1,57.0,0.8651,1,0,132.11,16.05,91.51,36.89,5.57,0.0,41.2337,0.6319,41.13,2029,H1,Jan-Jun
Saud Shakeel,Pakistan,Top Order Batter,34.25,1.0,1,91.0,0.506,1,0,740.77,47.0,83.2,0.0,0.0,0.0,41.2378,0.6894,41.18,2029,H1,Jan-Jun
Shadab Khan,Pakistan,Bowling All-Rounder,31.25,1.0,1,163.0,-4.4196,0,1,1015.79,41.07,106.11,65.63,4.78,0.0,75.872,0.0323,57.57,2029,H1,Jan-Jun
Shaheen Afridi,Pakistan,Pace Bowler,29.25,1.0,1,134.0,-5.4713,0,1,115.68,11.35,87.17,71.17,4.93,0.0,55.2688,0.855,54.05,2029,H1,Jan-Jun
Shahzaib Khan,Pakistan,Middle Order Batter,27.25,1.0,1,51.0,2.4534,1,0,559.29,51.89,114.26,0.0,0.0,0.0,47.5386,0.838,47.19,2029,H1,Jan-Jun
Shamyl Hussain,Pakistan,Middle Order Batter,24.25,1.0,1,50.0,3.9117,1,0,899.48,71.32,130.08,0.0,0.0,0.0,62.3864,0.9869,57.05,2029,H1,Jan-Jun
Shan Masood,Pakistan,Top Order Batter,39.25,0.0,0,75.0,-0.428,0,0,126.23,30.34,77.28,0.0,0.0,0.0,28.3827,0.0237,29.34,2029,H1,Jan-Jun
Sufiyan Muqeem,Pakistan,Spin Bowler,28.25,1.0,1,61.0,1.301,1,0,196.42,25.22,101.59,57.5,4.3,0.0,59.0926,0.942,57.58,2029,H1,Jan-Jun
Tayyab Tahir,Pakistan,Middle Order Batter,35.25,0.9375,1,100.0,0.733,1,0,787.72,47.43,95.14,0.22,5.59,0.0,44.2902,0.3993,42.78,2029,H1,Jan-Jun
Ubaid Shah,Pakistan,Pace Bowler,24.25,1.0,1,53.0,1.567,1,0,176.68,22.04,114.12,45.15,4.68,0.0,52.343,0.8467,52.08,2029,H1,Jan-Jun
Usama Mir,Pakistan,Spin Bowler,33.25,1.0,1,82.0,-0.7556,0,1,271.56,24.49,95.11,46.57,4.86,0.0,52.3399,0.8598,52.1,2029,H1,Jan-Jun
Usman Khan,Pakistan,Wicketkeeper,33.25,1.0,1,95.0,0.9113,1,0,999.23,46.33,102.96,0.0,0.0,0.0,44.2604,0.4654,44.29,2029,H1,Jan-Jun
Usman Tariq,Pakistan,Spin Bowler,30.25,1.0,1,58.0,1.5712,1,0,204.71,20.47,100.97,48.09,4.57,0.0,51.3339,0.9362,51.35,2029,H1,Jan-Jun
Yasir Khan,Pakistan,Top Order Batter,26.25,1.0,1,55.0,2.5914,1,0,746.35,56.24,118.98,0.0,0.0,0.0,51.394,0.9212,51.46,2029,H1,Jan-Jun
Zahid Mahmood,Pakistan,Pace Bowler,41.25,0.0,0,49.0,-1.0963,0,1,21.4,8.9,73.41,8.6,7.15,0.0,19.6469,0.0046,19.88,2029,H1,Jan-Jun
Zaman Khan,Pakistan,Pace Bowler,27.25,1.0,1,80.0,-0.0384,0,0,149.65,19.34,101.17,52.81,5.28,0.0,52.6109,0.5396,52.72,2029,H1,Jan-Jun
Aiden Markram,South Africa,Top Order Batter,34.25,0.875,1,212.0,-4.6912,0,1,739.47,35.32,88.64,12.62,5.65,0.0,42.2562,0.6464,40.89,2029,H1,Jan-Jun
Alfred Mothoa,South Africa,Pace Bowler,27.25,1.0,1,53.0,1.4454,1,0,103.55,16.35,108.44,29.47,5.22,0.0,39.8606,0.686,39.73,2029,H1,Jan-Jun
Andile Phehlukwayo,South Africa,Bowling All-Rounder,33.25,1.0,1,191.0,-5.8708,0,1,396.22,24.71,91.21,24.71,5.92,0.0,41.0656,0.0245,40.91,2029,H1,Jan-Jun
Andile Simelane,South Africa,Bowling All-Rounder,25.25,1.0,1,69.0,0.396,0,0,257.18,30.79,108.06,18.13,5.0,0.0,43.3601,0.0122,43.25,2029,H1,Jan-Jun
Anrich Nortje,South Africa,Pace Bowler,35.25,0.6875,1,132.5,-3.4491,0,1,25.46,10.49,93.89,20.68,6.18,0.0,29.5217,0.0236,28.07,2029,H1,Jan-Jun
Beyers Swanepoel,South Africa,Pace Bowler,28.25,1.0,1,65.0,0.8479,1,0,135.96,17.72,99.88,29.94,5.43,0.0,39.8647,0.6768,39.89,2029,H1,Jan-Jun
Bjorn Fortuin,South Africa,Spin Bowler,34.25,0.9167,1,135.3333,-3.9407,0,1,67.68,11.36,82.05,23.86,5.52,0.0,30.4386,0.3325,29.56,2029,H1,Jan-Jun
Clyde Fortuin,South Africa,Wicketkeeper,33.25,1.0,1,113.0,-0.2078,0,0,320.29,27.76,87.7,0.0,0.0,0.0,28.8394,0.1706,29.32,2029,H1,Jan-Jun
Codi Yusuf,South Africa,Pace Bowler,27.25,1.0,1,62.0,0.6996,1,0,79.39,13.45,103.94,25.91,5.64,0.0,35.5426,0.4225,35.49,2029,H1,Jan-Jun
Connor Esterhuizen,South Africa,Wicketkeeper,24.25,1.0,1,54.0,4.1917,1,0,642.92,61.55,100.13,0.0,0.0,0.0,51.8016,0.7043,51.45,2029,H1,Jan-Jun
Corbin Bosch,South Africa,Bowling All-Rounder,34.25,1.0,1,124.0,-0.4491,0,0,703.11,36.34,89.51,20.22,6.06,0.0,46.5764,0.0062,46.66,2029,H1,Jan-Jun
Dane Paterson,South Africa,Pace Bowler,38.25,0.0,0,98.0,-3.3207,0,1,8.99,7.33,82.14,6.15,6.6,0.0,18.6537,0.0071,18.86,2029,H1,Jan-Jun
Dane Piedt,South Africa,Spin Bowler,39.25,0.0,0,72.0,-2.2967,0,1,13.35,9.48,82.2,6.15,5.34,0.0,20.2805,0.013,20.59,2029,H1,Jan-Jun
Daniel Smith,South Africa,Wicketkeeper,28.25,1.0,1,71.0,2.9094,1,0,635.83,55.81,117.3,0.0,0.0,0.0,50.5417,0.4344,50.22,2029,H1,Jan-Jun
David Bedingham,South Africa,Middle Order Batter,35.25,0.9583,1,99.6667,0.6258,1,0,514.84,38.91,96.04,0.0,0.0,0.0,37.2628,0.395,36.58,2029,H1,Jan-Jun
David Miller,South Africa,Middle Order Batter,40.25,0.0,0,275.0,-5.5557,0,1,103.39,31.6,89.05,0.0,0.0,0.0,30.5721,0.013,30.91,2029,H1,Jan-Jun
Dayyaan Galiem,South Africa,Bowling All-Rounder,31.25,1.0,1,81.0,-0.4328,0,0,337.24,29.34,100.54,14.11,5.42,0.0,39.638,0.0078,39.66,2029,H1,Jan-Jun
Delano Potgieter,South Africa,Bowling All-Rounder,32.25,1.0,1,84.0,0.657,1,0,462.11,36.4,101.28,22.82,5.58,0.0,48.7332,0.0136,48.62,2029,H1,Jan-Jun
Dewald Brevis,South Africa,Middle Order Batter,26.25,1.0,1,131.0,2.9913,1,0,1639.43,54.81,119.79,11.44,5.13,0.0,60.5914,0.9689,57.49,2029,H1,Jan-Jun
Dian Forrester,South Africa,Batting All-Rounder,29.25,1.0,1,57.0,4.2028,1,0,895.29,48.44,110.47,12.15,5.4,0.0,53.2968,0.8824,52.64,2029,H1,Jan-Jun
Donovan Ferreira,South Africa,Batting All-Rounder,31.25,1.0,1,119.0,-1.0287,0,1,740.91,39.98,107.45,15.6,5.5,0.0,49.015,0.6534,48.98,2029,H1,Jan-Jun
Eathan Bosch,South Africa,Pace Bowler,31.25,1.0,1,102.0,-2.2423,0,1,70.34,12.11,99.83,24.25,5.4,0.0,33.4136,0.159,33.43,2029,H1,Jan-Jun
Gavin Kaplan,South Africa,Top Order Batter,31.25,1.0,1,60.0,3.8924,1,0,666.79,54.04,115.3,0.0,0.0,0.0,49.3296,0.8894,49.55,2029,H1,Jan-Jun
George Linde,South Africa,Bowling All-Rounder,37.25,0.0,0,127.0,-4.6609,0,1,92.11,22.61,82.88,8.13,5.52,0.0,29.4533,0.002,28.16,2029,H1,Jan-Jun
Gerald Coetzee,South Africa,Pace Bowler,28.25,1.0,1,108.0,-1.5111,0,1,65.15,13.45,109.45,36.96,4.93,0.0,41.9909,0.5598,41.68,2029,H1,Jan-Jun
Gideon Peters,South Africa,Pace Bowler,27.25,1.0,1,60.0,0.9374,1,0,103.75,14.69,105.98,29.21,5.22,0.0,38.419,0.6518,38.25,2029,H1,Jan-Jun
Heinrich Klaasen,South Africa,Wicketkeeper,38.25,0.0,0,225.0,-3.4191,0,1,255.93,44.34,105.42,0.0,0.0,0.0,40.8366,0.0081,40.07,2029,H1,Jan-Jun
Jason Smith,South Africa,Batting All-Rounder,34.25,1.0,1,104.0,0.4218,0,0,514.08,40.21,96.65,14.76,5.78,0.0,46.4875,0.4198,46.4,2029,H1,Jan-Jun
Jordan Hermann,South Africa,Top Order Batter,27.25,1.0,1,69.0,3.9414,1,0,781.03,62.13,116.89,0.0,0.0,0.0,54.7758,0.9533,54.22,2029,H1,Jan-Jun
Junaid Dawood,South Africa,Spin Bowler,27.25,1.0,1,55.0,1.0573,1,0,104.46,17.14,109.98,29.71,4.43,0.0,40.9572,0.8786,40.73,2029,H1,Jan-Jun
Junior Dala,South Africa,Pace Bowler,39.25,0.0,0,95.0,-3.8199,0,1,10.73,9.76,90.91,5.03,6.65,0.0,20.6694,0.0076,20.96,2029,H1,Jan-Jun
Kagiso Rabada,South Africa,Pace Bowler,34.25,0.9375,1,219.0,-6.9449,0,1,53.96,9.98,92.1,38.54,5.5,0.0,38.2533,0.6949,37.38,2029,H1,Jan-Jun
Keshav Maharaj,South Africa,Spin Bowler,39.25,0.0,0,152.0,-5.6797,0,1,43.59,16.54,83.44,9.05,5.1,0.0,26.3144,0.0231,25.97,2029,H1,Jan-Jun
Kwena Maphaka,South Africa,Pace Bowler,23.25,1.0,1,80.0,0.3083,0,0,144.94,20.67,109.58,35.0,5.08,0.0,45.5702,0.7148,45.43,2029,H1,Jan-Jun
Kyle Simmonds,South Africa,Spin Bowler,30.25,1.0,1,74.0,-0.1165,0,0,127.58,16.63,99.65,30.57,4.69,0.0,39.7262,0.7916,39.69,2029,H1,Jan-Jun
Kyle Verreynne,South Africa,Wicketkeeper,31.25,1.0,1,111.0,0.0833,0,0,495.75,42.11,104.37,0.0,0.0,0.0,40.1863,0.4044,40.2,2029,H1,Jan-Jun
Lesego Senokwane,South Africa,Top Order Batter,30.25,1.0,1,74.0,1.6623,1,0,514.29,46.99,112.46,0.0,0.0,0.0,44.2152,0.8289,44.29,2029,H1,Jan-Jun
Lesiba Ngoepe,South Africa,Middle Order Batter,33.25,1.0,1,74.0,1.1313,1,0,358.55,34.48,97.68,0.0,0.0,0.0,34.2819,0.6875,34.3,2029,H1,Jan-Jun
Lhuan-dre Pretorius,South Africa,Wicketkeeper,23.25,1.0,1,73.0,5.2704,1,0,1248.92,65.84,126.69,0.0,0.0,0.0,59.8625,0.9493,57.01,2029,H1,Jan-Jun
Lizaad Williams,South Africa,Pace Bowler,35.25,0.6875,1,108.5,-2.546,0,1,31.95,9.48,91.43,19.23,6.02,0.0,27.9301,0.0188,27.07,2029,H1,Jan-Jun
Lungi Ngidi,South Africa,Pace Bowler,33.25,1.0,1,163.0,-3.5797,0,1,66.63,12.36,89.25,36.66,5.96,0.0,38.2872,0.6235,38.13,2029,H1,Jan-Jun
Lutho Sipamla,South Africa,Pace Bowler,31.25,1.0,1,105.0,-2.0847,0,1,51.63,12.64,100.48,23.03,5.44,0.0,33.1245,0.1439,33.11,2029,H1,Jan-Jun
Marco Jansen,South Africa,Bowling All-Rounder,29.25,1.0,1,158.0,-4.5021,0,1,461.88,34.22,101.02,32.27,5.18,0.0,52.2724,0.0131,52.14,2029,H1,Jan-Jun
Matthew Boast,South Africa,Pace Bowler,28.25,1.0,1,57.0,0.8971,1,0,95.63,14.84,107.28,26.24,5.36,0.0,37.1085,0.5998,36.99,2029,H1,Jan-Jun
Matthew Breetzke,South Africa,Top Order Batter,30.25,1.0,1,128.0,1.1938,1,0,756.57,42.2,102.88,0.0,0.0,0.0,40.9424,0.8355,40.9,2029,H1,Jan-Jun
Meeka-eel Prince,South Africa,Wicketkeeper,24.25,1.0,1,64.0,3.0889,1,0,514.74,56.14,116.63,0.0,0.0,0.0,50.2386,0.4288,50.21,2029,H1,Jan-Jun
Mihlali Mpongwana,South Africa,Pace Bowler,29.25,1.0,1,78.0,-0.4075,0,0,76.3,14.44,107.13,30.06,5.12,0.0,38.7838,0.5878,38.67,2029,H1,Jan-Jun
Nandre Burger,South Africa,Pace Bowler,34.25,1.0,1,89.0,-0.6872,0,1,50.87,12.43,89.81,26.1,6.34,0.0,32.941,0.1516,32.97,2029,H1,Jan-Jun
Nqaba Peter,South Africa,Spin Bowler,28.25,1.0,1,77.0,0.4825,0,0,137.74,20.56,105.21,38.07,4.44,0.0,46.7141,0.9018,46.55,2029,H1,Jan-Jun
Nqobani Mokoena,South Africa,Pace Bowler,23.25,1.0,1,55.0,5.4474,1,0,278.28,29.62,116.52,52.04,4.72,0.0,60.9977,0.9655,57.11,2029,H1,Jan-Jun
Ottneil Baartman,South Africa,Pace Bowler,36.25,0.4375,1,84.0,-1.8824,0,1,26.63,10.3,89.09,14.85,6.02,0.0,25.8973,0.0081,25.34,2029,H1,Jan-Jun
Patrick Kruger,South Africa,Bowling All-Rounder,33.25,1.0,1,94.0,-0.148,0,0,359.88,32.12,91.18,19.42,6.11,0.0,42.6701,0.0073,42.69,2029,H1,Jan-Jun
Prenelan Subrayen,South Africa,Spin Bowler,35.25,0.7917,1,91.3333,-1.6344,0,1,132.03,20.04,87.6,25.94,5.14,0.0,37.7419,0.2286,37.38,2029,H1,Jan-Jun
Quinton de Kock,South Africa,Wicketkeeper,36.25,0.0,0,250.0,-4.8246,0,1,61.71,32.25,94.26,0.0,0.0,0.0,31.4885,0.0044,32.01,2029,H1,Jan-Jun
Rassie van der Dussen,South Africa,Top Order Batter,40.25,0.0,0,190.0,-3.5451,0,1,146.91,37.92,85.19,0.0,0.0,0.0,34.0146,0.0252,34.92,2029,H1,Jan-Jun
Reeza Hendricks,South Africa,Top Order Batter,40.25,0.0,0,184.0,-3.3918,0,1,134.31,29.4,91.63,0.0,0.0,0.0,29.6905,0.0312,30.33,2029,H1,Jan-Jun
Rubin Hermann,South Africa,Wicketkeeper,29.25,1.0,1,87.0,2.683,1,0,920.91,58.33,115.07,0.0,0.0,0.0,52.7429,0.6891,52.68,2029,H1,Jan-Jun
Ryan Rickelton,South Africa,Wicketkeeper,33.25,1.0,1,147.0,-0.2583,0,0,868.59,48.23,107.67,0.0,0.0,0.0,45.5571,0.4162,45.49,2029,H1,Jan-Jun
Senuran Muthusamy,South Africa,Bowling All-Rounder,34.25,1.0,1,117.0,-1.3072,0,1,378.96,31.22,96.05,22.56,4.98,0.0,44.7299,0.0079,44.56,2029,H1,Jan-Jun
Shaun von Berg,South Africa,Spin Bowler,42.25,0.0,0,87.0,-2.6744,0,1,17.97,15.12,85.51,7.46,4.84,0.0,24.9333,0.0159,24.77,2029,H1,Jan-Jun
Simon Harmer,South Africa,Spin Bowler,40.25,0.0,0,108.0,-3.8807,0,1,39.68,14.43,80.95,8.84,5.13,0.0,24.6001,0.0181,24.61,2029,H1,Jan-Jun
Sinethemba Qeshile,South Africa,Wicketkeeper,29.25,1.0,1,93.0,0.8262,1,0,486.62,38.89,101.34,0.0,0.0,0.0,37.8351,0.3321,37.87,2029,H1,Jan-Jun
Tabraiz Shamsi,South Africa,Spin Bowler,39.25,0.0,0,184.0,-6.4828,0,1,28.41,13.29,90.26,13.38,4.89,0.0,27.4445,0.026,26.77,2029,H1,Jan-Jun
Temba Bavuma,South Africa,Top Order Batter,39.25,0.0,0,103.0,-0.9287,0,1,68.32,25.78,81.86,0.0,0.0,0.0,26.0387,0.0289,25.89,2029,H1,Jan-Jun
Tony de Zorzi,South Africa,Top Order Batter,32.25,1.0,1,102.0,0.4521,0,0,425.54,34.7,94.35,0.0,0.0,0.0,34.2155,0.6535,34.25,2029,H1,Jan-Jun
Tristan Stubbs,South Africa,Middle Order Batter,28.25,1.0,1,131.0,1.9388,1,0,1121.8,56.69,117.41,9.31,5.32,0.0,58.5055,0.9547,57.45,2029,H1,Jan-Jun
Tshepo Moreki,South Africa,Pace Bowler,34.25,1.0,1,87.0,-1.1792,0,1,68.39,11.87,94.42,23.42,5.96,0.0,31.9967,0.0555,32.04,2029,H1,Jan-Jun
Wiaan Mulder,South Africa,Batting All-Rounder,31.25,1.0,1,142.0,-2.0186,0,1,619.28,38.1,98.85,23.21,5.31,0.0,50.2555,0.7386,50.2,2029,H1,Jan-Jun
Ahan Wickramasinghe,Sri Lanka,Middle Order Batter,27.25,1.0,1,67.0,-0.3501,0,0,184.28,25.7,90.1,0.0,0.0,0.0,27.4467,0.1674,27.92,2029,H1,Jan-Jun
Akhila Dananjaya,Sri Lanka,Spin Bowler,35.25,0.9375,1,79.0,-0.0081,0,0,79.55,14.87,61.72,20.5,6.12,0.0,28.1233,0.2946,28.06,2029,H1,Jan-Jun
Ashian Daniel,Sri Lanka,Spin Bowler,28.25,1.0,1,75.0,-0.0191,0,0,106.53,19.24,70.68,18.11,6.17,0.0,30.7719,0.546,30.81,2029,H1,Jan-Jun
Asitha Fernando,Sri Lanka,Pace Bowler,33.25,1.0,1,75.0,0.5009,1,0,76.63,15.52,62.8,38.77,6.26,0.0,37.8094,0.9651,37.7,2029,H1,Jan-Jun
Bhanuka Rajapaksa,Sri Lanka,Middle Order Batter,37.25,0.55,1,58.0,0.3092,0,0,203.58,31.17,78.81,0.0,0.0,0.0,29.3419,0.0363,30.24,2029,H1,Jan-Jun
Binura Fernando,Sri Lanka,Pace Bowler,34.25,1.0,1,75.0,0.1806,0,0,90.27,13.84,62.5,24.03,6.94,0.0,29.2501,0.2654,29.11,2029,H1,Jan-Jun
Chamika Karunaratne,Sri Lanka,Bowling All-Rounder,33.25,1.0,1,94.0,-0.9644,0,1,410.58,29.92,76.78,15.49,6.36,0.0,37.6389,0.0273,37.76,2029,H1,Jan-Jun
Chamindu Wickramasinghe,Sri Lanka,Bowling All-Rounder,27.25,1.0,1,52.0,0.4136,0,0,247.78,30.1,88.69,7.02,6.18,0.0,34.4946,0.8125,34.49,2029,H1,Jan-Jun
Chamindu Wijesinghe,Sri Lanka,Batting All-Rounder,27.25,1.0,1,59.0,-0.9092,0,1,71.29,19.14,80.13,5.27,5.57,0.0,25.4937,0.0127,25.58,2029,H1,Jan-Jun
Charith Asalanka,Sri Lanka,Middle Order Batter,32.25,1.0,0,94.0,-0.8353,0,1,622.19,42.39,80.66,0.0,0.0,0.0,37.7411,0.9196,37.81,2029,H1,Jan-Jun
Dasun Shanaka,Sri Lanka,Batting All-Rounder,38.25,0.35,1,48.8,-1.3389,0,1,120.68,25.27,71.21,5.15,7.16,0.0,27.7805,0.0025,27.24,2029,H1,Jan-Jun
Dhananjaya Lakshan,Sri Lanka,Bowling All-Rounder,31.25,1.0,1,89.0,-2.8309,0,1,190.3,27.96,77.85,17.16,6.29,0.0,36.7029,0.0268,36.76,2029,H1,Jan-Jun
Dhananjaya de Silva,Sri Lanka,Batting All-Rounder,38.25,0.4583,1,56.6667,-0.406,0,0,331.58,35.06,71.55,5.01,6.78,0.0,34.4151,0.0114,34.02,2029,H1,Jan-Jun
Dilshan Madushanka,Sri Lanka,Pace Bowler,28.25,1.0,0,89.0,-0.6199,0,1,107.67,16.58,70.02,25.02,5.8,0.0,32.6668,0.7306,32.63,2029,H1,Jan-Jun
Sachindu Colombage,Sri Lanka,Spin Bowler,28.25,1.0,1,82.0,-0.0663,0,0,101.23,15.35,70.38,18.55,5.57,0.0,28.7583,0.4225,28.62,2029,H1,Jan-Jun
Dinesh Chandimal,Sri Lanka,Wicketkeeper,39.25,0.2917,1,64.3333,1.0224,1,0,328.95,40.65,78.55,0.0,0.0,0.0,35.4221,0.0179,36.2,2029,H1,Jan-Jun
Dulaj Samuditha,Sri Lanka,Bowling All-Rounder,27.25,1.0,1,58.0,-1.9007,0,1,78.6,14.23,76.21,2.98,5.91,0.0,20.827,0.0096,21.1,2029,H1,Jan-Jun
Dulnith Sigera,Sri Lanka,Batting All-Rounder,22.25,1.0,1,58.0,-1.6962,0,1,91.44,17.28,94.62,4.59,5.25,0.0,26.0632,0.0297,26.04,2029,H1,Jan-Jun
Dunith Wellalage,Sri Lanka,Bowling All-Rounder,26.25,1.0,1,59.0,4.5432,1,0,524.24,38.34,92.08,67.14,5.25,0.0,71.3438,0.9861,57.62,2029,H1,Jan-Jun
Dushan Hemantha,Sri Lanka,Bowling All-Rounder,34.25,1.0,1,74.0,-1.4072,0,1,370.12,30.73,73.24,7.51,6.98,0.0,33.3897,0.0119,33.47,2029,H1,Jan-Jun
Dushmantha Chameera,Sri Lanka,Pace Bowler,37.25,0.4375,1,61.0,-1.3421,0,1,89.42,16.42,64.11,9.58,7.08,0.0,23.6996,0.0159,23.73,2029,H1,Jan-Jun
Eshan Malinga,Sri Lanka,Pace Bowler,27.25,1.0,1,55.0,-1.1498,0,1,114.17,18.29,73.03,1.42,5.97,0.0,22.1741,0.1098,22.43,2029,H1,Jan-Jun
Garuka Sanketh,Sri Lanka,Pace Bowler,27.25,1.0,1,53.0,0.0477,0,0,54.99,14.6,77.38,14.1,5.23,0.0,26.9116,0.0745,26.91,2029,H1,Jan-Jun
Isitha Wijesundera,Sri Lanka,Pace Bowler,27.25,1.0,1,53.0,-0.0173,0,0,18.91,16.67,71.08,0.0,0.0,0.0,19.0222,0.1144,19.35,2029,H1,Jan-Jun
Janishka Perera,Sri Lanka,Top Order Batter,28.25,1.0,1,54.0,-0.4691,0,0,116.08,19.47,82.1,0.0,0.0,0.0,22.4498,0.1833,22.65,2029,H1,Jan-Jun
Janith Liyanage,Sri Lanka,Batting All-Rounder,33.25,1.0,1,78.0,-0.3423,0,0,443.47,37.42,77.19,14.73,6.44,0.0,41.9012,0.4445,41.81,2029,H1,Jan-Jun
Jeffrey Vandersay,Sri Lanka,Spin Bowler,39.25,0.0,0,47.0,-1.0743,0,1,5.25,13.79,63.67,5.15,6.09,0.0,19.7494,0.0075,20.06,2029,H1,Jan-Jun
Viran Chamuditha,Sri Lanka,Top Order Batter,28.25,1.0,1,76.0,-0.4688,0,0,504.23,41.24,90.53,0.0,0.0,0.0,37.9156,0.7211,37.88,2029,H1,Jan-Jun
Kamindu Mendis,Sri Lanka,Batting All-Rounder,30.25,1.0,1,96.0,-0.8904,0,1,544.98,44.4,88.98,27.62,5.88,0.0,54.5699,0.8544,54.08,2029,H1,Jan-Jun
Kasun Rajitha,Sri Lanka,Pace Bowler,36.25,0.6875,1,63.5,0.4998,0,0,96.69,20.62,64.05,13.36,6.26,0.0,28.3014,0.0667,27.39,2029,H1,Jan-Jun
Kavija Gamage,Sri Lanka,Spin Bowler,22.25,1.0,1,81.0,-0.6212,0,1,116.57,15.59,74.46,12.75,5.75,0.0,26.5088,0.3821,26.54,2029,H1,Jan-Jun
Keshara Nuwantha,Sri Lanka,Bowling All-Rounder,27.25,1.0,1,60.0,0.3469,0,0,176.58,25.5,88.22,0.0,0.0,0.0,27.0588,0.0124,27.44,2029,H1,Jan-Jun
Kusal Mendis,Sri Lanka,Wicketkeeper,34.25,1.0,1,132.0,-1.0759,0,1,946.09,41.66,81.59,0.0,0.0,0.0,38.5326,0.8991,38.55,2029,H1,Jan-Jun
Kusal Perera,Sri Lanka,Wicketkeeper,39.25,0.0,0,64.0,-1.1317,0,1,110.25,32.45,79.15,0.0,0.0,0.0,29.8333,0.0024,30.23,2029,H1,Jan-Jun
Lahiru Kumara,Sri Lanka,Pace Bowler,32.25,1.0,1,76.0,-1.3159,0,1,145.24,16.97,66.1,2.99,6.44,0.0,21.2816,0.198,21.59,2029,H1,Jan-Jun
Lahiru Udara,Sri Lanka,Wicketkeeper,35.25,0.6875,1,77.5,-1.5651,0,1,240.81,34.9,78.5,0.0,0.0,0.0,31.6661,0.0152,32.33,2029,H1,Jan-Jun
Lasith Croospulle,Sri Lanka,Top Order Batter,30.25,1.0,1,91.0,1.5796,1,0,822.5,46.76,85.76,0.0,0.0,0.0,41.7028,0.9522,41.68,2029,H1,Jan-Jun
M Shiraz,Sri Lanka,Pace Bowler,34.25,0.9375,1,76.0,-1.5395,0,1,51.36,12.84,65.33,8.8,6.7,0.0,21.2572,0.1125,21.3,2029,H1,Jan-Jun
MNK Fernando,Sri Lanka,Top Order Batter,30.25,1.0,1,78.0,-1.1334,0,1,25.86,14.52,69.34,19.87,5.99,0.0,28.4226,0.2629,28.28,2029,H1,Jan-Jun
Maheesh Theekshana,Sri Lanka,Spin Bowler,28.25,1.0,1,84.0,3.671,1,0,168.96,20.91,76.94,88.39,5.4,0.0,68.3845,0.993,57.39,2029,H1,Jan-Jun
Mateesha Pathirana,Sri Lanka,Pace Bowler,26.25,1.0,1,53.0,-0.8798,0,1,18.76,16.54,70.55,4.21,5.92,0.0,21.8967,0.3001,22.09,2029,H1,Jan-Jun
Milan Rathnayake,Sri Lanka,Bowling All-Rounder,32.25,1.0,1,94.0,0.2057,0,0,767.5,41.85,88.19,14.94,5.81,0.0,47.3349,0.0151,47.24,2029,H1,Jan-Jun
Nipun Dhananjaya,Sri Lanka,Middle Order Batter,28.25,1.0,1,94.0,0.624,1,0,608.67,35.35,83.31,0.0,0.0,0.0,33.8142,0.5134,33.83,2029,H1,Jan-Jun
Niroshan Dickwella,Sri Lanka,Wicketkeeper,36.25,0.0,0,70.0,-2.441,0,1,59.3,28.93,76.73,0.0,0.0,0.0,27.2373,0.0018,27.66,2029,H1,Jan-Jun
Nishan Madushka,Sri Lanka,Wicketkeeper,29.25,1.0,1,83.0,-0.2222,0,0,335.5,32.98,85.18,0.0,0.0,0.0,31.6976,0.1322,31.78,2029,H1,Jan-Jun
Nishan Peiris,Sri Lanka,Pace Bowler,32.25,1.0,1,86.0,-0.0328,0,0,8.55,14.96,63.79,0.0,0.0,0.0,17.0248,0.1444,17.71,2029,H1,Jan-Jun
Nuwan Thushara,Sri Lanka,Pace Bowler,33.25,1.0,1,88.0,-1.7708,0,1,34.11,10.51,61.67,18.32,6.94,0.0,24.0792,0.1819,24.0,2029,H1,Jan-Jun
Oshada Fernando,Sri Lanka,Top Order Batter,37.25,0.25,1,61.0,-0.3358,0,0,160.83,25.38,66.82,0.0,0.0,0.0,24.1834,0.0135,24.02,2029,H1,Jan-Jun
Pasindu Sooriyabandara,Sri Lanka,Top Order Batter,26.25,1.0,1,60.0,0.2286,0,0,290.17,34.79,93.66,0.0,0.0,0.0,33.717,0.5228,33.79,2029,H1,Jan-Jun
Pathum Nissanka,Sri Lanka,Top Order Batter,31.25,1.0,1,129.0,-4.2667,0,1,561.68,52.18,92.74,0.0,0.0,0.0,44.9557,0.9345,44.97,2029,H1,Jan-Jun
Pavan Rathnayake,Sri Lanka,Middle Order Batter,27.25,1.0,1,47.0,2.629,1,0,543.92,59.4,105.23,0.0,0.0,0.0,50.8285,0.9526,51.38,2029,H1,Jan-Jun
Prabath Jayasuriya,Sri Lanka,Spin Bowler,37.25,0.0,0,45.0,-2.3893,0,1,5.36,12.76,65.03,2.67,6.01,0.0,18.0774,0.0079,18.51,2029,H1,Jan-Jun
Pramod Madushan,Sri Lanka,Pace Bowler,35.25,0.9167,1,60.3333,-0.3121,0,0,60.16,12.78,61.15,8.65,7.38,0.0,20.5176,0.0796,20.73,2029,H1,Jan-Jun
Ramesh Mendis,Sri Lanka,Bowling All-Rounder,34.25,1.0,1,79.0,-0.2337,0,0,428.56,29.33,74.47,7.88,6.5,0.0,33.1881,0.0144,33.19,2029,H1,Jan-Jun
Ravindu Fernando,Sri Lanka,Batting All-Rounder,27.25,1.0,1,57.0,-0.5682,0,1,133.46,20.33,80.92,6.34,6.05,0.0,26.935,0.0364,27.11,2029,H1,Jan-Jun
Ravindu Rasantha,Sri Lanka,Top Order Batter,28.25,1.0,1,91.0,-0.0404,0,0,641.83,36.2,85.84,0.0,0.0,0.0,34.7626,0.6924,34.83,2029,H1,Jan-Jun
Sadeera Samarawickrama,Sri Lanka,Wicketkeeper,32.25,1.0,1,99.0,-1.3263,0,1,399.82,34.08,80.4,0.0,0.0,0.0,31.9633,0.1849,32.03,2029,H1,Jan-Jun
Sahan Kosala,Sri Lanka,Middle Order Batter,28.25,1.0,1,94.0,-0.0947,0,0,508.08,35.71,82.86,0.0,0.0,0.0,33.6276,0.5215,33.73,2029,H1,Jan-Jun
Sohan de Livera,Sri Lanka,Top Order Batter,29.25,1.0,1,56.0,0.4655,0,0,172.33,25.62,82.37,0.0,0.0,0.0,26.3646,0.2491,26.68,2029,H1,Jan-Jun
Sonal Dinusha,Sri Lanka,Batting All-Rounder,28.25,1.0,1,76.0,-2.6451,0,1,291.86,29.67,78.82,5.58,6.31,0.0,32.3652,0.1127,32.47,2029,H1,Jan-Jun
Tharindu Ratnayake,Sri Lanka,Bowling All-Rounder,33.25,1.0,1,101.0,1.1736,1,0,741.69,43.75,80.6,0.0,0.0,0.0,38.9583,0.0301,38.92,2029,H1,Jan-Jun
Traveen Mathew,Sri Lanka,Spin Bowler,28.25,1.0,1,72.0,0.8117,1,0,32.64,11.52,68.02,40.82,5.71,0.0,37.0989,0.8889,36.99,2029,H1,Jan-Jun
V Viyaskanth,Sri Lanka,Spin Bowler,28.25,1.0,1,73.0,0.9241,1,0,77.46,14.61,69.9,39.15,5.94,0.0,38.4461,0.945,38.25,2029,H1,Jan-Jun
Vimath Dinsara,Sri Lanka,Top Order Batter,23.25,1.0,1,66.0,-1.3131,0,1,46.77,20.72,90.04,0.0,0.0,0.0,23.9819,0.1778,24.1,2029,H1,Jan-Jun
Vishad Randika,Sri Lanka,Top Order Batter,32.25,1.0,1,80.0,0.9009,1,0,507.67,37.08,82.88,0.0,0.0,0.0,34.4502,0.6597,34.5,2029,H1,Jan-Jun
Vishen Halambage,Sri Lanka,Top Order Batter,24.25,1.0,1,60.0,-0.6052,0,1,124.23,18.73,90.14,0.0,0.0,0.0,23.067,0.1043,23.37,2029,H1,Jan-Jun
Vishwa Fernando,Sri Lanka,Pace Bowler,37.25,0.25,1,51.0,-0.165,0,0,51.66,17.9,65.82,6.73,6.87,0.0,23.2802,0.0114,23.45,2029,H1,Jan-Jun
Wanindu Hasaranga,Sri Lanka,Bowling All-Rounder,32.25,1.0,1,116.0,0.1586,0,0,1257.84,47.4,88.75,27.56,5.43,0.0,58.8754,0.0691,57.27,2029,H1,Jan-Jun
Ackeem Auguste,West Indies,Top Order Batter,26.25,1.0,1,44.0,2.5512,1,0,444.46,46.37,101.16,0.0,0.0,0.0,42.1524,0.8425,42.27,2029,H1,Jan-Jun
Akeal Hosein,West Indies,Spin Bowler,36.25,0.25,1,73.0,-1.9037,0,1,5.74,11.08,74.06,1.82,5.79,0.0,17.8593,0.054,18.36,2029,H1,Jan-Jun
Alick Athanaze,West Indies,Top Order Batter,30.25,1.0,1,68.0,0.8484,1,0,180.33,40.73,94.67,0.0,0.0,0.0,37.032,0.7372,37.15,2029,H1,Jan-Jun
Alzarri Joseph,West Indies,Pace Bowler,33.25,1.0,1,100.0,-2.2498,0,1,4.02,5.41,74.21,3.95,6.89,0.0,15.3026,0.1088,16.07,2029,H1,Jan-Jun
Amari Goodridge,West Indies,Pace Bowler,26.25,1.0,1,36.0,0.7323,1,0,55.3,11.79,94.29,5.83,5.91,0.0,23.0423,0.3079,23.24,2029,H1,Jan-Jun
Amir Jangoo,West Indies,Wicketkeeper,32.25,1.0,1,50.0,2.8354,1,0,519.73,47.5,105.43,0.0,0.0,0.0,43.6364,0.3564,43.62,2029,H1,Jan-Jun
Andre Fletcher,West Indies,Wicketkeeper,41.25,0.0,0,21.0,-0.3337,0,0,14.55,19.72,83.97,0.0,0.0,0.0,22.4921,0.0022,22.84,2029,H1,Jan-Jun
Andre Russell,West Indies,Bowling All-Rounder,41.25,0.0,0,87.0,-3.0009,0,1,0.0,11.01,74.56,0.12,7.36,0.0,16.6812,0.0012,17.37,2029,H1,Jan-Jun
Brandon King,West Indies,Top Order Batter,34.25,1.0,1,77.0,0.0426,0,0,118.43,31.08,87.16,0.0,0.0,0.0,30.0691,0.2384,30.1,2029,H1,Jan-Jun
Carlon Tuckett,West Indies,Pace Bowler,23.25,1.0,1,37.0,1.1085,1,0,68.47,15.92,103.63,8.49,5.25,0.0,28.2905,0.5834,28.27,2029,H1,Jan-Jun
Evin Lewis,West Indies,Top Order Batter,38.25,0.1875,1,95.5,-0.1861,0,0,28.19,30.03,103.56,0.0,0.0,0.0,31.2374,0.0254,31.43,2029,H1,Jan-Jun
Fabian Allen,West Indies,Bowling All-Rounder,34.25,1.0,1,75.0,-1.2591,0,1,21.81,19.72,93.11,1.56,7.32,0.0,25.0932,0.0056,25.25,2029,H1,Jan-Jun
Giavonte Depeiza,West Indies,Top Order Batter,24.25,1.0,1,38.0,2.6938,1,0,189.88,46.67,114.58,0.0,0.0,0.0,43.1842,0.8247,43.34,2029,H1,Jan-Jun
Gudakesh Motie,West Indies,Spin Bowler,34.25,0.9583,1,83.6667,-1.9101,0,1,0.0,9.18,84.98,5.16,5.25,0.0,19.9418,0.8007,20.09,2029,H1,Jan-Jun
Hayden Walsh Jr,West Indies,Spin Bowler,37.25,0.1875,1,51.5,-1.7845,0,1,0.0,0.0,81.13,0.0,6.98,0.0,10.9287,0.054,11.17,2029,H1,Jan-Jun
Jason Holder,West Indies,Bowling All-Rounder,37.25,0.1875,1,176.5,-2.9626,0,1,0.0,13.81,82.79,0.31,7.12,0.0,19.5534,0.0012,19.87,2029,H1,Jan-Jun
Jayden Seales,West Indies,Pace Bowler,27.25,1.0,1,74.0,-1.3438,0,1,0.65,4.15,91.41,6.72,5.56,0.0,18.4462,0.5528,18.58,2029,H1,Jan-Jun
Jediah Blades,West Indies,Pace Bowler,25.25,1.0,1,41.0,0.369,0,0,51.39,11.5,102.11,4.32,5.54,0.0,23.1989,0.529,23.33,2029,H1,Jan-Jun
Jewel Andrew,West Indies,Wicketkeeper,22.25,1.0,1,44.0,4.1871,1,0,397.12,62.36,117.46,0.0,0.0,0.0,53.6716,0.7895,53.99,2029,H1,Jan-Jun
Johann Jeremiah,West Indies,Top Order Batter,23.25,1.0,1,39.0,2.6562,1,0,267.04,42.2,109.79,0.0,0.0,0.0,40.153,0.8148,40.2,2029,H1,Jan-Jun
Johann Layne,West Indies,Pace Bowler,26.25,1.0,1,47.0,-0.6077,0,1,0.0,0.0,0.0,2.43,5.55,0.0,2.054,0.0087,1.5,2029,H1,Jan-Jun
John Campbell,West Indies,Top Order Batter,35.25,1.0,1,74.0,2.1906,1,0,210.86,51.77,90.24,0.0,0.0,0.0,43.1867,0.7863,43.34,2029,H1,Jan-Jun
Johnson Charles,West Indies,Top Order Batter,40.25,0.0,0,72.0,-0.8618,0,1,0.0,14.88,93.34,0.0,0.0,0.0,20.7442,0.032,21.17,2029,H1,Jan-Jun
Joshua Da Silva,West Indies,Wicketkeeper,31.25,1.0,1,65.0,0.1758,0,0,0.0,36.1,87.16,0.0,0.0,0.0,32.6732,0.0988,32.65,2029,H1,Jan-Jun
Justin Greaves,West Indies,Batting All-Rounder,34.25,1.0,1,62.0,2.7268,1,0,540.24,43.47,97.37,4.97,6.58,0.0,43.5092,0.5099,43.61,2029,H1,Jan-Jun
Kavem Hodge,West Indies,Batting All-Rounder,36.25,0.9583,1,55.6667,2.5688,1,0,287.41,47.88,98.66,5.09,6.54,0.0,45.5214,0.6767,44.57,2029,H1,Jan-Jun
Keacy Carty,West Indies,Middle Order Batter,32.25,1.0,1,80.0,1.9427,1,0,567.21,53.06,107.89,0.0,0.0,0.0,47.4488,0.8573,47.19,2029,H1,Jan-Jun
Kelvin Pittman,West Indies,Pace Bowler,27.25,1.0,1,36.0,1.2564,1,0,54.74,12.88,87.91,8.09,6.14,0.0,23.9563,0.2682,24.06,2029,H1,Jan-Jun
Kemar Paul,West Indies,Bowling All-Rounder,31.25,1.0,1,57.0,-0.1916,0,0,70.83,19.41,113.13,4.55,6.05,0.0,29.4058,0.0218,29.24,2029,H1,Jan-Jun
Keron Gore,West Indies,Pace Bowler,33.25,1.0,1,38.0,0.4278,0,0,48.98,10.02,82.56,5.1,6.77,0.0,19.8953,0.0919,20.1,2029,H1,Jan-Jun
Kevlon Anderson,West Indies,Top Order Batter,23.25,1.0,1,41.0,2.8498,1,0,288.25,45.54,112.76,0.0,0.0,0.0,42.6099,0.8413,42.57,2029,H1,Jan-Jun
Kirk McKenzie,West Indies,Middle Order Batter,28.25,1.0,1,51.0,1.9603,1,0,347.47,38.17,97.56,0.0,0.0,0.0,36.441,0.7254,36.5,2029,H1,Jan-Jun
Kraigg Brathwaite,West Indies,Top Order Batter,36.25,0.6875,1,141.5,-0.6135,0,1,0.0,29.27,61.87,0.0,0.0,0.0,25.3288,0.0924,24.69,2029,H1,Jan-Jun
Kyle Mayers,West Indies,Batting All-Rounder,36.25,0.5833,1,57.6667,-0.9681,0,1,14.87,27.91,95.53,1.95,6.84,0.0,30.5717,0.0042,30.39,2029,H1,Jan-Jun
Marlon Mindley,West Indies,Pace Bowler,32.25,1.0,1,38.0,0.5152,1,0,47.3,10.38,90.32,5.05,6.25,0.0,21.1855,0.2528,21.38,2029,H1,Jan-Jun
Matthew Forde,West Indies,Bowling All-Rounder,27.25,1.0,1,67.0,1.3953,1,0,279.23,54.03,115.41,10.46,5.76,0.0,54.2194,0.0271,54.12,2029,H1,Jan-Jun
Mavendra Dindyal,West Indies,Middle Order Batter,23.25,1.0,1,41.0,2.9096,1,0,317.53,50.8,117.15,0.0,0.0,0.0,46.428,0.8813,46.34,2029,H1,Jan-Jun
Mbeki Joseph,West Indies,Pace Bowler,26.25,1.0,1,36.0,0.8249,1,0,49.84,10.92,91.43,6.03,5.96,0.0,22.2227,0.2482,22.3,2029,H1,Jan-Jun
Mikyle Louis,West Indies,Middle Order Batter,28.25,1.0,1,50.0,2.9589,1,0,439.31,44.9,101.23,0.0,0.0,0.0,41.2623,0.8377,41.18,2029,H1,Jan-Jun
Nathan Edward,West Indies,Pace Bowler,27.25,1.0,1,38.0,0.6986,1,0,46.33,10.52,95.45,7.29,5.75,0.0,23.1758,0.3512,23.31,2029,H1,Jan-Jun
Navin Bidaisee,West Indies,Middle Order Batter,29.25,1.0,1,43.0,1.4305,1,0,166.27,26.17,92.7,0.0,0.0,0.0,28.0008,0.359,28.55,2029,H1,Jan-Jun
Nicholas Pooran,West Indies,Wicketkeeper,33.25,1.0,1,127.0,0.2079,0,0,293.26,45.07,114.4,0.0,0.0,0.0,42.556,0.4104,42.49,2029,H1,Jan-Jun
Obed McCoy,West Indies,Pace Bowler,32.25,1.0,1,49.0,-1.0708,0,1,6.72,3.33,85.33,0.24,6.81,0.0,13.6403,0.0254,13.91,2029,H1,Jan-Jun
Ramon Simmonds,West Indies,Pace Bowler,27.25,1.0,1,40.0,0.7937,1,0,54.8,12.38,93.24,8.38,5.79,0.0,24.5743,0.4228,24.67,2029,H1,Jan-Jun
Renico Smith,West Indies,Middle Order Batter,25.25,1.0,1,37.0,2.54,1,0,211.37,39.77,110.35,0.0,0.0,0.0,38.5773,0.664,38.55,2029,H1,Jan-Jun
Rivaldo Clarke,West Indies,Wicketkeeper,27.25,1.0,1,43.0,2.9461,1,0,250.67,48.56,108.11,0.0,0.0,0.0,43.6944,0.2668,43.62,2029,H1,Jan-Jun
Romario Shepherd,West Indies,Bowling All-Rounder,34.25,1.0,1,81.0,-1.2265,0,1,108.15,27.73,103.19,2.95,7.83,0.0,32.1082,0.0079,32.03,2029,H1,Jan-Jun
Roston Chase,West Indies,Batting All-Rounder,37.25,0.0,0,67.0,0.7246,1,0,141.18,47.17,88.25,2.41,6.52,0.0,41.9119,0.0287,40.81,2029,H1,Jan-Jun
Rovman Powell,West Indies,Batting All-Rounder,35.25,0.9167,1,85.3333,-1.2927,0,1,19.98,23.6,101.47,1.08,7.87,0.0,28.1615,0.0127,28.19,2029,H1,Jan-Jun
Shai Hope,West Indies,Wicketkeeper,35.25,0.9583,1,131.6667,0.0626,0,0,469.98,48.51,96.12,0.0,0.0,0.0,42.8753,0.418,42.35,2029,H1,Jan-Jun
Shamar Joseph,West Indies,Pace Bowler,29.25,1.0,1,57.0,-0.7346,0,1,7.75,5.52,84.99,6.85,5.49,0.0,18.5528,0.4159,18.78,2029,H1,Jan-Jun
Shamyl Springer,West Indies,Batting All-Rounder,28.25,1.0,1,50.0,2.7512,1,0,317.4,42.76,103.47,4.83,6.33,0.0,43.0861,0.4913,43.09,2029,H1,Jan-Jun
Shaqkere Parris,West Indies,Middle Order Batter,22.25,1.0,1,41.0,3.2173,1,0,332.27,52.99,117.11,0.0,0.0,0.0,47.7865,0.9151,47.84,2029,H1,Jan-Jun
Sherfane Rutherford,West Indies,Batting All-Rounder,30.25,1.0,1,70.0,2.552,1,0,462.85,63.01,122.59,4.99,6.42,0.0,58.2435,0.9608,57.37,2029,H1,Jan-Jun
Shimron Hetmyer,West Indies,Middle Order Batter,32.25,1.0,1,102.0,1.5711,1,0,273.2,49.96,104.52,0.0,0.0,0.0,44.1498,0.9023,44.18,2029,H1,Jan-Jun
Tagenarine Chanderpaul,West Indies,Top Order Batter,32.25,1.0,1,44.0,1.0064,1,0,93.84,20.19,81.05,0.0,0.0,0.0,22.6704,0.2741,22.89,2029,H1,Jan-Jun
Tevin Imlach,West Indies,Wicketkeeper,32.25,1.0,1,43.0,1.2735,1,0,141.57,22.39,89.96,0.0,0.0,0.0,25.2978,0.0571,25.51,2029,H1,Jan-Jun
Trevon Hinds,West Indies,Batting All-Rounder,30.25,1.0,1,44.0,2.2999,1,0,282.28,32.38,98.53,4.45,6.64,0.0,35.8512,0.0956,35.87,2029,H1,Jan-Jun
Voight Lawes,West Indies,Spin Bowler,23.25,1.0,1,35.0,0.6247,1,0,59.23,13.22,97.94,3.44,6.16,0.0,23.1181,0.7048,23.28,2029,H1,Jan-Jun
Zishan Motara,West Indies,Pace Bowler,23.25,1.0,1,35.0,0.8771,1,0,61.32,13.13,100.29,6.9,5.73,0.0,25.2228,0.6082,25.34,2029,H1,Jan-Jun
Ainsley Ndlovu,Zimbabwe,Middle Order Batter,30.25,1.0,1,38.0,1.5204,1,0,216.73,35.9,91.05,0.0,0.0,0.0,33.7956,0.6612,33.83,2029,H1,Jan-Jun
Antum Naqvi,Zimbabwe,Batting All-Rounder,29.25,1.0,1,54.0,2.2367,1,0,504.89,46.99,115.4,5.46,5.53,0.0,48.3161,0.7876,48.18,2029,H1,Jan-Jun
Ben Curran,Zimbabwe,Top Order Batter,33.25,1.0,1,55.0,1.9872,1,0,278.87,44.61,89.41,0.0,0.0,0.0,39.0201,0.9066,39.06,2029,H1,Jan-Jun
Blessing Muzarabani,Zimbabwe,Pace Bowler,33.25,1.0,1,113.0,-0.455,0,0,12.64,8.28,90.69,6.28,6.35,0.0,20.4523,0.1973,20.54,2029,H1,Jan-Jun
Brad Evans,Zimbabwe,Bowling All-Rounder,32.25,1.0,1,68.0,-0.3882,0,0,123.67,32.11,94.87,3.21,5.99,0.0,34.1952,0.0064,34.19,2029,H1,Jan-Jun
Brandon Mavuta,Zimbabwe,Spin Bowler,32.25,1.0,1,57.0,-0.8088,0,1,93.8,16.52,84.77,6.11,5.96,0.0,24.9155,0.6544,25.07,2029,H1,Jan-Jun
Brendan Taylor,Zimbabwe,Wicketkeeper,43.25,0.0,0,205.0,0.8283,1,0,123.04,31.72,78.22,0.0,0.0,0.0,29.32,0.0172,30.26,2029,H1,Jan-Jun
Brian Bennett,Zimbabwe,Batting All-Rounder,25.25,1.0,1,64.0,2.8084,1,0,762.75,65.51,119.23,9.47,4.7,0.0,63.0965,0.9535,57.46,2029,H1,Jan-Jun
Brian Mudzinganyama,Zimbabwe,Middle Order Batter,28.25,1.0,1,45.0,1.7158,1,0,186.76,30.92,95.34,0.0,0.0,0.0,31.2582,0.5402,31.31,2029,H1,Jan-Jun
Charlton Tshuma,Zimbabwe,Pace Bowler,29.25,1.0,1,46.0,0.5003,1,0,72.17,12.26,86.64,8.41,6.27,0.0,23.6125,0.3936,23.73,2029,H1,Jan-Jun
Clive Chitumba,Zimbabwe,Wicketkeeper,30.25,1.0,1,43.0,0.9985,1,0,154.38,26.41,99.04,0.0,0.0,0.0,28.9186,0.0354,29.41,2029,H1,Jan-Jun
Clive Madande,Zimbabwe,Wicketkeeper,28.25,1.0,1,64.0,1.1504,1,0,396.38,40.65,108.82,0.0,0.0,0.0,39.5422,0.7793,39.55,2029,H1,Jan-Jun
Craig Ervine,Zimbabwe,Top Order Batter,43.25,0.0,0,142.0,-1.4179,0,1,55.13,29.33,72.83,0.0,0.0,0.0,26.9618,0.038,26.79,2029,H1,Jan-Jun
Dion Myers,Zimbabwe,Batting All-Rounder,27.25,1.0,1,61.0,2.6554,1,0,510.32,41.54,103.77,7.89,5.41,0.0,44.8318,0.5452,44.81,2029,H1,Jan-Jun
Ernest Masuku,Zimbabwe,Pace Bowler,31.25,1.0,1,44.0,0.5106,1,0,66.57,12.14,87.26,4.74,5.93,0.0,21.8336,0.1648,21.97,2029,H1,Jan-Jun
Faraz Akram,Zimbabwe,Bowling All-Rounder,31.25,1.0,1,55.0,0.7301,1,0,168.28,27.05,100.44,9.63,6.44,0.0,35.1598,0.0179,35.24,2029,H1,Jan-Jun
Graeme Cremer,Zimbabwe,Spin Bowler,42.25,0.0,0,111.0,-2.5622,0,1,7.56,7.78,70.23,2.42,5.34,0.0,15.8252,0.0332,16.47,2029,H1,Jan-Jun
Innocent Kaia,Zimbabwe,Top Order Batter,37.25,0.4583,1,65.6667,-2.1666,0,1,0.0,7.73,67.65,0.0,0.0,0.0,13.1565,0.0119,13.57,2029,H1,Jan-Jun
Johnathan Campbell,Zimbabwe,Middle Order Batter,35.25,1.0,1,57.0,2.3356,1,0,229.51,47.06,96.85,0.0,0.0,0.0,41.2759,0.8537,41.18,2029,H1,Jan-Jun
Joylord Gumbie,Zimbabwe,Wicketkeeper,33.25,1.0,1,53.0,-0.2775,0,0,32.1,17.01,79.56,0.0,0.0,0.0,20.3608,0.0401,20.7,2029,H1,Jan-Jun
Kian Blignaut,Zimbabwe,Pace Bowler,24.25,1.0,1,40.0,0.7225,1,0,54.61,16.23,98.34,6.97,5.72,0.0,26.8459,0.5572,26.81,2029,H1,Jan-Jun
Kundai Matigimu,Zimbabwe,Pace Bowler,32.25,1.0,1,40.0,0.4155,0,0,39.32,11.46,82.74,5.89,6.43,0.0,21.2153,0.2036,21.37,2029,H1,Jan-Jun
Luke Jongwe,Zimbabwe,Bowling All-Rounder,33.25,1.0,1,108.0,-2.0011,0,1,0.0,14.7,85.28,1.41,7.4,0.0,20.914,0.0106,21.15,2029,H1,Jan-Jun
Milton Shumba,Zimbabwe,Middle Order Batter,28.25,1.0,1,92.0,0.4796,0,0,149.64,33.44,97.48,0.0,0.0,0.0,32.9169,0.6402,32.92,2029,H1,Jan-Jun
Nathaniel Mayavo,Zimbabwe,Wicketkeeper,32.25,1.0,1,48.0,1.5254,1,0,169.93,26.87,92.58,0.0,0.0,0.0,28.4177,0.0872,29.0,2029,H1,Jan-Jun
Newman Nyamhuri,Zimbabwe,Pace Bowler,23.25,1.0,1,51.0,0.1675,0,0,78.19,13.78,103.16,9.02,4.96,0.0,27.3454,0.52,27.28,2029,H1,Jan-Jun
Nick Welch,Zimbabwe,Top Order Batter,31.25,1.0,1,69.0,3.4175,1,0,763.25,46.83,104.73,0.0,0.0,0.0,43.9791,0.8771,43.97,2029,H1,Jan-Jun
Panashe Taruvinga,Zimbabwe,Middle Order Batter,27.25,1.0,1,44.0,1.4641,1,0,114.38,26.64,95.93,0.0,0.0,0.0,28.5198,0.3525,28.84,2029,H1,Jan-Jun
Prince Masvaure,Zimbabwe,Middle Order Batter,39.25,0.0,0,41.0,-0.0881,0,0,13.72,11.41,69.65,0.0,0.0,0.0,15.6669,0.0083,16.27,2029,H1,Jan-Jun
Richard Ngarava,Zimbabwe,Pace Bowler,31.25,1.0,1,117.0,-1.2674,0,1,26.18,10.18,84.46,8.02,6.24,0.0,21.7381,0.3834,21.72,2029,H1,Jan-Jun
Richmond Mutumbami,Zimbabwe,Wicketkeeper,38.25,0.4583,1,61.6667,-0.2693,0,0,0.0,13.73,55.09,0.0,0.0,0.0,15.1403,0.0028,15.68,2029,H1,Jan-Jun
Ryan Burl,Zimbabwe,Batting All-Rounder,35.25,0.9167,1,119.3333,-0.7951,0,1,152.21,28.19,87.61,4.02,6.82,0.0,31.2387,0.0374,30.9,2029,H1,Jan-Jun
Sean Williams,Zimbabwe,Batting All-Rounder,43.25,0.0,0,156.0,-3.7864,0,1,0.0,46.42,74.71,0.0,7.41,0.0,37.863,0.0136,37.23,2029,H1,Jan-Jun
Sikandar Raza,Zimbabwe,Batting All-Rounder,43.25,0.0,0,178.0,-1.4443,0,1,105.28,34.09,81.9,1.91,6.99,0.0,32.7879,0.0075,32.52,2029,H1,Jan-Jun
Tadiwanashe Marumani,Zimbabwe,Wicketkeeper,27.25,1.0,1,62.0,1.471,1,0,251.24,36.08,113.2,0.0,0.0,0.0,36.8676,0.2519,36.93,2029,H1,Jan-Jun
Tafadzwa Tsiga,Zimbabwe,Wicketkeeper,29.25,1.0,1,44.0,1.2411,1,0,102.96,23.81,99.04,0.0,0.0,0.0,27.1835,0.0623,27.45,2029,H1,Jan-Jun
Takudzwanashe Kaitano,Zimbabwe,Top Order Batter,35.25,0.9375,1,63.0,0.0692,0,0,55.75,13.12,74.83,0.0,0.0,0.0,17.5017,0.3238,18.27,2029,H1,Jan-Jun
Tanaka Chivanga,Zimbabwe,Pace Bowler,33.25,1.0,1,50.0,0.0318,0,0,32.63,10.23,84.67,3.85,6.54,0.0,19.6526,0.038,19.96,2029,H1,Jan-Jun
Tapiwa Mufudza,Zimbabwe,Spin Bowler,31.25,1.0,1,48.0,0.3788,0,0,94.04,18.74,95.53,7.15,5.6,0.0,28.2486,0.8073,28.22,2029,H1,Jan-Jun
Tashinga Musekiwa,Zimbabwe,Batting All-Rounder,28.25,1.0,1,52.0,2.3436,1,0,158.03,39.01,105.94,0.92,6.64,0.0,38.5752,0.1451,38.54,2029,H1,Jan-Jun
Tendai Chatara,Zimbabwe,Pace Bowler,38.25,0.15,1,104.6,-2.8433,0,1,0.0,0.0,69.33,0.0,5.43,0.0,9.773,0.0081,10.05,2029,H1,Jan-Jun
Tinotenda Maposa,Zimbabwe,Pace Bowler,32.25,1.0,1,55.0,0.4366,0,0,64.25,14.5,91.28,7.92,6.07,0.0,25.3242,0.4663,25.37,2029,H1,Jan-Jun
Tony Munyonga,Zimbabwe,Batting All-Rounder,33.25,1.0,1,55.0,0.5727,1,0,70.08,17.56,85.32,1.02,7.33,0.0,22.6891,0.0238,22.87,2029,H1,Jan-Jun
Trevor Gwandu,Zimbabwe,Pace Bowler,28.25,1.0,1,53.0,0.8155,1,0,125.03,18.76,97.49,5.29,6.01,0.0,27.5746,0.6919,27.88,2029,H1,Jan-Jun
Victor Nyauchi,Zimbabwe,Pace Bowler,37.25,0.0,0,54.0,-0.6271,0,1,6.72,8.64,75.05,0.1,7.21,0.0,15.361,0.0157,16.1,2029,H1,Jan-Jun
Vincent Masekesa,Zimbabwe,Batting All-Rounder,27.25,1.0,1,45.0,1.1773,1,0,151.76,23.02,98.98,2.76,6.27,0.0,29.0771,0.0308,29.25,2029,H1,Jan-Jun
Wellington Masakadza,Zimbabwe,Spin Bowler,36.25,0.0,0,82.0,-2.3175,0,1,3.31,10.52,80.09,1.46,5.91,0.0,18.0777,0.038,18.51,2029,H1,Jan-Jun
Wessly Madhevere,Zimbabwe,Batting All-Rounder,28.25,1.0,1,97.0,-0.913,0,1,131.4,28.9,103.09,3.08,6.06,0.0,33.2707,0.1932,33.27,2029,H1,Jan-Jun
William Mashinge,Zimbabwe,Batting All-Rounder,32.25,1.0,1,47.0,1.26,1,0,143.17,24.4,89.23,5.28,6.8,0.0,29.7818,0.0402,29.81,2029,H1,Jan-Jun
A M Ghazanfar,Afghanistan,Spin Bowler,23.75,1.0,1,64.0,-0.4942,0,0,95.05,16.48,88.52,23.19,4.66,0.0,33.6922,0.6724,33.72,2029,H2,Jul-Dec
Abdul Malik,Afghanistan,Top Order Batter,32.75,1.0,1,72.0,-0.6172,0,1,309.85,31.29,76.07,0.0,0.0,0.0,29.2523,0.294,29.52,2029,H2,Jul-Dec
Abdul Rahman,Afghanistan,Pace Bowler,30.75,1.0,1,64.0,-0.3754,0,0,51.09,12.24,68.51,16.02,6.26,0.0,24.5546,0.15,24.58,2029,H2,Jul-Dec
Azizullah Mia Khil,Afghanistan,Top Order Batter,28.75,1.0,1,59.0,0.6699,1,0,323.9,35.99,85.87,0.0,0.0,0.0,33.3488,0.5423,33.45,2029,H2,Jul-Dec
Azmatullah Omarzai,Afghanistan,Bowling All-Rounder,29.75,1.0,1,97.0,-0.273,0,0,616.13,45.22,92.68,21.53,5.35,0.0,52.0759,0.0149,51.4,2029,H2,Jul-Dec
Bahir Shah,Afghanistan,Middle Order Batter,28.75,1.0,1,61.0,0.9364,1,0,355.15,53.48,94.98,0.0,0.0,0.0,45.0309,0.8484,44.97,2029,H2,Jul-Dec
Bashir Ahmad,Afghanistan,Bowling All-Rounder,29.75,1.0,1,62.0,0.2437,0,0,255.28,31.25,83.3,14.9,6.02,0.0,37.9696,0.0165,37.94,2029,H2,Jul-Dec
Bilal Sami,Afghanistan,Pace Bowler,28.75,1.0,1,61.0,0.124,0,0,75.39,13.53,74.34,23.79,5.43,0.0,30.0922,0.2901,30.14,2029,H2,Jul-Dec
Darwish Rasooli,Afghanistan,Top Order Batter,30.75,1.0,1,78.0,0.437,0,0,493.02,39.5,83.32,0.0,0.0,0.0,35.6887,0.6178,35.71,2029,H2,Jul-Dec
Faisal Khan Ahmadzai,Afghanistan,Pace Bowler,29.75,1.0,1,60.0,0.2292,0,0,63.77,15.15,68.97,18.23,6.05,0.0,27.4987,0.2506,27.39,2029,H2,Jul-Dec
Fareed Ahmad,Afghanistan,Pace Bowler,34.75,1.0,1,75.0,-0.7562,0,1,38.92,11.11,59.99,12.67,7.58,0.0,20.9078,0.2204,20.97,2029,H2,Jul-Dec
Faridoon Dawoodzai,Afghanistan,Pace Bowler,29.75,1.0,1,62.0,0.215,0,0,63.66,15.09,69.47,20.31,6.07,0.0,28.5224,0.3751,28.39,2029,H2,Jul-Dec
Fazalhaq Farooqi,Afghanistan,Pace Bowler,28.75,1.0,1,92.0,-0.9637,0,1,56.54,12.57,71.27,22.01,5.81,0.0,28.1072,0.4527,28.04,2029,H2,Jul-Dec
Gulbadin Naib,Afghanistan,Batting All-Rounder,38.75,0.0,0,61.0,-1.4567,0,1,93.88,25.41,74.37,2.58,6.9,0.0,26.6996,0.0033,25.98,2029,H2,Jul-Dec
Hashmatullah Shahidi,Afghanistan,Middle Order Batter,34.75,1.0,1,119.0,-0.1776,0,0,724.44,42.87,70.49,0.0,0.0,0.0,36.8456,0.9167,36.92,2029,H2,Jul-Dec
Ibrahim Zadran,Afghanistan,Top Order Batter,27.75,1.0,1,97.0,-0.6476,0,1,710.34,53.27,91.14,0.0,0.0,0.0,45.6244,0.9483,45.49,2029,H2,Jul-Dec
Ikram Ali Khil,Afghanistan,Wicketkeeper,27.75,1.0,1,78.0,-0.0275,0,0,478.61,38.61,92.38,0.0,0.0,0.0,36.2657,0.1736,36.39,2029,H2,Jul-Dec
Karim Janat,Afghanistan,Bowling All-Rounder,30.75,1.0,1,85.0,-0.1393,0,0,465.47,37.95,82.88,15.24,6.24,0.0,42.7345,0.0148,42.78,2029,H2,Jul-Dec
Khatir Stanikzai,Afghanistan,Middle Order Batter,30.75,1.0,1,68.0,0.3579,0,0,397.71,36.16,85.55,0.0,0.0,0.0,33.6603,0.5646,33.73,2029,H2,Jul-Dec
Mohammad Ishaq,Afghanistan,Wicketkeeper,27.75,1.0,1,63.0,1.0059,1,0,405.94,46.75,95.74,0.0,0.0,0.0,41.2936,0.3575,41.34,2029,H2,Jul-Dec
Mohammad Nabi,Afghanistan,Bowling All-Rounder,44.75,0.0,0,92.0,-2.4656,0,1,46.43,29.16,73.69,2.42,6.62,0.0,28.6587,0.0014,28.3,2029,H2,Jul-Dec
Mohammad Saleem,Afghanistan,Pace Bowler,27.75,1.0,1,57.0,0.6069,1,0,70.46,16.78,72.49,22.65,5.85,0.0,31.1148,0.5412,31.1,2029,H2,Jul-Dec
Mujeeb Ur Rahman,Afghanistan,Spin Bowler,28.75,1.0,1,84.0,-1.4718,0,1,53.36,12.06,69.05,15.31,5.52,0.0,24.3628,0.3722,24.42,2029,H2,Jul-Dec
Munir Ahmad Kakar,Afghanistan,Wicketkeeper,30.75,1.0,1,66.0,0.249,0,0,324.53,32.65,81.79,0.0,0.0,0.0,30.8418,0.0968,31.0,2029,H2,Jul-Dec
Najibullah Zadran,Afghanistan,Wicketkeeper,35.75,0.8125,1,79.0,-0.5949,0,1,263.67,31.29,78.0,0.0,0.0,0.0,29.3415,0.0296,30.24,2029,H2,Jul-Dec
Nangeyalia Kharote,Afghanistan,Spin Bowler,25.75,1.0,1,61.0,0.428,0,0,265.0,33.27,89.29,21.16,5.27,0.0,43.1797,0.9664,43.25,2029,H2,Jul-Dec
Naveed Zadran,Afghanistan,Pace Bowler,28.75,1.0,1,68.0,-0.0521,0,0,75.99,13.17,72.77,21.42,5.84,0.0,28.4307,0.2535,28.35,2029,H2,Jul-Dec
Naveen-ul-Haq,Afghanistan,Pace Bowler,29.75,1.0,1,87.0,-1.1179,0,1,39.19,11.31,71.49,18.14,5.82,0.0,25.462,0.3639,25.49,2029,H2,Jul-Dec
Nazifullah Amiri,Afghanistan,Top Order Batter,26.75,1.0,1,57.0,1.1004,1,0,337.26,42.16,92.58,0.0,0.0,0.0,37.9239,0.6734,37.88,2029,H2,Jul-Dec
Noor Ahmad,Afghanistan,Spin Bowler,24.75,1.0,1,79.0,-1.0101,0,1,93.51,15.8,83.79,22.84,5.09,0.0,32.3576,0.6252,32.3,2029,H2,Jul-Dec
Qais Ahmad,Afghanistan,Spin Bowler,28.75,1.0,1,72.0,-0.6376,0,1,68.49,13.92,75.64,21.09,5.59,0.0,29.1237,0.5521,29.07,2029,H2,Jul-Dec
Rahmanullah Gurbaz,Afghanistan,Wicketkeeper,27.75,1.0,1,106.0,-0.4631,0,0,1045.43,48.06,95.37,0.0,0.0,0.0,44.2021,0.947,44.29,2029,H2,Jul-Dec
Rahmat Shah,Afghanistan,Top Order Batter,36.75,0.125,1,94.0,-0.1939,0,0,321.88,49.23,77.28,0.0,0.0,0.0,40.129,0.0377,39.63,2029,H2,Jul-Dec
Rashid Khan,Afghanistan,Spin Bowler,30.75,1.0,1,106.0,-1.7821,0,1,299.48,28.85,92.7,24.19,5.0,0.0,42.6442,0.9514,42.48,2029,H2,Jul-Dec
Riaz Hassan,Afghanistan,Top Order Batter,29.75,1.0,1,76.0,0.2114,0,0,514.46,40.37,89.2,0.0,0.0,0.0,37.0298,0.6721,37.15,2029,H2,Jul-Dec
Rohullah Arab,Afghanistan,Pace Bowler,27.75,1.0,1,59.0,0.3801,0,0,68.34,15.25,72.53,18.73,5.89,0.0,28.3063,0.3832,28.25,2029,H2,Jul-Dec
Sediqullah Atal,Afghanistan,Top Order Batter,27.75,1.0,1,69.0,1.658,1,0,858.1,58.4,96.49,0.0,0.0,0.0,49.864,0.9719,49.55,2029,H2,Jul-Dec
Shahidullah Kamal,Afghanistan,Middle Order Batter,33.75,1.0,1,101.0,0.212,0,0,678.33,45.36,81.72,0.0,0.0,0.0,39.604,0.9265,39.55,2029,H2,Jul-Dec
Sharafuddin Ashraf,Afghanistan,Batting All-Rounder,33.75,1.0,1,79.0,-0.334,0,0,357.19,29.93,73.51,10.72,6.89,0.0,34.0941,0.684,34.12,2029,H2,Jul-Dec
Wafiullah Tarakhil,Afghanistan,Top Order Batter,25.75,1.0,1,65.0,1.0772,1,0,546.24,49.39,103.57,0.0,0.0,0.0,44.3418,0.7118,44.29,2029,H2,Jul-Dec
Wahidullah Zadran,Afghanistan,Top Order Batter,25.75,1.0,1,58.0,1.6886,1,0,449.59,56.2,99.47,0.0,0.0,0.0,47.5445,0.933,47.2,2029,H2,Jul-Dec
Zia-Ur-Rehman Abdul Malik,Afghanistan,Spin Bowler,28.75,1.0,1,64.0,0.0277,0,0,95.9,19.36,76.79,25.71,5.41,0.0,34.875,0.8218,34.78,2029,H2,Jul-Dec
Zubaid Akbari,Afghanistan,Top Order Batter,26.75,1.0,1,72.0,1.0328,1,0,558.81,49.76,101.39,0.0,0.0,0.0,44.3267,0.7118,44.29,2029,H2,Jul-Dec
Aaron Hardie,Australia,Bowling All-Rounder,30.75,1.0,1,121.0,1.0052,1,0,817.25,47.19,96.37,24.66,5.65,0.0,55.8259,0.025,57.32,2029,H2,Jul-Dec
Adam Zampa,Australia,Spin Bowler,37.75,0.25,1,197.2,-3.3881,0,1,8.91,6.79,57.04,15.29,6.45,0.0,19.312,0.0172,19.29,2029,H2,Jul-Dec
Alex Carey,Australia,Wicketkeeper,37.75,0.3125,1,165.0,-0.2162,0,0,286.77,35.29,79.75,0.0,0.0,0.0,32.0249,0.0119,32.47,2029,H2,Jul-Dec
Ashton Agar,Australia,Spin Bowler,35.75,0.65,1,138.2,-3.4644,0,1,0.06,4.48,52.95,2.65,6.41,0.0,11.3128,0.0071,11.36,2029,H2,Jul-Dec
Beau Webster,Australia,Bowling All-Rounder,35.75,0.625,1,104.0,0.5936,1,0,523.71,38.4,82.33,19.84,6.49,0.0,45.2911,0.0162,41.77,2029,H2,Jul-Dec
Ben Dwarshuis,Australia,Pace Bowler,34.75,1.0,1,104.0,-1.155,0,1,21.92,9.96,60.77,21.71,8.04,0.0,24.5496,0.2001,24.3,2029,H2,Jul-Dec
Ben Kellaway,Australia,Batting All-Rounder,24.75,1.0,1,61.0,2.9159,1,0,447.51,51.41,124.41,11.82,5.14,0.0,54.6296,0.8593,53.91,2029,H2,Jul-Dec
Ben Manenti,Australia,Bowling All-Rounder,32.75,1.0,1,92.0,-0.8421,0,1,179.7,26.51,85.68,11.49,6.21,0.0,33.5109,0.0072,33.5,2029,H2,Jul-Dec
Billy Stanlake,Australia,Pace Bowler,34.75,0.85,1,79.2,-2.1014,0,1,0.0,0.01,43.48,0.31,8.36,0.0,6.0111,0.007,6.16,2029,H2,Jul-Dec
Brendan Doggett,Australia,Pace Bowler,34.75,1.0,1,93.0,-1.4562,0,1,11.81,6.69,54.42,13.66,7.12,0.0,18.0212,0.0786,17.94,2029,H2,Jul-Dec
Cameron Gannon,Australia,Pace Bowler,38.75,0.0,0,46.0,-1.246,0,1,0.08,0.13,46.7,0.99,8.24,0.0,6.8354,0.0025,8.04,2029,H2,Jul-Dec
Cameron Green,Australia,Batting All-Rounder,30.75,1.0,1,142.0,-0.3193,0,0,561.5,41.07,93.17,17.39,5.67,0.0,47.4015,0.0372,47.24,2029,H2,Jul-Dec
Campbell Kellaway,Australia,Top Order Batter,27.75,1.0,1,81.0,1.0464,1,0,396.47,38.42,93.23,0.0,0.0,0.0,35.9816,0.7287,36.13,2029,H2,Jul-Dec
Cooper Connolly,Australia,Batting All-Rounder,25.75,1.0,1,91.0,1.2337,1,0,736.08,54.64,113.33,18.75,4.84,0.0,59.5558,0.8798,57.39,2029,H2,Jul-Dec
Corey Rocchiccioli,Australia,Spin Bowler,32.75,1.0,1,82.0,-0.9047,0,1,9.34,4.67,61.8,17.15,5.8,0.0,19.6995,0.2582,19.52,2029,H2,Jul-Dec
Fergus O'Neill,Australia,Pace Bowler,28.75,1.0,1,74.0,-0.2598,0,0,14.41,5.67,66.96,17.02,6.37,0.0,20.7781,0.1072,20.65,2029,H2,Jul-Dec
Glenn Maxwell,Australia,Batting All-Rounder,41.75,0.0,0,218.0,-2.3845,0,1,139.1,29.41,88.18,3.2,7.17,0.0,31.2492,0.0028,31.26,2029,H2,Jul-Dec
Harry Nielsen,Australia,Wicketkeeper,33.75,1.0,1,122.0,-0.1674,0,0,304.79,25.81,75.66,0.0,0.0,0.0,25.9201,0.0564,26.05,2029,H2,Jul-Dec
Henry Hunt,Australia,Top Order Batter,31.75,1.0,1,87.0,0.3843,0,0,304.01,38.4,87.37,0.0,0.0,0.0,34.9074,0.6496,35.03,2029,H2,Jul-Dec
Henry Thornton,Australia,Pace Bowler,33.75,1.0,1,92.0,-1.4441,0,1,12.43,6.21,66.89,6.31,6.97,0.0,15.8185,0.0224,16.32,2029,H2,Jul-Dec
Jack Edwards,Australia,Batting All-Rounder,29.75,1.0,1,108.0,0.2612,0,0,359.89,32.87,85.93,10.96,6.19,0.0,37.692,0.2623,37.76,2029,H2,Jul-Dec
Jake Fraser-McGurk,Australia,Top Order Batter,27.75,1.0,1,94.0,-1.986,0,1,258.95,24.52,99.26,0.0,0.0,0.0,28.007,0.2243,28.57,2029,H2,Jul-Dec
Jake Lehmann,Australia,Middle Order Batter,36.75,0.125,1,75.0,-0.6477,0,1,50.39,22.8,67.41,0.0,0.0,0.0,22.2098,0.0057,22.5,2029,H2,Jul-Dec
Jake Weatherald,Australia,Top Order Batter,35.75,0.625,1,161.0,-0.4672,0,0,427.72,39.97,80.62,0.0,0.0,0.0,35.4019,0.1617,36.21,2029,H2,Jul-Dec
Jason Behrendorff,Australia,Pace Bowler,39.75,0.0,0,129.0,-2.7731,0,1,1.25,9.17,58.01,2.69,7.72,0.0,14.5513,0.0066,15.14,2029,H2,Jul-Dec
Jason Sangha,Australia,Middle Order Batter,30.75,1.0,1,116.0,-0.775,0,1,226.84,25.07,82.37,0.0,0.0,0.0,26.0704,0.1723,26.28,2029,H2,Jul-Dec
Jhye Richardson,Australia,Pace Bowler,32.75,1.0,1,116.0,-2.2689,0,1,5.12,6.04,61.13,10.37,6.49,0.0,16.9998,0.0645,17.15,2029,H2,Jul-Dec
Joel Davies,Australia,Middle Order Batter,25.75,1.0,1,52.0,3.3883,1,0,424.69,62.16,125.7,0.0,0.0,0.0,54.3549,0.967,54.14,2029,H2,Jul-Dec
Jordan Buckingham,Australia,Pace Bowler,28.75,1.0,1,64.0,-0.4146,0,0,19.67,7.6,73.25,17.38,5.89,0.0,23.0285,0.1399,22.83,2029,H2,Jul-Dec
Josh Hazlewood,Australia,Pace Bowler,38.75,0.0,0,143.0,-1.6984,0,1,3.98,7.8,63.99,8.08,6.67,0.0,17.2721,0.006,17.55,2029,H2,Jul-Dec
Josh Inglis,Australia,Wicketkeeper,34.75,1.0,1,157.0,0.9926,1,0,988.41,43.31,91.86,0.0,0.0,0.0,40.7322,0.8981,40.71,2029,H2,Jul-Dec
Josh Philippe,Australia,Wicketkeeper,32.75,1.0,1,181.0,-0.7511,0,1,518.13,34.0,91.04,0.0,0.0,0.0,33.4844,0.1937,33.5,2029,H2,Jul-Dec
Lance Morris,Australia,Pace Bowler,31.75,1.0,1,71.0,-0.9395,0,1,2.14,2.14,57.33,13.15,6.81,0.0,15.4591,0.0231,15.61,2029,H2,Jul-Dec
Liam Hatcher,Australia,Pace Bowler,32.75,1.0,1,91.0,-1.3878,0,1,12.3,4.32,66.53,7.25,6.76,0.0,15.1365,0.0188,15.65,2029,H2,Jul-Dec
Liam Scott,Australia,Batting All-Rounder,28.75,1.0,1,93.0,1.8499,1,0,706.38,44.19,104.54,15.81,5.52,0.0,50.483,0.7588,50.21,2029,H2,Jul-Dec
Mackenzie Harvey,Australia,Wicketkeeper,28.75,1.0,1,117.0,-0.8342,0,1,197.1,26.73,89.24,0.0,0.0,0.0,27.834,0.0577,28.31,2029,H2,Jul-Dec
Mahli Beardman,Australia,Pace Bowler,23.75,1.0,1,48.0,0.6828,1,0,16.76,15.1,94.68,10.8,5.41,0.0,27.1799,0.5842,26.92,2029,H2,Jul-Dec
Marcus Stoinis,Australia,Batting All-Rounder,40.75,0.0,0,244.0,-2.0386,0,1,77.85,26.81,78.04,2.4,7.61,0.0,27.7464,0.0018,27.2,2029,H2,Jul-Dec
Marnus Labuschagne,Australia,Middle Order Batter,35.75,0.75,1,164.0,-0.7433,0,1,425.84,36.93,76.62,0.0,0.0,0.0,33.0752,0.2413,33.76,2029,H2,Jul-Dec
Matthew Gilkes,Australia,Wicketkeeper,30.75,1.0,1,131.0,-0.5671,0,1,291.95,30.31,86.73,0.0,0.0,0.0,29.968,0.0584,30.2,2029,H2,Jul-Dec
Matthew Kuhnemann,Australia,Spin Bowler,32.75,1.0,1,94.0,-0.7711,0,1,14.34,9.76,62.93,24.96,5.71,0.0,26.6709,0.7164,26.43,2029,H2,Jul-Dec
Matthew Renshaw,Australia,Top Order Batter,33.75,1.0,1,187.0,-0.7015,0,1,505.24,32.4,76.17,0.02,7.3,0.0,31.1923,0.2313,31.32,2029,H2,Jul-Dec
Matthew Short,Australia,Batting All-Rounder,33.75,1.0,1,174.0,-1.3185,0,1,802.46,41.84,94.35,10.86,6.63,0.0,45.4743,0.7277,45.49,2029,H2,Jul-Dec
Matthew Wade,Australia,Wicketkeeper,41.75,0.0,0,182.0,-1.9889,0,1,0.0,12.93,61.11,0.0,0.0,0.0,15.3581,0.0034,15.78,2029,H2,Jul-Dec
Michael Neser,Australia,Bowling All-Rounder,39.75,0.0,0,128.0,-2.5268,0,1,69.45,20.97,71.65,5.23,7.0,0.0,24.8831,0.0011,24.62,2029,H2,Jul-Dec
Mitchell Marsh,Australia,Bowling All-Rounder,37.75,0.45,1,179.2,-1.1962,0,1,439.24,38.68,89.66,4.8,6.75,0.0,38.8212,0.0133,38.95,2029,H2,Jul-Dec
Mitchell Owen,Australia,Batting All-Rounder,28.75,1.0,1,96.0,1.4973,1,0,729.19,47.99,109.31,10.88,5.87,0.0,50.9693,0.7348,51.4,2029,H2,Jul-Dec
Mitchell Starc,Australia,Pace Bowler,39.75,0.0625,1,195.5,1.947,1,0,2.57,6.85,59.94,28.78,7.03,0.0,26.0774,0.0673,25.5,2029,H2,Jul-Dec
Mitchell Stoinis,Australia,Batting All-Rounder,40.75,0.0,0,244.0,-2.0386,0,1,76.98,26.51,77.17,2.38,7.69,0.0,27.4327,0.0018,27.02,2029,H2,Jul-Dec
Nathan Ellis,Australia,Pace Bowler,34.75,0.875,1,109.0,-1.9794,0,1,13.11,6.64,62.7,14.73,7.22,0.0,19.5506,0.0658,19.38,2029,H2,Jul-Dec
Nathan Lyon,Australia,Spin Bowler,41.75,0.0,0,82.0,-3.8812,0,1,0.15,4.11,43.33,4.82,6.29,0.0,10.9343,0.0068,10.71,2029,H2,Jul-Dec
Nathan McAndrew,Australia,Bowling All-Rounder,34.75,1.0,1,121.0,-0.2638,0,0,301.1,27.96,81.3,22.1,6.49,0.0,39.2735,0.0106,39.29,2029,H2,Jul-Dec
Nathan McSweeney,Australia,Middle Order Batter,30.75,1.0,1,105.0,0.3499,0,0,537.33,42.73,89.07,0.0,0.0,0.0,38.4962,0.7107,38.55,2029,H2,Jul-Dec
Nikhil Chaudhary,Australia,Batting All-Rounder,33.75,1.0,1,102.0,1.0003,1,0,592.03,34.92,98.41,12.82,6.74,0.0,42.0783,0.2947,42.17,2029,H2,Jul-Dec
Oliver Peake,Australia,Middle Order Batter,23.75,1.0,1,45.0,2.319,1,0,325.59,49.51,114.46,0.0,0.0,0.0,45.0519,0.881,44.96,2029,H2,Jul-Dec
Pat Cummins,Australia,Pace Bowler,36.75,0.0833,1,155.0,-2.7793,0,1,9.77,8.77,60.09,7.26,7.43,0.0,16.8483,0.0075,17.34,2029,H2,Jul-Dec
Riley Meredith,Australia,Pace Bowler,33.75,1.0,1,98.0,-1.7714,0,1,3.43,3.64,57.67,7.56,7.55,0.0,13.5899,0.0319,14.27,2029,H2,Jul-Dec
Sam Elliott,Australia,Pace Bowler,27.75,1.0,1,55.0,-0.2929,0,0,27.84,9.75,73.02,4.14,6.26,0.0,17.8539,0.0767,18.29,2029,H2,Jul-Dec
Sam Konstas,Australia,Top Order Batter,23.75,1.0,1,65.0,3.4904,1,0,1251.98,57.23,118.79,0.0,0.0,0.0,53.3526,0.9646,52.65,2029,H2,Jul-Dec
Scott Boland,Australia,Pace Bowler,40.75,0.0,0,74.0,-1.8017,0,1,3.08,7.72,55.97,3.93,7.12,0.0,14.1222,0.0087,14.44,2029,H2,Jul-Dec
Sean Abbott,Australia,Bowling All-Rounder,37.75,0.0625,1,187.5,-2.6925,0,1,107.91,23.47,71.5,8.54,7.57,0.0,27.9849,0.0018,27.14,2029,H2,Jul-Dec
Spencer Johnson,Australia,Pace Bowler,33.75,1.0,1,81.0,-0.8558,0,1,18.64,8.2,68.3,18.21,7.02,0.0,22.9199,0.1441,22.69,2029,H2,Jul-Dec
Tanveer Sangha,Australia,Spin Bowler,27.75,1.0,1,87.0,-0.8269,0,1,8.4,7.13,64.34,27.02,5.69,0.0,26.2608,0.5893,25.86,2029,H2,Jul-Dec
Tim David,Australia,Middle Order Batter,33.75,1.0,1,118.0,0.0158,0,0,385.76,31.73,85.11,0.0,0.0,0.0,30.9259,0.4545,31.06,2029,H2,Jul-Dec
Todd Murphy,Australia,Spin Bowler,28.75,1.0,1,62.0,-1.1286,0,1,3.87,9.85,55.89,6.57,5.88,0.0,16.9021,0.3397,17.39,2029,H2,Jul-Dec
Travis Head,Australia,Top Order Batter,35.75,0.8125,1,172.0,-0.1483,0,0,801.43,45.44,90.97,0.0,0.0,0.0,41.2507,0.7533,40.23,2029,H2,Jul-Dec
Will Sutherland,Australia,Bowling All-Rounder,29.75,1.0,1,125.0,0.1147,0,0,485.67,41.48,95.55,26.53,5.51,0.0,52.1309,0.0117,51.38,2029,H2,Jul-Dec
Xavier Bartlett,Australia,Pace Bowler,30.75,1.0,1,85.0,-0.6519,0,1,26.36,11.78,80.12,22.27,6.01,0.0,28.7401,0.2891,28.51,2029,H2,Jul-Dec
A. G. Saqlain,Bangladesh,Bowling All-Rounder,27.75,1.0,1,48.0,1.5243,1,0,233.74,34.15,158.93,21.09,7.57,0.0,51.9633,0.0313,51.38,2029,H2,Jul-Dec
Abdul Gaffar Saqlain,Bangladesh,Bowling All-Rounder,27.75,1.0,1,48.0,1.5243,1,0,217.25,31.74,147.72,19.6,8.14,0.0,48.2475,0.0188,48.23,2029,H2,Jul-Dec
Afif Hossain,Bangladesh,Batting All-Rounder,29.75,1.0,1,162.0,-2.0747,0,1,171.13,18.7,135.8,7.26,8.96,0.0,32.7755,0.0412,32.81,2029,H2,Jul-Dec
Akbar Ali,Bangladesh,Wicketkeeper,28.75,1.0,1,64.0,1.424,1,0,529.65,33.3,145.99,0.0,0.0,0.0,40.1176,0.376,40.2,2029,H2,Jul-Dec
Amite Hasan,Bangladesh,Middle Order Batter,28.75,1.0,1,61.0,1.6032,1,0,390.59,33.01,145.18,0.0,0.0,0.0,39.3685,0.9056,39.35,2029,H2,Jul-Dec
Anamul Haque,Bangladesh,Wicketkeeper,36.75,0.4167,1,155.0,-1.296,0,1,96.51,17.36,111.87,0.0,0.0,0.0,24.8002,0.0027,24.47,2029,H2,Jul-Dec
Ebadat Hossain,Bangladesh,Pace Bowler,35.75,0.75,1,67.0,0.4398,0,0,20.17,12.17,101.34,13.56,9.87,0.0,26.9212,0.0475,26.24,2029,H2,Jul-Dec
Hasan Mahmud,Bangladesh,Pace Bowler,30.75,1.0,1,113.0,-0.667,0,1,97.17,14.27,131.65,42.02,7.75,0.0,46.2236,0.8169,46.11,2029,H2,Jul-Dec
Hasan Murad,Bangladesh,Spin Bowler,27.75,1.0,1,68.0,1.4761,1,0,85.8,19.72,128.4,34.2,7.55,0.0,45.2824,0.9364,45.0,2029,H2,Jul-Dec
Jaker Ali,Bangladesh,Wicketkeeper,31.75,1.0,1,97.0,1.2723,1,0,662.19,35.36,142.84,0.0,0.0,0.0,41.3932,0.5425,41.34,2029,H2,Jul-Dec
Jishan Alam,Bangladesh,Top Order Batter,27.75,1.0,1,61.0,1.6795,1,0,470.34,36.67,146.69,0.0,0.0,0.0,42.0116,0.9438,41.84,2029,H2,Jul-Dec
Khaled Ahmed,Bangladesh,Pace Bowler,36.75,0.7083,1,92.0,0.4571,0,0,32.14,13.48,99.6,19.74,10.17,0.0,30.4674,0.0624,28.51,2029,H2,Jul-Dec
Litton Das,Bangladesh,Wicketkeeper,34.75,1.0,1,240.0,-0.81,0,1,555.88,30.36,137.14,0.0,0.0,0.0,37.3273,0.2496,37.42,2029,H2,Jul-Dec
Mahedi Hasan,Bangladesh,Batting All-Rounder,34.75,1.0,1,183.0,0.0353,0,0,627.97,31.1,145.82,33.58,8.61,0.0,55.6896,0.7804,54.0,2029,H2,Jul-Dec
Mahidul Islam Ankon,Bangladesh,Wicketkeeper,28.75,1.0,1,75.0,1.7718,1,0,501.3,40.53,156.28,0.0,0.0,0.0,45.6387,0.5868,45.67,2029,H2,Jul-Dec
Mahmudul Hasan Joy,Bangladesh,Middle Order Batter,28.75,1.0,1,102.0,0.2224,0,0,413.94,28.65,133.28,0.0,0.0,0.0,35.3337,0.7687,35.43,2029,H2,Jul-Dec
Mahmudullah,Bangladesh,Batting All-Rounder,43.75,0.0,0,250.0,-5.119,0,1,0.0,18.21,129.51,0.0,9.5,0.0,27.5534,0.003,27.51,2029,H2,Jul-Dec
Mehidy Hasan Miraz,Bangladesh,Bowling All-Rounder,31.75,1.0,1,198.0,-0.4125,0,0,651.93,34.45,144.1,39.06,7.53,0.0,60.3224,0.0689,57.25,2029,H2,Jul-Dec
Mohammad Naim,Bangladesh,Middle Order Batter,29.75,1.0,1,138.0,-1.1598,0,1,280.1,24.98,144.89,0.0,0.0,0.0,34.1746,0.5667,34.2,2029,H2,Jul-Dec
Mohammad Saifuddin,Bangladesh,Bowling All-Rounder,32.75,1.0,1,141.0,-0.5889,0,1,403.79,24.91,146.39,33.54,8.44,0.0,51.3146,0.0198,51.35,2029,H2,Jul-Dec
Mominul Haque,Bangladesh,Top Order Batter,37.75,0.3125,1,107.0,-0.4437,0,0,100.17,21.12,109.55,0.0,0.0,0.0,26.7553,0.0159,26.7,2029,H2,Jul-Dec
Mosaddek Hossain,Bangladesh,Batting All-Rounder,33.75,1.0,1,167.0,-1.0736,0,1,301.78,21.43,119.12,12.05,9.71,0.0,34.9488,0.1615,34.97,2029,H2,Jul-Dec
Musfik Hasan,Bangladesh,Pace Bowler,25.75,1.0,1,54.0,1.3273,1,0,50.16,14.96,129.57,28.22,7.68,0.0,39.581,0.7744,39.38,2029,H2,Jul-Dec
Mushfiqur Rahim,Bangladesh,Wicketkeeper,42.75,0.0,0,190.0,-1.6022,0,1,10.67,22.09,114.8,0.0,0.0,0.0,27.6982,0.0022,27.97,2029,H2,Jul-Dec
Mustafizur Rahman,Bangladesh,Pace Bowler,33.75,1.0,1,235.0,-1.4401,0,1,46.5,11.17,99.75,36.81,9.23,0.0,37.4553,0.6531,37.37,2029,H2,Jul-Dec
Nahid Rana,Bangladesh,Pace Bowler,26.75,1.0,1,94.0,0.6137,1,0,48.95,13.6,124.09,46.95,7.69,0.0,47.076,0.8489,46.71,2029,H2,Jul-Dec
Najmul Hossain Apu,Bangladesh,Spin Bowler,30.75,1.0,1,57.0,1.293,1,0,62.47,14.12,116.76,26.67,8.3,0.0,36.6609,0.7786,36.53,2029,H2,Jul-Dec
Najmul Hossain Shanto,Bangladesh,Middle Order Batter,30.75,1.0,1,148.0,-0.2388,0,0,630.15,34.01,134.86,0.0,0.0,0.0,39.4622,0.9001,39.55,2029,H2,Jul-Dec
Nasum Ahmed,Bangladesh,Spin Bowler,35.75,0.625,1,157.0,-1.324,0,1,30.47,9.83,89.24,21.85,8.93,0.0,28.0966,0.0619,27.2,2029,H2,Jul-Dec
Nasum Ahmed Jr,Bangladesh,Spin Bowler,24.75,1.0,1,49.0,1.0085,1,0,64.93,13.15,128.04,24.62,7.52,0.0,36.65,0.666,36.53,2029,H2,Jul-Dec
Nayeem Hasan,Bangladesh,Spin Bowler,28.75,1.0,1,81.0,-0.6,0,1,56.21,14.17,111.17,24.05,7.64,0.0,34.7835,0.6657,34.73,2029,H2,Jul-Dec
Nurul Hasan,Bangladesh,Wicketkeeper,36.75,0.5625,1,164.5,0.0764,0,0,251.92,22.59,115.77,0.0,0.0,0.0,28.9404,0.0092,29.55,2029,H2,Jul-Dec
Parvez Hossain Emon,Bangladesh,Wicketkeeper,27.75,1.0,1,95.0,1.3541,1,0,802.43,41.49,148.35,0.0,0.0,0.0,46.223,0.8608,46.34,2029,H2,Jul-Dec
Pritom Kumar,Bangladesh,Wicketkeeper,25.75,1.0,1,58.0,1.8842,1,0,536.8,41.39,154.17,0.0,0.0,0.0,46.0023,0.6841,45.98,2029,H2,Jul-Dec
Rejaur Rahman Raja,Bangladesh,Pace Bowler,28.75,1.0,1,63.0,1.2786,1,0,65.36,14.81,121.83,30.46,8.17,0.0,39.5676,0.7269,39.39,2029,H2,Jul-Dec
Ripon Mondol,Bangladesh,Pace Bowler,26.75,1.0,1,59.0,1.2736,1,0,57.36,16.72,134.78,34.91,7.37,0.0,44.5822,0.8111,44.38,2029,H2,Jul-Dec
Rishad Hossain,Bangladesh,Spin Bowler,26.75,1.0,1,121.0,1.8401,1,0,756.59,39.76,157.86,51.1,7.06,0.0,71.4615,0.9888,57.49,2029,H2,Jul-Dec
Saif Hassan,Bangladesh,Top Order Batter,30.75,1.0,1,112.0,1.1672,1,0,641.97,31.97,144.85,0.0,0.0,0.0,39.5624,0.8505,39.55,2029,H2,Jul-Dec
Shadman Islam,Bangladesh,Top Order Batter,33.75,1.0,1,94.0,0.6824,1,0,332.98,28.22,113.94,0.0,0.0,0.0,32.3348,0.5603,32.45,2029,H2,Jul-Dec
Shahadat Hossain,Bangladesh,Top Order Batter,27.75,1.0,1,67.0,1.697,1,0,439.66,37.95,146.78,0.0,0.0,0.0,42.6808,0.9393,42.78,2029,H2,Jul-Dec
Shakib Al Hasan,Bangladesh,Batting All-Rounder,42.75,0.0,0,310.0,-8.1687,0,1,0.0,16.27,116.82,0.0,9.72,0.0,24.7592,0.0015,24.46,2029,H2,Jul-Dec
Shamim Hossain,Bangladesh,Batting All-Rounder,28.75,1.0,1,106.0,1.7462,1,0,773.71,42.49,158.66,20.46,7.7,0.0,58.4098,0.9149,57.37,2029,H2,Jul-Dec
Shoriful Islam,Bangladesh,Pace Bowler,28.75,1.0,1,134.0,-1.0289,0,1,74.68,15.02,120.5,34.91,8.25,0.0,41.6852,0.7022,41.47,2029,H2,Jul-Dec
Soumya Sarkar,Bangladesh,Batting All-Rounder,36.75,0.0833,1,182.0,-1.854,0,1,91.85,18.46,116.9,3.48,10.37,0.0,28.0055,0.0012,27.62,2029,H2,Jul-Dec
Taijul Islam,Bangladesh,Spin Bowler,37.75,0.25,1,110.2,-3.1901,0,1,12.69,8.7,83.74,6.75,8.49,0.0,19.4471,0.0045,19.67,2029,H2,Jul-Dec
Tanvir Islam,Bangladesh,Spin Bowler,32.75,1.0,1,102.0,0.2649,0,0,70.76,14.22,102.43,39.98,8.39,0.0,41.3118,0.9147,41.17,2029,H2,Jul-Dec
Tanzid Hasan,Bangladesh,Top Order Batter,28.75,1.0,1,112.0,0.865,1,0,822.8,38.94,149.49,0.0,0.0,0.0,44.9195,0.94,44.96,2029,H2,Jul-Dec
Tanzim Hasan Sakib,Bangladesh,Pace Bowler,26.75,1.0,1,104.0,0.2146,0,0,120.24,22.97,150.14,38.77,7.82,0.0,52.268,0.9491,52.02,2029,H2,Jul-Dec
Taskin Ahmed,Bangladesh,Pace Bowler,34.75,1.0,1,178.0,-0.8099,0,1,57.31,10.78,99.0,34.9,9.88,0.0,36.1854,0.5153,36.13,2029,H2,Jul-Dec
Towhid Hridoy,Bangladesh,Top Order Batter,28.75,1.0,1,135.0,1.2181,1,0,1000.43,39.23,149.81,2.13,8.22,0.0,47.2248,0.7341,47.19,2029,H2,Jul-Dec
Yasir Ali Chowdhury,Bangladesh,Middle Order Batter,33.75,1.0,1,113.0,0.2857,0,0,381.91,26.64,128.65,0.0,0.0,0.0,33.4373,0.5806,33.5,2029,H2,Jul-Dec
Zakir Hasan,Bangladesh,Middle Order Batter,31.75,1.0,1,91.0,0.2371,0,0,400.17,28.21,136.35,0.0,0.0,0.0,35.4166,0.7459,35.57,2029,H2,Jul-Dec
Adil Rashid,England,Spin Bowler,41.75,0.0,0,337.0,-3.2729,0,1,11.42,8.04,65.06,6.97,5.82,0.0,17.2273,0.0154,17.51,2029,H2,Jul-Dec
Alex Horton,England,Wicketkeeper,26.75,1.0,1,52.0,1.2558,1,0,434.26,35.76,96.28,0.0,0.0,0.0,34.9155,0.2367,35.03,2029,H2,Jul-Dec
Archie Vaughan,England,Batting All-Rounder,24.75,1.0,1,60.0,1.7508,1,0,594.45,44.76,107.79,19.19,4.83,0.0,52.6999,0.7301,52.59,2029,H2,Jul-Dec
Ben Duckett,England,Top Order Batter,34.75,1.0,1,208.0,0.0879,0,0,973.15,38.22,90.23,0.0,0.0,0.0,37.4417,0.8724,37.53,2029,H2,Jul-Dec
Ben Foakes,England,Wicketkeeper,36.75,0.65,1,145.2,0.0596,0,0,271.28,27.67,68.74,0.0,0.0,0.0,26.0306,0.0379,25.81,2029,H2,Jul-Dec
Ben Geddes,England,Top Order Batter,27.75,1.0,1,74.0,1.3094,1,0,674.4,39.06,98.02,0.0,0.0,0.0,37.9193,0.6526,37.88,2029,H2,Jul-Dec
Ben McKinney,England,Top Order Batter,24.75,1.0,1,61.0,1.368,1,0,574.66,42.32,102.2,0.0,0.0,0.0,40.0543,0.7675,40.2,2029,H2,Jul-Dec
Brydon Carse,England,Pace Bowler,34.75,1.0,1,121.0,-1.1245,0,1,201.87,22.07,83.1,45.48,6.44,0.0,46.9149,0.8546,46.89,2029,H2,Jul-Dec
Chris Jordan,England,Pace Bowler,40.75,0.0,0,314.0,-1.6142,0,1,86.6,17.39,78.51,9.08,7.55,0.0,25.4495,0.0068,25.04,2029,H2,Jul-Dec
Chris Woakes,England,Bowling All-Rounder,40.75,0.0,0,191.0,-2.9738,0,1,35.2,22.76,69.7,3.45,7.21,0.0,24.6923,0.0026,24.42,2029,H2,Jul-Dec
Dan Lawrence,England,Batting All-Rounder,32.75,1.0,1,168.0,-0.2645,0,0,794.59,39.73,89.72,6.82,5.63,0.0,41.8827,0.5833,41.89,2029,H2,Jul-Dec
Dan Mousley,England,Batting All-Rounder,28.75,1.0,1,121.0,1.04,1,0,918.36,39.89,96.97,23.8,5.44,0.0,51.544,0.8481,51.4,2029,H2,Jul-Dec
Emilio Gay,England,Top Order Batter,32.75,1.0,1,121.0,0.1781,0,0,779.3,41.37,93.07,0.0,0.0,0.0,39.02,0.7929,39.06,2029,H2,Jul-Dec
Farhan Ahmed,England,Spin Bowler,22.75,1.0,1,53.0,1.4017,1,0,110.89,18.39,94.66,38.53,4.79,0.0,42.9964,0.9438,42.91,2029,H2,Jul-Dec
George Bell,England,Wicketkeeper,26.75,1.0,1,72.0,1.1959,1,0,631.8,39.55,103.13,0.0,0.0,0.0,38.7181,0.3077,38.83,2029,H2,Jul-Dec
George Hill,England,Batting All-Rounder,30.75,1.0,1,102.0,1.1122,1,0,755.19,37.01,96.32,24.1,5.37,0.0,49.3556,0.7719,49.58,2029,H2,Jul-Dec
George Thomas,England,Top Order Batter,27.75,1.0,1,81.0,0.8743,1,0,706.28,35.86,96.3,0.0,0.0,0.0,35.9031,0.7572,35.95,2029,H2,Jul-Dec
Gus Atkinson,England,Pace Bowler,31.75,1.0,1,116.0,-0.8209,0,1,118.65,17.53,87.64,48.12,5.84,0.0,45.9121,0.7542,45.79,2029,H2,Jul-Dec
Harry Brook,England,Middle Order Batter,30.75,1.0,1,172.0,0.8266,1,0,1208.06,49.03,97.28,1.1,5.72,0.0,47.0162,0.9643,46.94,2029,H2,Jul-Dec
Henry Crocombe,England,Pace Bowler,27.75,1.0,1,64.0,0.7751,1,0,63.64,12.39,78.68,32.97,5.64,0.0,34.2852,0.5867,34.21,2029,H2,Jul-Dec
Jack Carson,England,Spin Bowler,28.75,1.0,1,76.0,0.4887,0,0,105.39,16.5,81.01,37.94,5.16,0.0,39.7011,0.916,39.54,2029,H2,Jul-Dec
Jack Haynes,England,Top Order Batter,28.75,1.0,1,118.0,0.44,0,0,810.14,35.63,96.2,0.0,0.0,0.0,36.1067,0.7413,36.2,2029,H2,Jul-Dec
Jack Leach,England,Spin Bowler,38.75,0.0,0,127.0,-3.6338,0,1,1.48,10.15,62.89,0.39,6.22,0.0,14.9148,0.006,15.35,2029,H2,Jul-Dec
Jacob Bethell,England,Batting All-Rounder,25.75,1.0,1,112.0,1.6991,1,0,1192.72,56.53,110.37,25.67,5.07,0.0,65.1068,0.9651,57.55,2029,H2,Jul-Dec
James Anderson,England,Pace Bowler,47.75,0.0,0,44.0,-0.2853,0,0,0.0,0.0,0.0,0.0,8.76,0.0,0.2627,0.0022,0.73,2029,H2,Jul-Dec
James Coles,England,Batting All-Rounder,25.75,1.0,1,68.0,1.8564,1,0,611.34,38.72,102.71,23.16,5.12,0.0,50.324,0.7172,50.21,2029,H2,Jul-Dec
James Rew,England,Wicketkeeper,25.75,1.0,1,85.0,1.2263,1,0,926.23,49.61,103.48,0.0,0.0,0.0,45.7541,0.4775,45.67,2029,H2,Jul-Dec
Jamie Overton,England,Bowling All-Rounder,35.75,0.625,1,159.0,-0.8046,0,1,376.54,28.14,84.55,28.41,6.3,0.0,43.1263,0.0227,39.44,2029,H2,Jul-Dec
Jamie Smith,England,Wicketkeeper,28.75,1.0,1,108.0,1.3645,1,0,933.87,52.19,100.11,0.0,0.0,0.0,46.8863,0.8395,46.95,2029,H2,Jul-Dec
Joe Root,England,Top Order Batter,38.75,0.0,0,275.0,-1.2134,0,1,232.66,36.95,73.47,0.52,6.14,0.0,33.0879,0.0114,33.27,2029,H2,Jul-Dec
Jofra Archer,England,Pace Bowler,34.75,1.0,1,139.0,-0.8589,0,1,85.1,16.24,79.42,34.14,6.2,0.0,37.1729,0.6554,37.13,2029,H2,Jul-Dec
Jonny Bairstow,England,Wicketkeeper,40.75,0.0,0,211.0,-1.2164,0,1,117.97,28.32,81.57,0.0,0.0,0.0,27.5329,0.0071,27.96,2029,H2,Jul-Dec
Jordan Cox,England,Wicketkeeper,28.75,1.0,1,126.0,1.3002,1,0,1077.73,46.22,94.75,0.0,0.0,0.0,43.1374,0.8672,43.09,2029,H2,Jul-Dec
Jos Buttler,England,Wicketkeeper,38.75,0.0,0,270.0,-0.9306,0,1,214.7,35.42,84.24,0.0,0.0,0.0,32.43,0.0076,33.29,2029,H2,Jul-Dec
Josh Hull,England,Pace Bowler,25.75,1.0,1,65.0,1.1943,1,0,69.36,15.34,83.78,38.71,5.46,0.0,39.522,0.5914,39.38,2029,H2,Jul-Dec
Josh Tongue,England,Pace Bowler,31.75,1.0,1,88.0,-0.0176,0,0,65.07,21.79,81.52,25.46,5.74,0.0,36.6107,0.5952,36.53,2029,H2,Jul-Dec
Liam Dawson,England,Bowling All-Rounder,39.75,0.0,0,251.0,-2.6943,0,1,154.33,27.76,73.56,6.94,6.33,0.0,30.4081,0.0041,29.34,2029,H2,Jul-Dec
Liam Livingstone,England,Batting All-Rounder,36.75,0.4167,1,159.0,-1.0399,0,1,442.82,34.79,88.49,12.89,6.44,0.0,40.3195,0.0251,39.36,2029,H2,Jul-Dec
Luc Benkenstein,England,Batting All-Rounder,24.75,1.0,1,58.0,2.0211,1,0,550.85,42.47,106.32,21.6,4.88,0.0,52.142,0.6885,51.39,2029,H2,Jul-Dec
Luke Wood,England,Pace Bowler,33.75,1.0,1,179.0,-0.7712,0,1,105.41,15.07,84.61,40.42,6.35,0.0,40.1962,0.7117,40.03,2029,H2,Jul-Dec
Mark Wood,England,Pace Bowler,39.75,0.0,0,107.0,-1.1578,0,1,7.99,10.15,68.83,6.29,7.48,0.0,18.3048,0.0124,18.55,2029,H2,Jul-Dec
Matthew Fisher,England,Pace Bowler,32.75,1.0,1,99.0,-0.2388,0,0,83.53,20.96,84.12,30.92,5.74,0.0,39.1374,0.6734,38.92,2029,H2,Jul-Dec
Matthew Potts,England,Pace Bowler,30.75,1.0,1,112.0,-0.6259,0,1,160.4,23.78,86.08,38.79,5.59,0.0,45.1529,0.7609,45.17,2029,H2,Jul-Dec
Ollie Pope,England,Top Order Batter,31.75,1.0,1,148.0,-0.3341,0,0,578.85,36.37,82.01,0.0,6.21,0.0,34.7443,0.2576,34.75,2029,H2,Jul-Dec
Ollie Robinson,England,Pace Bowler,30.75,1.0,1,93.0,-0.1986,0,0,84.81,21.37,82.52,31.01,5.58,0.0,39.267,0.6266,39.05,2029,H2,Jul-Dec
Olly Stone,England,Pace Bowler,35.75,0.625,1,97.0,-0.4774,0,0,41.54,20.3,69.49,19.17,7.09,0.0,30.8038,0.0298,28.83,2029,H2,Jul-Dec
Phil Salt,England,Wicketkeeper,33.75,1.0,1,158.0,-0.474,0,0,850.02,40.78,92.42,0.0,0.0,0.0,38.8264,0.4436,38.84,2029,H2,Jul-Dec
Reece Topley,England,Pace Bowler,35.75,0.625,1,137.0,-0.389,0,0,50.64,18.56,72.34,24.46,7.21,0.0,32.6872,0.0735,30.13,2029,H2,Jul-Dec
Rehan Ahmed,England,Spin Bowler,24.75,1.0,1,112.0,0.4494,0,0,623.4,36.95,107.06,52.99,4.64,0.0,64.385,0.9499,57.37,2029,H2,Jul-Dec
Rocky Flintoff,England,Middle Order Batter,23.75,1.0,1,53.0,1.6829,1,0,477.8,43.41,100.51,0.0,0.0,0.0,40.1581,0.9124,40.2,2029,H2,Jul-Dec
Sam Cook,England,Pace Bowler,31.75,1.0,1,112.0,-0.3005,0,0,74.27,18.74,77.65,35.36,5.96,0.0,39.0402,0.7635,38.89,2029,H2,Jul-Dec
Sam Curran,England,Bowling All-Rounder,31.75,1.0,1,184.0,-0.8161,0,1,679.39,33.15,86.77,35.87,5.91,0.0,51.0994,0.8726,51.29,2029,H2,Jul-Dec
Saqib Mahmood,England,Pace Bowler,32.75,1.0,1,119.0,0.1678,0,0,76.61,19.25,76.79,35.91,6.26,0.0,39.439,0.7393,39.38,2029,H2,Jul-Dec
Shoaib Bashir,England,Spin Bowler,25.75,1.0,1,83.0,-0.7253,0,1,80.07,13.9,83.42,33.43,4.7,0.0,36.3647,0.7451,36.23,2029,H2,Jul-Dec
Sonny Baker,England,Pace Bowler,24.75,1.0,1,73.0,1.3198,1,0,85.77,19.38,92.12,44.59,5.07,0.0,45.9942,0.8877,45.75,2029,H2,Jul-Dec
Tom Banton,England,Top Order Batter,31.75,1.0,1,169.0,0.4016,0,0,926.53,39.09,95.89,0.0,0.0,0.0,38.5232,0.5482,38.55,2029,H2,Jul-Dec
Tom Hartley,England,Spin Bowler,30.75,1.0,1,91.0,-2.6063,0,1,63.59,13.23,80.58,14.69,5.79,0.0,26.1959,0.4059,26.2,2029,H2,Jul-Dec
Tom Rew,England,Wicketkeeper,24.75,1.0,1,57.0,1.386,1,0,488.91,42.55,104.83,0.0,0.0,0.0,40.235,0.4193,40.3,2029,H2,Jul-Dec
Will Jacks,England,Batting All-Rounder,30.75,1.0,1,133.0,-0.1446,0,0,805.1,39.62,101.38,12.64,5.62,0.0,46.1428,0.6376,45.98,2029,H2,Jul-Dec
Zak Crawley,England,Top Order Batter,31.75,1.0,1,133.0,-0.0777,0,0,596.26,32.92,89.35,0.0,0.0,0.0,32.8916,0.4625,32.92,2029,H2,Jul-Dec
Abhishek Sharma,India,Top Order Batter,29.75,1.0,1,100.0,1.1705,1,0,880.69,47.86,102.18,13.88,6.38,0.0,51.8261,0.5782,51.4,2029,H2,Jul-Dec
Akash Deep,India,Pace Bowler,32.75,1.0,1,78.0,-0.2158,0,0,78.89,13.51,76.16,21.13,5.77,0.0,28.9535,0.2067,28.78,2029,H2,Jul-Dec
Akshat Raghuwanshi,India,Top Order Batter,24.75,1.0,1,58.0,1.1828,1,0,429.21,43.67,99.52,0.0,0.0,0.0,40.0213,0.715,39.96,2029,H2,Jul-Dec
Aman Mokhade,India,Middle Order Batter,27.75,1.0,1,88.0,0.2971,0,0,509.07,38.18,90.42,0.0,0.0,0.0,35.8632,0.5933,35.95,2029,H2,Jul-Dec
Angkrish Raghuwanshi,India,Wicketkeeper,24.75,1.0,1,66.0,2.6714,1,0,652.45,62.63,112.97,0.0,0.0,0.0,53.7855,0.8081,54.04,2029,H2,Jul-Dec
Anshul Kamboj,India,Pace Bowler,28.75,1.0,1,84.0,-1.2672,0,1,41.66,9.61,74.32,17.17,5.69,0.0,24.3858,0.1356,24.4,2029,H2,Jul-Dec
Arshdeep Singh,India,Pace Bowler,30.75,1.0,1,125.0,-1.2114,0,1,45.69,9.16,61.33,26.1,5.55,0.0,26.807,0.2053,26.73,2029,H2,Jul-Dec
Ashok Sharma,India,Pace Bowler,28.75,1.0,1,69.0,0.448,0,0,34.77,17.38,71.78,22.29,5.92,0.0,31.0698,0.3859,30.97,2029,H2,Jul-Dec
Atharva Taide,India,Top Order Batter,27.75,1.0,1,85.0,0.2251,0,0,537.51,39.31,92.11,0.0,0.0,0.0,36.8484,0.4723,36.92,2029,H2,Jul-Dec
Auqib Nabi,India,Bowling All-Rounder,28.75,1.0,1,61.0,0.755,1,0,408.23,38.31,89.78,24.66,5.88,0.0,48.2482,0.02,48.22,2029,H2,Jul-Dec
Avesh Khan,India,Pace Bowler,32.75,1.0,1,114.0,-1.5949,0,1,28.14,12.68,62.77,15.74,6.37,0.0,23.8482,0.1793,23.79,2029,H2,Jul-Dec
Axar Patel,India,Bowling All-Rounder,35.75,0.85,1,195.2,-0.7269,0,1,483.73,36.61,78.06,13.4,6.19,0.0,40.5097,0.0208,39.99,2029,H2,Jul-Dec
Ayush Mhatre,India,Top Order Batter,22.75,1.0,1,60.0,2.9733,1,0,618.19,55.82,113.67,13.05,4.68,0.0,57.2183,0.9335,56.99,2029,H2,Jul-Dec
Brijesh Sharma,India,Pace Bowler,27.75,1.0,1,88.0,0.6321,1,0,32.57,53.07,42.46,22.56,6.21,0.0,48.6346,0.9825,48.32,2029,H2,Jul-Dec
Devdutt Padikkal,India,Top Order Batter,29.75,1.0,1,97.0,0.039,0,0,540.05,41.9,96.38,0.0,0.0,0.0,38.9439,0.8694,38.92,2029,H2,Jul-Dec
Dhruv Jurel,India,Wicketkeeper,28.75,1.0,1,72.0,0.8529,1,0,425.02,44.46,98.79,0.0,0.0,0.0,40.3842,0.3289,40.44,2029,H2,Jul-Dec
Digvesh Rathi,India,Spin Bowler,29.75,1.0,1,66.0,0.3626,0,0,98.95,16.16,76.74,28.76,5.37,0.0,34.4524,0.8597,34.41,2029,H2,Jul-Dec
Gurnoor Brar,India,Pace Bowler,28.75,1.0,1,61.0,0.1687,0,0,50.74,13.76,72.45,22.92,5.46,0.0,29.4771,0.2767,29.34,2029,H2,Jul-Dec
Hardik Pandya,India,Batting All-Rounder,35.75,0.8125,1,199.0,-1.4176,0,1,415.07,38.17,84.34,7.42,6.58,0.0,39.049,0.1123,38.69,2029,H2,Jul-Dec
Harsh Dubey,India,Bowling All-Rounder,27.75,1.0,1,78.0,0.7898,1,0,589.13,45.39,98.79,33.0,5.23,0.0,58.4182,0.0151,57.35,2029,H2,Jul-Dec
Harshit Rana,India,Pace Bowler,26.75,1.0,1,76.0,-0.1021,0,0,42.15,10.92,77.92,25.33,5.47,0.0,29.6113,0.2556,29.49,2029,H2,Jul-Dec
Ishan Kishan,India,Wicketkeeper,31.75,1.0,1,155.0,0.1316,0,0,627.78,42.1,91.65,0.0,0.0,0.0,38.758,0.4621,38.83,2029,H2,Jul-Dec
Jasprit Bumrah,India,Pace Bowler,35.75,1.0,1,185.0,1.893,1,0,20.87,9.5,57.15,85.65,5.36,0.0,55.09,0.9875,53.9,2029,H2,Jul-Dec
Jitesh Sharma,India,Wicketkeeper,35.75,0.875,1,108.0,0.2796,0,0,418.05,33.37,83.23,0.0,0.0,0.0,31.7724,0.1476,31.72,2029,H2,Jul-Dec
KL Rahul,India,Wicketkeeper,37.75,0.45,1,168.2,-0.8516,0,1,271.96,36.03,78.63,0.0,0.0,0.0,32.2722,0.0099,33.12,2029,H2,Jul-Dec
KS Bharat,India,Wicketkeeper,35.75,0.625,1,60.0,0.1394,0,0,171.52,32.49,78.43,0.0,0.0,0.0,29.7973,0.0153,30.33,2029,H2,Jul-Dec
Kartik Sharma,India,Wicketkeeper,24.75,1.0,1,62.0,1.3296,1,0,517.41,51.18,120.63,0.0,0.0,0.0,47.4861,0.4521,47.19,2029,H2,Jul-Dec
Karun Nair,India,Top Order Batter,37.75,0.3125,1,91.0,-0.4225,0,0,206.5,37.51,75.23,0.0,0.0,0.0,32.4969,0.019,33.28,2029,H2,Jul-Dec
Khaleel Ahmed,India,Pace Bowler,31.75,1.0,1,105.0,-1.1822,0,1,36.22,16.28,72.43,23.4,5.64,0.0,31.1072,0.3842,31.11,2029,H2,Jul-Dec
Kuldeep Yadav,India,Spin Bowler,34.75,0.625,1,163.0,-1.7942,0,1,38.21,9.66,59.95,14.16,5.58,0.0,21.1517,0.0204,21.24,2029,H2,Jul-Dec
Kumar Kushagra,India,Wicketkeeper,24.75,1.0,1,68.0,0.9844,1,0,565.48,53.45,105.29,0.0,0.0,0.0,47.044,0.3887,46.95,2029,H2,Jul-Dec
Manav Suthar,India,Spin Bowler,27.75,1.0,1,68.0,0.2155,0,0,180.11,24.82,80.11,28.76,5.18,0.0,40.3721,0.9625,40.39,2029,H2,Jul-Dec
Mangesh Yadav,India,Pace Bowler,26.75,1.0,1,73.0,0.277,0,0,77.35,17.78,80.09,27.6,5.44,0.0,35.1927,0.7571,35.18,2029,H2,Jul-Dec
Mayank Yadav,India,Pace Bowler,27.75,1.0,1,61.0,0.0713,0,0,23.78,10.81,74.24,22.08,5.06,0.0,27.5752,0.1704,27.54,2029,H2,Jul-Dec
Mohammed Shami,India,Pace Bowler,39.75,0.0,0,160.0,-1.4329,0,1,0.64,4.59,55.22,9.8,6.59,0.0,15.0733,0.0062,15.64,2029,H2,Jul-Dec
Mohammed Siraj,India,Pace Bowler,35.75,0.65,1,184.2,-2.0001,0,1,17.31,7.77,57.33,17.49,6.06,0.0,21.1033,0.0174,21.07,2029,H2,Jul-Dec
Mukesh Kumar,India,Pace Bowler,35.75,0.625,1,90.0,-1.2457,0,1,11.06,12.82,59.51,12.4,6.55,0.0,21.8146,0.0159,21.94,2029,H2,Jul-Dec
Nithish Kumar Reddy,India,Batting All-Rounder,26.75,1.0,1,65.0,1.8849,1,0,531.16,42.82,100.22,18.46,5.44,0.0,49.8171,0.7055,49.59,2029,H2,Jul-Dec
Prabhsimran Singh,India,Wicketkeeper,29.75,1.0,1,105.0,0.8032,1,0,702.17,46.31,104.0,0.0,0.0,0.0,43.0934,0.5349,43.09,2029,H2,Jul-Dec
Prashant Veer,India,Batting All-Rounder,27.75,1.0,1,64.0,2.0276,1,0,504.83,48.38,104.18,15.63,6.0,0.0,52.0375,0.7207,51.38,2029,H2,Jul-Dec
Prasidh Krishna,India,Pace Bowler,33.75,1.0,1,120.0,-1.619,0,1,11.27,3.76,55.75,22.17,5.97,0.0,20.7658,0.1184,20.57,2029,H2,Jul-Dec
Prince Yadav,India,Pace Bowler,28.75,1.0,1,73.0,0.0246,0,0,36.83,11.34,68.29,25.56,6.04,0.0,28.58,0.264,28.52,2029,H2,Jul-Dec
Priyansh Arya,India,Top Order Batter,28.75,1.0,1,78.0,3.2305,1,0,1094.3,59.51,114.02,0.0,0.0,0.0,53.5651,0.8583,54.22,2029,H2,Jul-Dec
Rajat Patidar,India,Middle Order Batter,35.75,0.625,1,70.0,-0.1297,0,0,295.44,33.81,82.67,0.0,0.0,0.0,31.5458,0.0412,32.36,2029,H2,Jul-Dec
Ramandeep Singh,India,Batting All-Rounder,32.75,1.0,1,84.0,1.1133,1,0,524.56,46.49,104.47,19.33,6.22,0.0,52.7464,0.7047,52.56,2029,H2,Jul-Dec
Ravi Ashwin,India,Spin Bowler,42.75,0.0,0,190.0,-3.261,0,1,0.58,8.02,57.62,1.62,5.98,0.0,13.6171,0.0068,13.83,2029,H2,Jul-Dec
Ravi Bishnoi,India,Spin Bowler,29.75,1.0,1,120.0,-0.2805,0,0,63.33,15.84,73.33,29.7,5.27,0.0,34.1875,0.8015,34.14,2029,H2,Jul-Dec
Ravindra Jadeja,India,Bowling All-Rounder,40.75,0.0,0,210.0,-1.4028,0,1,96.27,31.42,75.94,3.9,6.03,0.0,31.2973,0.0033,31.14,2029,H2,Jul-Dec
Rinku Singh,India,Middle Order Batter,32.75,1.0,1,120.0,1.0572,1,0,625.64,45.97,106.67,0.0,0.0,0.0,42.9712,0.8298,43.08,2029,H2,Jul-Dec
Rishabh Pant,India,Wicketkeeper,31.75,1.0,1,135.0,-0.3609,0,0,564.59,45.52,99.42,0.0,0.0,0.0,41.5706,0.3108,41.64,2029,H2,Jul-Dec
Riyan Parag,India,Batting All-Rounder,27.75,1.0,1,125.0,1.0461,1,0,820.77,45.38,103.68,18.93,6.08,0.0,52.8313,0.8901,52.63,2029,H2,Jul-Dec
Rohit Sharma,India,Top Order Batter,42.75,0.0,0,275.0,-1.4563,0,1,63.45,33.81,71.46,0.0,0.0,0.0,29.3263,0.0196,30.01,2029,H2,Jul-Dec
Ruturaj Gaikwad,India,Top Order Batter,32.75,1.0,1,120.0,1.4894,1,0,756.68,42.92,89.39,0.0,0.0,0.0,39.3964,0.6457,39.35,2029,H2,Jul-Dec
Sai Sudharsan,India,Top Order Batter,27.75,1.0,1,80.0,0.5815,1,0,905.47,56.24,107.11,0.0,0.0,0.0,50.0941,0.909,49.55,2029,H2,Jul-Dec
Sakib Hussain,India,Pace Bowler,24.75,1.0,1,58.0,0.1904,0,0,48.57,11.84,77.51,24.61,5.46,0.0,29.7851,0.3426,29.66,2029,H2,Jul-Dec
Salil Arora,India,Wicketkeeper,26.75,1.0,1,75.0,0.6122,1,0,499.59,48.87,105.7,0.0,0.0,0.0,44.1452,0.2467,43.97,2029,H2,Jul-Dec
Sanju Samson,India,Wicketkeeper,34.75,1.0,1,155.0,0.273,0,0,677.47,41.3,88.35,0.0,0.0,0.0,38.0297,0.4042,37.99,2029,H2,Jul-Dec
Sarfaraz Khan,India,Middle Order Batter,31.75,1.0,1,85.0,0.1166,0,0,518.49,47.08,94.41,0.0,0.0,0.0,41.7034,0.6177,41.64,2029,H2,Jul-Dec
Sarthak Ranjan,India,Middle Order Batter,26.75,1.0,1,54.0,1.8025,1,0,419.03,53.14,102.67,0.0,0.0,0.0,46.0269,0.9225,45.98,2029,H2,Jul-Dec
Shardul Thakur,India,Bowling All-Rounder,37.75,0.0833,1,147.0,-0.844,0,1,184.31,31.5,80.67,6.8,6.46,0.0,33.5499,0.0021,33.19,2029,H2,Jul-Dec
Shivam Dube,India,Batting All-Rounder,36.75,0.7083,1,126.0,-0.6292,0,1,417.58,36.73,84.42,1.93,7.43,0.0,35.4233,0.031,35.68,2029,H2,Jul-Dec
Shreyas Iyer,India,Middle Order Batter,34.75,1.0,1,195.0,-0.3177,0,0,740.31,41.37,82.72,0.0,0.0,0.0,37.5669,0.744,37.65,2029,H2,Jul-Dec
Shubman Gill,India,Top Order Batter,30.75,1.0,1,175.0,-0.8876,0,1,975.8,51.48,104.2,0.0,0.0,0.0,47.128,0.8927,47.19,2029,H2,Jul-Dec
Suryakumar Yadav,India,Middle Order Batter,39.75,0.0,0,145.0,-0.3177,0,0,162.8,38.7,87.47,0.0,0.0,0.0,34.6184,0.0172,35.41,2029,H2,Jul-Dec
Suryansh Shedge,India,Batting All-Rounder,25.75,1.0,1,58.0,1.46,1,0,463.18,49.28,115.59,15.18,5.48,0.0,53.804,0.7376,54.08,2029,H2,Jul-Dec
Tejasvi Dahiya,India,Wicketkeeper,25.75,1.0,1,59.0,0.9948,1,0,457.11,55.04,108.38,0.0,0.0,0.0,48.0162,0.3772,47.85,2029,H2,Jul-Dec
Tilak Varma,India,Top Order Batter,26.75,1.0,1,74.0,1.4039,1,0,842.38,59.59,111.66,0.0,0.0,0.0,52.4545,0.9243,52.62,2029,H2,Jul-Dec
Tushar Deshpande,India,Pace Bowler,34.75,1.0,1,96.0,-0.8291,0,1,27.77,12.39,60.05,15.02,7.39,0.0,22.7986,0.1598,22.77,2029,H2,Jul-Dec
Vaibhav Suryavanshi,India,Top Order Batter,18.75,1.0,1,48.0,4.4262,1,0,1468.52,56.53,126.72,0.0,0.0,0.0,54.6843,0.9784,54.06,2029,H2,Jul-Dec
Varun Chakravarthy,India,Spin Bowler,38.75,0.375,1,105.0,-0.3543,0,0,16.19,14.39,61.61,14.18,5.88,0.0,24.0374,0.0397,24.01,2029,H2,Jul-Dec
Virat Kohli,India,Top Order Batter,40.75,0.0417,0,301.0,-0.4963,0,0,285.04,50.15,81.55,0.0,0.0,0.0,41.0962,0.0458,40.32,2029,H2,Jul-Dec
Washington Sundar,India,Bowling All-Rounder,29.75,1.0,1,112.0,0.1695,0,0,479.66,42.75,92.56,17.18,5.25,0.0,48.0632,0.0155,47.89,2029,H2,Jul-Dec
Yash Thakur,India,Pace Bowler,29.75,1.0,1,72.0,-0.1711,0,0,32.35,14.69,68.21,23.18,6.13,0.0,29.3839,0.2067,29.28,2029,H2,Jul-Dec
Yashasvi Jaiswal,India,Top Order Batter,27.75,1.0,1,102.0,-0.2176,0,0,651.73,43.73,98.06,0.0,0.0,0.0,40.6278,0.4972,40.58,2029,H2,Jul-Dec
Adam Leckey,Ireland,Pace Bowler,24.75,1.0,1,50.0,1.502,1,0,58.47,17.73,80.76,25.13,5.4,0.0,34.0075,0.4215,33.93,2029,H2,Jul-Dec
Andrew Balbirnie,Ireland,Top Order Batter,38.75,0.0,0,210.0,-1.5995,0,1,115.92,26.09,73.93,0.0,0.0,0.0,25.2235,0.0268,24.74,2029,H2,Jul-Dec
Andy McBrine,Ireland,Bowling All-Rounder,36.75,0.65,1,138.2,0.1867,0,0,336.74,26.61,72.23,23.46,6.55,0.0,38.0761,0.0113,35.8,2029,H2,Jul-Dec
Barry McCarthy,Ireland,Pace Bowler,36.75,0.125,1,125.0,-1.214,0,1,28.09,15.83,67.52,12.77,6.7,0.0,24.8359,0.0129,24.67,2029,H2,Jul-Dec
Ben Calitz,Ireland,Middle Order Batter,28.75,1.0,1,68.0,1.5226,1,0,586.0,39.76,91.21,0.0,0.0,0.0,37.1665,0.7753,37.29,2029,H2,Jul-Dec
Ben White,Ireland,Spin Bowler,30.75,1.0,1,101.0,-0.2932,0,0,67.33,16.8,77.28,36.85,5.21,0.0,38.7343,0.8645,38.67,2029,H2,Jul-Dec
Cade Carmichael,Ireland,Middle Order Batter,27.75,1.0,1,78.0,1.6499,1,0,647.83,40.62,88.72,0.0,0.0,0.0,37.5712,0.8919,37.65,2029,H2,Jul-Dec
Chris de Freitas,Ireland,Top Order Batter,28.75,1.0,1,55.0,1.3176,1,0,319.65,33.14,88.72,0.0,0.0,0.0,32.0011,0.6289,32.12,2029,H2,Jul-Dec
Cian Carmichael,Ireland,Top Order Batter,27.75,1.0,1,48.0,1.5431,1,0,253.41,35.49,87.42,0.0,0.0,0.0,33.0091,0.6743,33.04,2029,H2,Jul-Dec
Craig Young,Ireland,Pace Bowler,37.75,0.0833,1,103.0,-0.6428,0,1,16.06,11.29,63.96,10.14,7.36,0.0,20.2599,0.0079,20.4,2029,H2,Jul-Dec
Curtis Campher,Ireland,Bowling All-Rounder,30.75,1.0,1,168.0,-0.2978,0,0,664.48,36.94,86.66,33.4,5.82,0.0,52.1251,0.0242,51.38,2029,H2,Jul-Dec
Fionn Hand,Ireland,Pace Bowler,31.75,1.0,1,119.0,-0.2212,0,0,69.19,13.16,72.21,34.12,5.96,0.0,34.4101,0.5238,34.35,2029,H2,Jul-Dec
Gareth Delany,Ireland,Batting All-Rounder,32.75,1.0,1,142.0,-0.3094,0,0,521.39,29.4,84.72,20.16,5.96,0.0,40.4989,0.4682,40.44,2029,H2,Jul-Dec
Gavin Hoey,Ireland,Spin Bowler,26.75,1.0,1,82.0,1.6008,1,0,294.33,36.86,98.33,38.12,4.75,0.0,54.9033,0.9756,54.12,2029,H2,Jul-Dec
Gavin Roulston,Ireland,Middle Order Batter,26.75,1.0,1,58.0,2.0579,1,0,383.01,43.07,90.84,0.0,0.0,0.0,38.3994,0.8573,38.42,2029,H2,Jul-Dec
George Dockrell,Ireland,Batting All-Rounder,36.75,0.4167,1,176.0,-0.9925,0,1,209.31,21.86,66.62,8.46,6.71,0.0,26.8528,0.0065,26.45,2029,H2,Jul-Dec
Graham Hume,Ireland,Pace Bowler,38.75,0.0,0,112.0,-0.914,0,1,16.05,13.37,68.49,9.37,6.58,0.0,21.8415,0.0121,21.95,2029,H2,Jul-Dec
Harry Tector,Ireland,Top Order Batter,29.75,1.0,1,187.0,0.4733,0,0,1076.08,42.98,94.88,1.79,5.8,0.0,42.9704,0.9127,43.09,2029,H2,Jul-Dec
Jai Moondra,Ireland,Pace Bowler,26.75,1.0,1,57.0,1.2562,1,0,54.85,15.99,81.4,28.47,5.26,0.0,34.689,0.4593,34.67,2029,H2,Jul-Dec
Jake Egan,Ireland,Top Order Batter,25.75,1.0,1,54.0,1.8563,1,0,421.51,42.15,94.25,0.0,0.0,0.0,38.4177,0.8658,38.42,2029,H2,Jul-Dec
James West,Ireland,Top Order Batter,26.75,1.0,1,56.0,1.7561,1,0,404.97,40.49,93.09,0.0,0.0,0.0,37.2251,0.8781,37.29,2029,H2,Jul-Dec
Jordan Neill,Ireland,Pace Bowler,27.75,1.0,1,71.0,0.6817,1,0,56.35,12.49,76.74,29.27,5.58,0.0,32.3087,0.1836,32.32,2029,H2,Jul-Dec
Josh Little,Ireland,Pace Bowler,29.75,1.0,1,134.0,-0.6463,0,1,55.87,20.84,78.44,35.24,5.7,0.0,40.3354,0.8009,40.13,2029,H2,Jul-Dec
Liam McCarthy,Ireland,Pace Bowler,30.75,1.0,1,77.0,0.8579,1,0,69.11,15.43,75.76,34.37,5.62,0.0,36.42,0.5212,36.35,2029,H2,Jul-Dec
Lorcan Tucker,Ireland,Wicketkeeper,33.75,1.0,1,142.0,0.5,0,0,706.51,31.64,80.81,0.0,0.0,0.0,31.415,0.602,31.52,2029,H2,Jul-Dec
Luke Murray,Ireland,Wicketkeeper,26.75,1.0,1,51.0,1.9319,1,0,392.8,42.85,98.52,0.0,0.0,0.0,39.2816,0.5341,39.35,2029,H2,Jul-Dec
Mark Adair,Ireland,Bowling All-Rounder,33.75,1.0,1,195.0,-2.7607,0,1,262.99,20.62,76.39,26.75,6.93,0.0,36.3016,0.0725,36.36,2029,H2,Jul-Dec
Matt Hollard,Ireland,Batting All-Rounder,26.75,1.0,1,59.0,2.1049,1,0,339.93,39.66,98.6,21.83,5.12,0.0,48.7961,0.8865,48.62,2029,H2,Jul-Dec
Matthew Foster,Ireland,Pace Bowler,29.75,1.0,1,68.0,0.8945,1,0,66.15,14.99,78.49,32.49,5.36,0.0,35.6646,0.5004,35.54,2029,H2,Jul-Dec
Matthew Humphreys,Ireland,Spin Bowler,26.75,1.0,1,85.0,0.2956,0,0,87.67,16.48,82.88,37.85,4.9,0.0,39.9107,0.9231,39.79,2029,H2,Jul-Dec
Morgan Topping,Ireland,Middle Order Batter,25.75,1.0,1,62.0,1.7408,1,0,521.27,41.54,99.06,0.0,0.0,0.0,39.0076,0.8753,39.06,2029,H2,Jul-Dec
Neil Rock,Ireland,Wicketkeeper,28.75,1.0,1,91.0,0.9481,1,0,425.83,33.72,85.32,0.0,0.0,0.0,32.2739,0.2298,32.35,2029,H2,Jul-Dec
Paul Stirling,Ireland,Batting All-Rounder,38.75,0.05,1,361.2,-4.0064,0,1,178.53,21.71,68.14,0.37,8.11,0.0,22.7447,0.0022,23.26,2029,H2,Jul-Dec
Peter Moor,Ireland,Wicketkeeper,38.75,0.0625,1,105.5,-0.7797,0,1,23.83,18.25,65.35,0.0,0.0,0.0,19.1476,0.0051,19.48,2029,H2,Jul-Dec
Reuben Wilson,Ireland,Pace Bowler,24.75,1.0,1,61.0,1.8185,1,0,160.59,29.66,89.03,31.19,5.16,0.0,45.5006,0.9602,45.44,2029,H2,Jul-Dec
Ross Adair,Ireland,Middle Order Batter,34.75,1.0,1,106.0,0.9123,1,0,744.37,35.84,84.33,0.0,0.0,0.0,34.4936,0.7382,34.55,2029,H2,Jul-Dec
Sam Topping,Ireland,Middle Order Batter,26.75,1.0,1,64.0,1.9326,1,0,541.88,45.09,100.29,0.0,0.0,0.0,41.3483,0.8622,41.34,2029,H2,Jul-Dec
Scott Macbeth,Ireland,Pace Bowler,28.75,1.0,1,52.0,1.2961,1,0,61.58,18.03,78.94,25.93,5.39,0.0,34.3522,0.4375,34.34,2029,H2,Jul-Dec
Seamus Lynch,Ireland,Wicketkeeper,27.75,1.0,1,61.0,1.7348,1,0,437.03,38.46,88.89,0.0,0.0,0.0,35.5896,0.5082,35.71,2029,H2,Jul-Dec
Sebastian Dijkstra,Ireland,Top Order Batter,25.75,1.0,1,47.0,1.571,1,0,294.81,36.91,92.2,0.0,0.0,0.0,34.6052,0.7845,34.73,2029,H2,Jul-Dec
Stephen Doheny,Ireland,Wicketkeeper,29.75,1.0,1,78.0,1.2326,1,0,605.35,39.14,93.32,0.0,0.0,0.0,37.1324,0.3121,37.23,2029,H2,Jul-Dec
Theo van Woerkom,Ireland,Pace Bowler,33.75,1.0,1,84.0,0.2844,0,0,56.12,13.1,70.97,24.61,6.33,0.0,29.5147,0.2163,29.34,2029,H2,Jul-Dec
Tim Tector,Ireland,Top Order Batter,26.75,1.0,1,71.0,1.649,1,0,580.31,39.76,95.1,0.0,0.0,0.0,37.6434,0.8879,37.8,2029,H2,Jul-Dec
Tom Mayes,Ireland,Pace Bowler,27.75,1.0,1,66.0,1.337,1,0,76.82,17.49,80.46,33.39,5.4,0.0,37.862,0.6395,37.71,2029,H2,Jul-Dec
Adam Milne,New Zealand,Pace Bowler,37.75,0.0,0,205.0,-2.8034,0,1,9.65,12.44,65.32,5.05,7.21,0.0,18.6717,0.009,18.76,2029,H2,Jul-Dec
Adithya Ashok,New Zealand,Spin Bowler,26.75,1.0,1,64.0,0.5087,1,0,65.57,12.71,82.63,27.51,4.95,0.0,32.5679,0.7953,32.52,2029,H2,Jul-Dec
Ajaz Patel,New Zealand,Spin Bowler,40.75,0.0,0,87.0,-2.0677,0,1,0.41,6.29,62.84,1.48,5.17,0.0,13.4057,0.0163,13.64,2029,H2,Jul-Dec
Ben Lister,New Zealand,Pace Bowler,33.75,1.0,1,109.0,0.2277,0,0,64.63,16.22,74.48,37.88,6.07,0.0,38.2891,0.6225,38.13,2029,H2,Jul-Dec
Ben Sears,New Zealand,Pace Bowler,31.75,1.0,1,104.0,0.6359,1,0,49.88,15.62,77.72,43.1,5.68,0.0,40.9012,0.7193,40.73,2029,H2,Jul-Dec
Benjamin Jacobs,New Zealand,Middle Order Batter,27.75,1.0,1,55.0,1.6761,1,0,361.83,36.28,97.02,0.0,0.0,0.0,35.0731,0.8097,35.23,2029,H2,Jul-Dec
Bharat Popli,New Zealand,Middle Order Batter,37.75,0.3125,1,76.0,0.5639,1,0,217.69,26.41,73.6,0.0,0.0,0.0,25.7181,0.0413,25.64,2029,H2,Jul-Dec
Blair Tickner,New Zealand,Pace Bowler,35.75,0.4167,1,116.0,-1.5604,0,1,16.19,10.8,65.32,11.26,7.56,0.0,20.6506,0.0123,20.8,2029,H2,Jul-Dec
Cole McConchie,New Zealand,Batting All-Rounder,33.75,1.0,1,121.0,0.2715,0,0,459.1,27.56,81.3,16.42,6.0,0.0,36.9467,0.2693,37.03,2029,H2,Jul-Dec
Curtis Heaphy,New Zealand,Batting All-Rounder,27.75,1.0,1,64.0,2.0963,1,0,531.8,38.24,96.04,22.07,5.04,0.0,48.4184,0.7738,48.63,2029,H2,Jul-Dec
Dane Cleaver,New Zealand,Wicketkeeper,36.75,0.4167,1,90.0,0.313,0,0,219.43,27.05,77.62,0.0,0.0,0.0,26.618,0.0067,26.59,2029,H2,Jul-Dec
Daryl Foxcroft,New Zealand,Batting All-Rounder,30.75,1.0,1,91.0,2.4655,1,0,705.7,42.3,92.17,22.62,5.48,0.0,51.064,0.796,51.4,2029,H2,Jul-Dec
Daryl Mitchell,New Zealand,Batting All-Rounder,38.75,0.0,0,176.0,-2.0684,0,1,120.68,27.8,78.51,1.97,6.49,0.0,28.5256,0.0023,28.83,2029,H2,Jul-Dec
Devon Conway,New Zealand,Wicketkeeper,38.75,0.25,1,191.2,-1.1502,0,1,252.0,30.86,77.49,0.0,0.0,0.0,28.9807,0.0081,29.54,2029,H2,Jul-Dec
Finn Allen,New Zealand,Top Order Batter,30.75,1.0,1,200.0,-0.6176,0,1,890.33,35.53,97.33,0.0,0.0,0.0,36.4642,0.8305,36.56,2029,H2,Jul-Dec
Fraser Sheat,New Zealand,Pace Bowler,27.75,1.0,1,65.0,1.0405,1,0,65.46,14.8,79.91,30.04,5.33,0.0,34.5606,0.4189,34.59,2029,H2,Jul-Dec
Glenn Phillips,New Zealand,Batting All-Rounder,33.75,1.0,1,240.0,-1.0925,0,1,778.07,29.85,84.69,17.58,6.45,0.0,40.2879,0.5575,40.26,2029,H2,Jul-Dec
Henry Nicholls,New Zealand,Top Order Batter,38.75,0.0,0,92.0,-0.8776,0,1,33.77,16.56,70.76,0.0,0.0,0.0,18.8654,0.0098,19.27,2029,H2,Jul-Dec
Ish Sodhi,New Zealand,Spin Bowler,36.75,0.0,0,190.0,-2.8436,0,1,5.62,9.19,61.56,3.86,6.07,0.0,15.8901,0.0105,16.48,2029,H2,Jul-Dec
Jacob Cumming,New Zealand,Top Order Batter,27.75,1.0,1,61.0,1.4784,1,0,541.2,38.31,98.65,0.0,0.0,0.0,37.1,0.801,37.15,2029,H2,Jul-Dec
Jacob Duffy,New Zealand,Pace Bowler,34.75,1.0,1,108.0,0.5432,1,0,55.96,12.85,67.34,41.33,6.64,0.0,36.8827,0.6372,36.76,2029,H2,Jul-Dec
Jayden Lennox,New Zealand,Pace Bowler,27.75,1.0,1,51.0,1.3839,1,0,44.7,14.02,77.54,26.3,5.41,0.0,31.9009,0.2054,31.92,2029,H2,Jul-Dec
Jesse Tashkoff,New Zealand,Batting All-Rounder,30.75,1.0,1,69.0,1.8598,1,0,538.46,34.63,91.83,23.3,5.26,0.0,46.2763,0.7306,46.3,2029,H2,Jul-Dec
Jimmy Neesham,New Zealand,Bowling All-Rounder,38.75,0.05,1,226.2,-1.7394,0,1,105.78,22.39,78.26,5.99,6.89,0.0,27.0803,0.0022,26.36,2029,H2,Jul-Dec
Josh Clarkson,New Zealand,Batting All-Rounder,32.75,1.0,1,95.0,1.7262,1,0,653.25,32.86,87.91,21.41,5.74,0.0,44.0699,0.6027,43.93,2029,H2,Jul-Dec
Katene Clarke,New Zealand,Top Order Batter,28.75,1.0,1,67.0,1.2402,1,0,532.68,36.69,96.27,0.0,0.0,0.0,35.8028,0.7036,35.95,2029,H2,Jul-Dec
Kristian Clarke,New Zealand,Bowling All-Rounder,27.75,1.0,1,61.0,1.8875,1,0,463.11,33.47,92.73,24.29,5.18,0.0,45.9451,0.0244,45.94,2029,H2,Jul-Dec
Kyle Jamieson,New Zealand,Pace Bowler,34.75,1.0,1,124.0,-0.8741,0,1,57.0,10.78,67.79,26.52,6.45,0.0,28.6246,0.1589,28.57,2029,H2,Jul-Dec
Lachlan Stackpole,New Zealand,Top Order Batter,26.75,1.0,1,52.0,1.4015,1,0,370.38,36.95,97.53,0.0,0.0,0.0,35.5662,0.7743,35.71,2029,H2,Jul-Dec
Lockie Ferguson,New Zealand,Pace Bowler,38.75,0.0,0,137.0,-1.4864,0,1,8.92,11.78,71.03,6.86,6.58,0.0,19.9872,0.0091,20.14,2029,H2,Jul-Dec
Mark Chapman,New Zealand,Batting All-Rounder,34.75,1.0,1,173.0,-0.2326,0,0,576.75,28.69,77.56,11.75,6.84,0.0,35.1239,0.2578,35.14,2029,H2,Jul-Dec
Matt Bacon,New Zealand,Pace Bowler,34.75,1.0,1,73.0,0.4986,0,0,42.47,9.3,71.69,25.74,6.23,0.0,27.8625,0.0719,27.69,2029,H2,Jul-Dec
Matt Henry,New Zealand,Pace Bowler,37.75,0.0,0,151.0,-1.2645,0,1,9.37,8.93,63.43,7.33,7.14,0.0,17.448,0.0117,17.69,2029,H2,Jul-Dec
Matthew Boyle,New Zealand,Top Order Batter,27.75,1.0,1,59.0,1.6778,1,0,420.73,36.46,89.41,0.0,0.0,0.0,34.4097,0.8378,34.43,2029,H2,Jul-Dec
Matthew Fisher,New Zealand,Pace Bowler,28.75,1.0,1,54.0,1.1376,1,0,44.7,12.64,83.28,29.76,5.02,0.0,33.5968,0.4226,33.58,2029,H2,Jul-Dec
Max Chu,New Zealand,Wicketkeeper,30.75,1.0,1,61.0,1.5857,1,0,414.83,35.8,87.08,0.0,0.0,0.0,33.6994,0.4627,33.79,2029,H2,Jul-Dec
Michael Bracewell,New Zealand,Batting All-Rounder,38.75,0.0,0,130.0,0.1999,0,0,164.44,30.92,76.66,7.24,6.3,0.0,32.8701,0.0076,32.26,2029,H2,Jul-Dec
Michael Rae,New Zealand,Pace Bowler,34.75,1.0,1,76.0,0.3501,0,0,35.71,11.07,71.54,24.67,6.27,0.0,28.3509,0.1105,28.22,2029,H2,Jul-Dec
Mitchell Hay,New Zealand,Wicketkeeper,33.75,1.0,1,92.0,1.5117,1,0,640.53,37.31,87.82,0.0,0.0,0.0,35.4608,0.4136,35.57,2029,H2,Jul-Dec
Mitchell Santner,New Zealand,Spin Bowler,37.75,0.0,0,235.0,-1.1665,0,1,123.89,25.96,73.39,8.87,5.67,0.0,30.2943,0.0467,28.72,2029,H2,Jul-Dec
Muhammad Abbas,New Zealand,Top Order Batter,28.75,1.0,1,42.0,0.2739,0,0,43.9,13.7,71.83,0.0,0.0,0.0,17.3336,0.1159,18.14,2029,H2,Jul-Dec
Nathan Smith,New Zealand,Pace Bowler,30.75,1.0,1,100.0,0.9517,1,0,229.46,29.59,94.13,37.86,5.11,0.0,49.5683,0.8982,49.48,2029,H2,Jul-Dec
Nicholas Kelly,New Zealand,Middle Order Batter,33.75,1.0,1,74.0,1.3841,1,0,519.43,29.74,79.08,0.0,0.0,0.0,29.4266,0.5057,29.59,2029,H2,Jul-Dec
Rachin Ravindra,New Zealand,Batting All-Rounder,29.75,1.0,1,121.0,1.0588,1,0,1011.53,44.15,99.45,27.14,5.02,0.0,56.4498,0.9169,57.37,2029,H2,Jul-Dec
Rhys Mariu,New Zealand,Middle Order Batter,27.75,1.0,1,73.0,1.4087,1,0,618.16,39.37,100.32,0.0,0.0,0.0,38.206,0.7983,38.29,2029,H2,Jul-Dec
Rohit Gulati,New Zealand,Top Order Batter,27.75,1.0,1,50.0,1.2059,1,0,291.67,33.02,95.41,0.0,0.0,0.0,32.688,0.4945,32.71,2029,H2,Jul-Dec
Simon Johnston,New Zealand,Top Order Batter,26.75,1.0,1,54.0,1.5606,1,0,347.08,41.62,101.31,0.0,0.0,0.0,38.7497,0.8696,38.83,2029,H2,Jul-Dec
Simon Keene,New Zealand,Pace Bowler,27.75,1.0,1,54.0,1.3373,1,0,59.19,17.34,78.86,25.79,5.29,0.0,33.8853,0.3876,33.82,2029,H2,Jul-Dec
Tim Pringle,New Zealand,Spin Bowler,25.75,1.0,1,69.0,1.9026,1,0,426.21,39.39,104.47,33.44,4.66,0.0,55.4247,0.9768,54.13,2029,H2,Jul-Dec
Tim Robinson,New Zealand,Middle Order Batter,26.75,1.0,1,84.0,1.7045,1,0,892.13,44.27,101.2,0.0,0.0,0.0,42.1678,0.931,42.22,2029,H2,Jul-Dec
Tim Seifert,New Zealand,Wicketkeeper,34.75,1.0,1,220.0,-0.1157,0,0,837.14,34.22,86.32,0.0,0.0,0.0,34.0986,0.5902,34.11,2029,H2,Jul-Dec
Tim Southee,New Zealand,Pace Bowler,40.75,0.0,0,220.0,-3.6623,0,1,0.0,2.88,54.7,0.17,8.26,0.0,9.0962,0.0032,9.09,2029,H2,Jul-Dec
Tom Blundell,New Zealand,Wicketkeeper,38.75,0.375,1,83.0,-0.1609,0,0,112.57,19.95,68.51,0.0,0.0,0.0,20.8648,0.0034,21.25,2029,H2,Jul-Dec
Tom Latham,New Zealand,Wicketkeeper,37.75,0.45,1,141.2,-0.754,0,1,133.88,21.76,71.62,0.0,0.0,0.0,22.4118,0.0068,22.88,2029,H2,Jul-Dec
Trent Boult,New Zealand,Pace Bowler,40.75,0.0,0,168.0,-3.6887,0,1,0.36,5.61,56.0,0.21,7.67,0.0,10.9864,0.0047,11.24,2029,H2,Jul-Dec
Will ORourke,New Zealand,Pace Bowler,28.75,1.0,1,82.0,1.0005,1,0,83.81,19.0,84.95,42.51,5.08,0.0,43.8428,0.7423,43.75,2029,H2,Jul-Dec
Will Young,New Zealand,Middle Order Batter,37.75,0.45,1,126.2,0.3119,0,0,274.05,28.02,74.9,0.0,0.0,0.0,27.0343,0.0348,27.41,2029,H2,Jul-Dec
Zak Foulkes,New Zealand,Pace Bowler,27.75,1.0,1,76.0,2.648,1,0,603.94,43.71,101.34,33.12,4.94,0.0,57.9459,0.9489,57.51,2029,H2,Jul-Dec
Zak Gibson,New Zealand,Pace Bowler,27.75,1.0,1,48.0,1.4059,1,0,48.77,15.3,84.63,27.62,5.01,0.0,34.3406,0.4961,34.34,2029,H2,Jul-Dec
Aamir Jamal,Pakistan,Bowling All-Rounder,33.75,1.0,1,92.0,-0.3155,0,0,367.81,32.97,91.97,18.73,5.65,0.0,42.4165,0.0101,42.4,2029,H2,Jul-Dec
Abbas Afridi,Pakistan,Pace Bowler,28.75,1.0,1,77.0,-1.6149,0,1,112.68,21.83,95.33,37.39,5.29,0.0,44.4217,0.5068,44.23,2029,H2,Jul-Dec
Abdul Faseeh,Pakistan,Middle Order Batter,26.75,1.0,1,37.0,1.3386,1,0,57.65,21.88,97.09,0.0,0.0,0.0,25.4735,0.3775,25.72,2029,H2,Jul-Dec
Abdul Faseeh Jr,Pakistan,Middle Order Batter,26.75,1.0,1,38.0,0.7065,1,0,96.07,16.32,105.5,0.0,0.0,0.0,23.3668,0.2075,23.46,2029,H2,Jul-Dec
Abdul Samad,Pakistan,Middle Order Batter,27.75,1.0,1,97.0,-0.0361,0,0,879.23,47.05,114.32,0.0,0.0,0.0,45.453,0.8032,45.49,2029,H2,Jul-Dec
Abdullah Fazal,Pakistan,Middle Order Batter,30.75,1.0,1,61.0,0.8042,1,0,352.24,43.09,98.97,0.0,0.0,0.0,39.3439,0.6902,39.35,2029,H2,Jul-Dec
Abdullah Shafique,Pakistan,Top Order Batter,29.75,1.0,1,121.0,-2.1327,0,1,719.61,44.72,87.97,0.0,0.0,0.0,40.1608,0.9161,40.2,2029,H2,Jul-Dec
Abrar Ahmed,Pakistan,Spin Bowler,30.75,1.0,1,91.0,-3.1001,0,1,179.4,23.5,86.29,47.51,4.93,0.0,49.4737,0.8882,49.47,2029,H2,Jul-Dec
Ahmed Daniyal,Pakistan,Pace Bowler,32.75,1.0,1,65.0,-0.4139,0,0,147.9,18.4,87.95,33.25,6.12,0.0,39.3505,0.4761,39.3,2029,H2,Jul-Dec
Akif Javed,Pakistan,Pace Bowler,34.75,1.0,1,84.0,-1.04,0,1,122.56,17.94,82.0,30.96,6.61,0.0,37.0278,0.3841,37.08,2029,H2,Jul-Dec
Ali Raza,Pakistan,Pace Bowler,23.75,1.0,1,49.0,3.2668,1,0,219.37,31.23,127.08,60.56,4.74,0.0,65.762,0.9732,57.26,2029,H2,Jul-Dec
Ali Usman,Pakistan,Spin Bowler,38.75,0.25,1,49.2,-0.6145,0,1,53.03,15.15,82.37,15.86,5.01,0.0,28.3206,0.0136,27.4,2029,H2,Jul-Dec
Arafat Minhas,Pakistan,Bowling All-Rounder,25.75,1.0,1,68.0,1.2588,1,0,560.78,52.9,112.93,27.9,4.36,0.0,62.4652,0.017,57.39,2029,H2,Jul-Dec
Asif Afridi,Pakistan,Spin Bowler,42.75,0.0,0,51.0,-2.2689,0,1,21.13,11.51,72.38,7.78,5.33,0.0,20.7828,0.0244,21.02,2029,H2,Jul-Dec
Awais Zafar,Pakistan,Middle Order Batter,34.75,1.0,1,74.0,0.2452,0,0,431.13,34.54,87.62,0.0,0.0,0.0,33.0736,0.3706,33.07,2029,H2,Jul-Dec
Azam Khan,Pakistan,Wicketkeeper,30.75,1.0,1,87.0,-0.3443,0,0,739.52,33.89,109.32,0.0,0.0,0.0,36.5044,0.2095,36.56,2029,H2,Jul-Dec
Azan Awais,Pakistan,Middle Order Batter,25.75,1.0,1,59.0,1.9917,1,0,689.57,59.89,119.23,0.0,0.0,0.0,53.0791,0.9146,52.68,2029,H2,Jul-Dec
Babar Azam,Pakistan,Top Order Batter,34.75,0.85,1,199.2,-4.4918,0,1,699.28,38.16,80.91,0.0,0.0,0.0,35.2851,0.3966,35.62,2029,H2,Jul-Dec
Faheem Ashraf,Pakistan,Bowling All-Rounder,35.75,0.125,1,97.0,-3.2527,0,1,229.54,30.7,91.57,16.38,5.78,0.0,39.3796,0.0023,37.94,2029,H2,Jul-Dec
Faisal Akram,Pakistan,Spin Bowler,26.75,1.0,1,63.0,0.0897,0,0,146.46,20.85,95.58,42.86,4.53,0.0,46.8831,0.7804,46.87,2029,H2,Jul-Dec
Fakhar Zaman,Pakistan,Top Order Batter,39.75,0.0,0,143.0,-4.7932,0,1,153.69,32.06,86.25,0.0,0.0,0.0,30.4783,0.0149,31.08,2029,H2,Jul-Dec
Ghazi Ghori,Pakistan,Wicketkeeper,25.75,1.0,1,56.0,1.8661,1,0,501.28,46.33,107.83,0.0,0.0,0.0,42.9104,0.356,42.87,2029,H2,Jul-Dec
Haris Rauf,Pakistan,Pace Bowler,35.75,0.125,1,112.0,-6.1124,0,1,28.34,11.78,83.65,17.42,6.36,0.0,26.7872,0.0077,26.26,2029,H2,Jul-Dec
Hasan Ali,Pakistan,Pace Bowler,34.75,0.625,1,144.0,-6.69,0,1,209.5,14.64,79.74,33.29,6.67,0.0,36.1798,0.1417,33.45,2029,H2,Jul-Dec
Haseebullah Khan,Pakistan,Wicketkeeper,25.75,1.0,1,64.0,1.7595,1,0,778.92,56.41,121.89,0.0,0.0,0.0,51.6504,0.6193,51.4,2029,H2,Jul-Dec
Hassan Nawaz,Pakistan,Middle Order Batter,25.75,1.0,1,58.0,3.0248,1,0,916.63,63.81,126.98,0.0,0.0,0.0,57.1743,0.9838,57.39,2029,H2,Jul-Dec
Hussain Talat,Pakistan,Batting All-Rounder,33.75,1.0,1,105.0,-0.3581,0,0,571.47,34.84,87.33,22.32,6.09,0.0,45.25,0.4405,45.18,2029,H2,Jul-Dec
Iftikhar Ahmed,Pakistan,Batting All-Rounder,38.75,0.0,0,129.0,-3.9999,0,1,182.61,31.79,80.14,6.57,6.06,0.0,33.6246,0.0099,33.35,2029,H2,Jul-Dec
Imad Wasim,Pakistan,Bowling All-Rounder,40.75,0.0,0,166.0,-9.8614,0,1,0.0,20.54,76.25,0.49,6.09,0.0,22.8774,0.0012,23.01,2029,H2,Jul-Dec
Imam-ul-Haq,Pakistan,Top Order Batter,33.75,1.0,1,121.0,-2.7301,0,1,419.63,40.72,85.34,0.0,0.0,0.0,36.4231,0.5311,36.51,2029,H2,Jul-Dec
Irfan Khan,Pakistan,Top Order Batter,27.75,1.0,1,73.0,1.9012,1,0,776.76,58.21,111.88,0.0,0.0,0.0,51.4377,0.9308,51.4,2029,H2,Jul-Dec
Jahandad Khan,Pakistan,Bowling All-Rounder,26.75,1.0,1,61.0,3.075,1,0,620.11,55.38,118.46,39.37,4.78,0.0,70.1968,0.0274,57.57,2029,H2,Jul-Dec
Kamran Ghulam,Pakistan,Middle Order Batter,33.75,1.0,1,91.0,0.409,0,0,669.79,44.21,92.8,0.0,0.0,0.0,40.3039,0.6521,40.3,2029,H2,Jul-Dec
Kashif Ali,Pakistan,Pace Bowler,27.75,1.0,1,60.0,0.5927,1,0,175.97,21.94,105.94,40.45,5.02,0.0,47.6137,0.7571,47.78,2029,H2,Jul-Dec
Khawaja Nafay,Pakistan,Wicketkeeper,27.75,1.0,1,68.0,2.2118,1,0,1078.25,59.72,124.86,0.0,0.0,0.0,55.0185,0.9242,54.22,2029,H2,Jul-Dec
Khurram Shahzad,Pakistan,Pace Bowler,34.75,1.0,1,83.0,-0.4063,0,0,135.6,18.0,84.81,36.5,6.41,0.0,40.171,0.4438,40.19,2029,H2,Jul-Dec
Khushdil Shah,Pakistan,Batting All-Rounder,34.75,0.875,1,122.0,-1.7074,0,1,715.04,38.09,92.67,30.07,5.93,0.0,52.12,0.3941,47.7,2029,H2,Jul-Dec
Maaz Sadaqat,Pakistan,Batting All-Rounder,24.75,1.0,1,55.0,3.4321,1,0,767.42,70.02,127.01,25.72,4.54,0.0,74.0326,0.9762,57.28,2029,H2,Jul-Dec
Mir Hamza,Pakistan,Pace Bowler,36.75,0.65,1,61.2,-1.0573,0,1,38.64,8.51,74.34,20.11,6.45,0.0,24.963,0.0096,24.89,2029,H2,Jul-Dec
Mohammad Abbas,Pakistan,Pace Bowler,39.75,0.05,1,38.2,-0.9006,0,1,14.66,6.86,70.37,7.76,6.37,0.0,17.4683,0.0084,17.65,2029,H2,Jul-Dec
Mohammad Ali,Pakistan,Pace Bowler,35.75,0.85,1,81.2,-0.6481,0,1,109.04,14.68,80.54,33.99,6.71,0.0,36.293,0.0668,36.41,2029,H2,Jul-Dec
Mohammad Amir,Pakistan,Pace Bowler,37.75,0.0625,1,95.5,-5.6365,0,1,12.42,9.82,73.67,3.89,6.35,0.0,17.7867,0.019,18.17,2029,H2,Jul-Dec
Mohammad Faiq,Pakistan,Top Order Batter,26.75,1.0,1,51.0,2.6175,1,0,469.72,54.38,109.02,0.0,0.0,0.0,47.7478,0.8928,47.85,2029,H2,Jul-Dec
Mohammad Haris,Pakistan,Wicketkeeper,28.75,1.0,1,92.0,1.2055,1,0,885.65,51.3,119.69,0.0,0.0,0.0,48.6904,0.5067,48.59,2029,H2,Jul-Dec
Mohammad Hasnain,Pakistan,Pace Bowler,29.75,1.0,1,111.0,-2.4027,0,1,110.88,14.92,98.0,52.82,5.28,0.0,48.0671,0.7213,47.66,2029,H2,Jul-Dec
Mohammad Huraira,Pakistan,Top Order Batter,27.75,1.0,1,72.0,1.77,1,0,805.89,49.12,103.8,0.0,0.0,0.0,45.0938,0.8506,44.96,2029,H2,Jul-Dec
Mohammad Nawaz,Pakistan,Bowling All-Rounder,35.75,0.5625,1,149.5,-4.4159,0,1,413.97,29.79,83.71,32.7,5.55,0.0,46.373,0.0118,40.59,2029,H2,Jul-Dec
Mohammad Rizwan,Pakistan,Wicketkeeper,37.75,0.25,1,145.2,-2.6697,0,1,374.58,39.56,80.17,0.0,0.0,0.0,34.9196,0.0251,35.61,2029,H2,Jul-Dec
Mohammad Wasim,Pakistan,Pace Bowler,28.75,1.0,1,93.0,-1.7049,0,1,134.45,13.52,92.74,42.83,5.44,0.0,41.7904,0.404,41.8,2029,H2,Jul-Dec
Mubasir Khan,Pakistan,Bowling All-Rounder,27.75,1.0,1,78.0,1.5054,1,0,687.74,50.79,115.86,37.93,4.72,0.0,66.692,0.0201,57.49,2029,H2,Jul-Dec
Naseem Shah,Pakistan,Pace Bowler,26.75,1.0,1,96.0,-1.3674,0,1,133.7,16.25,98.7,47.06,4.87,0.0,46.3895,0.6337,46.27,2029,H2,Jul-Dec
Noman Ali,Pakistan,Spin Bowler,43.75,0.0,0,31.0,-0.7494,0,1,10.46,7.36,68.29,7.38,5.47,0.0,17.521,0.0149,17.82,2029,H2,Jul-Dec
Omair Yousuf,Pakistan,Middle Order Batter,31.75,1.0,1,81.0,0.6701,1,0,567.24,36.29,91.47,0.0,0.0,0.0,35.0698,0.6027,35.23,2029,H2,Jul-Dec
Qasim Akram,Pakistan,Batting All-Rounder,26.75,1.0,1,83.0,1.8237,1,0,549.48,49.35,110.17,23.98,4.99,0.0,57.8316,0.7259,57.29,2029,H2,Jul-Dec
Saad Masood,Pakistan,Top Order Batter,27.75,1.0,1,53.0,2.6207,1,0,551.93,50.83,107.47,0.0,0.0,0.0,45.7161,0.8247,45.67,2029,H2,Jul-Dec
Sahibzada Farhan,Pakistan,Wicketkeeper,33.75,1.0,1,134.0,-0.2614,0,0,1125.74,46.38,95.79,0.0,0.0,0.0,43.5287,0.5926,43.61,2029,H2,Jul-Dec
Saim Ayub,Pakistan,Batting All-Rounder,27.75,1.0,1,102.0,0.0838,0,0,1144.91,53.55,115.0,30.17,4.89,0.0,65.9863,0.7013,57.5,2029,H2,Jul-Dec
Sajid Khan,Pakistan,Spin Bowler,36.75,0.3125,1,57.0,-1.6044,0,1,48.84,11.95,76.25,18.55,5.15,0.0,26.8686,0.0227,26.31,2029,H2,Jul-Dec
Salman Ali Agha,Pakistan,Batting All-Rounder,35.75,0.5625,1,121.5,-2.2557,0,1,636.82,39.5,89.92,15.91,5.38,0.0,45.6764,0.0331,41.77,2029,H2,Jul-Dec
Salman Mirza,Pakistan,Pace Bowler,32.75,1.0,1,61.0,0.8651,1,0,130.72,15.94,89.51,35.2,5.8,0.0,39.0403,0.6101,39.05,2029,H2,Jul-Dec
Saud Shakeel,Pakistan,Top Order Batter,34.75,1.0,1,95.0,0.506,1,0,696.48,45.08,79.69,0.0,0.0,0.0,39.2401,0.7107,39.2,2029,H2,Jul-Dec
Shadab Khan,Pakistan,Bowling All-Rounder,31.75,1.0,1,167.0,-4.4196,0,1,906.21,39.61,102.56,60.75,4.98,0.0,69.9656,0.0328,57.59,2029,H2,Jul-Dec
Shaheen Afridi,Pakistan,Pace Bowler,29.75,1.0,1,138.0,-5.4713,0,1,112.06,11.54,89.04,66.91,4.86,0.0,51.8309,0.8447,51.32,2029,H2,Jul-Dec
Shahzaib Khan,Pakistan,Middle Order Batter,27.75,1.0,1,55.0,2.4534,1,0,560.68,52.41,113.72,0.0,0.0,0.0,47.484,0.8499,47.19,2029,H2,Jul-Dec
Shamyl Hussain,Pakistan,Middle Order Batter,24.75,1.0,1,54.0,3.9117,1,0,935.42,70.37,132.83,0.0,0.0,0.0,61.8904,0.9878,57.05,2029,H2,Jul-Dec
Shan Masood,Pakistan,Top Order Batter,39.75,0.0,0,75.0,-0.428,0,0,120.83,31.17,79.33,0.0,0.0,0.0,28.9537,0.024,29.77,2029,H2,Jul-Dec
Sufiyan Muqeem,Pakistan,Spin Bowler,28.75,1.0,1,65.0,1.301,1,0,189.36,24.58,97.53,54.28,4.55,0.0,54.9838,0.9419,54.28,2029,H2,Jul-Dec
Tayyab Tahir,Pakistan,Middle Order Batter,35.75,0.8125,1,100.0,0.733,1,0,639.25,43.94,87.43,0.18,6.17,0.0,40.2438,0.1921,39.69,2029,H2,Jul-Dec
Ubaid Shah,Pakistan,Pace Bowler,24.75,1.0,1,57.0,1.567,1,0,184.59,23.02,117.1,45.87,4.64,0.0,52.4543,0.8596,52.43,2029,H2,Jul-Dec
Usama Mir,Pakistan,Spin Bowler,33.75,1.0,1,86.0,-0.7556,0,1,251.28,23.17,89.39,42.19,5.2,0.0,47.2696,0.857,47.14,2029,H2,Jul-Dec
Usman Khan,Pakistan,Wicketkeeper,33.75,1.0,1,99.0,0.9113,1,0,946.06,45.15,99.49,0.0,0.0,0.0,42.6571,0.3972,42.57,2029,H2,Jul-Dec
Usman Tariq,Pakistan,Spin Bowler,30.75,1.0,1,62.0,1.5712,1,0,219.51,21.95,106.76,50.26,4.39,0.0,52.8318,0.9412,52.55,2029,H2,Jul-Dec
Yasir Khan,Pakistan,Top Order Batter,26.75,1.0,1,59.0,2.5914,1,0,742.03,56.17,117.36,0.0,0.0,0.0,50.8041,0.9081,51.37,2029,H2,Jul-Dec
Zahid Mahmood,Pakistan,Pace Bowler,41.75,0.0,0,49.0,-1.0963,0,1,21.39,8.9,74.4,8.15,7.28,0.0,19.2424,0.0045,19.48,2029,H2,Jul-Dec
Zaman Khan,Pakistan,Pace Bowler,27.75,1.0,1,84.0,-0.0384,0,0,159.24,20.81,107.03,53.97,5.05,0.0,53.5164,0.6141,53.37,2029,H2,Jul-Dec
Aiden Markram,South Africa,Top Order Batter,34.75,0.625,1,208.0,-4.6912,0,1,569.4,37.58,93.72,9.5,5.38,0.0,41.7054,0.0815,40.39,2029,H2,Jul-Dec
Alfred Mothoa,South Africa,Pace Bowler,27.75,1.0,1,57.0,1.4454,1,0,106.36,16.79,109.11,29.53,5.27,0.0,39.3828,0.6654,39.19,2029,H2,Jul-Dec
Andile Phehlukwayo,South Africa,Bowling All-Rounder,33.75,1.0,1,195.0,-5.8708,0,1,352.7,25.17,92.9,21.3,5.85,0.0,39.025,0.0204,39.01,2029,H2,Jul-Dec
Andile Simelane,South Africa,Bowling All-Rounder,25.75,1.0,1,73.0,0.396,0,0,283.96,34.74,121.36,19.47,4.51,0.0,47.6674,0.0175,47.88,2029,H2,Jul-Dec
Anrich Nortje,South Africa,Pace Bowler,35.75,0.5625,1,131.5,-3.4491,0,1,21.97,11.02,97.99,16.78,6.05,0.0,27.9026,0.0069,27.13,2029,H2,Jul-Dec
Beyers Swanepoel,South Africa,Pace Bowler,28.75,1.0,1,69.0,0.8479,1,0,137.16,18.11,100.71,29.75,5.44,0.0,39.2577,0.6321,39.16,2029,H2,Jul-Dec
Bjorn Fortuin,South Africa,Spin Bowler,34.75,0.75,1,134.0,-3.9407,0,1,59.39,12.33,90.2,20.15,5.07,0.0,29.7059,0.2983,28.32,2029,H2,Jul-Dec
Clyde Fortuin,South Africa,Wicketkeeper,33.75,1.0,1,117.0,-0.2078,0,0,293.96,27.72,87.14,0.0,0.0,0.0,28.4851,0.1625,29.06,2029,H2,Jul-Dec
Codi Yusuf,South Africa,Pace Bowler,27.75,1.0,1,66.0,0.6996,1,0,85.39,14.65,111.35,27.27,5.33,0.0,37.218,0.6387,37.13,2029,H2,Jul-Dec
Connor Esterhuizen,South Africa,Wicketkeeper,24.75,1.0,1,58.0,4.1917,1,0,690.31,64.84,102.66,0.0,0.0,0.0,53.9147,0.7281,54.05,2029,H2,Jul-Dec
Corbin Bosch,South Africa,Bowling All-Rounder,34.75,1.0,1,128.0,-0.4491,0,0,716.69,38.21,92.86,19.6,5.89,0.0,47.1947,0.0059,47.24,2029,H2,Jul-Dec
Dane Paterson,South Africa,Pace Bowler,38.75,0.0,0,98.0,-3.3207,0,1,8.91,7.86,88.49,5.66,6.28,0.0,19.3648,0.007,19.59,2029,H2,Jul-Dec
Dane Piedt,South Africa,Spin Bowler,39.75,0.0,0,72.0,-2.2967,0,1,12.99,9.89,85.92,5.75,5.14,0.0,20.6,0.0134,20.84,2029,H2,Jul-Dec
Daniel Smith,South Africa,Wicketkeeper,28.75,1.0,1,75.0,2.9094,1,0,654.68,57.89,119.12,0.0,0.0,0.0,51.7555,0.4762,51.4,2029,H2,Jul-Dec
David Bedingham,South Africa,Middle Order Batter,35.75,0.875,1,101.0,0.6258,1,0,449.72,37.7,91.95,0.0,0.0,0.0,35.5707,0.2322,34.27,2029,H2,Jul-Dec
David Miller,South Africa,Middle Order Batter,40.75,0.0,0,275.0,-5.5557,0,1,60.87,29.92,84.94,0.0,0.0,0.0,28.7212,0.0133,29.29,2029,H2,Jul-Dec
Dayyaan Galiem,South Africa,Bowling All-Rounder,31.75,1.0,1,85.0,-0.4328,0,0,309.58,28.4,96.67,12.8,5.69,0.0,37.2342,0.0077,37.25,2029,H2,Jul-Dec
Delano Potgieter,South Africa,Bowling All-Rounder,32.75,1.0,1,88.0,0.657,1,0,486.97,39.44,108.74,23.9,5.26,0.0,51.4111,0.0142,51.38,2029,H2,Jul-Dec
Dewald Brevis,South Africa,Middle Order Batter,26.75,1.0,1,135.0,2.9913,1,0,1628.89,54.8,117.73,11.47,5.26,0.0,59.6093,0.9625,57.46,2029,H2,Jul-Dec
Dian Forrester,South Africa,Batting All-Rounder,29.75,1.0,1,61.0,4.2028,1,0,964.1,50.84,114.72,13.06,5.28,0.0,55.3645,0.8943,54.18,2029,H2,Jul-Dec
Donovan Ferreira,South Africa,Batting All-Rounder,31.75,1.0,1,123.0,-1.0287,0,1,726.89,41.1,109.38,14.83,5.43,0.0,48.8844,0.6594,48.64,2029,H2,Jul-Dec
Eathan Bosch,South Africa,Pace Bowler,31.75,1.0,1,106.0,-2.2423,0,1,66.05,11.97,98.39,21.22,5.56,0.0,30.9275,0.0716,30.9,2029,H2,Jul-Dec
Gavin Kaplan,South Africa,Top Order Batter,31.75,1.0,1,64.0,3.8924,1,0,638.23,51.39,107.22,0.0,0.0,0.0,46.3112,0.8755,46.34,2029,H2,Jul-Dec
George Linde,South Africa,Bowling All-Rounder,37.75,0.0,0,127.0,-4.6609,0,1,82.33,22.51,82.48,7.14,5.6,0.0,28.445,0.002,27.55,2029,H2,Jul-Dec
Gerald Coetzee,South Africa,Pace Bowler,28.75,1.0,1,112.0,-1.5111,0,1,58.36,12.85,103.76,32.92,5.22,0.0,37.837,0.4623,37.71,2029,H2,Jul-Dec
Gideon Peters,South Africa,Pace Bowler,27.75,1.0,1,64.0,0.9374,1,0,104.71,14.88,105.75,28.72,5.31,0.0,37.4096,0.6002,37.29,2029,H2,Jul-Dec
Heinrich Klaasen,South Africa,Wicketkeeper,38.75,0.0,0,225.0,-3.4191,0,1,223.79,44.21,104.91,0.0,0.0,0.0,40.3316,0.0075,39.71,2029,H2,Jul-Dec
Jason Smith,South Africa,Batting All-Rounder,34.75,1.0,1,108.0,0.4218,0,0,509.76,41.6,98.59,14.35,5.72,0.0,46.7573,0.4205,46.68,2029,H2,Jul-Dec
Jordan Hermann,South Africa,Top Order Batter,27.75,1.0,1,73.0,3.9414,1,0,871.16,69.53,127.91,0.0,0.0,0.0,60.5439,0.9806,57.42,2029,H2,Jul-Dec
Junaid Dawood,South Africa,Spin Bowler,27.75,1.0,1,59.0,1.0573,1,0,99.06,16.31,102.71,27.32,4.82,0.0,37.3417,0.8632,37.26,2029,H2,Jul-Dec
Junior Dala,South Africa,Pace Bowler,39.75,0.0,0,95.0,-3.8199,0,1,9.43,9.46,87.83,3.88,7.04,0.0,19.2341,0.0071,19.37,2029,H2,Jul-Dec
Kagiso Rabada,South Africa,Pace Bowler,34.75,0.8125,1,219.0,-6.9449,0,1,46.77,10.56,96.98,31.26,5.32,0.0,34.7403,0.2194,33.48,2029,H2,Jul-Dec
Keshav Maharaj,South Africa,Spin Bowler,39.75,0.0,0,152.0,-5.6797,0,1,36.96,15.77,79.36,7.33,5.37,0.0,24.0354,0.0201,24.08,2029,H2,Jul-Dec
Kwena Maphaka,South Africa,Pace Bowler,23.75,1.0,1,84.0,0.3083,0,0,162.77,23.48,121.95,37.68,4.61,0.0,49.345,0.8406,49.47,2029,H2,Jul-Dec
Kyle Simmonds,South Africa,Spin Bowler,30.75,1.0,1,78.0,-0.1165,0,0,121.08,16.08,95.9,28.45,4.93,0.0,36.9154,0.6978,36.86,2029,H2,Jul-Dec
Kyle Verreynne,South Africa,Wicketkeeper,31.75,1.0,1,115.0,0.0833,0,0,439.18,39.81,97.81,0.0,0.0,0.0,37.5388,0.3381,37.65,2029,H2,Jul-Dec
Lesego Senokwane,South Africa,Top Order Batter,30.75,1.0,1,78.0,1.6623,1,0,477.13,44.72,105.46,0.0,0.0,0.0,41.5673,0.8355,41.64,2029,H2,Jul-Dec
Lesiba Ngoepe,South Africa,Middle Order Batter,33.75,1.0,1,78.0,1.1313,1,0,356.72,35.07,98.37,0.0,0.0,0.0,34.5075,0.6877,34.55,2029,H2,Jul-Dec
Lhuan-dre Pretorius,South Africa,Wicketkeeper,23.75,1.0,1,77.0,5.2704,1,0,1264.86,64.81,124.09,0.0,0.0,0.0,58.5857,0.9503,57.01,2029,H2,Jul-Dec
Lizaad Williams,South Africa,Pace Bowler,35.75,0.5625,1,107.5,-2.546,0,1,25.26,8.93,85.61,14.12,6.57,0.0,23.7003,0.005,23.74,2029,H2,Jul-Dec
Lungi Ngidi,South Africa,Pace Bowler,33.75,1.0,1,167.0,-3.5797,0,1,67.11,13.36,95.47,35.25,5.67,0.0,38.1055,0.6237,38.01,2029,H2,Jul-Dec
Lutho Sipamla,South Africa,Pace Bowler,31.75,1.0,1,109.0,-2.0847,0,1,47.07,12.28,96.6,19.46,5.76,0.0,29.92,0.0496,30.02,2029,H2,Jul-Dec
Marco Jansen,South Africa,Bowling All-Rounder,29.75,1.0,1,162.0,-4.5021,0,1,427.73,34.55,101.38,28.38,5.21,0.0,49.5293,0.015,49.57,2029,H2,Jul-Dec
Matthew Boast,South Africa,Pace Bowler,28.75,1.0,1,61.0,0.8971,1,0,92.17,14.34,102.13,24.62,5.71,0.0,34.5003,0.4916,34.41,2029,H2,Jul-Dec
Matthew Breetzke,South Africa,Top Order Batter,30.75,1.0,1,132.0,1.1938,1,0,775.8,44.58,107.28,0.0,0.0,0.0,42.7323,0.8433,42.78,2029,H2,Jul-Dec
Meeka-eel Prince,South Africa,Wicketkeeper,24.75,1.0,1,68.0,3.0889,1,0,535.98,58.84,118.96,0.0,0.0,0.0,51.8969,0.512,51.38,2029,H2,Jul-Dec
Mihlali Mpongwana,South Africa,Pace Bowler,29.75,1.0,1,82.0,-0.4075,0,0,71.83,14.22,105.41,28.48,5.26,0.0,36.761,0.5078,36.69,2029,H2,Jul-Dec
Nandre Burger,South Africa,Pace Bowler,34.75,1.0,1,93.0,-0.6872,0,1,53.42,13.86,98.69,27.04,5.89,0.0,34.7628,0.2688,34.67,2029,H2,Jul-Dec
Nqaba Peter,South Africa,Spin Bowler,28.75,1.0,1,81.0,0.4825,0,0,132.47,20.23,101.92,36.13,4.65,0.0,43.9901,0.8969,43.91,2029,H2,Jul-Dec
Nqobani Mokoena,South Africa,Pace Bowler,23.75,1.0,1,59.0,5.4474,1,0,310.12,32.51,124.45,57.89,4.47,0.0,65.3202,0.9696,57.27,2029,H2,Jul-Dec
Ottneil Baartman,South Africa,Pace Bowler,36.75,0.3125,1,82.0,-1.8824,0,1,22.48,10.66,92.04,11.93,5.97,0.0,24.6166,0.0066,24.48,2029,H2,Jul-Dec
Patrick Kruger,South Africa,Bowling All-Rounder,33.75,1.0,1,98.0,-0.148,0,0,377.08,35.01,98.54,20.0,5.72,0.0,45.0936,0.0059,45.01,2029,H2,Jul-Dec
Prenelan Subrayen,South Africa,Spin Bowler,35.75,0.7083,1,92.0,-1.6344,0,1,118.8,20.16,87.52,22.52,5.17,0.0,35.336,0.1528,33.68,2029,H2,Jul-Dec
Quinton de Kock,South Africa,Wicketkeeper,36.75,0.0,0,250.0,-4.8246,0,1,25.61,33.19,97.2,0.0,0.0,0.0,32.1124,0.0037,32.25,2029,H2,Jul-Dec
Rassie van der Dussen,South Africa,Top Order Batter,40.75,0.0,0,190.0,-3.5451,0,1,118.41,37.99,85.39,0.0,0.0,0.0,33.7792,0.0253,34.64,2029,H2,Jul-Dec
Reeza Hendricks,South Africa,Top Order Batter,40.75,0.0,0,184.0,-3.3918,0,1,99.66,27.43,85.96,0.0,0.0,0.0,27.5008,0.0318,27.92,2029,H2,Jul-Dec
Rubin Hermann,South Africa,Wicketkeeper,29.75,1.0,1,91.0,2.683,1,0,960.52,61.61,119.4,0.0,0.0,0.0,55.0467,0.7567,54.22,2029,H2,Jul-Dec
Ryan Rickelton,South Africa,Wicketkeeper,33.75,1.0,1,151.0,-0.2583,0,0,837.94,49.07,108.95,0.0,0.0,0.0,45.8301,0.4232,45.98,2029,H2,Jul-Dec
Senuran Muthusamy,South Africa,Bowling All-Rounder,34.75,1.0,1,121.0,-1.3072,0,1,361.99,31.53,96.72,21.2,5.01,0.0,43.5238,0.0071,43.53,2029,H2,Jul-Dec
Shaun von Berg,South Africa,Spin Bowler,42.75,0.0,0,87.0,-2.6744,0,1,15.21,14.49,81.92,6.42,5.07,0.0,23.1809,0.0165,23.3,2029,H2,Jul-Dec
Simon Harmer,South Africa,Spin Bowler,40.75,0.0,0,108.0,-3.8807,0,1,36.5,14.36,80.86,7.91,5.16,0.0,23.7285,0.018,23.81,2029,H2,Jul-Dec
Sinethemba Qeshile,South Africa,Wicketkeeper,29.75,1.0,1,97.0,0.8262,1,0,462.76,38.69,99.46,0.0,0.0,0.0,37.1627,0.3988,37.29,2029,H2,Jul-Dec
Tabraiz Shamsi,South Africa,Spin Bowler,39.75,0.0,0,184.0,-6.4828,0,1,23.43,12.08,81.87,10.5,5.4,0.0,23.6287,0.0154,23.71,2029,H2,Jul-Dec
Temba Bavuma,South Africa,Top Order Batter,39.75,0.0,0,103.0,-0.9287,0,1,59.5,26.33,83.53,0.0,0.0,0.0,26.3992,0.0263,26.21,2029,H2,Jul-Dec
Tony de Zorzi,South Africa,Top Order Batter,32.75,1.0,1,106.0,0.4521,0,0,441.39,38.04,102.34,0.0,0.0,0.0,37.0704,0.7213,37.15,2029,H2,Jul-Dec
Tristan Stubbs,South Africa,Middle Order Batter,28.75,1.0,1,135.0,1.9388,1,0,1065.07,55.27,112.67,8.99,5.59,0.0,56.038,0.9522,57.45,2029,H2,Jul-Dec
Tshepo Moreki,South Africa,Pace Bowler,34.75,1.0,1,91.0,-1.1792,0,1,64.89,11.58,91.33,20.81,6.28,0.0,29.4198,0.0316,29.28,2029,H2,Jul-Dec
Wiaan Mulder,South Africa,Batting All-Rounder,31.75,1.0,1,146.0,-2.0186,0,1,641.62,41.63,107.31,23.03,4.94,0.0,52.7439,0.7492,52.59,2029,H2,Jul-Dec
Ahan Wickramasinghe,Sri Lanka,Middle Order Batter,27.75,1.0,1,71.0,-0.3501,0,0,170.56,24.39,86.79,0.0,0.0,0.0,26.0379,0.1539,26.28,2029,H2,Jul-Dec
Akhila Dananjaya,Sri Lanka,Spin Bowler,35.75,0.8125,1,79.0,-0.0081,0,0,73.5,15.4,63.9,19.46,5.88,0.0,27.6657,0.2986,27.07,2029,H2,Jul-Dec
Ashian Daniel,Sri Lanka,Spin Bowler,28.75,1.0,1,79.0,-0.0191,0,0,110.98,20.58,74.06,18.62,5.93,0.0,31.7575,0.7047,31.73,2029,H2,Jul-Dec
Asitha Fernando,Sri Lanka,Pace Bowler,33.75,1.0,1,79.0,0.5009,1,0,73.87,15.64,63.23,39.57,6.27,0.0,37.3086,0.9637,37.26,2029,H2,Jul-Dec
Bhanuka Rajapaksa,Sri Lanka,Middle Order Batter,37.75,0.45,1,57.2,0.3092,0,0,163.54,28.63,71.76,0.0,0.0,0.0,26.6209,0.0278,26.58,2029,H2,Jul-Dec
Binura Fernando,Sri Lanka,Pace Bowler,34.75,1.0,1,79.0,0.1806,0,0,88.61,13.52,60.63,23.2,7.26,0.0,27.7075,0.1943,27.65,2029,H2,Jul-Dec
Chamika Karunaratne,Sri Lanka,Bowling All-Rounder,33.75,1.0,1,98.0,-0.9644,0,1,374.42,28.0,72.19,14.3,6.8,0.0,34.5734,0.0296,34.67,2029,H2,Jul-Dec
Chamindu Wickramasinghe,Sri Lanka,Bowling All-Rounder,27.75,1.0,1,56.0,0.4136,0,0,270.3,32.86,95.93,7.5,5.76,0.0,37.0942,0.8152,37.07,2029,H2,Jul-Dec
Chamindu Wijesinghe,Sri Lanka,Batting All-Rounder,27.75,1.0,1,63.0,-0.9092,0,1,66.88,19.8,83.94,5.06,5.3,0.0,26.0497,0.0118,26.03,2029,H2,Jul-Dec
Charith Asalanka,Sri Lanka,Middle Order Batter,32.75,1.0,0,98.0,-0.8353,0,1,625.19,44.15,84.29,0.0,0.0,0.0,39.0307,0.9107,39.06,2029,H2,Jul-Dec
Dasun Shanaka,Sri Lanka,Batting All-Rounder,38.75,0.25,1,47.2,-1.3389,0,1,91.6,23.56,67.15,4.19,7.6,0.0,25.3312,0.002,24.65,2029,H2,Jul-Dec
Dhananjaya Lakshan,Sri Lanka,Bowling All-Rounder,31.75,1.0,1,93.0,-2.8309,0,1,146.7,27.34,77.48,16.55,6.38,0.0,35.2444,0.0244,35.24,2029,H2,Jul-Dec
Dhananjaya de Silva,Sri Lanka,Batting All-Rounder,38.75,0.375,1,56.0,-0.406,0,0,297.14,34.79,70.84,4.26,6.89,0.0,33.3354,0.0094,33.4,2029,H2,Jul-Dec
Dilshan Madushanka,Sri Lanka,Pace Bowler,28.75,1.0,1,93.0,-0.6199,0,1,105.0,16.99,71.89,25.54,5.66,0.0,32.7192,0.7599,32.72,2029,H2,Jul-Dec
Sachindu Colombage,Sri Lanka,Spin Bowler,28.75,1.0,1,86.0,-0.0663,0,0,101.8,14.85,68.12,17.82,5.75,0.0,27.2164,0.3866,27.18,2029,H2,Jul-Dec
Dinesh Chandimal,Sri Lanka,Wicketkeeper,39.75,0.2083,1,63.0,1.0224,1,0,260.6,36.55,69.84,0.0,0.0,0.0,31.4217,0.0122,32.09,2029,H2,Jul-Dec
Dulaj Samuditha,Sri Lanka,Bowling All-Rounder,27.75,1.0,1,62.0,-1.9007,0,1,66.45,13.33,75.46,2.42,5.97,0.0,19.666,0.0085,20.04,2029,H2,Jul-Dec
Dulnith Sigera,Sri Lanka,Batting All-Rounder,22.75,1.0,1,62.0,-1.6962,0,1,74.66,15.37,87.68,3.49,5.71,0.0,23.0465,0.0304,23.27,2029,H2,Jul-Dec
Dunith Wellalage,Sri Lanka,Bowling All-Rounder,26.75,1.0,1,63.0,4.5432,1,0,504.1,36.14,86.59,66.3,5.64,0.0,66.9658,0.905,57.54,2029,H2,Jul-Dec
Dushan Hemantha,Sri Lanka,Bowling All-Rounder,34.75,1.0,1,78.0,-1.4072,0,1,360.62,31.12,74.79,7.25,6.89,0.0,33.3085,0.0125,33.47,2029,H2,Jul-Dec
Dushmantha Chameera,Sri Lanka,Pace Bowler,37.75,0.3125,1,59.0,-1.3421,0,1,70.94,15.04,58.37,6.89,7.91,0.0,20.3233,0.0087,20.65,2029,H2,Jul-Dec
Eshan Malinga,Sri Lanka,Pace Bowler,27.75,1.0,1,59.0,-1.1498,0,1,120.52,18.99,75.59,0.49,5.79,0.0,22.352,0.1082,22.69,2029,H2,Jul-Dec
Garuka Sanketh,Sri Lanka,Pace Bowler,27.75,1.0,1,57.0,0.0477,0,0,50.81,13.65,70.89,12.61,5.73,0.0,24.1809,0.098,24.03,2029,H2,Jul-Dec
Isitha Wijesundera,Sri Lanka,Pace Bowler,27.75,1.0,1,57.0,-0.0173,0,0,14.62,16.48,69.01,0.0,0.0,0.0,18.5294,0.1218,18.82,2029,H2,Jul-Dec
Janishka Perera,Sri Lanka,Top Order Batter,28.75,1.0,1,58.0,-0.4691,0,0,112.53,19.31,83.45,0.0,0.0,0.0,22.3898,0.179,22.63,2029,H2,Jul-Dec
Janith Liyanage,Sri Lanka,Batting All-Rounder,33.75,1.0,1,82.0,-0.3423,0,0,426.47,36.81,75.97,14.45,6.58,0.0,40.5917,0.424,40.53,2029,H2,Jul-Dec
Jeffrey Vandersay,Sri Lanka,Spin Bowler,39.75,0.0,0,47.0,-1.0743,0,1,3.46,13.71,64.31,5.1,6.02,0.0,19.5328,0.0089,19.67,2029,H2,Jul-Dec
Kithma Withanapathirana,Sri Lanka,Top Order Batter,28.75,1.0,1,80.0,-0.4688,0,0,491.68,41.91,92.02,0.0,0.0,0.0,38.229,0.7063,38.29,2029,H2,Jul-Dec
Kamindu Mendis,Sri Lanka,Batting All-Rounder,30.75,1.0,1,100.0,-0.8904,0,1,536.97,47.8,95.51,29.66,5.53,0.0,57.5632,0.8158,57.26,2029,H2,Jul-Dec
Kasun Rajitha,Sri Lanka,Pace Bowler,36.75,0.5625,1,62.5,0.4998,0,0,79.77,19.28,58.91,10.84,6.87,0.0,25.0079,0.0182,24.73,2029,H2,Jul-Dec
Kavija Gamage,Sri Lanka,Spin Bowler,22.75,1.0,1,85.0,-0.6212,0,1,130.14,16.81,79.57,12.87,5.41,0.0,27.6516,0.3537,27.9,2029,H2,Jul-Dec
Keshara Nuwantha,Sri Lanka,Bowling All-Rounder,27.75,1.0,1,64.0,0.3469,0,0,171.14,25.02,85.9,0.0,0.0,0.0,26.3015,0.0149,26.63,2029,H2,Jul-Dec
Kusal Mendis,Sri Lanka,Wicketkeeper,34.75,1.0,1,136.0,-1.0759,0,1,892.4,40.7,79.69,0.0,0.0,0.0,37.2988,0.8295,37.42,2029,H2,Jul-Dec
Kusal Perera,Sri Lanka,Wicketkeeper,39.75,0.0,0,64.0,-1.1317,0,1,97.72,30.37,74.89,0.0,0.0,0.0,27.8323,0.0023,28.31,2029,H2,Jul-Dec
Lahiru Kumara,Sri Lanka,Pace Bowler,32.75,1.0,1,80.0,-1.3159,0,1,143.87,16.5,63.44,1.49,6.79,0.0,19.6656,0.0642,19.88,2029,H2,Jul-Dec
Lahiru Udara,Sri Lanka,Wicketkeeper,35.75,0.5625,1,76.5,-1.5651,0,1,173.44,31.97,72.29,0.0,0.0,0.0,28.7108,0.0031,29.33,2029,H2,Jul-Dec
Lasith Croospulle,Sri Lanka,Top Order Batter,30.75,1.0,1,95.0,1.5796,1,0,899.37,50.73,92.08,0.0,0.0,0.0,44.8751,0.9618,44.97,2029,H2,Jul-Dec
M Shiraz,Sri Lanka,Pace Bowler,34.75,0.8125,1,76.0,-1.5395,0,1,42.97,12.51,63.8,6.82,6.95,0.0,19.5279,0.0301,19.74,2029,H2,Jul-Dec
MNK Fernando,Sri Lanka,Top Order Batter,30.75,1.0,1,82.0,-1.1334,0,1,21.58,15.61,74.86,20.64,5.57,0.0,29.6597,0.3348,29.56,2029,H2,Jul-Dec
Maheesh Theekshana,Sri Lanka,Spin Bowler,28.75,1.0,1,88.0,3.671,1,0,172.04,21.18,77.81,92.83,5.39,0.0,68.6394,0.993,57.39,2029,H2,Jul-Dec
Mateesha Pathirana,Sri Lanka,Pace Bowler,26.75,1.0,1,57.0,-0.8798,0,1,14.87,16.76,70.22,3.44,5.94,0.0,21.362,0.2848,21.6,2029,H2,Jul-Dec
Milan Rathnayake,Sri Lanka,Bowling All-Rounder,32.75,1.0,1,98.0,0.2057,0,0,743.93,40.91,85.26,13.78,6.07,0.0,45.0834,0.0139,44.96,2029,H2,Jul-Dec
Nipun Dhananjaya,Sri Lanka,Middle Order Batter,28.75,1.0,1,98.0,0.624,1,0,617.49,34.56,82.26,0.0,0.0,0.0,33.0357,0.3536,33.07,2029,H2,Jul-Dec
Niroshan Dickwella,Sri Lanka,Wicketkeeper,36.75,0.0,0,70.0,-2.441,0,1,43.29,27.15,73.31,0.0,0.0,0.0,25.5284,0.0018,25.24,2029,H2,Jul-Dec
Nishan Madushka,Sri Lanka,Wicketkeeper,29.75,1.0,1,87.0,-0.2222,0,0,348.65,35.51,91.97,0.0,0.0,0.0,33.9255,0.1761,33.88,2029,H2,Jul-Dec
Nishan Peiris,Sri Lanka,Pace Bowler,32.75,1.0,1,90.0,-0.0328,0,0,4.52,14.8,62.01,0.0,0.0,0.0,16.6017,0.153,17.15,2029,H2,Jul-Dec
Nuwan Thushara,Sri Lanka,Pace Bowler,33.75,1.0,1,92.0,-1.7708,0,1,32.73,10.94,64.82,18.02,6.68,0.0,24.1248,0.1973,24.04,2029,H2,Jul-Dec
Oshada Fernando,Sri Lanka,Top Order Batter,37.75,0.0833,1,57.0,-0.3358,0,0,119.29,25.01,66.3,0.0,0.0,0.0,23.6184,0.0129,23.72,2029,H2,Jul-Dec
Pulindu Perera,Sri Lanka,Top Order Batter,26.75,1.0,1,64.0,0.2286,0,0,309.08,37.08,99.94,0.0,0.0,0.0,35.7425,0.6228,35.81,2029,H2,Jul-Dec
Pathum Nissanka,Sri Lanka,Top Order Batter,31.75,1.0,1,133.0,-4.2667,0,1,456.67,54.47,96.91,0.0,0.0,0.0,46.212,0.9315,46.34,2029,H2,Jul-Dec
Pavan Rathnayake,Sri Lanka,Middle Order Batter,27.75,1.0,1,51.0,2.629,1,0,563.89,60.83,105.6,0.0,0.0,0.0,51.4722,0.9532,51.38,2029,H2,Jul-Dec
Prabath Jayasuriya,Sri Lanka,Spin Bowler,37.75,0.0,0,45.0,-2.3893,0,1,3.43,12.52,64.82,2.18,6.03,0.0,17.4824,0.0069,17.94,2029,H2,Jul-Dec
Pramod Madushan,Sri Lanka,Pace Bowler,35.75,0.75,1,59.0,-0.3121,0,0,52.64,12.87,62.11,7.55,7.36,0.0,19.8432,0.0251,20.08,2029,H2,Jul-Dec
Ramesh Mendis,Sri Lanka,Bowling All-Rounder,34.75,1.0,1,83.0,-0.2337,0,0,409.87,28.04,70.74,6.87,6.91,0.0,30.9392,0.0168,31.05,2029,H2,Jul-Dec
Ravindu Fernando,Sri Lanka,Batting All-Rounder,27.75,1.0,1,61.0,-0.5682,0,1,141.67,22.33,89.67,6.73,5.5,0.0,29.2871,0.0438,29.37,2029,H2,Jul-Dec
Ravindu Rasantha,Sri Lanka,Top Order Batter,28.75,1.0,1,95.0,-0.0404,0,0,650.47,37.06,88.07,0.0,0.0,0.0,35.3777,0.7322,35.43,2029,H2,Jul-Dec
Sadeera Samarawickrama,Sri Lanka,Wicketkeeper,32.75,1.0,1,103.0,-1.3263,0,1,377.27,34.82,82.63,0.0,0.0,0.0,32.4204,0.1591,32.51,2029,H2,Jul-Dec
Sahan Kosala,Sri Lanka,Middle Order Batter,28.75,1.0,1,98.0,-0.0947,0,0,515.45,37.01,85.79,0.0,0.0,0.0,34.5976,0.606,34.73,2029,H2,Jul-Dec
Sohan de Livera,Sri Lanka,Top Order Batter,29.75,1.0,1,60.0,0.4655,0,0,179.83,27.11,86.26,0.0,0.0,0.0,27.6213,0.2653,28.13,2029,H2,Jul-Dec
Sonal Dinusha,Sri Lanka,Batting All-Rounder,28.75,1.0,1,80.0,-2.6451,0,1,269.68,30.15,81.36,4.82,6.16,0.0,32.2357,0.0877,32.32,2029,H2,Jul-Dec
Tharindu Ratnayake,Sri Lanka,Bowling All-Rounder,33.75,1.0,1,105.0,1.1736,1,0,740.05,43.72,79.79,0.0,0.0,0.0,38.5914,0.0354,38.55,2029,H2,Jul-Dec
Traveen Mathew,Sri Lanka,Spin Bowler,28.75,1.0,1,76.0,0.8117,1,0,27.21,11.12,67.11,41.53,5.78,0.0,36.0103,0.8728,35.97,2029,H2,Jul-Dec
V Viyaskanth,Sri Lanka,Spin Bowler,28.75,1.0,1,77.0,0.9241,1,0,82.73,15.6,75.32,43.31,5.55,0.0,40.8306,0.9493,40.73,2029,H2,Jul-Dec
Vimath Dinsara,Sri Lanka,Top Order Batter,23.75,1.0,1,70.0,-1.3131,0,1,23.98,19.87,89.08,0.0,0.0,0.0,23.1402,0.1484,23.28,2029,H2,Jul-Dec
Vishad Randika,Sri Lanka,Top Order Batter,32.75,1.0,1,84.0,0.9009,1,0,503.82,36.23,80.57,0.0,0.0,0.0,33.4277,0.6054,33.5,2029,H2,Jul-Dec
Vishen Halambage,Sri Lanka,Top Order Batter,24.75,1.0,1,64.0,-0.6052,0,1,122.19,19.18,94.55,0.0,0.0,0.0,23.7614,0.1058,23.97,2029,H2,Jul-Dec
Vishwa Fernando,Sri Lanka,Pace Bowler,37.75,0.0833,1,47.0,-0.165,0,0,38.06,17.26,62.38,4.62,7.37,0.0,21.0309,0.0102,21.46,2029,H2,Jul-Dec
Wanindu Hasaranga,Sri Lanka,Bowling All-Rounder,32.75,1.0,1,120.0,0.1586,0,0,1229.6,46.93,87.58,27.07,5.57,0.0,57.1332,0.0793,57.11,2029,H2,Jul-Dec
Ackeem Auguste,West Indies,Top Order Batter,26.75,1.0,1,48.0,2.5512,1,0,508.21,52.73,112.72,0.0,0.0,0.0,47.3684,0.894,47.19,2029,H2,Jul-Dec
Akeal Hosein,West Indies,Spin Bowler,36.75,0.0833,1,69.0,-1.9037,0,1,2.69,10.43,70.68,0.88,6.11,0.0,16.3395,0.0263,17.12,2029,H2,Jul-Dec
Alick Athanaze,West Indies,Top Order Batter,30.75,1.0,1,72.0,0.8484,1,0,170.33,42.85,97.83,0.0,0.0,0.0,38.4367,0.7443,38.41,2029,H2,Jul-Dec
Alzarri Joseph,West Indies,Pace Bowler,33.75,1.0,1,104.0,-2.2498,0,1,1.38,5.27,76.05,2.34,6.92,0.0,14.489,0.0843,15.13,2029,H2,Jul-Dec
Amari Goodridge,West Indies,Pace Bowler,26.75,1.0,1,40.0,0.7323,1,0,58.06,12.12,96.39,5.77,5.93,0.0,23.2083,0.333,23.32,2029,H2,Jul-Dec
Amir Jangoo,West Indies,Wicketkeeper,32.75,1.0,1,54.0,2.8354,1,0,494.03,44.79,97.61,0.0,0.0,0.0,40.665,0.3901,40.61,2029,H2,Jul-Dec
Andre Fletcher,West Indies,Wicketkeeper,41.75,0.0,0,21.0,-0.3337,0,0,11.72,18.91,81.95,0.0,0.0,0.0,21.6173,0.0022,22.02,2029,H2,Jul-Dec
Andre Russell,West Indies,Bowling All-Rounder,41.75,0.0,0,87.0,-3.0009,0,1,0.0,9.45,67.75,0.04,8.07,0.0,14.6344,0.0009,15.04,2029,H2,Jul-Dec
Brandon King,West Indies,Top Order Batter,34.75,1.0,1,81.0,0.0426,0,0,100.82,33.13,91.81,0.0,0.0,0.0,31.6449,0.2798,31.55,2029,H2,Jul-Dec
Carlon Tuckett,West Indies,Pace Bowler,23.75,1.0,1,41.0,1.1085,1,0,66.82,15.43,98.64,7.93,5.68,0.0,26.5974,0.6076,26.74,2029,H2,Jul-Dec
Evin Lewis,West Indies,Top Order Batter,38.75,0.0625,1,92.5,-0.1861,0,0,15.28,29.07,100.35,0.0,0.0,0.0,30.0261,0.0263,29.9,2029,H2,Jul-Dec
Fabian Allen,West Indies,Bowling All-Rounder,34.75,1.0,1,79.0,-1.2591,0,1,12.21,19.83,93.98,0.66,7.39,0.0,24.5969,0.0056,24.61,2029,H2,Jul-Dec
Giavonte Depeiza,West Indies,Top Order Batter,24.75,1.0,1,42.0,2.6938,1,0,209.47,51.42,123.29,0.0,0.0,0.0,46.9206,0.9229,46.94,2029,H2,Jul-Dec
Gudakesh Motie,West Indies,Spin Bowler,34.75,0.875,1,85.0,-1.9101,0,1,0.0,8.66,81.76,3.21,5.54,0.0,17.9527,0.8566,18.38,2029,H2,Jul-Dec
Hayden Walsh Jr,West Indies,Spin Bowler,37.75,0.0625,1,48.5,-1.7845,0,1,0.0,0.0,83.39,0.0,6.95,0.0,11.1522,0.0485,11.3,2029,H2,Jul-Dec
Jason Holder,West Indies,Bowling All-Rounder,37.75,0.0625,1,173.5,-2.9626,0,1,0.0,13.69,85.14,0.11,7.02,0.0,19.5673,0.0011,19.89,2029,H2,Jul-Dec
Jayden Seales,West Indies,Pace Bowler,27.75,1.0,1,78.0,-1.3438,0,1,0.21,4.04,93.2,5.3,5.6,0.0,17.6513,0.5354,17.86,2029,H2,Jul-Dec
Jediah Blades,West Indies,Pace Bowler,25.75,1.0,1,45.0,0.369,0,0,53.49,11.84,104.37,4.03,5.58,0.0,23.2962,0.527,23.41,2029,H2,Jul-Dec
Jewel Andrew,West Indies,Wicketkeeper,22.75,1.0,1,48.0,4.1871,1,0,409.18,63.75,116.53,0.0,0.0,0.0,54.0788,0.8106,53.99,2029,H2,Jul-Dec
Johann Jeremiah,West Indies,Top Order Batter,23.75,1.0,1,43.0,2.6562,1,0,308.58,48.56,123.44,0.0,0.0,0.0,45.5741,0.8969,45.49,2029,H2,Jul-Dec
Johann Layne,West Indies,Pace Bowler,26.75,1.0,1,51.0,-0.6077,0,1,0.0,0.0,0.0,1.83,5.63,0.0,1.6772,0.0068,1.42,2029,H2,Jul-Dec
John Campbell,West Indies,Top Order Batter,35.75,1.0,1,78.0,2.1906,1,0,201.63,53.45,90.8,0.0,0.0,0.0,43.9574,0.7678,43.97,2029,H2,Jul-Dec
Johnson Charles,West Indies,Top Order Batter,40.75,0.0,0,72.0,-0.8618,0,1,0.0,14.77,96.03,0.0,0.0,0.0,20.9088,0.0311,21.26,2029,H2,Jul-Dec
Joshua Da Silva,West Indies,Wicketkeeper,31.75,1.0,1,69.0,0.1758,0,0,0.0,37.84,90.75,0.0,0.0,0.0,33.9709,0.1124,33.93,2029,H2,Jul-Dec
Justin Greaves,West Indies,Batting All-Rounder,34.75,1.0,1,66.0,2.7268,1,0,544.99,43.55,96.22,4.83,6.79,0.0,42.9246,0.3553,42.87,2029,H2,Jul-Dec
Kavem Hodge,West Indies,Batting All-Rounder,36.75,0.875,1,57.0,2.5688,1,0,282.07,50.07,101.58,4.82,6.49,0.0,46.6484,0.66,43.93,2029,H2,Jul-Dec
Keacy Carty,West Indies,Middle Order Batter,32.75,1.0,1,84.0,1.9427,1,0,573.45,54.37,109.49,0.0,0.0,0.0,48.1547,0.8714,48.19,2029,H2,Jul-Dec
Kelvin Pittman,West Indies,Pace Bowler,27.75,1.0,1,40.0,1.2564,1,0,62.92,14.74,98.5,9.02,5.62,0.0,26.6956,0.4073,26.74,2029,H2,Jul-Dec
Kemar Paul,West Indies,Bowling All-Rounder,31.75,1.0,1,61.0,-0.1916,0,0,66.73,18.72,109.85,3.83,6.34,0.0,27.8597,0.0194,27.75,2029,H2,Jul-Dec
Keron Gore,West Indies,Pace Bowler,33.75,1.0,1,42.0,0.4278,0,0,49.71,9.96,82.68,4.93,6.96,0.0,19.5305,0.0823,19.66,2029,H2,Jul-Dec
Kevlon Anderson,West Indies,Top Order Batter,23.75,1.0,1,45.0,2.8498,1,0,303.39,47.73,115.53,0.0,0.0,0.0,44.0531,0.8702,43.96,2029,H2,Jul-Dec
Kirk McKenzie,West Indies,Middle Order Batter,28.75,1.0,1,55.0,1.9603,1,0,364.83,39.63,99.95,0.0,0.0,0.0,37.4517,0.8019,37.53,2029,H2,Jul-Dec
Kraigg Brathwaite,West Indies,Top Order Batter,36.75,0.5625,1,140.5,-0.6135,0,1,0.0,28.65,60.55,0.0,0.0,0.0,24.6462,0.0196,24.33,2029,H2,Jul-Dec
Kyle Mayers,West Indies,Batting All-Rounder,36.75,0.4167,1,55.0,-0.9681,0,1,5.04,28.01,96.19,1.47,6.86,0.0,30.2024,0.003,29.77,2029,H2,Jul-Dec
Marlon Mindley,West Indies,Pace Bowler,32.75,1.0,1,42.0,0.5152,1,0,45.71,9.91,85.85,4.51,6.8,0.0,19.718,0.1672,20.07,2029,H2,Jul-Dec
Matthew Forde,West Indies,Bowling All-Rounder,27.75,1.0,1,71.0,1.3953,1,0,277.67,54.13,114.22,9.71,5.93,0.0,53.138,0.0263,52.65,2029,H2,Jul-Dec
Mavendra Dindyal,West Indies,Middle Order Batter,23.75,1.0,1,45.0,2.9096,1,0,351.05,55.97,126.13,0.0,0.0,0.0,50.4737,0.948,50.17,2029,H2,Jul-Dec
Mbeki Joseph,West Indies,Pace Bowler,26.75,1.0,1,40.0,0.8249,1,0,56.39,12.13,100.71,6.47,5.55,0.0,24.1937,0.3091,24.19,2029,H2,Jul-Dec
Mikyle Louis,West Indies,Middle Order Batter,28.75,1.0,1,54.0,2.9589,1,0,477.87,48.51,106.9,0.0,0.0,0.0,44.0101,0.8478,43.96,2029,H2,Jul-Dec
Nathan Edward,West Indies,Pace Bowler,27.75,1.0,1,42.0,0.6986,1,0,45.97,10.34,92.98,6.88,6.07,0.0,22.1735,0.3201,22.27,2029,H2,Jul-Dec
Navin Bidaisee,West Indies,Middle Order Batter,29.75,1.0,1,47.0,1.4305,1,0,187.79,29.65,103.34,0.0,0.0,0.0,31.3398,0.5022,31.5,2029,H2,Jul-Dec
Nicholas Pooran,West Indies,Wicketkeeper,33.75,1.0,1,131.0,0.2079,0,0,257.27,42.55,107.27,0.0,0.0,0.0,39.7582,0.3194,39.7,2029,H2,Jul-Dec
Obed McCoy,West Indies,Pace Bowler,32.75,1.0,1,53.0,-1.0708,0,1,5.43,2.84,79.67,0.08,7.52,0.0,12.3337,0.0273,12.73,2029,H2,Jul-Dec
Ramon Simmonds,West Indies,Pace Bowler,27.75,1.0,1,44.0,0.7937,1,0,57.74,12.92,95.85,8.37,5.76,0.0,24.9072,0.4252,24.98,2029,H2,Jul-Dec
Renico Smith,West Indies,Middle Order Batter,25.75,1.0,1,41.0,2.54,1,0,222.36,41.66,112.83,0.0,0.0,0.0,39.8189,0.7408,39.89,2029,H2,Jul-Dec
Rivaldo Clarke,West Indies,Wicketkeeper,27.75,1.0,1,47.0,2.9461,1,0,246.98,47.73,104.01,0.0,0.0,0.0,42.3914,0.3625,42.49,2029,H2,Jul-Dec
Romario Shepherd,West Indies,Bowling All-Rounder,34.75,1.0,1,85.0,-1.2265,0,1,91.37,27.05,100.38,1.99,8.17,0.0,30.5125,0.0052,30.41,2029,H2,Jul-Dec
Roston Chase,West Indies,Batting All-Rounder,37.75,0.0,0,67.0,0.7246,1,0,146.46,50.13,93.31,2.41,6.3,0.0,44.0474,0.0274,41.51,2029,H2,Jul-Dec
Rovman Powell,West Indies,Batting All-Rounder,35.75,0.75,1,84.0,-1.2927,0,1,6.6,22.94,99.31,0.68,8.15,0.0,27.0129,0.0093,26.44,2029,H2,Jul-Dec
Shai Hope,West Indies,Wicketkeeper,35.75,0.875,1,133.0,0.0626,0,0,422.18,48.02,95.62,0.0,0.0,0.0,42.0897,0.3463,40.78,2029,H2,Jul-Dec
Shamar Joseph,West Indies,Pace Bowler,29.75,1.0,1,61.0,-0.7346,0,1,6.77,5.37,85.6,5.95,5.57,0.0,17.8166,0.3955,18.08,2029,H2,Jul-Dec
Shamyl Springer,West Indies,Batting All-Rounder,28.75,1.0,1,54.0,2.7512,1,0,355.35,47.64,112.75,5.15,5.95,0.0,47.1524,0.8179,47.18,2029,H2,Jul-Dec
Shaqkere Parris,West Indies,Middle Order Batter,22.75,1.0,1,45.0,3.2173,1,0,372.02,59.13,127.4,0.0,0.0,0.0,52.5885,0.9652,52.54,2029,H2,Jul-Dec
Sherfane Rutherford,West Indies,Batting All-Rounder,30.75,1.0,1,74.0,2.552,1,0,451.36,61.79,117.96,4.57,6.8,0.0,56.1128,0.948,57.37,2029,H2,Jul-Dec
Shimron Hetmyer,West Indies,Middle Order Batter,32.75,1.0,1,106.0,1.5711,1,0,290.86,55.55,114.65,0.0,0.0,0.0,48.5542,0.9301,48.59,2029,H2,Jul-Dec
Tagenarine Chanderpaul,West Indies,Top Order Batter,32.75,1.0,1,48.0,1.0064,1,0,95.98,20.34,82.06,0.0,0.0,0.0,22.7694,0.3229,22.98,2029,H2,Jul-Dec
Tevin Imlach,West Indies,Wicketkeeper,32.75,1.0,1,47.0,1.2735,1,0,145.66,22.94,91.22,0.0,0.0,0.0,25.6551,0.0679,25.82,2029,H2,Jul-Dec
Trevon Hinds,West Indies,Batting All-Rounder,30.75,1.0,1,48.0,2.2999,1,0,328.15,37.37,111.34,4.93,6.02,0.0,40.643,0.3545,40.62,2029,H2,Jul-Dec
Voight Lawes,West Indies,Spin Bowler,23.75,1.0,1,39.0,0.6247,1,0,65.45,14.46,106.26,3.48,5.86,0.0,24.8014,0.8279,24.89,2029,H2,Jul-Dec
Zishan Motara,West Indies,Pace Bowler,23.75,1.0,1,39.0,0.8771,1,0,64.08,13.44,102.04,6.89,5.8,0.0,25.3061,0.5878,25.36,2029,H2,Jul-Dec
Ainsley Ndlovu,Zimbabwe,Middle Order Batter,30.75,1.0,1,42.0,1.5204,1,0,229.75,38.23,95.65,0.0,0.0,0.0,35.61,0.6975,35.71,2029,H2,Jul-Dec
Antum Naqvi,Zimbabwe,Batting All-Rounder,29.75,1.0,1,58.0,2.2367,1,0,490.29,45.55,110.62,5.26,5.88,0.0,46.1652,0.7591,45.98,2029,H2,Jul-Dec
Ben Curran,Zimbabwe,Top Order Batter,33.75,1.0,1,59.0,1.9872,1,0,275.58,45.2,88.81,0.0,0.0,0.0,39.0431,0.9084,39.06,2029,H2,Jul-Dec
Blessing Muzarabani,Zimbabwe,Pace Bowler,33.75,1.0,1,117.0,-0.455,0,0,10.76,7.64,84.06,4.88,7.13,0.0,18.1399,0.1495,18.32,2029,H2,Jul-Dec
Brad Evans,Zimbabwe,Bowling All-Rounder,32.75,1.0,1,72.0,-0.3882,0,0,117.66,34.1,99.59,2.49,5.79,0.0,35.3627,0.0058,35.19,2029,H2,Jul-Dec
Brandon Mavuta,Zimbabwe,Spin Bowler,32.75,1.0,1,61.0,-0.8088,0,1,90.98,16.27,84.2,5.08,6.07,0.0,23.8713,0.6676,24.06,2029,H2,Jul-Dec
Brendan Taylor,Zimbabwe,Wicketkeeper,43.75,0.0,0,205.0,0.8283,1,0,126.26,32.02,78.79,0.0,0.0,0.0,29.4094,0.0172,30.28,2029,H2,Jul-Dec
Brian Bennett,Zimbabwe,Batting All-Rounder,25.75,1.0,1,68.0,2.8084,1,0,809.14,70.31,125.56,9.89,4.51,0.0,66.56,0.9778,57.58,2029,H2,Jul-Dec
Brian Mudzinganyama,Zimbabwe,Middle Order Batter,28.75,1.0,1,49.0,1.7158,1,0,210.22,34.96,105.94,0.0,0.0,0.0,34.9094,0.7222,35.03,2029,H2,Jul-Dec
Charlton Tshuma,Zimbabwe,Pace Bowler,29.75,1.0,1,50.0,0.5003,1,0,79.95,13.43,94.83,8.86,5.86,0.0,25.367,0.4658,25.39,2029,H2,Jul-Dec
Clive Chitumba,Zimbabwe,Wicketkeeper,30.75,1.0,1,47.0,0.9985,1,0,152.5,26.32,98.08,0.0,0.0,0.0,28.566,0.0395,29.14,2029,H2,Jul-Dec
Clive Madande,Zimbabwe,Wicketkeeper,28.75,1.0,1,68.0,1.1504,1,0,396.09,41.77,110.82,0.0,0.0,0.0,40.219,0.7808,40.3,2029,H2,Jul-Dec
Craig Ervine,Zimbabwe,Top Order Batter,43.75,0.0,0,142.0,-1.4179,0,1,41.75,27.31,68.59,0.0,0.0,0.0,25.0162,0.0404,24.58,2029,H2,Jul-Dec
Dion Myers,Zimbabwe,Batting All-Rounder,27.75,1.0,1,65.0,2.6554,1,0,533.59,42.79,105.98,8.29,5.35,0.0,45.6765,0.5991,45.67,2029,H2,Jul-Dec
Ernest Masuku,Zimbabwe,Pace Bowler,31.75,1.0,1,48.0,0.5106,1,0,74.17,13.48,96.8,4.96,5.46,0.0,23.8577,0.2249,24.01,2029,H2,Jul-Dec
Faraz Akram,Zimbabwe,Bowling All-Rounder,31.75,1.0,1,59.0,0.7301,1,0,160.65,26.0,95.76,8.76,6.92,0.0,32.9762,0.0173,33.05,2029,H2,Jul-Dec
Graeme Cremer,Zimbabwe,Spin Bowler,42.75,0.0,0,111.0,-2.5622,0,1,6.26,6.95,63.61,1.55,5.95,0.0,13.737,0.0202,13.98,2029,H2,Jul-Dec
Innocent Kaia,Zimbabwe,Top Order Batter,37.75,0.375,1,65.0,-2.1666,0,1,0.0,6.69,66.17,0.0,0.0,0.0,12.2884,0.0188,12.98,2029,H2,Jul-Dec
Johnathan Campbell,Zimbabwe,Middle Order Batter,35.75,1.0,1,61.0,2.3356,1,0,243.25,50.29,102.04,0.0,0.0,0.0,43.6516,0.8487,43.61,2029,H2,Jul-Dec
Joylord Gumbie,Zimbabwe,Wicketkeeper,33.75,1.0,1,57.0,-0.2775,0,0,21.43,16.55,79.21,0.0,0.0,0.0,19.8956,0.0412,20.34,2029,H2,Jul-Dec
Kian Blignaut,Zimbabwe,Pace Bowler,24.75,1.0,1,44.0,0.7225,1,0,59.57,17.66,105.95,7.3,5.45,0.0,28.5926,0.6221,28.51,2029,H2,Jul-Dec
Kundai Matigimu,Zimbabwe,Pace Bowler,32.75,1.0,1,44.0,0.4155,0,0,41.33,11.99,86.23,5.83,6.33,0.0,21.7169,0.233,21.85,2029,H2,Jul-Dec
Luke Jongwe,Zimbabwe,Bowling All-Rounder,33.75,1.0,1,112.0,-2.0011,0,1,0.0,15.89,93.18,0.52,6.91,0.0,22.1192,0.0098,22.18,2029,H2,Jul-Dec
Milton Shumba,Zimbabwe,Middle Order Batter,28.75,1.0,1,96.0,0.4796,0,0,130.49,33.51,96.72,0.0,0.0,0.0,32.5985,0.6392,32.7,2029,H2,Jul-Dec
Nathaniel Mayavo,Zimbabwe,Wicketkeeper,32.75,1.0,1,52.0,1.5254,1,0,168.35,26.72,90.55,0.0,0.0,0.0,27.8974,0.0917,28.59,2029,H2,Jul-Dec
Newman Nyamhuri,Zimbabwe,Pace Bowler,23.75,1.0,1,55.0,0.1675,0,0,76.21,13.35,99.65,7.96,5.24,0.0,25.6587,0.5188,25.8,2029,H2,Jul-Dec
Nick Welch,Zimbabwe,Top Order Batter,31.75,1.0,1,73.0,3.4175,1,0,785.67,46.94,103.49,0.0,0.0,0.0,43.6875,0.884,43.61,2029,H2,Jul-Dec
Panashe Taruvinga,Zimbabwe,Middle Order Batter,27.75,1.0,1,48.0,1.4641,1,0,123.23,28.69,101.44,0.0,0.0,0.0,30.3062,0.3932,30.45,2029,H2,Jul-Dec
Prince Masvaure,Zimbabwe,Middle Order Batter,39.75,0.0,0,41.0,-0.0881,0,0,13.68,11.99,74.98,0.0,0.0,0.0,16.6145,0.0118,17.18,2029,H2,Jul-Dec
Richard Ngarava,Zimbabwe,Pace Bowler,31.75,1.0,1,121.0,-1.2674,0,1,24.13,9.8,82.78,6.54,6.55,0.0,20.2112,0.3147,20.28,2029,H2,Jul-Dec
Richmond Mutumbami,Zimbabwe,Wicketkeeper,38.75,0.375,1,61.0,-0.2693,0,0,0.0,13.83,55.5,0.0,0.0,0.0,15.1782,0.0027,15.55,2029,H2,Jul-Dec
Ryan Burl,Zimbabwe,Batting All-Rounder,35.75,0.75,1,118.0,-0.7951,0,1,115.47,27.87,86.21,2.95,7.08,0.0,29.8952,0.0308,29.92,2029,H2,Jul-Dec
Sean Williams,Zimbabwe,Batting All-Rounder,43.75,0.0,0,156.0,-3.7864,0,1,0.0,49.47,78.65,0.0,7.19,0.0,39.9612,0.0182,38.66,2029,H2,Jul-Dec
Sikandar Raza,Zimbabwe,Batting All-Rounder,43.75,0.0,0,178.0,-1.4443,0,1,105.35,36.68,88.12,1.85,6.59,0.0,34.9092,0.006,35.2,2029,H2,Jul-Dec
Tadiwanashe Marumani,Zimbabwe,Wicketkeeper,27.75,1.0,1,66.0,1.471,1,0,258.08,37.51,116.19,0.0,0.0,0.0,37.8982,0.2729,37.88,2029,H2,Jul-Dec
Tafadzwa Tsiga,Zimbabwe,Wicketkeeper,29.75,1.0,1,48.0,1.2411,1,0,108.64,25.1,102.89,0.0,0.0,0.0,28.3041,0.0743,28.67,2029,H2,Jul-Dec
Takudzwanashe Kaitano,Zimbabwe,Top Order Batter,35.75,0.8125,1,63.0,0.0692,0,0,46.12,12.84,74.33,0.0,0.0,0.0,17.1481,0.2769,17.95,2029,H2,Jul-Dec
Tanaka Chivanga,Zimbabwe,Pace Bowler,33.75,1.0,1,54.0,0.0318,0,0,33.08,10.52,86.76,3.41,6.54,0.0,19.6745,0.0461,19.95,2029,H2,Jul-Dec
Tapiwa Mufudza,Zimbabwe,Spin Bowler,31.75,1.0,1,52.0,0.3788,0,0,89.49,17.95,90.82,6.35,6.0,0.0,26.3382,0.7664,26.38,2029,H2,Jul-Dec
Tashinga Musekiwa,Zimbabwe,Batting All-Rounder,28.75,1.0,1,56.0,2.3436,1,0,175.3,43.47,115.56,0.93,6.24,0.0,42.3199,0.4071,42.26,2029,H2,Jul-Dec
Tendai Chatara,Zimbabwe,Pace Bowler,38.75,0.05,1,102.2,-2.8433,0,1,0.0,0.0,68.26,0.0,5.62,0.0,9.5085,0.0075,9.92,2029,H2,Jul-Dec
Tinotenda Maposa,Zimbabwe,Pace Bowler,32.75,1.0,1,59.0,0.4366,0,0,61.2,13.76,86.35,7.05,6.62,0.0,23.3822,0.3787,23.5,2029,H2,Jul-Dec
Tony Munyonga,Zimbabwe,Batting All-Rounder,33.75,1.0,1,59.0,0.5727,1,0,72.17,18.25,88.13,0.89,7.26,0.0,23.2448,0.0241,23.38,2029,H2,Jul-Dec
Trevor Gwandu,Zimbabwe,Pace Bowler,28.75,1.0,1,57.0,0.8155,1,0,131.84,19.67,101.88,5.38,5.9,0.0,28.4746,0.6985,28.63,2029,H2,Jul-Dec
Victor Nyauchi,Zimbabwe,Pace Bowler,37.75,0.0,0,54.0,-0.6271,0,1,6.54,8.95,77.93,0.03,7.19,0.0,15.7806,0.0166,16.42,2029,H2,Jul-Dec
Vincent Masekesa,Zimbabwe,Batting All-Rounder,27.75,1.0,1,49.0,1.1773,1,0,151.07,22.82,97.26,2.71,6.52,0.0,28.4061,0.029,28.66,2029,H2,Jul-Dec
Wellington Masakadza,Zimbabwe,Spin Bowler,36.75,0.0,0,82.0,-2.3175,0,1,1.09,9.95,78.48,1.02,6.1,0.0,17.1131,0.023,17.7,2029,H2,Jul-Dec
Wessly Madhevere,Zimbabwe,Batting All-Rounder,28.75,1.0,1,101.0,-0.913,0,1,101.37,28.44,101.45,2.58,6.27,0.0,32.1067,0.1276,31.95,2029,H2,Jul-Dec
William Mashinge,Zimbabwe,Batting All-Rounder,32.75,1.0,1,51.0,1.26,1,0,161.89,27.79,100.09,5.76,6.2,0.0,33.2968,0.0965,33.46,2029,H2,Jul-Dec
A M Ghazanfar,Afghanistan,Spin Bowler,24.25,1.0,1,68.0,-0.4942,0,0,96.76,16.62,89.53,22.94,4.65,0.0,33.9102,0.691,33.82,2030,H1,Jan-Jun
Abdul Malik,Afghanistan,Top Order Batter,33.25,1.0,1,76.0,-0.6172,0,1,287.97,30.33,74.15,0.0,0.0,0.0,27.6213,0.2585,28.24,2030,H1,Jan-Jun
Abdul Rahman,Afghanistan,Pace Bowler,31.25,1.0,1,68.0,-0.3754,0,0,50.73,12.29,68.12,15.45,6.38,0.0,24.2611,0.1476,24.14,2030,H1,Jan-Jun
Azizullah Mia Khil,Afghanistan,Top Order Batter,29.25,1.0,1,63.0,0.6699,1,0,352.63,39.18,92.87,0.0,0.0,0.0,35.2995,0.6851,35.43,2030,H1,Jan-Jun
Azmatullah Omarzai,Afghanistan,Bowling All-Rounder,30.25,1.0,1,101.0,-0.273,0,0,551.83,41.36,84.42,19.45,5.91,0.0,46.9614,0.0137,46.98,2030,H1,Jan-Jun
Bahir Shah,Afghanistan,Middle Order Batter,29.25,1.0,1,65.0,0.9364,1,0,350.27,53.28,93.84,0.0,0.0,0.0,43.5947,0.8615,43.62,2030,H1,Jan-Jun
Bashir Ahmad,Afghanistan,Bowling All-Rounder,30.25,1.0,1,66.0,0.2437,0,0,275.37,33.91,89.89,15.9,5.63,0.0,40.6737,0.0162,40.67,2030,H1,Jan-Jun
Bilal Sami,Afghanistan,Pace Bowler,29.25,1.0,1,65.0,0.124,0,0,76.11,13.51,73.27,23.29,5.55,0.0,29.8828,0.2943,30.01,2030,H1,Jan-Jun
Darwish Rasooli,Afghanistan,Top Order Batter,31.25,1.0,1,82.0,0.437,0,0,508.62,41.15,86.32,0.0,0.0,0.0,36.1455,0.6108,36.2,2030,H1,Jan-Jun
Faisal Khan Ahmadzai,Afghanistan,Pace Bowler,30.25,1.0,1,64.0,0.2292,0,0,63.13,15.02,67.09,17.61,6.25,0.0,26.8841,0.2078,26.88,2030,H1,Jan-Jun
Fareed Ahmad,Afghanistan,Pace Bowler,35.25,0.875,1,74.0,-0.7562,0,1,34.14,10.91,58.79,10.87,7.86,0.0,19.6572,0.1061,19.71,2030,H1,Jan-Jun
Faridoon Dawoodzai,Afghanistan,Pace Bowler,30.25,1.0,1,66.0,0.215,0,0,70.08,16.65,75.45,21.98,5.62,0.0,31.271,0.5257,31.15,2030,H1,Jan-Jun
Fazalhaq Farooqi,Afghanistan,Pace Bowler,29.25,1.0,1,96.0,-0.9637,0,1,54.85,12.46,70.35,20.92,5.93,0.0,27.5339,0.4436,27.52,2030,H1,Jan-Jun
Gulbadin Naib,Afghanistan,Batting All-Rounder,39.25,0.0,0,61.0,-1.4567,0,1,83.79,23.34,69.22,2.28,7.46,0.0,24.0312,0.0024,24.0,2030,H1,Jan-Jun
Hashmatullah Shahidi,Afghanistan,Middle Order Batter,35.25,0.95,1,121.0,-0.1776,0,0,647.94,40.38,66.34,0.0,0.0,0.0,33.676,0.5317,33.55,2030,H1,Jan-Jun
Ibrahim Zadran,Afghanistan,Top Order Batter,28.25,1.0,1,101.0,-0.6476,0,1,658.76,51.16,87.69,0.0,0.0,0.0,42.6227,0.9299,42.57,2030,H1,Jan-Jun
Ikram Ali Khil,Afghanistan,Wicketkeeper,28.25,1.0,1,82.0,-0.0275,0,0,438.66,35.81,85.79,0.0,0.0,0.0,32.7487,0.1503,32.8,2030,H1,Jan-Jun
Karim Janat,Afghanistan,Bowling All-Rounder,31.25,1.0,1,89.0,-0.1393,0,0,497.48,41.14,89.35,16.06,5.83,0.0,45.5659,0.0144,45.53,2030,H1,Jan-Jun
Khatir Stanikzai,Afghanistan,Middle Order Batter,31.25,1.0,1,72.0,0.3579,0,0,427.78,38.89,91.94,0.0,0.0,0.0,35.2647,0.6485,35.42,2030,H1,Jan-Jun
Mohammad Ishaq,Afghanistan,Wicketkeeper,28.25,1.0,1,67.0,1.0059,1,0,391.26,45.38,91.76,0.0,0.0,0.0,38.8875,0.4195,38.92,2030,H1,Jan-Jun
Mohammad Nabi,Afghanistan,Bowling All-Rounder,45.25,0.0,0,92.0,-2.4656,0,1,36.02,28.6,72.64,2.18,6.79,0.0,27.4173,0.0012,26.8,2030,H1,Jan-Jun
Mohammad Saleem,Afghanistan,Pace Bowler,28.25,1.0,1,61.0,0.6069,1,0,75.33,17.97,76.2,24.0,5.6,0.0,33.179,0.6852,33.11,2030,H1,Jan-Jun
Mujeeb Ur Rahman,Afghanistan,Spin Bowler,29.25,1.0,1,88.0,-1.4718,0,1,52.81,12.27,70.95,14.67,5.42,0.0,24.459,0.4142,24.49,2030,H1,Jan-Jun
Munir Ahmad Kakar,Afghanistan,Wicketkeeper,31.25,1.0,1,70.0,0.249,0,0,339.16,34.28,85.87,0.0,0.0,0.0,31.5408,0.1128,31.71,2030,H1,Jan-Jun
Najibullah Zadran,Afghanistan,Wicketkeeper,36.25,0.6875,1,78.0,-0.5949,0,1,217.29,30.0,74.96,0.0,0.0,0.0,27.2962,0.0179,27.7,2030,H1,Jan-Jun
Nangeyalia Kharote,Afghanistan,Spin Bowler,26.25,1.0,1,65.0,0.428,0,0,286.58,36.15,96.14,22.64,4.95,0.0,46.4271,0.9718,46.29,2030,H1,Jan-Jun
Naveed Zadran,Afghanistan,Pace Bowler,29.25,1.0,1,72.0,-0.0521,0,0,79.25,13.51,74.82,21.94,5.73,0.0,29.3502,0.3339,29.28,2030,H1,Jan-Jun
Naveen-ul-Haq,Afghanistan,Pace Bowler,30.25,1.0,1,91.0,-1.1179,0,1,39.77,11.83,74.8,18.07,5.59,0.0,26.3157,0.3952,26.42,2030,H1,Jan-Jun
Nazifullah Amiri,Afghanistan,Top Order Batter,27.25,1.0,1,61.0,1.1004,1,0,340.57,42.58,92.21,0.0,0.0,0.0,37.1505,0.6878,37.29,2030,H1,Jan-Jun
Noor Ahmad,Afghanistan,Spin Bowler,25.25,1.0,1,83.0,-1.0101,0,1,94.06,16.06,86.11,22.71,5.01,0.0,32.8969,0.6456,32.86,2030,H1,Jan-Jun
Qais Ahmad,Afghanistan,Spin Bowler,29.25,1.0,1,76.0,-0.6376,0,1,63.65,13.09,71.89,19.68,5.93,0.0,27.4905,0.4556,27.38,2030,H1,Jan-Jun
Rahmanullah Gurbaz,Afghanistan,Wicketkeeper,28.25,1.0,1,110.0,-0.4631,0,0,1011.37,47.52,94.26,0.0,0.0,0.0,42.4966,0.9516,42.5,2030,H1,Jan-Jun
Rahmat Shah,Afghanistan,Top Order Batter,37.25,0.0,0,91.0,-0.1939,0,0,224.24,45.7,71.67,0.0,0.0,0.0,36.0211,0.0347,36.76,2030,H1,Jan-Jun
Rashid Khan,Afghanistan,Spin Bowler,31.25,1.0,1,110.0,-1.7821,0,1,283.37,27.7,89.28,21.89,5.25,0.0,40.1763,0.9521,40.15,2030,H1,Jan-Jun
Riaz Hassan,Afghanistan,Top Order Batter,30.25,1.0,1,80.0,0.2114,0,0,519.22,41.05,90.7,0.0,0.0,0.0,36.6672,0.6539,36.68,2030,H1,Jan-Jun
Rohullah Arab,Afghanistan,Pace Bowler,28.25,1.0,1,63.0,0.3801,0,0,75.11,16.69,77.9,20.05,5.53,0.0,30.6613,0.4795,30.6,2030,H1,Jan-Jun
Sediqullah Atal,Afghanistan,Top Order Batter,28.25,1.0,1,73.0,1.658,1,0,872.62,58.94,96.49,0.0,0.0,0.0,48.9411,0.9714,48.97,2030,H1,Jan-Jun
Shahidullah Kamal,Afghanistan,Middle Order Batter,34.25,1.0,1,105.0,0.212,0,0,630.35,42.28,76.28,0.0,0.0,0.0,35.9564,0.8766,36.13,2030,H1,Jan-Jun
Sharafuddin Ashraf,Afghanistan,Batting All-Rounder,34.25,1.0,1,83.0,-0.334,0,0,383.35,32.25,79.49,11.24,6.43,0.0,36.2127,0.6746,36.25,2030,H1,Jan-Jun
Wafiullah Tarakhil,Afghanistan,Top Order Batter,26.25,1.0,1,69.0,1.0772,1,0,563.14,50.93,105.52,0.0,0.0,0.0,44.3894,0.7093,44.29,2030,H1,Jan-Jun
Wahidullah Zadran,Afghanistan,Top Order Batter,26.25,1.0,1,62.0,1.6886,1,0,494.4,61.8,107.6,0.0,0.0,0.0,50.7281,0.9307,51.44,2030,H1,Jan-Jun
Zia-Ur-Rehman Abdul Malik,Afghanistan,Spin Bowler,29.25,1.0,1,68.0,0.0277,0,0,90.88,18.51,72.89,24.34,5.76,0.0,33.2609,0.7136,33.2,2030,H1,Jan-Jun
Zubaid Akbari,Afghanistan,Top Order Batter,27.25,1.0,1,76.0,1.0328,1,0,516.79,46.05,92.93,0.0,0.0,0.0,39.8381,0.755,39.89,2030,H1,Jan-Jun
Aaron Hardie,Australia,Bowling All-Rounder,31.25,1.0,1,125.0,1.0052,1,0,808.31,46.38,94.12,23.99,5.82,0.0,54.2598,0.0233,54.01,2030,H1,Jan-Jun
Adam Zampa,Australia,Spin Bowler,38.25,0.15,1,194.8,-3.3881,0,1,6.61,6.55,57.6,12.45,6.35,0.0,17.9589,0.0113,18.14,2030,H1,Jan-Jun
Alex Carey,Australia,Wicketkeeper,38.25,0.1875,1,162.0,-0.2162,0,0,230.8,34.49,78.11,0.0,0.0,0.0,30.3383,0.0067,30.71,2030,H1,Jan-Jun
Ashton Agar,Australia,Spin Bowler,36.25,0.55,1,137.4,-3.4644,0,1,0.0,3.56,49.58,1.28,6.77,0.0,9.446,0.0065,10.09,2030,H1,Jan-Jun
Beau Webster,Australia,Bowling All-Rounder,36.25,0.375,1,98.0,0.5936,1,0,405.2,38.64,82.8,15.2,6.5,0.0,42.4008,0.0075,40.75,2030,H1,Jan-Jun
Ben Dwarshuis,Australia,Pace Bowler,35.25,0.875,1,103.0,-1.155,0,1,19.32,10.18,62.76,20.02,7.85,0.0,24.3256,0.159,23.7,2030,H1,Jan-Jun
Ben Kellaway,Australia,Batting All-Rounder,25.25,1.0,1,65.0,2.9159,1,0,461.36,52.08,124.31,11.93,5.25,0.0,54.2135,0.8551,54.09,2030,H1,Jan-Jun
Ben Manenti,Australia,Bowling All-Rounder,33.25,1.0,1,96.0,-0.8421,0,1,163.38,23.91,77.89,9.8,6.9,0.0,29.6191,0.0085,29.66,2030,H1,Jan-Jun
Billy Stanlake,Australia,Pace Bowler,35.25,0.75,1,79.2,-2.1014,0,1,0.0,0.0,40.84,0.0,8.91,0.0,5.328,0.0067,4.71,2030,H1,Jan-Jun
Brendan Doggett,Australia,Pace Bowler,35.25,0.95,1,95.0,-1.4562,0,1,10.22,6.27,51.87,11.86,7.51,0.0,16.5801,0.02,16.73,2030,H1,Jan-Jun
Cameron Gannon,Australia,Pace Bowler,39.25,0.0,0,46.0,-1.246,0,1,0.0,0.0,45.61,0.8,8.5,0.0,6.3755,0.0025,6.07,2030,H1,Jan-Jun
Cameron Green,Australia,Batting All-Rounder,31.25,1.0,1,146.0,-0.3193,0,0,539.45,39.77,90.17,16.65,5.89,0.0,45.2961,0.0363,45.27,2030,H1,Jan-Jun
Campbell Kellaway,Australia,Top Order Batter,28.25,1.0,1,85.0,1.0464,1,0,407.81,39.02,94.02,0.0,0.0,0.0,35.5326,0.7189,35.66,2030,H1,Jan-Jun
Cooper Connolly,Australia,Batting All-Rounder,26.25,1.0,1,95.0,1.2337,1,0,729.92,53.73,110.62,18.48,5.0,0.0,57.7697,0.8704,57.37,2030,H1,Jan-Jun
Corey Rocchiccioli,Australia,Spin Bowler,33.25,1.0,1,86.0,-0.9047,0,1,8.66,4.32,61.14,16.7,5.86,0.0,19.3868,0.2539,19.34,2030,H1,Jan-Jun
Fergus O'Neill,Australia,Pace Bowler,29.25,1.0,1,78.0,-0.2598,0,0,15.57,5.97,71.37,17.97,6.01,0.0,22.2464,0.1401,22.09,2030,H1,Jan-Jun
Glenn Maxwell,Australia,Batting All-Rounder,42.25,0.0,0,218.0,-2.3845,0,1,126.42,27.48,83.44,2.79,7.6,0.0,28.5804,0.002,28.53,2030,H1,Jan-Jun
Harry Nielsen,Australia,Wicketkeeper,34.25,1.0,1,126.0,-0.1674,0,0,302.84,25.51,75.34,0.0,0.0,0.0,25.0215,0.0466,25.37,2030,H1,Jan-Jun
Henry Hunt,Australia,Top Order Batter,32.25,1.0,1,91.0,0.3843,0,0,292.97,37.22,84.35,0.0,0.0,0.0,32.9047,0.5638,32.92,2030,H1,Jan-Jun
Henry Thornton,Australia,Pace Bowler,34.25,1.0,1,96.0,-1.4441,0,1,11.86,5.93,65.47,5.13,7.22,0.0,14.7097,0.0143,15.37,2030,H1,Jan-Jun
Jack Edwards,Australia,Batting All-Rounder,30.25,1.0,1,112.0,0.2612,0,0,371.1,33.77,88.27,11.22,6.05,0.0,38.2226,0.304,38.24,2030,H1,Jan-Jun
Jake Fraser-McGurk,Australia,Top Order Batter,28.25,1.0,1,98.0,-1.986,0,1,209.89,21.48,89.81,0.0,0.0,0.0,24.174,0.2445,24.27,2030,H1,Jan-Jun
Jake Lehmann,Australia,Middle Order Batter,37.25,0.0,0,72.0,-0.6477,0,1,33.0,20.84,62.03,0.0,0.0,0.0,19.7614,0.0057,20.27,2030,H1,Jan-Jun
Jake Weatherald,Australia,Top Order Batter,36.25,0.375,1,155.0,-0.4672,0,0,318.61,39.96,80.58,0.0,0.0,0.0,34.111,0.0454,34.94,2030,H1,Jan-Jun
Jason Behrendorff,Australia,Pace Bowler,40.25,0.0,0,129.0,-2.7731,0,1,0.97,8.7,54.29,1.93,8.44,0.0,13.0881,0.0046,13.34,2030,H1,Jan-Jun
Jason Sangha,Australia,Middle Order Batter,31.25,1.0,1,120.0,-0.775,0,1,238.05,26.97,90.36,0.0,0.0,0.0,27.5217,0.186,28.02,2030,H1,Jan-Jun
Jhye Richardson,Australia,Pace Bowler,33.25,1.0,1,120.0,-2.2689,0,1,3.62,5.85,60.94,8.78,6.58,0.0,16.0457,0.0325,16.32,2030,H1,Jan-Jun
Joel Davies,Australia,Middle Order Batter,26.25,1.0,1,56.0,3.3883,1,0,438.22,63.42,125.41,0.0,0.0,0.0,53.6967,0.9689,54.12,2030,H1,Jan-Jun
Jordan Buckingham,Australia,Pace Bowler,29.25,1.0,1,68.0,-0.4146,0,0,19.74,7.41,72.36,16.93,5.98,0.0,22.6983,0.1432,22.47,2030,H1,Jan-Jun
Josh Hazlewood,Australia,Pace Bowler,39.25,0.0,0,143.0,-1.6984,0,1,3.3,7.33,60.53,7.23,7.2,0.0,15.9492,0.006,16.38,2030,H1,Jan-Jun
Josh Inglis,Australia,Wicketkeeper,35.25,0.9375,1,158.5,0.9926,1,0,904.35,41.22,87.11,0.0,0.0,0.0,37.5966,0.682,36.81,2030,H1,Jan-Jun
Josh Philippe,Australia,Wicketkeeper,33.25,1.0,1,185.0,-0.7511,0,1,489.56,32.91,88.64,0.0,0.0,0.0,31.5889,0.225,31.71,2030,H1,Jan-Jun
Lance Morris,Australia,Pace Bowler,32.25,1.0,1,75.0,-0.9395,0,1,1.77,1.77,54.38,12.03,7.23,0.0,14.3849,0.0227,14.82,2030,H1,Jan-Jun
Liam Hatcher,Australia,Pace Bowler,33.25,1.0,1,95.0,-1.3878,0,1,11.03,3.69,59.76,5.64,7.61,0.0,12.8929,0.0139,13.51,2030,H1,Jan-Jun
Liam Scott,Australia,Batting All-Rounder,29.25,1.0,1,97.0,1.8499,1,0,711.67,43.91,103.01,15.54,5.65,0.0,49.3669,0.7123,49.59,2030,H1,Jan-Jun
Mackenzie Harvey,Australia,Wicketkeeper,29.25,1.0,1,121.0,-0.8342,0,1,178.93,25.8,87.44,0.0,0.0,0.0,26.2836,0.0549,26.65,2030,H1,Jan-Jun
Mahli Beardman,Australia,Pace Bowler,24.25,1.0,1,52.0,0.6828,1,0,16.76,15.18,92.44,10.39,5.65,0.0,26.4605,0.5716,26.22,2030,H1,Jan-Jun
Marcus Stoinis,Australia,Batting All-Rounder,41.25,0.0,0,244.0,-2.0386,0,1,76.1,28.31,83.25,2.42,7.14,0.0,28.759,0.0016,28.32,2030,H1,Jan-Jun
Marnus Labuschagne,Australia,Middle Order Batter,36.25,0.5833,1,161.3333,-0.7433,0,1,360.12,37.45,77.92,0.0,0.0,0.0,32.4613,0.0777,32.72,2030,H1,Jan-Jun
Matthew Gilkes,Australia,Wicketkeeper,31.25,1.0,1,135.0,-0.5671,0,1,292.5,31.18,89.97,0.0,0.0,0.0,30.0969,0.0535,30.3,2030,H1,Jan-Jun
Matthew Kuhnemann,Australia,Spin Bowler,33.25,1.0,1,98.0,-0.7711,0,1,13.25,9.61,61.58,23.89,5.84,0.0,26.1826,0.6586,25.62,2030,H1,Jan-Jun
Matthew Renshaw,Australia,Top Order Batter,34.25,1.0,1,191.0,-0.7015,0,1,487.22,31.89,75.19,0.0,7.44,0.0,29.9186,0.2017,30.17,2030,H1,Jan-Jun
Matthew Short,Australia,Batting All-Rounder,34.25,1.0,1,178.0,-1.3185,0,1,766.3,40.54,91.63,9.94,6.87,0.0,43.0545,0.5813,43.08,2030,H1,Jan-Jun
Matthew Wade,Australia,Wicketkeeper,42.25,0.0,0,182.0,-1.9889,0,1,0.0,12.73,63.03,0.0,0.0,0.0,15.07,0.0034,15.9,2030,H1,Jan-Jun
Michael Neser,Australia,Bowling All-Rounder,40.25,0.0,0,128.0,-2.5268,0,1,69.44,21.39,74.25,4.98,6.81,0.0,24.9621,0.0011,24.68,2030,H1,Jan-Jun
Mitchell Marsh,Australia,Bowling All-Rounder,38.25,0.35,1,177.6,-1.1962,0,1,345.43,34.98,81.13,3.58,7.51,0.0,33.7869,0.006,33.75,2030,H1,Jan-Jun
Mitchell Owen,Australia,Batting All-Rounder,29.25,1.0,1,100.0,1.4973,1,0,725.59,46.82,106.15,10.49,6.09,0.0,48.8144,0.7167,48.64,2030,H1,Jan-Jun
Mitchell Starc,Australia,Pace Bowler,40.25,0.0,0,194.0,1.947,1,0,1.25,6.32,56.87,24.1,7.51,0.0,23.4161,0.063,23.62,2030,H1,Jan-Jun
Mitchell Stoinis,Australia,Batting All-Rounder,41.25,0.0,0,244.0,-2.0386,0,1,72.66,27.03,79.48,2.31,7.48,0.0,27.4236,0.0019,26.84,2030,H1,Jan-Jun
Nathan Ellis,Australia,Pace Bowler,35.25,0.7917,1,109.6667,-1.9794,0,1,10.37,6.08,58.26,11.77,7.83,0.0,17.1709,0.0167,17.33,2030,H1,Jan-Jun
Nathan Lyon,Australia,Spin Bowler,42.25,0.0,0,82.0,-3.8812,0,1,0.0,4.06,45.13,4.3,5.94,0.0,10.8996,0.0078,10.71,2030,H1,Jan-Jun
Nathan McAndrew,Australia,Bowling All-Rounder,35.25,0.9583,1,123.3333,-0.2638,0,0,277.72,26.42,77.16,20.09,6.89,0.0,36.5908,0.0083,36.29,2030,H1,Jan-Jun
Nathan McSweeney,Australia,Middle Order Batter,31.25,1.0,1,109.0,0.3499,0,0,514.59,40.95,85.21,0.0,0.0,0.0,35.9112,0.6732,35.95,2030,H1,Jan-Jun
Nikhil Chaudhary,Australia,Batting All-Rounder,34.25,1.0,1,106.0,1.0003,1,0,583.07,33.62,94.89,12.15,7.09,0.0,39.9185,0.1906,39.92,2030,H1,Jan-Jun
Oliver Peake,Australia,Middle Order Batter,24.25,1.0,1,49.0,2.319,1,0,344.5,51.04,116.43,0.0,0.0,0.0,45.0849,0.8965,44.97,2030,H1,Jan-Jun
Pat Cummins,Australia,Pace Bowler,37.25,0.0,0,153.0,-2.7793,0,1,6.64,8.59,60.16,5.47,7.5,0.0,15.7024,0.0074,16.39,2030,H1,Jan-Jun
Riley Meredith,Australia,Pace Bowler,34.25,0.875,1,97.0,-1.7714,0,1,2.31,3.32,54.13,5.62,8.1,0.0,11.8684,0.014,11.88,2030,H1,Jan-Jun
Sam Elliott,Australia,Pace Bowler,28.25,1.0,1,59.0,-0.2929,0,0,29.38,10.0,74.15,3.84,6.21,0.0,17.7543,0.0795,18.06,2030,H1,Jan-Jun
Sam Konstas,Australia,Top Order Batter,24.25,1.0,1,69.0,3.4904,1,0,1412.63,62.02,128.07,0.0,0.0,0.0,56.4463,0.9844,56.98,2030,H1,Jan-Jun
Scott Boland,Australia,Pace Bowler,41.25,0.0,0,74.0,-1.8017,0,1,2.81,7.74,56.03,3.56,7.25,0.0,13.7539,0.0087,14.39,2030,H1,Jan-Jun
Sean Abbott,Australia,Bowling All-Rounder,38.25,0.0,0,186.0,-2.6925,0,1,88.99,23.32,71.44,6.89,7.61,0.0,26.6302,0.0018,26.27,2030,H1,Jan-Jun
Spencer Johnson,Australia,Pace Bowler,34.25,1.0,1,85.0,-0.8558,0,1,18.7,8.23,69.11,17.71,7.02,0.0,22.9425,0.1228,22.69,2030,H1,Jan-Jun
Tanveer Sangha,Australia,Spin Bowler,28.25,1.0,1,91.0,-0.8269,0,1,7.27,7.17,65.65,27.27,5.56,0.0,27.0457,0.5993,26.64,2030,H1,Jan-Jun
Tim David,Australia,Middle Order Batter,34.25,1.0,1,122.0,0.0158,0,0,413.05,34.13,91.65,0.0,0.0,0.0,32.4175,0.4398,32.5,2030,H1,Jan-Jun
Todd Murphy,Australia,Spin Bowler,29.25,1.0,1,66.0,-1.1286,0,1,2.84,9.77,54.83,5.65,5.98,0.0,16.1043,0.1372,16.59,2030,H1,Jan-Jun
Travis Head,Australia,Top Order Batter,36.25,0.6875,1,171.0,-0.1483,0,0,753.44,48.43,96.52,0.0,0.0,0.0,42.4504,0.4794,40.9,2030,H1,Jan-Jun
Will Sutherland,Australia,Bowling All-Rounder,30.25,1.0,1,129.0,0.1147,0,0,457.04,38.89,89.65,24.72,5.89,0.0,48.5451,0.0156,48.62,2030,H1,Jan-Jun
Xavier Bartlett,Australia,Pace Bowler,31.25,1.0,1,89.0,-0.6519,0,1,27.28,12.21,82.72,22.33,5.86,0.0,29.5695,0.3019,29.4,2030,H1,Jan-Jun
A. G. Saqlain,Bangladesh,Bowling All-Rounder,28.25,1.0,1,52.0,1.5243,1,0,226.87,32.75,149.7,20.37,8.06,0.0,49.0712,0.0202,48.97,2030,H1,Jan-Jun
Abdul Gaffar Saqlain,Bangladesh,Bowling All-Rounder,28.25,1.0,1,52.0,1.5243,1,0,238.36,34.41,157.29,21.4,7.67,0.0,51.5955,0.0244,51.38,2030,H1,Jan-Jun
Afif Hossain,Bangladesh,Batting All-Rounder,30.25,1.0,1,166.0,-2.0747,0,1,146.26,18.97,140.63,6.98,8.71,0.0,32.798,0.0398,32.82,2030,H1,Jan-Jun
Akbar Ali,Bangladesh,Wicketkeeper,29.25,1.0,1,68.0,1.424,1,0,535.68,33.34,143.61,0.0,0.0,0.0,38.8271,0.3375,38.84,2030,H1,Jan-Jun
Amite Hasan,Bangladesh,Middle Order Batter,29.25,1.0,1,65.0,1.6032,1,0,407.51,34.29,148.04,0.0,0.0,0.0,39.5043,0.9137,39.55,2030,H1,Jan-Jun
Anamul Haque,Bangladesh,Wicketkeeper,37.25,0.25,1,151.0,-1.296,0,1,68.81,17.56,115.22,0.0,0.0,0.0,24.5911,0.0021,24.45,2030,H1,Jan-Jun
Ebadat Hossain,Bangladesh,Pace Bowler,36.25,0.5833,1,64.3333,0.4398,0,0,17.34,12.34,100.83,11.2,9.94,0.0,25.5902,0.0091,25.13,2030,H1,Jan-Jun
Hasan Mahmud,Bangladesh,Pace Bowler,31.25,1.0,1,117.0,-0.667,0,1,90.98,13.25,123.11,38.34,8.38,0.0,43.0801,0.7487,42.87,2030,H1,Jan-Jun
Hasan Murad,Bangladesh,Spin Bowler,28.25,1.0,1,72.0,1.4761,1,0,92.54,21.23,135.62,36.31,7.25,0.0,48.4064,0.9557,48.35,2030,H1,Jan-Jun
Jaker Ali,Bangladesh,Wicketkeeper,32.25,1.0,1,101.0,1.2723,1,0,705.13,37.63,151.92,0.0,0.0,0.0,42.912,0.6923,42.87,2030,H1,Jan-Jun
Jishan Alam,Bangladesh,Top Order Batter,28.25,1.0,1,65.0,1.6795,1,0,508.04,39.54,154.1,0.0,0.0,0.0,43.6379,0.9407,43.61,2030,H1,Jan-Jun
Khaled Ahmed,Bangladesh,Pace Bowler,37.25,0.625,1,92.0,0.4571,0,0,30.09,13.73,99.47,17.74,10.1,0.0,29.5766,0.0311,28.1,2030,H1,Jan-Jun
Litton Das,Bangladesh,Wicketkeeper,35.25,0.95,1,242.0,-0.81,0,1,511.68,30.44,137.02,0.0,0.0,0.0,36.2451,0.1658,35.99,2030,H1,Jan-Jun
Mahedi Hasan,Bangladesh,Batting All-Rounder,35.25,0.875,1,182.0,0.0353,0,0,529.86,28.97,135.06,27.72,9.43,0.0,49.6337,0.6109,45.82,2030,H1,Jan-Jun
Mahidul Islam Ankon,Bangladesh,Wicketkeeper,29.25,1.0,1,79.0,1.7718,1,0,521.01,42.18,158.28,0.0,0.0,0.0,45.7328,0.6583,45.67,2030,H1,Jan-Jun
Mahmudul Hasan Joy,Bangladesh,Middle Order Batter,29.25,1.0,1,106.0,0.2224,0,0,416.07,28.91,134.62,0.0,0.0,0.0,34.7418,0.7328,34.76,2030,H1,Jan-Jun
Mahmudullah,Bangladesh,Batting All-Rounder,44.25,0.0,0,250.0,-5.119,0,1,0.0,16.93,123.67,0.0,9.87,0.0,25.356,0.0034,24.74,2030,H1,Jan-Jun
Mehidy Hasan Miraz,Bangladesh,Bowling All-Rounder,32.25,1.0,1,202.0,-0.4125,0,0,637.62,34.1,141.15,37.23,7.76,0.0,58.7569,0.0603,57.25,2030,H1,Jan-Jun
Mohammad Naim,Bangladesh,Middle Order Batter,30.25,1.0,1,142.0,-1.1598,0,1,237.84,23.44,137.46,0.0,0.0,0.0,31.3295,0.3533,31.44,2030,H1,Jan-Jun
Mohammad Saifuddin,Bangladesh,Bowling All-Rounder,33.25,1.0,1,145.0,-0.5889,0,1,354.76,22.21,130.52,29.28,9.53,0.0,45.3477,0.0146,45.17,2030,H1,Jan-Jun
Mominul Haque,Bangladesh,Top Order Batter,38.25,0.1875,1,104.0,-0.4437,0,0,80.18,21.46,111.81,0.0,0.0,0.0,26.468,0.0127,26.31,2030,H1,Jan-Jun
Mosaddek Hossain,Bangladesh,Batting All-Rounder,34.25,1.0,1,171.0,-1.0736,0,1,314.45,23.46,131.38,12.97,8.9,0.0,37.8308,0.1367,37.83,2030,H1,Jan-Jun
Musfik Hasan,Bangladesh,Pace Bowler,26.25,1.0,1,58.0,1.3273,1,0,53.96,16.06,135.88,29.98,7.41,0.0,42.07,0.7776,41.96,2030,H1,Jan-Jun
Mushfiqur Rahim,Bangladesh,Wicketkeeper,43.25,0.0,0,190.0,-1.6022,0,1,3.52,20.43,106.76,0.0,0.0,0.0,24.9881,0.0022,24.71,2030,H1,Jan-Jun
Mustafizur Rahman,Bangladesh,Pace Bowler,34.25,1.0,1,239.0,-1.4401,0,1,42.82,11.05,98.96,35.21,9.41,0.0,36.9352,0.6151,36.91,2030,H1,Jan-Jun
Nahid Rana,Bangladesh,Pace Bowler,27.25,1.0,1,98.0,0.6137,1,0,49.14,13.53,122.65,46.3,7.83,0.0,47.1629,0.8445,46.96,2030,H1,Jan-Jun
Najmul Hossain Apu,Bangladesh,Spin Bowler,31.25,1.0,1,61.0,1.293,1,0,64.55,14.56,118.64,27.44,8.27,0.0,37.6764,0.8059,37.64,2030,H1,Jan-Jun
Najmul Hossain Shanto,Bangladesh,Middle Order Batter,31.25,1.0,1,152.0,-0.2388,0,0,635.11,35.57,140.3,0.0,0.0,0.0,40.0394,0.9144,40.0,2030,H1,Jan-Jun
Nasum Ahmed,Bangladesh,Spin Bowler,36.25,0.375,1,151.0,-1.324,0,1,23.39,10.6,96.85,17.65,8.24,0.0,27.5651,0.0131,26.81,2030,H1,Jan-Jun
Nasum Ahmed Jr,Bangladesh,Spin Bowler,25.25,1.0,1,53.0,1.0085,1,0,72.05,14.31,139.37,27.07,7.01,0.0,40.1393,0.8242,40.03,2030,H1,Jan-Jun
Nayeem Hasan,Bangladesh,Spin Bowler,29.25,1.0,1,85.0,-0.6,0,1,55.34,14.11,110.55,23.14,7.75,0.0,34.2674,0.6526,34.21,2030,H1,Jan-Jun
Nurul Hasan,Bangladesh,Wicketkeeper,37.25,0.4375,1,162.5,0.0764,0,0,233.29,24.47,125.12,0.0,0.0,0.0,30.3777,0.0067,30.7,2030,H1,Jan-Jun
Parvez Hossain Emon,Bangladesh,Wicketkeeper,28.25,1.0,1,99.0,1.3541,1,0,797.61,41.15,144.75,0.0,0.0,0.0,44.3698,0.8586,44.29,2030,H1,Jan-Jun
Pritom Kumar,Bangladesh,Wicketkeeper,26.25,1.0,1,62.0,1.8842,1,0,551.69,42.33,153.34,0.0,0.0,0.0,45.3073,0.6812,45.22,2030,H1,Jan-Jun
Rejaur Rahman Raja,Bangladesh,Pace Bowler,29.25,1.0,1,67.0,1.2786,1,0,68.66,15.51,125.55,31.7,8.03,0.0,41.2958,0.7488,41.17,2030,H1,Jan-Jun
Ripon Mondol,Bangladesh,Pace Bowler,27.25,1.0,1,63.0,1.2736,1,0,55.58,16.14,127.5,33.48,7.86,0.0,42.7882,0.7857,42.56,2030,H1,Jan-Jun
Rishad Hossain,Bangladesh,Spin Bowler,27.25,1.0,1,125.0,1.8401,1,0,766.04,40.17,156.66,51.26,7.12,0.0,71.8608,0.9887,57.78,2030,H1,Jan-Jun
Saif Hassan,Bangladesh,Top Order Batter,31.25,1.0,1,116.0,1.1672,1,0,667.79,33.0,148.82,0.0,0.0,0.0,39.7158,0.8549,39.7,2030,H1,Jan-Jun
Shadman Islam,Bangladesh,Top Order Batter,34.25,1.0,1,98.0,0.6824,1,0,347.3,29.72,119.0,0.0,0.0,0.0,33.0414,0.4635,33.07,2030,H1,Jan-Jun
Shahadat Hossain,Bangladesh,Top Order Batter,28.25,1.0,1,71.0,1.697,1,0,444.61,38.37,144.46,0.0,0.0,0.0,41.5498,0.9409,41.68,2030,H1,Jan-Jun
Shakib Al Hasan,Bangladesh,Batting All-Rounder,43.25,0.0,0,310.0,-8.1687,0,1,0.0,16.28,120.05,0.0,9.44,0.0,24.5697,0.0015,24.35,2030,H1,Jan-Jun
Shamim Hossain,Bangladesh,Batting All-Rounder,29.25,1.0,1,110.0,1.7462,1,0,708.48,38.99,142.62,18.6,8.57,0.0,52.4447,0.9021,52.63,2030,H1,Jan-Jun
Shoriful Islam,Bangladesh,Pace Bowler,29.25,1.0,1,138.0,-1.0289,0,1,74.38,15.07,120.06,33.5,8.34,0.0,41.2495,0.7092,40.97,2030,H1,Jan-Jun
Soumya Sarkar,Bangladesh,Batting All-Rounder,37.25,0.0,0,180.0,-1.854,0,1,69.12,19.1,122.05,2.89,9.83,0.0,28.1142,0.0011,27.86,2030,H1,Jan-Jun
Taijul Islam,Bangladesh,Spin Bowler,38.25,0.15,1,107.8,-3.1901,0,1,9.69,8.62,85.0,4.93,8.36,0.0,18.4228,0.0049,18.85,2030,H1,Jan-Jun
Tanvir Islam,Bangladesh,Spin Bowler,33.25,1.0,1,106.0,0.2649,0,0,73.75,14.93,106.73,41.6,8.12,0.0,43.6503,0.9062,43.39,2030,H1,Jan-Jun
Tanzid Hasan,Bangladesh,Top Order Batter,29.25,1.0,1,116.0,0.865,1,0,862.34,41.23,155.99,0.0,0.0,0.0,46.0286,0.9425,45.98,2030,H1,Jan-Jun
Tanzim Hasan Sakib,Bangladesh,Pace Bowler,27.25,1.0,1,108.0,0.2146,0,0,114.71,21.94,141.88,36.53,8.32,0.0,49.6245,0.9399,49.34,2030,H1,Jan-Jun
Taskin Ahmed,Bangladesh,Pace Bowler,35.25,0.875,1,177.0,-0.8099,0,1,50.78,10.73,99.41,31.27,9.92,0.0,34.7828,0.1571,33.54,2030,H1,Jan-Jun
Towhid Hridoy,Bangladesh,Top Order Batter,29.25,1.0,1,139.0,1.2181,1,0,984.52,38.75,145.47,2.02,8.49,0.0,45.1663,0.6835,45.22,2030,H1,Jan-Jun
Yasir Ali Chowdhury,Bangladesh,Middle Order Batter,34.25,1.0,1,117.0,0.2857,0,0,362.9,25.61,123.57,0.0,0.0,0.0,31.2763,0.3898,31.31,2030,H1,Jan-Jun
Zakir Hasan,Bangladesh,Middle Order Batter,32.25,1.0,1,95.0,0.2371,0,0,384.98,27.24,131.93,0.0,0.0,0.0,33.335,0.5984,33.48,2030,H1,Jan-Jun
Adil Rashid,England,Spin Bowler,42.25,0.0,0,337.0,-3.2729,0,1,9.93,7.69,65.02,6.37,5.81,0.0,16.597,0.0133,17.05,2030,H1,Jan-Jun
Alex Horton,England,Wicketkeeper,27.25,1.0,1,56.0,1.2558,1,0,465.29,37.77,100.47,0.0,0.0,0.0,35.7999,0.2997,35.95,2030,H1,Jan-Jun
Archie Vaughan,England,Batting All-Rounder,25.25,1.0,1,64.0,1.7508,1,0,563.26,42.01,99.94,18.05,5.25,0.0,48.7846,0.7251,48.63,2030,H1,Jan-Jun
Ben Duckett,England,Top Order Batter,35.25,0.95,1,210.0,0.0879,0,0,927.34,37.9,89.49,0.0,0.0,0.0,36.0421,0.8006,35.77,2030,H1,Jan-Jun
Ben Foakes,England,Wicketkeeper,37.25,0.55,1,144.4,0.0596,0,0,256.41,29.1,72.25,0.0,0.0,0.0,26.5666,0.0142,26.49,2030,H1,Jan-Jun
Ben Geddes,England,Top Order Batter,28.25,1.0,1,78.0,1.3094,1,0,676.57,38.82,96.37,0.0,0.0,0.0,36.6,0.617,36.68,2030,H1,Jan-Jun
Ben McKinney,England,Top Order Batter,25.25,1.0,1,65.0,1.368,1,0,634.83,46.23,110.35,0.0,0.0,0.0,42.5002,0.796,42.49,2030,H1,Jan-Jun
Brydon Carse,England,Pace Bowler,35.25,0.9167,1,121.6667,-1.1245,0,1,179.04,20.87,78.39,39.33,6.9,0.0,42.9632,0.7604,41.69,2030,H1,Jan-Jun
Chris Jordan,England,Pace Bowler,41.25,0.0,0,314.0,-1.6142,0,1,84.93,17.33,79.15,8.75,7.64,0.0,25.0393,0.0068,24.94,2030,H1,Jan-Jun
Chris Woakes,England,Bowling All-Rounder,41.25,0.0,0,191.0,-2.9738,0,1,33.12,24.12,74.16,3.14,6.84,0.0,25.4748,0.0026,24.97,2030,H1,Jan-Jun
Dan Lawrence,England,Batting All-Rounder,33.25,1.0,1,172.0,-0.2645,0,0,723.66,36.37,82.05,5.96,6.21,0.0,37.4184,0.3065,37.37,2030,H1,Jan-Jun
Dan Mousley,England,Batting All-Rounder,29.25,1.0,1,125.0,1.04,1,0,968.77,41.54,100.72,24.81,5.27,0.0,53.3796,0.8568,52.64,2030,H1,Jan-Jun
Emilio Gay,England,Top Order Batter,33.25,1.0,1,125.0,0.1781,0,0,706.55,37.76,84.79,0.0,0.0,0.0,34.6443,0.7291,34.68,2030,H1,Jan-Jun
Farhan Ahmed,England,Spin Bowler,23.25,1.0,1,57.0,1.4017,1,0,110.42,18.01,91.7,37.92,5.01,0.0,42.501,0.9512,42.31,2030,H1,Jan-Jun
George Bell,England,Wicketkeeper,27.25,1.0,1,76.0,1.1959,1,0,594.59,36.84,95.11,0.0,0.0,0.0,35.0224,0.2466,35.11,2030,H1,Jan-Jun
George Hill,England,Batting All-Rounder,31.25,1.0,1,106.0,1.1122,1,0,760.5,36.86,95.6,24.02,5.45,0.0,48.8796,0.7709,48.62,2030,H1,Jan-Jun
George Thomas,England,Top Order Batter,28.25,1.0,1,85.0,0.8743,1,0,727.77,36.55,97.64,0.0,0.0,0.0,35.6104,0.7455,35.71,2030,H1,Jan-Jun
Gus Atkinson,England,Pace Bowler,32.25,1.0,1,120.0,-0.8209,0,1,117.19,17.19,86.23,46.18,6.01,0.0,45.2663,0.74,45.03,2030,H1,Jan-Jun
Harry Brook,England,Middle Order Batter,31.25,1.0,1,176.0,0.8266,1,0,1243.51,50.48,99.57,1.06,5.62,0.0,47.1714,0.9638,47.19,2030,H1,Jan-Jun
Henry Crocombe,England,Pace Bowler,28.25,1.0,1,68.0,0.7751,1,0,69.55,13.2,83.96,35.58,5.31,0.0,37.3232,0.6619,37.26,2030,H1,Jan-Jun
Jack Carson,England,Spin Bowler,29.25,1.0,1,80.0,0.4887,0,0,105.55,16.21,79.68,37.39,5.3,0.0,39.5793,0.9106,39.38,2030,H1,Jan-Jun
Jack Haynes,England,Top Order Batter,29.25,1.0,1,122.0,0.44,0,0,821.12,35.89,96.97,0.0,0.0,0.0,35.4536,0.7314,35.57,2030,H1,Jan-Jun
Jack Leach,England,Spin Bowler,39.25,0.0,0,127.0,-3.6338,0,1,0.68,10.19,64.16,0.0,6.11,0.0,14.6007,0.0059,15.17,2030,H1,Jan-Jun
Jacob Bethell,England,Batting All-Rounder,26.25,1.0,1,116.0,1.6991,1,0,1189.67,55.71,107.64,25.1,5.23,0.0,63.3559,0.9805,57.56,2030,H1,Jan-Jun
James Anderson,England,Pace Bowler,48.25,0.0,0,44.0,-0.2853,0,0,0.0,0.0,0.0,0.0,8.42,0.0,0.3075,0.0022,0.8,2030,H1,Jan-Jun
James Coles,England,Batting All-Rounder,26.25,1.0,1,72.0,1.8564,1,0,627.48,39.38,103.13,23.57,5.13,0.0,50.7105,0.717,51.39,2030,H1,Jan-Jun
James Rew,England,Wicketkeeper,26.25,1.0,1,89.0,1.2263,1,0,905.58,47.97,99.29,0.0,0.0,0.0,43.0325,0.4182,43.09,2030,H1,Jan-Jun
Jamie Overton,England,Bowling All-Rounder,36.25,0.375,1,153.0,-0.8046,0,1,264.66,26.05,78.06,19.62,6.85,0.0,36.2136,0.0098,33.53,2030,H1,Jan-Jun
Jamie Smith,England,Wicketkeeper,29.25,1.0,1,112.0,1.3645,1,0,990.6,54.97,104.53,0.0,0.0,0.0,48.0282,0.9032,47.85,2030,H1,Jan-Jun
Joe Root,England,Top Order Batter,39.25,0.0,0,275.0,-1.2134,0,1,231.94,37.37,74.4,0.39,6.09,0.0,32.6168,0.0108,32.69,2030,H1,Jan-Jun
Jofra Archer,England,Pace Bowler,35.25,0.9167,1,139.6667,-0.8589,0,1,78.75,15.96,77.67,30.44,6.46,0.0,35.2655,0.3434,34.51,2030,H1,Jan-Jun
Jonny Bairstow,England,Wicketkeeper,41.25,0.0,0,211.0,-1.2164,0,1,98.57,25.37,73.25,0.0,0.0,0.0,24.003,0.0066,24.06,2030,H1,Jan-Jun
Jordan Cox,England,Wicketkeeper,29.25,1.0,1,130.0,1.3002,1,0,1158.53,49.35,100.45,0.0,0.0,0.0,44.8164,0.8706,44.81,2030,H1,Jan-Jun
Jos Buttler,England,Wicketkeeper,39.25,0.0,0,270.0,-0.9306,0,1,198.46,34.06,80.81,0.0,0.0,0.0,30.3173,0.0094,30.71,2030,H1,Jan-Jun
Josh Hull,England,Pace Bowler,26.25,1.0,1,69.0,1.1943,1,0,78.15,17.12,91.88,42.95,5.0,0.0,44.4574,0.6674,44.19,2030,H1,Jan-Jun
Josh Tongue,England,Pace Bowler,32.25,1.0,1,92.0,-0.0176,0,0,65.91,22.29,81.61,24.6,5.81,0.0,36.5748,0.6149,36.53,2030,H1,Jan-Jun
Liam Dawson,England,Bowling All-Rounder,40.25,0.0,0,251.0,-2.6943,0,1,152.89,28.09,75.06,6.64,6.25,0.0,30.1875,0.0041,29.13,2030,H1,Jan-Jun
Liam Livingstone,England,Batting All-Rounder,37.25,0.25,1,155.0,-1.0399,0,1,352.78,34.75,88.54,10.06,6.45,0.0,38.084,0.0114,37.35,2030,H1,Jan-Jun
Luc Benkenstein,England,Batting All-Rounder,25.25,1.0,1,62.0,2.0211,1,0,591.5,45.07,111.21,22.9,4.7,0.0,54.7162,0.6946,54.1,2030,H1,Jan-Jun
Luke Wood,England,Pace Bowler,34.25,1.0,1,183.0,-0.7712,0,1,94.76,13.54,76.26,35.45,7.15,0.0,36.15,0.6521,36.04,2030,H1,Jan-Jun
Mark Wood,England,Pace Bowler,40.25,0.0,0,107.0,-1.1578,0,1,7.3,9.58,64.88,5.58,8.08,0.0,16.8369,0.0107,17.4,2030,H1,Jan-Jun
Matthew Fisher,England,Pace Bowler,33.25,1.0,1,103.0,-0.2388,0,0,79.71,20.18,80.04,28.59,6.11,0.0,37.1517,0.6562,37.13,2030,H1,Jan-Jun
Matthew Potts,England,Pace Bowler,31.25,1.0,1,116.0,-0.6259,0,1,151.18,22.25,80.69,35.63,6.02,0.0,42.2672,0.8272,42.22,2030,H1,Jan-Jun
Ollie Pope,England,Top Order Batter,32.25,1.0,1,152.0,-0.3341,0,0,581.48,36.99,83.32,0.0,6.16,0.0,34.45,0.2648,34.49,2030,H1,Jan-Jun
Ollie Robinson,England,Pace Bowler,31.25,1.0,1,97.0,-0.1986,0,0,87.43,22.22,84.56,30.96,5.49,0.0,40.2909,0.6499,40.13,2030,H1,Jan-Jun
Olly Stone,England,Pace Bowler,36.25,0.375,1,91.0,-0.4774,0,0,34.21,22.29,74.65,15.05,6.7,0.0,30.5519,0.0103,28.51,2030,H1,Jan-Jun
Phil Salt,England,Wicketkeeper,34.25,1.0,1,162.0,-0.474,0,0,825.34,40.35,91.37,0.0,0.0,0.0,37.3595,0.4337,37.42,2030,H1,Jan-Jun
Reece Topley,England,Pace Bowler,36.25,0.375,1,131.0,-0.389,0,0,39.13,19.1,73.27,18.35,7.26,0.0,30.1187,0.0147,28.24,2030,H1,Jan-Jun
Rehan Ahmed,England,Spin Bowler,25.25,1.0,1,116.0,0.4494,0,0,618.09,36.27,104.78,51.59,4.77,0.0,63.4379,0.9559,57.77,2030,H1,Jan-Jun
Rocky Flintoff,England,Middle Order Batter,24.25,1.0,1,57.0,1.6829,1,0,497.18,44.82,101.94,0.0,0.0,0.0,40.1797,0.9056,40.24,2030,H1,Jan-Jun
Sam Cook,England,Pace Bowler,32.25,1.0,1,116.0,-0.3005,0,0,78.49,19.98,81.53,36.09,5.77,0.0,41.1108,0.7907,40.97,2030,H1,Jan-Jun
Sam Curran,England,Bowling All-Rounder,32.25,1.0,1,188.0,-0.8161,0,1,692.83,34.12,89.17,36.16,5.77,0.0,52.3393,0.8902,52.05,2030,H1,Jan-Jun
Saqib Mahmood,England,Pace Bowler,33.25,1.0,1,123.0,0.1678,0,0,80.97,20.49,79.99,36.55,6.08,0.0,41.3785,0.7579,41.17,2030,H1,Jan-Jun
Shoaib Bashir,England,Spin Bowler,26.25,1.0,1,87.0,-0.7253,0,1,83.54,14.38,86.56,33.88,4.56,0.0,37.7898,0.7549,37.64,2030,H1,Jan-Jun
Sonny Baker,England,Pace Bowler,25.25,1.0,1,77.0,1.3198,1,0,92.75,20.9,97.35,47.66,4.83,0.0,49.8338,0.9213,49.29,2030,H1,Jan-Jun
Tom Banton,England,Top Order Batter,32.25,1.0,1,173.0,0.4016,0,0,868.37,36.92,90.17,0.0,0.0,0.0,35.3624,0.525,35.43,2030,H1,Jan-Jun
Tom Hartley,England,Spin Bowler,31.25,1.0,1,95.0,-2.6063,0,1,64.47,13.65,85.85,13.72,5.48,0.0,26.651,0.4673,26.86,2030,H1,Jan-Jun
Tom Rew,England,Wicketkeeper,25.25,1.0,1,61.0,1.386,1,0,497.71,42.91,104.19,0.0,0.0,0.0,39.3528,0.3915,39.35,2030,H1,Jan-Jun
Will Jacks,England,Batting All-Rounder,31.25,1.0,1,137.0,-0.1446,0,0,788.32,38.99,99.3,12.0,5.75,0.0,44.4797,0.6305,44.6,2030,H1,Jan-Jun
Zak Crawley,England,Top Order Batter,32.25,1.0,1,137.0,-0.0777,0,0,622.35,34.56,93.96,0.0,0.0,0.0,33.6484,0.4453,33.75,2030,H1,Jan-Jun
Abhishek Sharma,India,Top Order Batter,30.25,1.0,1,104.0,1.1705,1,0,861.08,46.24,98.1,13.21,6.72,0.0,49.1704,0.5727,48.98,2030,H1,Jan-Jun
Akash Deep,India,Pace Bowler,33.25,1.0,1,82.0,-0.2158,0,0,80.01,13.12,75.64,20.83,5.89,0.0,28.6226,0.2076,28.55,2030,H1,Jan-Jun
Akshat Raghuwanshi,India,Top Order Batter,25.25,1.0,1,62.0,1.1828,1,0,487.33,48.68,109.99,0.0,0.0,0.0,43.3881,0.7148,43.34,2030,H1,Jan-Jun
Aman Mokhade,India,Middle Order Batter,28.25,1.0,1,92.0,0.2971,0,0,560.53,41.55,98.72,0.0,0.0,0.0,38.0917,0.6798,38.17,2030,H1,Jan-Jun
Angkrish Raghuwanshi,India,Wicketkeeper,25.25,1.0,1,70.0,2.6714,1,0,702.91,66.69,118.22,0.0,0.0,0.0,55.5779,0.864,54.22,2030,H1,Jan-Jun
Anshul Kamboj,India,Pace Bowler,29.25,1.0,1,88.0,-1.2672,0,1,40.62,9.02,72.9,16.04,5.84,0.0,23.3527,0.7095,23.37,2030,H1,Jan-Jun
Arshdeep Singh,India,Pace Bowler,31.25,1.0,1,129.0,-1.2114,0,1,47.6,9.37,63.19,26.2,5.41,0.0,27.6513,0.2091,27.53,2030,H1,Jan-Jun
Ashok Sharma,India,Pace Bowler,29.25,1.0,1,73.0,0.448,0,0,33.68,16.84,67.97,21.17,6.29,0.0,29.7507,0.3077,29.65,2030,H1,Jan-Jun
Atharva Taide,India,Top Order Batter,28.25,1.0,1,89.0,0.2251,0,0,570.25,41.21,97.03,0.0,0.0,0.0,37.7165,0.5614,37.8,2030,H1,Jan-Jun
Auqib Nabi,India,Bowling All-Rounder,29.25,1.0,1,65.0,0.755,1,0,399.58,36.87,86.38,23.78,6.17,0.0,46.2299,0.0201,46.3,2030,H1,Jan-Jun
Avesh Khan,India,Pace Bowler,33.25,1.0,1,118.0,-1.5949,0,1,28.08,12.68,62.4,14.29,6.48,0.0,23.0905,0.1884,23.11,2030,H1,Jan-Jun
Axar Patel,India,Bowling All-Rounder,36.25,0.75,1,195.2,-0.7269,0,1,467.92,38.56,82.04,12.28,5.95,0.0,41.1116,0.0281,39.57,2030,H1,Jan-Jun
Ayush Mhatre,India,Top Order Batter,23.25,1.0,1,64.0,2.9733,1,0,675.37,58.2,118.86,14.23,4.51,0.0,59.2426,0.8418,56.98,2030,H1,Jan-Jun
Brijesh Sharma,India,Pace Bowler,28.25,1.0,1,92.0,0.6321,1,0,26.8,54.8,40.92,22.55,6.3,0.0,49.0914,0.6787,48.67,2030,H1,Jan-Jun
Devdutt Padikkal,India,Top Order Batter,30.25,1.0,1,101.0,0.039,0,0,508.93,39.38,91.14,0.0,0.0,0.0,35.7187,0.843,35.81,2030,H1,Jan-Jun
Dhruv Jurel,India,Wicketkeeper,29.25,1.0,1,76.0,0.8529,1,0,446.04,46.03,102.46,0.0,0.0,0.0,40.777,0.3104,40.76,2030,H1,Jan-Jun
Digvesh Rathi,India,Spin Bowler,30.25,1.0,1,70.0,0.3626,0,0,97.82,15.66,74.08,27.87,5.62,0.0,33.6088,0.8077,33.58,2030,H1,Jan-Jun
Gurnoor Brar,India,Pace Bowler,29.25,1.0,1,65.0,0.1687,0,0,51.82,13.77,71.79,22.8,5.52,0.0,29.529,0.3436,29.36,2030,H1,Jan-Jun
Hardik Pandya,India,Batting All-Rounder,36.25,0.6875,1,198.0,-1.4176,0,1,332.36,34.46,76.42,5.53,7.32,0.0,33.877,0.0313,33.51,2030,H1,Jan-Jun
Harsh Dubey,India,Bowling All-Rounder,28.25,1.0,1,82.0,0.7898,1,0,593.13,44.93,97.82,32.55,5.34,0.0,57.6486,0.0153,57.35,2030,H1,Jan-Jun
Harshit Rana,India,Pace Bowler,27.25,1.0,1,80.0,-0.1021,0,0,41.93,10.56,75.76,24.58,5.67,0.0,28.9883,0.3073,28.87,2030,H1,Jan-Jun
Ishan Kishan,India,Wicketkeeper,32.25,1.0,1,159.0,0.1316,0,0,613.68,41.37,90.04,0.0,0.0,0.0,37.0841,0.4539,37.15,2030,H1,Jan-Jun
Jasprit Bumrah,India,Pace Bowler,36.25,0.9583,1,187.3333,1.893,1,0,18.49,9.22,55.71,82.34,5.56,0.0,54.9989,0.9863,53.18,2030,H1,Jan-Jun
Jitesh Sharma,India,Wicketkeeper,36.25,0.7917,1,108.6667,0.2796,0,0,412.23,35.02,87.44,0.0,0.0,0.0,32.4077,0.1237,32.41,2030,H1,Jan-Jun
KL Rahul,India,Wicketkeeper,38.25,0.35,1,166.6,-0.8516,0,1,240.68,36.9,81.27,0.0,0.0,0.0,32.1626,0.0066,32.62,2030,H1,Jan-Jun
KS Bharat,India,Wicketkeeper,36.25,0.375,1,54.0,0.1394,0,0,126.88,31.7,76.56,0.0,0.0,0.0,28.1819,0.0067,29.33,2030,H1,Jan-Jun
Kartik Sharma,India,Wicketkeeper,25.25,1.0,1,66.0,1.3296,1,0,504.84,48.92,114.79,0.0,0.0,0.0,44.1823,0.3406,44.18,2030,H1,Jan-Jun
Karun Nair,India,Top Order Batter,38.25,0.1875,1,88.0,-0.4225,0,0,159.55,35.4,71.44,0.0,0.0,0.0,29.8007,0.011,30.43,2030,H1,Jan-Jun
Khaleel Ahmed,India,Pace Bowler,32.25,1.0,1,109.0,-1.1822,0,1,36.44,16.39,73.3,22.58,5.64,0.0,31.0402,0.3558,30.98,2030,H1,Jan-Jun
Kuldeep Yadav,India,Spin Bowler,35.25,0.375,1,157.0,-1.7942,0,1,30.83,10.37,65.59,11.18,5.08,0.0,20.9546,0.0142,21.22,2030,H1,Jan-Jun
Kumar Kushagra,India,Wicketkeeper,25.25,1.0,1,72.0,0.9844,1,0,594.56,55.36,108.48,0.0,0.0,0.0,47.4324,0.396,47.2,2030,H1,Jan-Jun
Manav Suthar,India,Spin Bowler,28.25,1.0,1,72.0,0.2155,0,0,189.93,25.67,82.98,29.61,5.05,0.0,41.892,0.9602,41.85,2030,H1,Jan-Jun
Mangesh Yadav,India,Pace Bowler,27.25,1.0,1,77.0,0.277,0,0,76.76,17.52,77.84,26.78,5.65,0.0,34.5241,0.5236,34.54,2030,H1,Jan-Jun
Mayank Yadav,India,Pace Bowler,28.25,1.0,1,65.0,0.0713,0,0,21.98,10.01,67.94,20.2,5.58,0.0,25.4318,0.1701,25.21,2030,H1,Jan-Jun
Mohammed Shami,India,Pace Bowler,40.25,0.0,0,160.0,-1.4329,0,1,0.0,3.81,50.01,8.68,7.4,0.0,13.2902,0.0069,14.06,2030,H1,Jan-Jun
Mohammed Siraj,India,Pace Bowler,36.25,0.55,1,183.4,-2.0001,0,1,12.58,6.7,50.58,13.27,6.89,0.0,17.4994,0.009,17.68,2030,H1,Jan-Jun
Mukesh Kumar,India,Pace Bowler,36.25,0.375,1,84.0,-1.2457,0,1,7.28,12.5,58.25,8.85,6.77,0.0,19.5801,0.007,19.89,2030,H1,Jan-Jun
Nithish Kumar Reddy,India,Batting All-Rounder,27.25,1.0,1,69.0,1.8849,1,0,560.15,43.79,102.26,19.12,5.4,0.0,50.5921,0.9843,50.21,2030,H1,Jan-Jun
Prabhsimran Singh,India,Wicketkeeper,30.25,1.0,1,109.0,0.8032,1,0,695.9,45.52,101.91,0.0,0.0,0.0,41.2412,0.5232,41.18,2030,H1,Jan-Jun
Prashant Veer,India,Batting All-Rounder,28.25,1.0,1,68.0,2.0276,1,0,519.14,49.09,104.64,15.87,6.05,0.0,52.0007,0.7411,51.38,2030,H1,Jan-Jun
Prasidh Krishna,India,Pace Bowler,34.25,0.95,1,122.0,-1.619,0,1,9.35,3.2,54.19,20.15,6.15,0.0,19.5551,0.0549,19.3,2030,H1,Jan-Jun
Prince Yadav,India,Pace Bowler,29.25,1.0,1,77.0,0.0246,0,0,37.02,11.41,68.78,25.87,6.03,0.0,29.1587,0.3325,29.13,2030,H1,Jan-Jun
Priyansh Arya,India,Top Order Batter,29.25,1.0,1,82.0,3.2305,1,0,1107.01,59.11,111.78,0.0,0.0,0.0,51.7183,0.8547,51.45,2030,H1,Jan-Jun
Rajat Patidar,India,Middle Order Batter,36.25,0.375,1,64.0,-0.1297,0,0,211.48,31.53,77.77,0.0,0.0,0.0,28.5142,0.8136,29.61,2030,H1,Jan-Jun
Ramandeep Singh,India,Batting All-Rounder,33.25,1.0,1,88.0,1.1133,1,0,489.51,42.99,96.24,17.64,6.84,0.0,48.0471,0.6993,47.89,2030,H1,Jan-Jun
Ravi Ashwin,India,Spin Bowler,43.25,0.0,0,190.0,-3.261,0,1,0.0,7.91,59.7,1.12,5.75,0.0,13.3804,0.008,13.77,2030,H1,Jan-Jun
Ravi Bishnoi,India,Spin Bowler,30.25,1.0,1,124.0,-0.2805,0,0,62.66,15.67,72.37,29.02,5.38,0.0,33.9398,0.7937,33.87,2030,H1,Jan-Jun
Ravindra Jadeja,India,Bowling All-Rounder,41.25,0.0,0,210.0,-1.4028,0,1,88.48,29.92,72.4,3.48,6.38,0.0,29.0716,0.002,28.67,2030,H1,Jan-Jun
Rinku Singh,India,Middle Order Batter,33.25,1.0,1,124.0,1.0572,1,0,617.68,45.28,104.62,0.0,0.0,0.0,41.1795,0.8163,41.18,2030,H1,Jan-Jun
Rishabh Pant,India,Wicketkeeper,32.25,1.0,1,139.0,-0.3609,0,0,539.31,44.32,96.86,0.0,0.0,0.0,39.3975,0.9757,39.42,2030,H1,Jan-Jun
Riyan Parag,India,Batting All-Rounder,28.25,1.0,1,129.0,1.0461,1,0,852.41,46.51,106.74,19.62,5.97,0.0,53.7936,0.8944,54.16,2030,H1,Jan-Jun
Rohit Sharma,India,Top Order Batter,43.25,0.0,0,275.0,-1.4563,0,1,58.23,36.18,76.19,0.0,0.0,0.0,30.508,0.0194,30.7,2030,H1,Jan-Jun
Ruturaj Gaikwad,India,Top Order Batter,33.25,1.0,1,124.0,1.4894,1,0,768.02,41.07,86.15,0.0,0.0,0.0,36.9381,0.5879,37.08,2030,H1,Jan-Jun
Sai Sudharsan,India,Top Order Batter,28.25,1.0,1,84.0,0.5815,1,0,899.11,55.13,105.48,0.0,0.0,0.0,47.9358,0.907,47.86,2030,H1,Jan-Jun
Sakib Hussain,India,Pace Bowler,25.25,1.0,1,62.0,0.1904,0,0,53.6,12.7,82.76,26.27,5.16,0.0,32.1524,0.4375,32.21,2030,H1,Jan-Jun
Salil Arora,India,Wicketkeeper,27.25,1.0,1,79.0,0.6122,1,0,466.63,45.05,97.49,0.0,0.0,0.0,39.6585,0.2429,39.7,2030,H1,Jan-Jun
Sanju Samson,India,Wicketkeeper,35.25,0.9375,1,156.5,0.273,0,0,630.84,40.17,85.95,0.0,0.0,0.0,35.936,0.2877,35.45,2030,H1,Jan-Jun
Sarfaraz Khan,India,Middle Order Batter,32.25,1.0,1,89.0,0.1166,0,0,513.19,46.38,93.76,0.0,0.0,0.0,40.1209,0.6139,40.24,2030,H1,Jan-Jun
Sarthak Ranjan,India,Middle Order Batter,27.25,1.0,1,58.0,1.8025,1,0,442.71,55.58,105.62,0.0,0.0,0.0,46.7009,0.6316,46.63,2030,H1,Jan-Jun
Shardul Thakur,India,Bowling All-Rounder,38.25,0.0,0,145.0,-0.844,0,1,143.92,29.53,75.64,5.05,6.95,0.0,30.115,0.0015,29.17,2030,H1,Jan-Jun
Shivam Dube,India,Batting All-Rounder,37.25,0.625,1,126.0,-0.6292,0,1,398.48,37.83,87.37,1.53,7.25,0.0,35.3943,0.0194,35.86,2030,H1,Jan-Jun
Shreyas Iyer,India,Middle Order Batter,35.25,0.9167,1,195.6667,-0.3177,0,0,656.94,39.08,78.39,0.0,0.0,0.0,34.4499,0.3377,33.38,2030,H1,Jan-Jun
Shubman Gill,India,Top Order Batter,31.25,1.0,1,179.0,-0.8876,0,1,889.25,47.49,97.15,0.0,0.0,0.0,42.4336,0.7723,42.49,2030,H1,Jan-Jun
Suryakumar Yadav,India,Middle Order Batter,40.25,0.0,0,145.0,-0.3177,0,0,153.06,37.35,83.99,0.0,0.0,0.0,32.4714,0.0146,32.8,2030,H1,Jan-Jun
Suryansh Shedge,India,Batting All-Rounder,26.25,1.0,1,62.0,1.46,1,0,452.19,47.41,110.23,14.39,5.82,0.0,50.8055,0.7326,51.38,2030,H1,Jan-Jun
Tejasvi Dahiya,India,Wicketkeeper,26.25,1.0,1,63.0,0.9948,1,0,447.82,53.22,104.13,0.0,0.0,0.0,45.163,0.3542,45.22,2030,H1,Jan-Jun
Tilak Varma,India,Top Order Batter,27.25,1.0,1,78.0,1.4039,1,0,789.68,54.99,102.51,0.0,0.0,0.0,47.1224,0.9024,47.2,2030,H1,Jan-Jun
Tushar Deshpande,India,Pace Bowler,35.25,0.875,1,95.0,-0.8291,0,1,24.2,11.8,57.39,12.66,7.85,0.0,20.877,0.093,20.81,2030,H1,Jan-Jun
Vaibhav Suryavanshi,India,Top Order Batter,19.25,1.0,1,52.0,4.4262,1,0,1620.63,60.78,134.21,0.0,0.0,0.0,77.1799,0.9803,57.04,2030,H1,Jan-Jun
Varun Chakravarthy,India,Spin Bowler,39.25,0.2917,1,103.6667,-0.3543,0,0,14.73,14.61,61.83,12.52,5.9,0.0,23.3315,0.0265,23.55,2030,H1,Jan-Jun
Virat Kohli,India,Top Order Batter,41.25,0.0,0,300.0,-0.4963,0,0,249.63,49.37,80.3,0.0,0.0,0.0,39.3082,0.0458,39.16,2030,H1,Jan-Jun
Washington Sundar,India,Bowling All-Rounder,30.25,1.0,1,116.0,0.1695,0,0,516.25,45.82,98.93,17.7,4.96,0.0,50.6354,0.0148,50.21,2030,H1,Jan-Jun
Yash Thakur,India,Pace Bowler,30.25,1.0,1,76.0,-0.1711,0,0,33.17,15.09,69.66,23.46,6.04,0.0,30.1648,0.7689,30.16,2030,H1,Jan-Jun
Yashasvi Jaiswal,India,Top Order Batter,28.25,1.0,1,106.0,-0.2176,0,0,662.24,44.64,100.48,0.0,0.0,0.0,40.441,0.4899,40.48,2030,H1,Jan-Jun
Adam Leckey,Ireland,Pace Bowler,25.25,1.0,1,54.0,1.502,1,0,62.65,18.98,83.94,26.57,5.24,0.0,36.0995,0.5705,36.04,2030,H1,Jan-Jun
Andrew Balbirnie,Ireland,Top Order Batter,39.25,0.0,0,210.0,-1.5995,0,1,105.0,26.23,74.62,0.0,0.0,0.0,24.6937,0.0254,24.59,2030,H1,Jan-Jun
Andy McBrine,Ireland,Bowling All-Rounder,37.25,0.55,1,137.4,0.1867,0,0,299.38,26.28,70.97,20.76,6.71,0.0,36.1864,0.008,33.44,2030,H1,Jan-Jun
Barry McCarthy,Ireland,Pace Bowler,37.25,0.0,0,122.0,-1.214,0,1,20.61,15.5,66.08,9.06,6.96,0.0,22.4097,0.0139,22.58,2030,H1,Jan-Jun
Ben Calitz,Ireland,Middle Order Batter,29.25,1.0,1,72.0,1.5226,1,0,618.61,41.87,94.51,0.0,0.0,0.0,37.9465,0.7879,37.87,2030,H1,Jan-Jun
Ben White,Ireland,Spin Bowler,31.25,1.0,1,105.0,-0.2932,0,0,67.88,16.94,78.59,37.18,5.15,0.0,39.6847,0.8682,39.54,2030,H1,Jan-Jun
Cade Carmichael,Ireland,Middle Order Batter,28.25,1.0,1,82.0,1.6499,1,0,707.93,44.21,95.08,0.0,0.0,0.0,39.6715,0.9129,39.7,2030,H1,Jan-Jun
Chris de Freitas,Ireland,Top Order Batter,29.25,1.0,1,59.0,1.3176,1,0,345.01,35.56,93.66,0.0,0.0,0.0,33.2717,0.6643,33.29,2030,H1,Jan-Jun
Cian Carmichael,Ireland,Top Order Batter,28.25,1.0,1,52.0,1.5431,1,0,280.69,39.25,94.61,0.0,0.0,0.0,35.3179,0.7737,35.43,2030,H1,Jan-Jun
Craig Young,Ireland,Pace Bowler,38.25,0.0,0,101.0,-0.6428,0,1,12.89,10.97,61.56,7.74,7.79,0.0,18.3869,0.0072,18.55,2030,H1,Jan-Jun
Curtis Campher,Ireland,Bowling All-Rounder,31.25,1.0,1,172.0,-0.2978,0,0,698.86,39.63,91.97,34.72,5.51,0.0,55.2466,0.0589,54.1,2030,H1,Jan-Jun
Fionn Hand,Ireland,Pace Bowler,32.25,1.0,1,123.0,-0.2212,0,0,70.63,13.45,73.52,33.97,5.93,0.0,35.1812,0.59,35.18,2030,H1,Jan-Jun
Gareth Delany,Ireland,Batting All-Rounder,33.25,1.0,1,146.0,-0.3094,0,0,478.03,27.53,78.73,18.41,6.43,0.0,37.3337,0.367,37.38,2030,H1,Jan-Jun
Gavin Hoey,Ireland,Spin Bowler,27.25,1.0,1,86.0,1.6008,1,0,284.39,35.62,93.29,36.28,5.05,0.0,52.6482,0.9781,52.48,2030,H1,Jan-Jun
Gavin Roulston,Ireland,Middle Order Batter,27.25,1.0,1,62.0,2.0579,1,0,398.9,45.02,92.52,0.0,0.0,0.0,38.7984,0.8579,38.84,2030,H1,Jan-Jun
George Dockrell,Ireland,Batting All-Rounder,37.25,0.25,1,172.0,-0.9925,0,1,166.22,22.48,68.49,6.83,6.57,0.0,26.1864,0.0049,25.93,2030,H1,Jan-Jun
Graham Hume,Ireland,Pace Bowler,39.25,0.0,0,112.0,-0.914,0,1,15.39,12.82,65.72,8.6,7.01,0.0,20.5497,0.0105,20.71,2030,H1,Jan-Jun
Harry Tector,Ireland,Top Order Batter,30.25,1.0,1,191.0,0.4733,0,0,979.99,39.64,86.77,1.57,6.4,0.0,38.4815,0.7709,38.55,2030,H1,Jan-Jun
Jai Moondra,Ireland,Pace Bowler,27.25,1.0,1,61.0,1.2562,1,0,53.32,15.48,77.29,27.49,5.57,0.0,33.5772,0.2954,33.58,2030,H1,Jan-Jun
Jake Egan,Ireland,Top Order Batter,26.25,1.0,1,58.0,1.8563,1,0,475.38,47.54,104.09,0.0,0.0,0.0,41.9532,0.8455,41.89,2030,H1,Jan-Jun
James West,Ireland,Top Order Batter,27.25,1.0,1,60.0,1.7561,1,0,407.19,40.72,91.59,0.0,0.0,0.0,36.2149,0.868,36.29,2030,H1,Jan-Jun
Jordan Neill,Ireland,Pace Bowler,28.25,1.0,1,75.0,0.6817,1,0,58.33,12.88,78.1,29.86,5.52,0.0,33.4036,0.259,33.39,2030,H1,Jan-Jun
Josh Little,Ireland,Pace Bowler,30.25,1.0,1,138.0,-0.6463,0,1,58.63,22.35,82.68,35.93,5.44,0.0,42.5755,0.7628,42.28,2030,H1,Jan-Jun
Liam McCarthy,Ireland,Pace Bowler,31.25,1.0,1,81.0,0.8579,1,0,74.91,16.67,80.5,36.5,5.34,0.0,39.3822,0.6017,39.19,2030,H1,Jan-Jun
Lorcan Tucker,Ireland,Wicketkeeper,34.25,1.0,1,146.0,0.5,0,0,681.94,30.77,78.05,0.0,0.0,0.0,29.6681,0.4398,29.81,2030,H1,Jan-Jun
Luke Murray,Ireland,Wicketkeeper,27.25,1.0,1,55.0,1.9319,1,0,389.69,42.55,95.55,0.0,0.0,0.0,37.7113,0.5503,37.8,2030,H1,Jan-Jun
Mark Adair,Ireland,Bowling All-Rounder,34.25,0.875,1,194.0,-2.7607,0,1,224.16,20.79,77.45,23.88,6.86,0.0,35.1121,0.045,33.88,2030,H1,Jan-Jun
Matt Hollard,Ireland,Batting All-Rounder,27.25,1.0,1,63.0,2.1049,1,0,337.68,39.16,95.76,21.62,5.31,0.0,47.6565,0.8767,47.88,2030,H1,Jan-Jun
Matthew Foster,Ireland,Pace Bowler,30.25,1.0,1,72.0,0.8945,1,0,64.84,14.65,75.25,31.25,5.63,0.0,34.7722,0.4484,34.67,2030,H1,Jan-Jun
Matthew Humphreys,Ireland,Spin Bowler,27.25,1.0,1,89.0,0.2956,0,0,83.33,15.57,77.66,35.25,5.29,0.0,37.7996,0.9073,37.71,2030,H1,Jan-Jun
Morgan Topping,Ireland,Middle Order Batter,26.25,1.0,1,66.0,1.7408,1,0,584.8,46.42,108.7,0.0,0.0,0.0,42.2394,0.8863,42.27,2030,H1,Jan-Jun
Neil Rock,Ireland,Wicketkeeper,29.25,1.0,1,95.0,0.9481,1,0,434.71,34.69,86.62,0.0,0.0,0.0,32.1888,0.2196,32.28,2030,H1,Jan-Jun
Paul Stirling,Ireland,Batting All-Rounder,39.25,0.0,0,360.0,-4.0064,0,1,134.35,20.9,65.73,0.13,8.42,0.0,21.1214,0.002,21.74,2030,H1,Jan-Jun
Peter Moor,Ireland,Wicketkeeper,39.25,0.0,0,104.0,-0.7797,0,1,14.13,18.13,64.97,0.0,0.0,0.0,18.4918,0.005,18.95,2030,H1,Jan-Jun
Reuben Wilson,Ireland,Pace Bowler,25.25,1.0,1,65.0,1.8185,1,0,168.01,30.8,90.91,32.44,5.09,0.0,47.2056,0.973,47.13,2030,H1,Jan-Jun
Ross Adair,Ireland,Middle Order Batter,35.25,0.9643,1,108.5714,0.9123,1,0,696.63,34.42,80.14,0.0,0.0,0.0,32.0949,0.5187,31.82,2030,H1,Jan-Jun
Sam Topping,Ireland,Middle Order Batter,27.25,1.0,1,68.0,1.9326,1,0,568.78,47.32,103.05,0.0,0.0,0.0,42.006,0.8599,41.89,2030,H1,Jan-Jun
Scott Macbeth,Ireland,Pace Bowler,29.25,1.0,1,56.0,1.2961,1,0,59.1,17.25,73.93,24.69,5.79,0.0,32.7234,0.301,32.73,2030,H1,Jan-Jun
Seamus Lynch,Ireland,Wicketkeeper,28.25,1.0,1,65.0,1.7348,1,0,460.8,40.54,91.85,0.0,0.0,0.0,36.3206,0.5137,36.39,2030,H1,Jan-Jun
Sebastian Dijkstra,Ireland,Top Order Batter,26.25,1.0,1,51.0,1.571,1,0,311.83,39.04,95.47,0.0,0.0,0.0,35.4062,0.8191,35.57,2030,H1,Jan-Jun
Stephen Doheny,Ireland,Wicketkeeper,30.25,1.0,1,82.0,1.2326,1,0,571.37,36.98,86.94,0.0,0.0,0.0,34.0107,0.2997,34.03,2030,H1,Jan-Jun
Theo van Woerkom,Ireland,Pace Bowler,34.25,1.0,1,88.0,0.2844,0,0,54.13,12.55,67.41,22.98,6.78,0.0,28.0762,0.1325,28.03,2030,H1,Jan-Jun
Tim Tector,Ireland,Top Order Batter,27.25,1.0,1,75.0,1.649,1,0,593.79,40.61,95.42,0.0,0.0,0.0,37.2461,0.8871,37.29,2030,H1,Jan-Jun
Tom Mayes,Ireland,Pace Bowler,28.25,1.0,1,70.0,1.337,1,0,77.98,17.71,79.65,33.42,5.49,0.0,38.2808,0.6588,38.13,2030,H1,Jan-Jun
Adam Milne,New Zealand,Pace Bowler,38.25,0.0,0,205.0,-2.8034,0,1,10.15,13.53,70.94,4.76,6.78,0.0,19.6867,0.0088,19.95,2030,H1,Jan-Jun
Adithya Ashok,New Zealand,Spin Bowler,27.25,1.0,1,68.0,0.5087,1,0,67.26,12.71,83.35,27.62,4.99,0.0,33.021,0.7979,33.01,2030,H1,Jan-Jun
Ajaz Patel,New Zealand,Spin Bowler,41.25,0.0,0,87.0,-2.0677,0,1,0.1,5.79,58.76,0.92,5.54,0.0,11.9906,0.0183,12.38,2030,H1,Jan-Jun
Ben Lister,New Zealand,Pace Bowler,34.25,1.0,1,113.0,0.2277,0,0,65.27,16.38,74.4,37.06,6.17,0.0,38.4839,0.6195,38.38,2030,H1,Jan-Jun
Ben Sears,New Zealand,Pace Bowler,32.25,1.0,1,108.0,0.6359,1,0,51.53,16.17,79.13,43.47,5.66,0.0,42.2892,0.7185,42.05,2030,H1,Jan-Jun
Benjamin Jacobs,New Zealand,Middle Order Batter,28.25,1.0,1,59.0,1.6761,1,0,411.5,41.02,108.35,0.0,0.0,0.0,38.4875,0.8405,38.55,2030,H1,Jan-Jun
Bharat Popli,New Zealand,Middle Order Batter,38.25,0.1875,1,73.0,0.5639,1,0,185.18,26.97,74.89,0.0,0.0,0.0,25.4226,0.0328,25.01,2030,H1,Jan-Jun
Blair Tickner,New Zealand,Pace Bowler,36.25,0.25,1,112.0,-1.5604,0,1,12.76,11.03,67.12,8.64,7.49,0.0,19.6154,0.0094,19.89,2030,H1,Jan-Jun
Cole McConchie,New Zealand,Batting All-Rounder,34.25,1.0,1,125.0,0.2715,0,0,449.6,27.21,80.03,16.06,6.15,0.0,36.085,0.2108,36.16,2030,H1,Jan-Jun
Curtis Heaphy,New Zealand,Batting All-Rounder,28.25,1.0,1,68.0,2.0963,1,0,507.9,36.37,90.04,21.04,5.4,0.0,45.5682,0.7285,45.45,2030,H1,Jan-Jun
Dane Cleaver,New Zealand,Wicketkeeper,37.25,0.25,1,86.0,0.313,0,0,163.86,25.39,72.64,0.0,0.0,0.0,24.1552,0.0041,24.14,2030,H1,Jan-Jun
Daryl Foxcroft,New Zealand,Batting All-Rounder,31.25,1.0,1,95.0,2.4655,1,0,733.28,43.79,93.98,23.39,5.43,0.0,52.2956,0.7916,52.16,2030,H1,Jan-Jun
Daryl Mitchell,New Zealand,Batting All-Rounder,39.25,0.0,0,176.0,-2.0684,0,1,103.88,25.59,72.43,1.58,7.07,0.0,25.513,0.0018,25.06,2030,H1,Jan-Jun
Devon Conway,New Zealand,Wicketkeeper,39.25,0.15,1,188.8,-1.1502,0,1,203.55,30.78,77.41,0.0,0.0,0.0,28.0079,0.0078,28.95,2030,H1,Jan-Jun
Finn Allen,New Zealand,Top Order Batter,31.25,1.0,1,204.0,-0.6176,0,1,948.05,38.88,106.4,0.0,0.0,0.0,38.7824,0.8982,38.83,2030,H1,Jan-Jun
Fraser Sheat,New Zealand,Pace Bowler,28.25,1.0,1,69.0,1.0405,1,0,69.29,15.62,82.91,31.36,5.18,0.0,36.4954,0.5251,36.4,2030,H1,Jan-Jun
Glenn Phillips,New Zealand,Batting All-Rounder,34.25,1.0,1,244.0,-1.0925,0,1,831.43,32.44,92.1,18.38,5.96,0.0,43.1113,0.5596,43.0,2030,H1,Jan-Jun
Henry Nicholls,New Zealand,Top Order Batter,39.25,0.0,0,92.0,-0.8776,0,1,27.73,15.6,67.69,0.0,0.0,0.0,17.4069,0.0107,18.18,2030,H1,Jan-Jun
Ish Sodhi,New Zealand,Spin Bowler,37.25,0.0,0,190.0,-2.8436,0,1,3.75,8.68,58.46,3.08,6.39,0.0,14.5259,0.0086,15.29,2030,H1,Jan-Jun
Jacob Cumming,New Zealand,Top Order Batter,28.25,1.0,1,65.0,1.4784,1,0,511.21,36.0,91.37,0.0,0.0,0.0,33.7934,0.7769,33.82,2030,H1,Jan-Jun
Jacob Duffy,New Zealand,Pace Bowler,35.25,0.9375,1,109.5,0.5432,1,0,56.87,13.55,70.59,41.03,6.46,0.0,38.2911,0.6205,37.38,2030,H1,Jan-Jun
Jayden Lennox,New Zealand,Pace Bowler,28.25,1.0,1,55.0,1.3839,1,0,50.43,15.75,85.15,29.39,4.95,0.0,35.8663,0.6048,35.79,2030,H1,Jan-Jun
Jesse Tashkoff,New Zealand,Batting All-Rounder,31.25,1.0,1,73.0,1.8598,1,0,519.69,33.17,87.01,22.35,5.59,0.0,43.9827,0.5919,43.93,2030,H1,Jan-Jun
Jimmy Neesham,New Zealand,Bowling All-Rounder,39.25,0.0,0,225.0,-1.7394,0,1,85.73,22.07,77.27,5.06,7.0,0.0,25.7915,0.002,25.41,2030,H1,Jan-Jun
Josh Clarkson,New Zealand,Batting All-Rounder,33.25,1.0,1,99.0,1.7262,1,0,667.65,33.36,88.39,21.71,5.75,0.0,44.386,0.6046,44.25,2030,H1,Jan-Jun
Katene Clarke,New Zealand,Top Order Batter,29.25,1.0,1,71.0,1.2402,1,0,524.41,35.91,93.16,0.0,0.0,0.0,34.0075,0.681,34.01,2030,H1,Jan-Jun
Kristian Clarke,New Zealand,Bowling All-Rounder,28.25,1.0,1,65.0,1.8875,1,0,492.84,35.24,96.6,25.72,5.01,0.0,48.1826,0.0268,48.14,2030,H1,Jan-Jun
Kyle Jamieson,New Zealand,Pace Bowler,35.25,0.875,1,123.0,-0.8741,0,1,53.33,11.02,69.92,24.2,6.36,0.0,28.2038,0.1033,27.7,2030,H1,Jan-Jun
Lachlan Stackpole,New Zealand,Top Order Batter,27.25,1.0,1,56.0,1.4015,1,0,359.19,35.5,92.32,0.0,0.0,0.0,33.1173,0.6719,33.2,2030,H1,Jan-Jun
Lockie Ferguson,New Zealand,Pace Bowler,39.25,0.0,0,137.0,-1.4864,0,1,8.49,11.65,70.22,6.32,6.77,0.0,19.2947,0.0082,19.53,2030,H1,Jan-Jun
Mark Chapman,New Zealand,Batting All-Rounder,35.25,0.95,1,175.0,-0.2326,0,0,563.64,29.47,79.42,11.35,6.74,0.0,35.1808,0.1701,34.58,2030,H1,Jan-Jun
Matt Bacon,New Zealand,Pace Bowler,35.25,0.9167,1,73.6667,0.4986,0,0,37.71,8.72,66.95,22.46,6.78,0.0,25.4779,0.0946,24.7,2030,H1,Jan-Jun
Matt Henry,New Zealand,Pace Bowler,38.25,0.0,0,151.0,-1.2645,0,1,8.9,8.74,62.34,6.83,7.42,0.0,16.7714,0.0119,17.14,2030,H1,Jan-Jun
Matthew Boyle,New Zealand,Top Order Batter,28.25,1.0,1,63.0,1.6778,1,0,462.78,40.02,96.29,0.0,0.0,0.0,36.5775,0.8518,36.68,2030,H1,Jan-Jun
Matthew Fisher,New Zealand,Pace Bowler,29.25,1.0,1,58.0,1.1376,1,0,44.22,12.42,80.92,29.43,5.2,0.0,33.3212,0.3748,33.39,2030,H1,Jan-Jun
Max Chu,New Zealand,Wicketkeeper,31.25,1.0,1,65.0,1.5857,1,0,458.08,39.44,94.35,0.0,0.0,0.0,35.9841,0.4791,36.13,2030,H1,Jan-Jun
Michael Bracewell,New Zealand,Batting All-Rounder,39.25,0.0,0,130.0,0.1999,0,0,160.98,30.68,75.61,7.06,6.43,0.0,31.9592,0.0074,31.46,2030,H1,Jan-Jun
Michael Rae,New Zealand,Pace Bowler,35.25,0.95,1,78.0,0.3501,0,0,34.46,11.09,71.04,23.35,6.42,0.0,27.8765,0.0833,27.99,2030,H1,Jan-Jun
Mitchell Hay,New Zealand,Wicketkeeper,34.25,1.0,1,96.0,1.5117,1,0,624.66,36.26,84.21,0.0,0.0,0.0,33.4301,0.3218,33.52,2030,H1,Jan-Jun
Mitchell Santner,New Zealand,Spin Bowler,38.25,0.0,0,235.0,-1.1665,0,1,121.63,26.11,73.75,8.71,5.65,0.0,29.974,0.0475,28.46,2030,H1,Jan-Jun
Muhammad Abbas,New Zealand,Top Order Batter,29.25,1.0,1,46.0,0.2739,0,0,48.89,14.66,77.12,0.0,0.0,0.0,18.1043,0.159,18.69,2030,H1,Jan-Jun
Nathan Smith,New Zealand,Pace Bowler,31.25,1.0,1,104.0,0.9517,1,0,219.38,28.11,88.5,35.39,5.5,0.0,46.8829,0.9035,46.89,2030,H1,Jan-Jun
Nicholas Kelly,New Zealand,Middle Order Batter,34.25,1.0,1,78.0,1.3841,1,0,558.21,31.57,83.21,0.0,0.0,0.0,30.3637,0.3571,30.56,2030,H1,Jan-Jun
Rachin Ravindra,New Zealand,Batting All-Rounder,30.25,1.0,1,125.0,1.0588,1,0,910.85,39.87,88.95,24.28,5.63,0.0,50.3779,0.8997,50.21,2030,H1,Jan-Jun
Rhys Mariu,New Zealand,Middle Order Batter,28.25,1.0,1,77.0,1.4087,1,0,567.79,35.91,90.49,0.0,0.0,0.0,33.8194,0.736,33.85,2030,H1,Jan-Jun
Rohit Gulati,New Zealand,Top Order Batter,28.25,1.0,1,54.0,1.2059,1,0,294.05,32.98,94.09,0.0,0.0,0.0,31.659,0.5311,31.78,2030,H1,Jan-Jun
Simon Johnston,New Zealand,Top Order Batter,27.25,1.0,1,58.0,1.5606,1,0,337.85,40.35,96.58,0.0,0.0,0.0,36.3908,0.853,36.5,2030,H1,Jan-Jun
Simon Keene,New Zealand,Pace Bowler,28.25,1.0,1,58.0,1.3373,1,0,62.62,18.28,81.46,27.04,5.13,0.0,35.6598,0.5043,35.54,2030,H1,Jan-Jun
Tim Pringle,New Zealand,Spin Bowler,26.25,1.0,1,73.0,1.9026,1,0,426.77,38.79,101.85,32.94,4.83,0.0,54.4087,0.9773,54.07,2030,H1,Jan-Jun
Tim Robinson,New Zealand,Middle Order Batter,27.25,1.0,1,88.0,1.7045,1,0,891.75,43.85,99.09,0.0,0.0,0.0,40.5708,0.9263,40.62,2030,H1,Jan-Jun
Tim Seifert,New Zealand,Wicketkeeper,35.25,0.875,1,219.0,-0.1157,0,0,703.16,31.99,80.47,0.0,0.0,0.0,30.7474,0.4772,30.59,2030,H1,Jan-Jun
Tim Southee,New Zealand,Pace Bowler,41.25,0.0,0,220.0,-3.6623,0,1,0.0,2.77,57.1,0.0,8.09,0.0,9.0586,0.0033,9.11,2030,H1,Jan-Jun
Tom Blundell,New Zealand,Wicketkeeper,39.25,0.2917,1,81.6667,-0.1609,0,0,94.07,19.09,65.67,0.0,0.0,0.0,19.4011,0.0028,19.98,2030,H1,Jan-Jun
Tom Latham,New Zealand,Wicketkeeper,38.25,0.35,1,139.6,-0.754,0,1,104.44,20.62,68.23,0.0,0.0,0.0,20.6417,0.0054,21.29,2030,H1,Jan-Jun
Trent Boult,New Zealand,Pace Bowler,41.25,0.0,0,168.0,-3.6887,0,1,0.09,5.49,55.49,0.0,7.95,0.0,10.4565,0.0052,11.05,2030,H1,Jan-Jun
Will ORourke,New Zealand,Pace Bowler,29.25,1.0,1,86.0,1.0005,1,0,79.7,18.03,79.01,39.55,5.51,0.0,41.4994,0.7209,41.47,2030,H1,Jan-Jun
Will Young,New Zealand,Middle Order Batter,38.25,0.35,1,124.6,0.3119,0,0,230.91,26.87,71.47,0.0,0.0,0.0,25.091,0.0345,24.75,2030,H1,Jan-Jun
Zak Foulkes,New Zealand,Pace Bowler,28.25,1.0,1,80.0,2.648,1,0,634.39,45.68,104.07,34.45,4.85,0.0,60.1307,0.9525,57.5,2030,H1,Jan-Jun
Zak Gibson,New Zealand,Pace Bowler,28.25,1.0,1,52.0,1.4059,1,0,51.35,16.03,86.77,28.84,4.91,0.0,35.9686,0.5854,35.96,2030,H1,Jan-Jun
Aamir Jamal,Pakistan,Bowling All-Rounder,34.25,1.0,1,96.0,-0.3155,0,0,325.27,30.23,83.85,16.4,6.26,0.0,38.0476,0.0063,37.94,2030,H1,Jan-Jun
Abbas Afridi,Pakistan,Pace Bowler,29.25,1.0,1,81.0,-1.6149,0,1,115.95,23.17,99.03,36.04,5.14,0.0,45.4258,0.5537,45.31,2030,H1,Jan-Jun
Abdul Faseeh,Pakistan,Middle Order Batter,27.25,1.0,1,41.0,1.3386,1,0,59.59,22.68,97.48,0.0,0.0,0.0,25.3257,0.3902,25.46,2030,H1,Jan-Jun
Abdul Faseeh Jr,Pakistan,Middle Order Batter,27.25,1.0,1,42.0,0.7065,1,0,100.5,16.55,107.19,0.0,0.0,0.0,23.1115,0.2007,23.28,2030,H1,Jan-Jun
Abdul Samad,Pakistan,Middle Order Batter,28.25,1.0,1,101.0,-0.0361,0,0,854.09,48.25,115.82,0.0,0.0,0.0,45.0798,0.8,44.96,2030,H1,Jan-Jun
Abdullah Fazal,Pakistan,Middle Order Batter,31.25,1.0,1,65.0,0.8042,1,0,345.14,44.03,100.12,0.0,0.0,0.0,38.9907,0.7102,38.95,2030,H1,Jan-Jun
Abdullah Shafique,Pakistan,Top Order Batter,30.25,1.0,1,125.0,-2.1327,0,1,677.15,46.76,92.0,0.0,0.0,0.0,40.6662,0.8725,40.66,2030,H1,Jan-Jun
Abrar Ahmed,Pakistan,Spin Bowler,31.25,1.0,1,95.0,-3.1001,0,1,181.96,24.68,89.55,45.43,4.8,0.0,50.2324,0.8914,50.1,2030,H1,Jan-Jun
Ahmed Daniyal,Pakistan,Pace Bowler,33.25,1.0,1,69.0,-0.4139,0,0,146.76,18.39,86.72,31.14,6.32,0.0,38.4125,0.4542,38.36,2030,H1,Jan-Jun
Akif Javed,Pakistan,Pace Bowler,35.25,0.875,1,83.0,-1.04,0,1,106.23,17.55,79.34,26.0,6.96,0.0,34.1337,0.0693,33.24,2030,H1,Jan-Jun
Ali Raza,Pakistan,Pace Bowler,24.25,1.0,1,53.0,3.2668,1,0,224.21,31.79,127.23,60.53,4.83,0.0,66.8399,0.9765,57.18,2030,H1,Jan-Jun
Ali Usman,Pakistan,Spin Bowler,39.25,0.15,1,46.8,-0.6145,0,1,43.92,14.99,81.31,12.95,5.1,0.0,26.5258,0.0114,26.08,2030,H1,Jan-Jun
Arafat Minhas,Pakistan,Bowling All-Rounder,26.25,1.0,1,72.0,1.2588,1,0,584.93,55.94,117.99,28.56,4.21,0.0,64.9396,0.0171,57.46,2030,H1,Jan-Jun
Asif Afridi,Pakistan,Spin Bowler,43.25,0.0,0,51.0,-2.2689,0,1,18.6,10.75,67.98,6.76,5.68,0.0,19.0027,0.026,19.45,2030,H1,Jan-Jun
Awais Zafar,Pakistan,Middle Order Batter,35.25,0.9583,1,76.3333,0.2452,0,0,404.27,35.0,88.37,0.0,0.0,0.0,32.4854,0.2259,32.0,2030,H1,Jan-Jun
Azam Khan,Pakistan,Wicketkeeper,31.25,1.0,1,91.0,-0.3443,0,0,734.82,35.33,113.5,0.0,0.0,0.0,36.898,0.2366,36.93,2030,H1,Jan-Jun
Azan Awais,Pakistan,Middle Order Batter,26.25,1.0,1,63.0,1.9917,1,0,672.84,59.04,115.93,0.0,0.0,0.0,50.754,0.8945,51.45,2030,H1,Jan-Jun
Babar Azam,Pakistan,Top Order Batter,35.25,0.75,1,199.2,-4.4918,0,1,548.98,37.02,79.52,0.0,0.0,0.0,33.037,0.2427,33.75,2030,H1,Jan-Jun
Faheem Ashraf,Pakistan,Bowling All-Rounder,36.25,0.0,0,94.0,-3.2527,0,1,155.84,28.99,86.43,10.9,6.17,0.0,34.315,0.0021,33.45,2030,H1,Jan-Jun
Faisal Akram,Pakistan,Spin Bowler,27.25,1.0,1,67.0,0.0897,0,0,146.91,21.0,95.27,41.47,4.6,0.0,46.7617,0.7735,46.55,2030,H1,Jan-Jun
Fakhar Zaman,Pakistan,Top Order Batter,40.25,0.0,0,143.0,-4.7932,0,1,128.97,33.66,91.85,0.0,0.0,0.0,31.2276,0.0121,31.78,2030,H1,Jan-Jun
Ghazi Ghori,Pakistan,Wicketkeeper,26.25,1.0,1,60.0,1.8661,1,0,551.58,51.32,118.04,0.0,0.0,0.0,46.1343,0.4056,45.98,2030,H1,Jan-Jun
Haris Rauf,Pakistan,Pace Bowler,36.25,0.0,0,109.0,-6.1124,0,1,20.03,11.8,84.44,11.33,6.42,0.0,23.8038,0.008,23.91,2030,H1,Jan-Jun
Hasan Ali,Pakistan,Pace Bowler,35.25,0.375,1,138.0,-6.69,0,1,153.15,14.94,81.14,22.87,6.68,0.0,31.4627,0.022,29.52,2030,H1,Jan-Jun
Haseebullah Khan,Pakistan,Wicketkeeper,26.25,1.0,1,68.0,1.7595,1,0,727.37,53.14,113.66,0.0,0.0,0.0,47.2287,0.5294,47.2,2030,H1,Jan-Jun
Hassan Nawaz,Pakistan,Middle Order Batter,26.25,1.0,1,62.0,3.0248,1,0,959.14,66.85,130.77,0.0,0.0,0.0,58.0811,0.9859,57.42,2030,H1,Jan-Jun
Hussain Talat,Pakistan,Batting All-Rounder,34.25,1.0,1,109.0,-0.3581,0,0,609.58,38.63,95.99,23.39,5.59,0.0,49.0941,0.332,48.96,2030,H1,Jan-Jun
Iftikhar Ahmed,Pakistan,Batting All-Rounder,39.25,0.0,0,129.0,-3.9999,0,1,173.19,33.69,85.4,6.58,5.74,0.0,34.8863,0.0091,34.12,2030,H1,Jan-Jun
Imad Wasim,Pakistan,Bowling All-Rounder,41.25,0.0,0,166.0,-9.8614,0,1,0.0,21.22,80.95,0.0,5.82,0.0,23.1597,0.0016,23.22,2030,H1,Jan-Jun
Imam-ul-Haq,Pakistan,Top Order Batter,34.25,0.875,1,120.0,-2.7301,0,1,301.87,37.43,79.18,0.0,0.0,0.0,32.4132,0.2389,31.95,2030,H1,Jan-Jun
Irfan Khan,Pakistan,Top Order Batter,28.25,1.0,1,77.0,1.9012,1,0,791.99,60.95,115.17,0.0,0.0,0.0,52.163,0.9359,51.45,2030,H1,Jan-Jun
Jahandad Khan,Pakistan,Bowling All-Rounder,27.25,1.0,1,65.0,3.075,1,0,596.02,53.28,112.2,37.31,5.11,0.0,66.7839,0.0238,57.51,2030,H1,Jan-Jun
Kamran Ghulam,Pakistan,Middle Order Batter,34.25,1.0,1,95.0,0.409,0,0,636.25,43.53,90.89,0.0,0.0,0.0,38.5181,0.5065,38.55,2030,H1,Jan-Jun
Kashif Ali,Pakistan,Pace Bowler,28.25,1.0,1,64.0,0.5927,1,0,169.47,21.21,101.24,37.75,5.31,0.0,45.5536,0.6654,45.44,2030,H1,Jan-Jun
Khawaja Nafay,Pakistan,Wicketkeeper,28.25,1.0,1,72.0,2.2118,1,0,1088.45,60.8,125.82,0.0,0.0,0.0,54.3835,0.926,54.22,2030,H1,Jan-Jun
Khurram Shahzad,Pakistan,Pace Bowler,35.25,0.9583,1,85.3333,-0.4063,0,0,137.34,19.16,89.23,35.61,6.23,0.0,41.4302,0.3927,41.04,2030,H1,Jan-Jun
Khushdil Shah,Pakistan,Batting All-Rounder,35.25,0.7917,1,122.6667,-1.7074,0,1,647.84,38.76,94.0,27.43,5.9,0.0,51.0168,0.2623,45.74,2030,H1,Jan-Jun
Maaz Sadaqat,Pakistan,Batting All-Rounder,25.25,1.0,1,59.0,3.4321,1,0,755.98,68.04,123.61,25.07,4.72,0.0,71.2274,0.9721,57.59,2030,H1,Jan-Jun
Mir Hamza,Pakistan,Pace Bowler,37.25,0.55,1,60.4,-1.0573,0,1,35.17,8.54,74.83,17.24,6.57,0.0,23.7363,0.0067,24.01,2030,H1,Jan-Jun
Mohammad Abbas,Pakistan,Pace Bowler,40.25,0.0,0,37.0,-0.9006,0,1,13.1,6.88,71.97,6.61,6.42,0.0,16.9783,0.0081,17.37,2030,H1,Jan-Jun
Mohammad Ali,Pakistan,Pace Bowler,36.25,0.75,1,81.2,-0.6481,0,1,106.96,15.92,86.57,32.08,6.37,0.0,37.2947,0.052,35.4,2030,H1,Jan-Jun
Mohammad Amir,Pakistan,Pace Bowler,38.25,0.0,0,94.0,-5.6365,0,1,8.91,9.38,69.97,1.71,6.87,0.0,15.5878,0.0125,16.29,2030,H1,Jan-Jun
Mohammad Faiq,Pakistan,Top Order Batter,27.25,1.0,1,55.0,2.6175,1,0,495.48,58.01,114.25,0.0,0.0,0.0,49.3592,0.8886,49.59,2030,H1,Jan-Jun
Mohammad Haris,Pakistan,Wicketkeeper,29.25,1.0,1,96.0,1.2055,1,0,891.31,53.21,122.33,0.0,0.0,0.0,48.8911,0.554,48.6,2030,H1,Jan-Jun
Mohammad Hasnain,Pakistan,Pace Bowler,30.25,1.0,1,115.0,-2.4027,0,1,101.16,14.19,92.57,46.87,5.64,0.0,44.708,0.6347,44.38,2030,H1,Jan-Jun
Mohammad Huraira,Pakistan,Top Order Batter,28.25,1.0,1,76.0,1.77,1,0,851.81,52.97,110.44,0.0,0.0,0.0,47.1423,0.8806,47.19,2030,H1,Jan-Jun
Mohammad Nawaz,Pakistan,Bowling All-Rounder,36.25,0.4375,1,147.5,-4.4159,0,1,307.43,27.82,78.32,25.29,6.01,0.0,40.4752,0.0078,36.81,2030,H1,Jan-Jun
Mohammad Rizwan,Pakistan,Wicketkeeper,38.25,0.15,1,142.8,-2.6697,0,1,299.73,40.95,83.17,0.0,0.0,0.0,34.945,0.0183,35.59,2030,H1,Jan-Jun
Mohammad Wasim,Pakistan,Pace Bowler,29.25,1.0,1,97.0,-1.7049,0,1,140.09,14.18,96.85,42.06,5.26,0.0,43.035,0.4295,43.03,2030,H1,Jan-Jun
Mubasir Khan,Pakistan,Bowling All-Rounder,28.25,1.0,1,82.0,1.5054,1,0,633.41,47.12,106.44,34.04,5.21,0.0,60.9231,0.0153,57.46,2030,H1,Jan-Jun
Naseem Shah,Pakistan,Pace Bowler,27.25,1.0,1,100.0,-1.3674,0,1,143.41,17.76,106.69,48.2,4.57,0.0,49.7199,0.6466,49.51,2030,H1,Jan-Jun
Noman Ali,Pakistan,Spin Bowler,44.25,0.0,0,31.0,-0.7494,0,1,10.55,7.54,70.08,7.31,5.36,0.0,17.747,0.0171,18.03,2030,H1,Jan-Jun
Omair Yousuf,Pakistan,Middle Order Batter,32.25,1.0,1,85.0,0.6701,1,0,594.81,39.17,98.26,0.0,0.0,0.0,36.767,0.5944,36.85,2030,H1,Jan-Jun
Qasim Akram,Pakistan,Batting All-Rounder,27.25,1.0,1,87.0,1.8237,1,0,534.58,48.78,107.4,23.02,5.2,0.0,56.0858,0.7211,57.29,2030,H1,Jan-Jun
Saad Masood,Pakistan,Top Order Batter,28.25,1.0,1,57.0,2.6207,1,0,630.26,58.23,121.29,0.0,0.0,0.0,50.8093,0.8856,51.46,2030,H1,Jan-Jun
Sahibzada Farhan,Pakistan,Wicketkeeper,34.25,1.0,1,138.0,-0.2614,0,0,1094.0,47.06,96.74,0.0,0.0,0.0,42.8121,0.4526,42.78,2030,H1,Jan-Jun
Saim Ayub,Pakistan,Batting All-Rounder,28.25,1.0,1,106.0,0.0838,0,0,1044.98,50.76,108.24,27.99,5.25,0.0,61.5391,0.6603,57.47,2030,H1,Jan-Jun
Sajid Khan,Pakistan,Spin Bowler,37.25,0.1875,1,54.0,-1.6044,0,1,38.46,11.66,74.8,14.41,5.28,0.0,24.4476,0.0185,24.44,2030,H1,Jan-Jun
Salman Ali Agha,Pakistan,Batting All-Rounder,36.25,0.4375,1,119.5,-2.2557,0,1,505.34,38.44,87.02,12.92,5.61,0.0,42.2008,0.025,40.8,2030,H1,Jan-Jun
Salman Mirza,Pakistan,Pace Bowler,33.25,1.0,1,65.0,0.8651,1,0,139.57,17.09,94.51,36.26,5.6,0.0,41.3834,0.6383,41.33,2030,H1,Jan-Jun
Saud Shakeel,Pakistan,Top Order Batter,35.25,0.875,1,94.0,0.506,1,0,686.57,49.48,87.37,0.0,0.0,0.0,41.7002,0.4749,40.05,2030,H1,Jan-Jun
Shadab Khan,Pakistan,Bowling All-Rounder,32.25,1.0,1,171.0,-4.4196,0,1,824.83,39.19,101.67,57.62,5.06,0.0,68.3863,0.1028,57.55,2030,H1,Jan-Jun
Shaheen Afridi,Pakistan,Pace Bowler,30.25,1.0,1,142.0,-5.4713,0,1,111.11,12.04,93.24,64.14,4.68,0.0,52.6688,0.8557,52.56,2030,H1,Jan-Jun
Shahzaib Khan,Pakistan,Middle Order Batter,28.25,1.0,1,59.0,2.4534,1,0,569.75,53.63,114.76,0.0,0.0,0.0,47.1272,0.8444,47.19,2030,H1,Jan-Jun
Shamyl Hussain,Pakistan,Middle Order Batter,25.25,1.0,1,58.0,3.9117,1,0,916.68,66.05,127.96,0.0,0.0,0.0,57.1266,0.9871,57.4,2030,H1,Jan-Jun
Shan Masood,Pakistan,Top Order Batter,40.25,0.0,0,75.0,-0.428,0,0,113.52,31.53,80.21,0.0,0.0,0.0,28.4928,0.0239,29.43,2030,H1,Jan-Jun
Sufiyan Muqeem,Pakistan,Spin Bowler,29.25,1.0,1,69.0,1.301,1,0,213.79,28.03,109.68,60.05,4.11,0.0,62.5195,0.9477,57.58,2030,H1,Jan-Jun
Tayyab Tahir,Pakistan,Middle Order Batter,36.25,0.6875,1,99.0,0.733,1,0,576.1,45.66,90.15,0.16,6.07,0.0,40.4155,0.0943,39.63,2030,H1,Jan-Jun
Ubaid Shah,Pakistan,Pace Bowler,25.25,1.0,1,61.0,1.567,1,0,187.19,23.34,116.76,45.36,4.71,0.0,52.8556,0.8693,52.56,2030,H1,Jan-Jun
Usama Mir,Pakistan,Spin Bowler,34.25,1.0,1,90.0,-0.7556,0,1,238.48,22.48,86.16,39.18,5.42,0.0,45.3363,0.7105,45.17,2030,H1,Jan-Jun
Usman Khan,Pakistan,Wicketkeeper,34.25,1.0,1,103.0,0.9113,1,0,995.91,48.9,106.87,0.0,0.0,0.0,44.8143,0.501,44.81,2030,H1,Jan-Jun
Usman Tariq,Pakistan,Spin Bowler,31.25,1.0,1,66.0,1.5712,1,0,214.51,21.45,102.96,48.04,4.62,0.0,51.5309,0.9417,51.33,2030,H1,Jan-Jun
Yasir Khan,Pakistan,Top Order Batter,27.25,1.0,1,63.0,2.5914,1,0,816.54,62.08,128.17,0.0,0.0,0.0,54.5168,0.9652,54.22,2030,H1,Jan-Jun
Zahid Mahmood,Pakistan,Pace Bowler,42.25,0.0,0,49.0,-1.0963,0,1,20.32,8.45,71.64,7.33,7.81,0.0,17.9915,0.0045,18.17,2030,H1,Jan-Jun
Zaman Khan,Pakistan,Pace Bowler,28.25,1.0,1,88.0,-0.0384,0,0,158.03,20.86,105.62,51.44,5.17,0.0,52.8538,0.5885,52.75,2030,H1,Jan-Jun
Aiden Markram,South Africa,Top Order Batter,35.25,0.375,1,202.0,-4.6912,0,1,370.06,36.1,89.46,6.01,5.67,0.0,37.1723,0.0275,37.02,2030,H1,Jan-Jun
Alfred Mothoa,South Africa,Pace Bowler,28.25,1.0,1,61.0,1.4454,1,0,112.43,17.75,113.1,30.49,5.15,0.0,41.197,0.7453,41.01,2030,H1,Jan-Jun
Andile Phehlukwayo,South Africa,Bowling All-Rounder,34.25,0.95,1,197.0,-5.8708,0,1,299.19,25.55,94.31,17.34,5.79,0.0,37.1385,0.0115,36.52,2030,H1,Jan-Jun
Andile Simelane,South Africa,Bowling All-Rounder,26.25,1.0,1,77.0,0.396,0,0,266.69,33.32,115.9,17.77,4.78,0.0,44.7672,0.0137,44.56,2030,H1,Jan-Jun
Anrich Nortje,South Africa,Pace Bowler,36.25,0.4375,1,129.5,-3.4491,0,1,16.95,10.57,93.3,12.04,6.49,0.0,24.5271,0.0062,24.43,2030,H1,Jan-Jun
Beyers Swanepoel,South Africa,Pace Bowler,29.25,1.0,1,73.0,0.8479,1,0,137.88,18.43,101.18,29.47,5.47,0.0,39.5749,0.6748,39.54,2030,H1,Jan-Jun
Bjorn Fortuin,South Africa,Spin Bowler,35.25,0.5833,1,131.3333,-3.9407,0,1,42.94,11.34,84.01,13.87,5.48,0.0,25.0864,0.0305,24.91,2030,H1,Jan-Jun
Clyde Fortuin,South Africa,Wicketkeeper,34.25,1.0,1,121.0,-0.2078,0,0,281.11,28.98,90.64,0.0,0.0,0.0,28.8658,0.0927,29.32,2030,H1,Jan-Jun
Codi Yusuf,South Africa,Pace Bowler,28.25,1.0,1,70.0,0.6996,1,0,83.6,14.51,108.59,26.15,5.54,0.0,36.3352,0.5691,36.23,2030,H1,Jan-Jun
Connor Esterhuizen,South Africa,Wicketkeeper,25.25,1.0,1,62.0,4.1917,1,0,728.14,65.87,103.81,0.0,0.0,0.0,53.3938,0.7713,52.68,2030,H1,Jan-Jun
Corbin Bosch,South Africa,Bowling All-Rounder,35.25,0.9583,1,130.3333,-0.4491,0,0,696.33,39.38,94.48,18.09,5.85,0.0,46.8674,0.0044,45.9,2030,H1,Jan-Jun
Dane Paterson,South Africa,Pace Bowler,39.25,0.0,0,98.0,-3.3207,0,1,7.91,7.6,85.95,4.61,6.64,0.0,18.056,0.0061,18.44,2030,H1,Jan-Jun
Dane Piedt,South Africa,Spin Bowler,40.25,0.0,0,72.0,-2.2967,0,1,11.56,9.47,82.46,4.87,5.38,0.0,19.1647,0.0141,19.53,2030,H1,Jan-Jun
Daniel Smith,South Africa,Wicketkeeper,29.25,1.0,1,79.0,2.9094,1,0,661.56,58.9,118.8,0.0,0.0,0.0,50.9923,0.5157,51.46,2030,H1,Jan-Jun
David Bedingham,South Africa,Middle Order Batter,36.25,0.7917,1,101.6667,0.6258,1,0,404.52,37.76,91.06,0.0,0.0,0.0,34.4224,0.1958,34.8,2030,H1,Jan-Jun
David Miller,South Africa,Middle Order Batter,41.25,0.0,0,275.0,-5.5557,0,1,34.12,32.28,92.27,0.0,0.0,0.0,30.1645,0.0098,30.36,2030,H1,Jan-Jun
Dayyaan Galiem,South Africa,Bowling All-Rounder,32.25,1.0,1,89.0,-0.4328,0,0,291.83,28.25,95.56,11.91,5.81,0.0,36.0739,0.0078,36.16,2030,H1,Jan-Jun
Delano Potgieter,South Africa,Bowling All-Rounder,33.25,1.0,1,92.0,0.657,1,0,434.1,36.14,98.76,21.17,5.86,0.0,46.2112,0.0114,46.3,2030,H1,Jan-Jun
Dewald Brevis,South Africa,Middle Order Batter,27.25,1.0,1,139.0,2.9913,1,0,1619.97,54.82,115.85,11.51,5.39,0.0,58.3364,0.9599,57.46,2030,H1,Jan-Jun
Dian Forrester,South Africa,Batting All-Rounder,30.25,1.0,1,65.0,4.2028,1,0,989.91,50.99,113.88,13.39,5.4,0.0,54.731,0.9135,54.17,2030,H1,Jan-Jun
Donovan Ferreira,South Africa,Batting All-Rounder,32.25,1.0,1,127.0,-1.0287,0,1,684.46,40.58,106.96,13.49,5.59,0.0,46.8113,0.6175,46.68,2030,H1,Jan-Jun
Eathan Bosch,South Africa,Pace Bowler,32.25,1.0,1,110.0,-2.2423,0,1,62.69,11.97,98.12,18.57,5.66,0.0,29.6071,0.0619,29.5,2030,H1,Jan-Jun
Gavin Kaplan,South Africa,Top Order Batter,32.25,1.0,1,68.0,3.8924,1,0,696.44,55.73,113.88,0.0,0.0,0.0,48.6565,0.914,48.63,2030,H1,Jan-Jun
George Linde,South Africa,Bowling All-Rounder,38.25,0.0,0,127.0,-4.6609,0,1,79.67,24.51,89.8,6.76,5.2,0.0,30.0482,0.0023,28.42,2030,H1,Jan-Jun
Gerald Coetzee,South Africa,Pace Bowler,29.25,1.0,1,116.0,-1.5111,0,1,55.02,12.95,103.76,30.84,5.25,0.0,37.2045,0.4502,37.13,2030,H1,Jan-Jun
Gideon Peters,South Africa,Pace Bowler,28.25,1.0,1,68.0,0.9374,1,0,104.68,14.93,104.57,27.99,5.44,0.0,37.1127,0.5913,36.99,2030,H1,Jan-Jun
Heinrich Klaasen,South Africa,Wicketkeeper,39.25,0.0,0,225.0,-3.4191,0,1,174.49,39.98,94.71,0.0,0.0,0.0,35.4018,0.0047,36.27,2030,H1,Jan-Jun
Jason Smith,South Africa,Batting All-Rounder,35.25,0.9375,1,109.5,0.4218,0,0,422.06,37.48,87.61,11.66,6.5,0.0,40.5842,0.147,39.62,2030,H1,Jan-Jun
Jordan Hermann,South Africa,Top Order Batter,28.25,1.0,1,77.0,3.9414,1,0,848.32,67.17,122.32,0.0,0.0,0.0,56.8485,0.9762,57.41,2030,H1,Jan-Jun
Junaid Dawood,South Africa,Spin Bowler,28.25,1.0,1,63.0,1.0573,1,0,109.87,18.16,112.27,29.41,4.48,0.0,41.0329,0.9064,40.79,2030,H1,Jan-Jun
Junior Dala,South Africa,Pace Bowler,40.25,0.0,0,95.0,-3.8199,0,1,8.85,9.86,91.21,3.05,6.95,0.0,19.1729,0.0068,19.42,2030,H1,Jan-Jun
Kagiso Rabada,South Africa,Pace Bowler,35.25,0.6875,1,218.0,-6.9449,0,1,37.18,10.44,95.47,22.85,5.5,0.0,30.5239,0.0909,28.47,2030,H1,Jan-Jun
Keshav Maharaj,South Africa,Spin Bowler,40.25,0.0,0,152.0,-5.6797,0,1,32.47,15.78,79.19,6.03,5.4,0.0,23.0721,0.0225,23.43,2030,H1,Jan-Jun
Kwena Maphaka,South Africa,Pace Bowler,24.25,1.0,1,88.0,0.3083,0,0,165.29,24.09,122.76,36.69,4.63,0.0,49.5947,0.8523,49.47,2030,H1,Jan-Jun
Kyle Simmonds,South Africa,Spin Bowler,31.25,1.0,1,82.0,-0.1165,0,0,134.63,18.21,108.08,31.1,4.41,0.0,41.5126,0.7769,41.63,2030,H1,Jan-Jun
Kyle Verreynne,South Africa,Wicketkeeper,32.25,1.0,1,119.0,0.0833,0,0,401.62,38.92,94.83,0.0,0.0,0.0,35.5548,0.2926,35.66,2030,H1,Jan-Jun
Lesego Senokwane,South Africa,Top Order Batter,31.25,1.0,1,82.0,1.6623,1,0,491.55,47.21,109.78,0.0,0.0,0.0,42.5229,0.8159,42.49,2030,H1,Jan-Jun
Lesiba Ngoepe,South Africa,Middle Order Batter,34.25,1.0,1,82.0,1.1313,1,0,321.91,32.34,89.83,0.0,0.0,0.0,30.8502,0.4598,31.0,2030,H1,Jan-Jun
Lhuan-dre Pretorius,South Africa,Wicketkeeper,24.25,1.0,1,81.0,5.2704,1,0,1446.46,70.73,137.56,0.0,0.0,0.0,62.7931,0.9491,57.04,2030,H1,Jan-Jun
Lizaad Williams,South Africa,Pace Bowler,36.25,0.4375,1,105.5,-2.546,0,1,20.66,8.86,84.41,10.62,6.82,0.0,21.6543,0.0064,21.83,2030,H1,Jan-Jun
Lungi Ngidi,South Africa,Pace Bowler,34.25,0.9375,1,168.5,-3.5797,0,1,61.27,13.66,96.58,30.65,5.71,0.0,36.5116,0.4146,35.81,2030,H1,Jan-Jun
Lutho Sipamla,South Africa,Pace Bowler,32.25,1.0,1,113.0,-2.0847,0,1,48.74,13.57,105.61,18.46,5.37,0.0,31.4497,0.1147,31.36,2030,H1,Jan-Jun
Marco Jansen,South Africa,Bowling All-Rounder,30.25,1.0,1,166.0,-4.5021,0,1,400.93,35.49,103.51,24.98,5.15,0.0,48.4583,0.0148,48.54,2030,H1,Jan-Jun
Matthew Boast,South Africa,Pace Bowler,29.25,1.0,1,65.0,0.8971,1,0,93.32,14.56,102.19,24.29,5.79,0.0,34.5869,0.5091,34.59,2030,H1,Jan-Jun
Matthew Breetzke,South Africa,Top Order Batter,31.25,1.0,1,136.0,1.1938,1,0,818.94,48.43,115.13,0.0,0.0,0.0,44.9819,0.8601,44.96,2030,H1,Jan-Jun
Meeka-eel Prince,South Africa,Wicketkeeper,25.25,1.0,1,72.0,3.0889,1,0,571.01,63.06,124.31,0.0,0.0,0.0,53.7913,0.6997,54.15,2030,H1,Jan-Jun
Mihlali Mpongwana,South Africa,Pace Bowler,30.25,1.0,1,86.0,-0.4075,0,0,64.99,13.46,99.75,25.94,5.61,0.0,34.4383,0.3672,34.35,2030,H1,Jan-Jun
Nandre Burger,South Africa,Pace Bowler,35.25,0.875,1,92.0,-0.6872,0,1,46.72,14.0,98.33,23.37,6.04,0.0,33.0967,0.055,31.51,2030,H1,Jan-Jun
Nqaba Peter,South Africa,Spin Bowler,29.25,1.0,1,85.0,0.4825,0,0,131.22,20.49,101.67,35.32,4.72,0.0,44.0377,0.8889,43.91,2030,H1,Jan-Jun
Nqobani Mokoena,South Africa,Pace Bowler,24.25,1.0,1,63.0,5.4474,1,0,306.71,31.71,118.34,57.15,4.75,0.0,64.2763,0.9669,57.19,2030,H1,Jan-Jun
Ottneil Baartman,South Africa,Pace Bowler,37.25,0.1875,1,79.0,-1.8824,0,1,17.45,10.45,90.1,8.77,6.25,0.0,22.4534,0.0074,22.58,2030,H1,Jan-Jun
Patrick Kruger,South Africa,Bowling All-Rounder,34.25,1.0,1,102.0,-0.148,0,0,350.13,33.82,94.4,18.24,6.03,0.0,42.5137,0.0041,42.4,2030,H1,Jan-Jun
Prenelan Subrayen,South Africa,Spin Bowler,36.25,0.625,1,92.0,-1.6344,0,1,110.01,20.99,90.48,20.06,5.02,0.0,35.0051,0.109,32.1,2030,H1,Jan-Jun
Quinton de Kock,South Africa,Wicketkeeper,37.25,0.0,0,250.0,-4.8246,0,1,4.66,32.97,96.77,0.0,0.0,0.0,31.0268,0.0037,31.21,2030,H1,Jan-Jun
Rassie van der Dussen,South Africa,Top Order Batter,41.25,0.0,0,190.0,-3.5451,0,1,84.42,35.62,80.1,0.0,0.0,0.0,30.7561,0.0336,31.16,2030,H1,Jan-Jun
Reeza Hendricks,South Africa,Top Order Batter,41.25,0.0,0,184.0,-3.3918,0,1,74.62,27.6,86.97,0.0,0.0,0.0,26.9238,0.0315,26.81,2030,H1,Jan-Jun
Rubin Hermann,South Africa,Wicketkeeper,30.25,1.0,1,95.0,2.683,1,0,893.88,58.03,110.57,0.0,0.0,0.0,50.2344,0.6861,50.27,2030,H1,Jan-Jun
Ryan Rickelton,South Africa,Wicketkeeper,34.25,1.0,1,155.0,-0.2583,0,0,778.29,48.12,106.28,0.0,0.0,0.0,43.5666,0.3204,43.62,2030,H1,Jan-Jun
Senuran Muthusamy,South Africa,Bowling All-Rounder,35.25,0.875,1,120.0,-1.3072,0,1,309.3,30.99,94.8,17.85,5.18,0.0,40.8295,0.0053,39.06,2030,H1,Jan-Jun
Shaun von Berg,South Africa,Spin Bowler,43.25,0.0,0,87.0,-2.6744,0,1,13.61,14.87,84.09,5.85,4.95,0.0,23.149,0.0159,23.35,2030,H1,Jan-Jun
Simon Harmer,South Africa,Spin Bowler,41.25,0.0,0,108.0,-3.8807,0,1,35.92,15.37,86.9,7.52,4.82,0.0,24.759,0.0164,24.8,2030,H1,Jan-Jun
Sinethemba Qeshile,South Africa,Wicketkeeper,30.25,1.0,1,101.0,0.8262,1,0,485.21,42.42,107.64,0.0,0.0,0.0,39.4561,0.4394,39.55,2030,H1,Jan-Jun
Tabraiz Shamsi,South Africa,Spin Bowler,40.25,0.0,0,184.0,-6.4828,0,1,21.49,12.31,83.22,9.03,5.31,0.0,23.0743,0.0155,23.19,2030,H1,Jan-Jun
Temba Bavuma,South Africa,Top Order Batter,40.25,0.0,0,103.0,-0.9287,0,1,49.46,26.34,83.5,0.0,0.0,0.0,25.6777,0.0275,25.38,2030,H1,Jan-Jun
Tony de Zorzi,South Africa,Top Order Batter,33.25,1.0,1,110.0,0.4521,0,0,416.44,37.95,101.07,0.0,0.0,0.0,35.817,0.6733,35.95,2030,H1,Jan-Jun
Tristan Stubbs,South Africa,Middle Order Batter,29.25,1.0,1,139.0,1.9388,1,0,1126.05,59.95,120.39,9.66,5.28,0.0,59.3351,0.9705,57.45,2030,H1,Jan-Jun
Tshepo Moreki,South Africa,Pace Bowler,35.25,0.95,1,93.0,-1.1792,0,1,58.91,11.18,87.48,17.68,6.69,0.0,27.1193,0.0212,27.26,2030,H1,Jan-Jun
Wiaan Mulder,South Africa,Batting All-Rounder,32.25,1.0,1,150.0,-2.0186,0,1,568.85,38.95,99.8,19.44,5.38,0.0,47.6749,0.7094,47.88,2030,H1,Jan-Jun
Ahan Wickramasinghe,Sri Lanka,Middle Order Batter,28.25,1.0,1,75.0,-0.3501,0,0,172.69,25.35,91.57,0.0,0.0,0.0,26.5153,0.1575,26.89,2030,H1,Jan-Jun
Akhila Dananjaya,Sri Lanka,Spin Bowler,36.25,0.6875,1,78.0,-0.0081,0,0,64.26,15.25,63.28,17.49,5.91,0.0,26.5684,0.2266,25.89,2030,H1,Jan-Jun
Ashian Daniel,Sri Lanka,Spin Bowler,29.25,1.0,1,83.0,-0.0191,0,0,105.97,20.17,71.12,17.55,6.23,0.0,30.4901,0.5287,30.51,2030,H1,Jan-Jun
Asitha Fernando,Sri Lanka,Pace Bowler,34.25,1.0,1,83.0,0.5009,1,0,64.38,14.28,57.69,36.57,6.94,0.0,34.7757,0.9461,34.73,2030,H1,Jan-Jun
Bhanuka Rajapaksa,Sri Lanka,Middle Order Batter,38.25,0.35,1,55.6,0.3092,0,0,151.64,30.76,76.43,0.0,0.0,0.0,27.7023,0.0254,28.71,2030,H1,Jan-Jun
Binura Fernando,Sri Lanka,Pace Bowler,35.25,0.9375,1,80.5,0.1806,0,0,84.06,13.34,59.42,21.67,7.51,0.0,26.8478,0.1447,26.99,2030,H1,Jan-Jun
Chamika Karunaratne,Sri Lanka,Bowling All-Rounder,34.25,1.0,1,102.0,-0.9644,0,1,351.14,26.98,69.87,13.58,7.06,0.0,32.9161,0.0233,32.94,2030,H1,Jan-Jun
Chamindu Wickramasinghe,Sri Lanka,Bowling All-Rounder,28.25,1.0,1,60.0,0.4136,0,0,258.39,31.43,90.94,7.01,6.12,0.0,34.6684,0.9164,34.75,2030,H1,Jan-Jun
Chamindu Wijesinghe,Sri Lanka,Batting All-Rounder,28.25,1.0,1,67.0,-0.9092,0,1,59.16,19.58,84.04,4.6,5.29,0.0,25.2771,0.0115,25.36,2030,H1,Jan-Jun
Charith Asalanka,Sri Lanka,Middle Order Batter,33.25,1.0,0,102.0,-0.8353,0,1,612.49,44.9,86.0,0.0,0.0,0.0,38.6263,0.9174,38.55,2030,H1,Jan-Jun
Dasun Shanaka,Sri Lanka,Batting All-Rounder,39.25,0.15,1,44.8,-1.3389,0,1,74.38,24.19,69.79,3.68,7.33,0.0,25.2961,0.0019,24.72,2030,H1,Jan-Jun
Dhananjaya Lakshan,Sri Lanka,Bowling All-Rounder,32.25,1.0,1,97.0,-2.8309,0,1,102.75,26.55,76.57,15.83,6.51,0.0,33.9249,0.0262,33.71,2030,H1,Jan-Jun
Dhananjaya de Silva,Sri Lanka,Batting All-Rounder,39.25,0.2917,1,54.6667,-0.406,0,0,271.25,35.55,72.23,3.68,6.79,0.0,32.9412,0.0091,32.67,2030,H1,Jan-Jun
Dilshan Madushanka,Sri Lanka,Pace Bowler,29.25,1.0,0,97.0,-0.6199,0,1,97.13,16.56,70.23,24.8,5.8,0.0,32.0422,0.6724,32.06,2030,H1,Jan-Jun
Sachindu Colombage,Sri Lanka,Spin Bowler,29.25,1.0,0,90.0,-0.0663,0,0,106.3,14.94,68.55,17.8,5.72,0.0,27.3906,0.3944,27.37,2030,H1,Jan-Jun
Dinesh Chandimal,Sri Lanka,Wicketkeeper,40.25,0.125,1,61.0,1.0224,1,0,235.38,38.11,72.03,0.0,0.0,0.0,31.6982,0.0102,32.2,2030,H1,Jan-Jun
Dulaj Samuditha,Sri Lanka,Bowling All-Rounder,28.25,1.0,1,66.0,-1.9007,0,1,60.31,13.77,82.76,2.07,5.44,0.0,20.4191,0.0094,20.86,2030,H1,Jan-Jun
Dulnith Sigera,Sri Lanka,Batting All-Rounder,23.25,1.0,1,66.0,-1.6962,0,1,70.22,16.01,95.33,2.97,5.29,0.0,23.8183,0.0281,23.88,2030,H1,Jan-Jun
Dunith Wellalage,Sri Lanka,Bowling All-Rounder,27.25,1.0,1,67.0,4.5432,1,0,544.51,38.29,91.54,73.4,5.39,0.0,73.5797,0.9895,57.6,2030,H1,Jan-Jun
Dushan Hemantha,Sri Lanka,Bowling All-Rounder,35.25,0.875,1,77.0,-1.4072,0,1,328.52,32.05,77.7,6.55,6.69,0.0,33.2571,0.0125,32.12,2030,H1,Jan-Jun
Dushmantha Chameera,Sri Lanka,Pace Bowler,38.25,0.1875,1,56.0,-1.3421,0,1,62.8,15.83,61.04,5.5,7.71,0.0,20.1826,0.0091,20.55,2030,H1,Jan-Jun
Eshan Malinga,Sri Lanka,Pace Bowler,28.25,1.0,1,63.0,-1.1498,0,1,125.08,19.4,76.96,0.0,5.72,0.0,22.0488,0.1371,22.37,2030,H1,Jan-Jun
Garuka Sanketh,Sri Lanka,Pace Bowler,28.25,1.0,1,61.0,0.0477,0,0,55.25,15.01,76.44,13.27,5.33,0.0,26.0566,0.08,26.1,2030,H1,Jan-Jun
Isitha Wijesundera,Sri Lanka,Pace Bowler,28.25,1.0,1,61.0,-0.0173,0,0,10.67,16.51,67.93,0.0,0.0,0.0,17.9083,0.1271,18.39,2030,H1,Jan-Jun
Janishka Perera,Sri Lanka,Top Order Batter,29.25,1.0,1,62.0,-0.4691,0,0,109.61,19.28,85.39,0.0,0.0,0.0,22.0151,0.1962,22.32,2030,H1,Jan-Jun
Janith Liyanage,Sri Lanka,Batting All-Rounder,34.25,1.0,1,86.0,-0.3423,0,0,405.37,35.8,73.93,14.01,6.81,0.0,38.9838,0.3222,38.9,2030,H1,Jan-Jun
Jeffrey Vandersay,Sri Lanka,Spin Bowler,40.25,0.0,0,47.0,-1.0743,0,1,1.86,13.2,62.88,4.89,6.13,0.0,18.6704,0.0079,18.98,2030,H1,Jan-Jun
Kithma Withanapathirana,Sri Lanka,Top Order Batter,29.25,1.0,1,84.0,-0.4688,0,0,428.67,38.14,83.75,0.0,0.0,0.0,33.814,0.6761,33.85,2030,H1,Jan-Jun
Kamindu Mendis,Sri Lanka,Batting All-Rounder,31.25,1.0,1,104.0,-0.8904,0,1,471.02,46.08,91.79,28.51,5.81,0.0,54.9752,0.8653,53.93,2030,H1,Jan-Jun
Kasun Rajitha,Sri Lanka,Pace Bowler,37.25,0.4375,1,60.5,0.4998,0,0,73.34,20.4,61.36,9.8,6.67,0.0,25.2724,0.0175,25.0,2030,H1,Jan-Jun
Kavija Gamage,Sri Lanka,Spin Bowler,23.25,1.0,1,89.0,-0.6212,0,1,129.86,16.22,76.13,11.59,5.69,0.0,26.0092,0.4002,26.3,2030,H1,Jan-Jun
Keshara Nuwantha,Sri Lanka,Bowling All-Rounder,28.25,1.0,1,68.0,0.3469,0,0,163.44,24.18,82.42,0.0,0.0,0.0,24.6678,0.0143,24.99,2030,H1,Jan-Jun
Kusal Mendis,Sri Lanka,Wicketkeeper,35.25,0.875,1,135.0,-1.0759,0,1,826.5,42.52,83.22,0.0,0.0,0.0,37.6091,0.5453,36.08,2030,H1,Jan-Jun
Kusal Perera,Sri Lanka,Wicketkeeper,40.25,0.0,0,64.0,-1.1317,0,1,95.54,31.48,78.48,0.0,0.0,0.0,28.189,0.0023,29.08,2030,H1,Jan-Jun
Lahiru Kumara,Sri Lanka,Pace Bowler,33.25,1.0,1,84.0,-1.3159,0,1,153.93,17.35,65.84,0.61,6.62,0.0,19.6706,0.0637,20.21,2030,H1,Jan-Jun
Lahiru Udara,Sri Lanka,Wicketkeeper,36.25,0.4375,1,74.5,-1.5651,0,1,128.25,31.13,70.77,0.0,0.0,0.0,27.1356,0.0023,27.41,2030,H1,Jan-Jun
Lasith Croospulle,Sri Lanka,Top Order Batter,31.25,1.0,1,99.0,1.5796,1,0,903.34,50.58,90.87,0.0,0.0,0.0,43.4926,0.9658,43.62,2030,H1,Jan-Jun
M Shiraz,Sri Lanka,Pace Bowler,35.25,0.6875,1,75.0,-1.5395,0,1,33.59,11.55,59.04,4.86,7.61,0.0,17.0434,0.0159,17.64,2030,H1,Jan-Jun
MNK Fernando,Sri Lanka,Top Order Batter,31.25,1.0,1,86.0,-1.1334,0,1,14.94,15.16,73.02,19.3,5.76,0.0,28.5221,0.2825,28.11,2030,H1,Jan-Jun
Maheesh Theekshana,Sri Lanka,Spin Bowler,29.25,1.0,1,92.0,3.671,1,0,156.92,19.21,70.49,87.22,6.02,0.0,65.449,0.99,57.39,2030,H1,Jan-Jun
Mateesha Pathirana,Sri Lanka,Pace Bowler,27.25,1.0,1,61.0,-0.8798,0,1,11.15,17.25,71.03,2.72,5.86,0.0,21.0299,0.2687,21.32,2030,H1,Jan-Jun
Milan Rathnayake,Sri Lanka,Bowling All-Rounder,33.25,1.0,1,102.0,0.2057,0,0,750.47,41.61,85.8,13.2,6.1,0.0,44.7165,0.0138,44.6,2030,H1,Jan-Jun
Nipun Dhananjaya,Sri Lanka,Middle Order Batter,29.25,1.0,1,102.0,0.624,1,0,692.85,37.41,89.93,0.0,0.0,0.0,35.0349,0.6477,35.11,2030,H1,Jan-Jun
Niroshan Dickwella,Sri Lanka,Wicketkeeper,37.25,0.0,0,70.0,-2.441,0,1,29.18,25.99,71.5,0.0,0.0,0.0,23.915,0.0017,23.97,2030,H1,Jan-Jun
Nishan Madushka,Sri Lanka,Wicketkeeper,30.25,1.0,1,91.0,-0.2222,0,0,316.97,33.5,86.97,0.0,0.0,0.0,31.1513,0.1426,31.27,2030,H1,Jan-Jun
Nishan Peiris,Sri Lanka,Pace Bowler,33.25,1.0,1,94.0,-0.0328,0,0,1.91,14.86,61.17,0.0,0.0,0.0,16.0811,0.0798,16.8,2030,H1,Jan-Jun
Nuwan Thushara,Sri Lanka,Pace Bowler,34.25,0.9167,1,92.6667,-1.7708,0,1,27.42,10.54,63.08,15.52,6.96,0.0,22.461,0.1156,22.3,2030,H1,Jan-Jun
Oshada Fernando,Sri Lanka,Top Order Batter,38.25,0.0,0,55.0,-0.3358,0,0,98.05,24.86,66.35,0.0,0.0,0.0,22.8472,0.0134,23.24,2030,H1,Jan-Jun
Viran Chamuditha,Sri Lanka,Top Order Batter,27.25,1.0,1,68.0,0.2286,0,0,284.19,34.12,92.05,0.0,0.0,0.0,32.0341,0.4318,32.13,2030,H1,Jan-Jun
Pathum Nissanka,Sri Lanka,Top Order Batter,32.25,1.0,1,137.0,-4.2667,0,1,293.81,48.81,86.94,0.0,0.0,0.0,39.9555,0.9454,40.0,2030,H1,Jan-Jun
Pavan Rathnayake,Sri Lanka,Middle Order Batter,28.25,1.0,1,55.0,2.629,1,0,535.99,57.17,97.32,0.0,0.0,0.0,46.9008,0.9513,46.95,2030,H1,Jan-Jun
Prabath Jayasuriya,Sri Lanka,Spin Bowler,38.25,0.0,0,45.0,-2.3893,0,1,1.81,12.05,63.37,1.66,6.17,0.0,16.4143,0.0038,17.17,2030,H1,Jan-Jun
Pramod Madushan,Sri Lanka,Pace Bowler,36.25,0.5833,1,56.3333,-0.3121,0,0,44.23,12.7,61.82,6.34,7.48,0.0,18.8635,0.0075,19.32,2030,H1,Jan-Jun
Ramesh Mendis,Sri Lanka,Bowling All-Rounder,35.25,0.9583,1,85.3333,-0.2337,0,0,394.76,27.79,69.7,6.0,7.1,0.0,29.6538,0.0184,29.52,2030,H1,Jan-Jun
Ravindu Fernando,Sri Lanka,Batting All-Rounder,28.25,1.0,1,65.0,-0.5682,0,1,133.28,21.76,88.22,6.33,5.63,0.0,28.0847,0.037,28.28,2030,H1,Jan-Jun
Ravindu Rasantha,Sri Lanka,Top Order Batter,29.25,1.0,1,99.0,-0.0404,0,0,605.41,34.85,82.99,0.0,0.0,0.0,32.3963,0.6028,32.48,2030,H1,Jan-Jun
Sadeera Samarawickrama,Sri Lanka,Wicketkeeper,33.25,1.0,1,107.0,-1.3263,0,1,321.88,32.4,77.37,0.0,0.0,0.0,29.3355,0.1242,29.57,2030,H1,Jan-Jun
Sahan Kosala,Sri Lanka,Middle Order Batter,29.25,1.0,1,102.0,-0.0947,0,0,510.86,37.48,86.8,0.0,0.0,0.0,34.0828,0.6082,34.12,2030,H1,Jan-Jun
Sohan de Livera,Sri Lanka,Top Order Batter,30.25,1.0,1,64.0,0.4655,0,0,171.04,26.13,82.34,0.0,0.0,0.0,25.8147,0.2976,26.19,2030,H1,Jan-Jun
Sonal Dinusha,Sri Lanka,Batting All-Rounder,29.25,1.0,1,84.0,-2.6451,0,1,252.4,31.46,86.22,4.11,5.85,0.0,32.6735,0.0952,32.72,2030,H1,Jan-Jun
Tharindu Ratnayake,Sri Lanka,Bowling All-Rounder,34.25,1.0,1,109.0,1.1736,1,0,727.14,43.03,77.78,0.0,0.0,0.0,36.8991,0.0251,36.93,2030,H1,Jan-Jun
Traveen Mathew,Sri Lanka,Spin Bowler,29.25,1.0,1,80.0,0.8117,1,0,23.92,11.72,72.32,46.12,5.36,0.0,40.2018,0.8995,40.13,2030,H1,Jan-Jun
V Viyaskanth,Sri Lanka,Spin Bowler,29.25,1.0,1,81.0,0.9241,1,0,80.14,15.12,73.61,43.42,5.72,0.0,41.0464,0.9526,40.78,2030,H1,Jan-Jun
Vimath Dinsara,Sri Lanka,Top Order Batter,24.25,1.0,1,74.0,-1.3131,0,1,10.24,20.25,93.78,0.0,0.0,0.0,23.2918,0.1434,23.57,2030,H1,Jan-Jun
Vishad Randika,Sri Lanka,Top Order Batter,33.25,1.0,1,88.0,0.9009,1,0,526.91,37.32,82.58,0.0,0.0,0.0,33.5184,0.5724,33.52,2030,H1,Jan-Jun
Vishen Halambage,Sri Lanka,Top Order Batter,25.25,1.0,1,68.0,-0.6052,0,1,112.71,18.48,93.33,0.0,0.0,0.0,22.5485,0.106,22.79,2030,H1,Jan-Jun
Vishwa Fernando,Sri Lanka,Pace Bowler,38.25,0.0,0,45.0,-0.165,0,0,32.59,17.39,61.77,3.6,7.58,0.0,20.1335,0.0075,20.55,2030,H1,Jan-Jun
Wanindu Hasaranga,Sri Lanka,Bowling All-Rounder,33.25,1.0,1,124.0,0.1586,0,0,1132.66,43.77,81.44,25.05,6.06,0.0,52.7217,0.078,52.56,2030,H1,Jan-Jun
Ackeem Auguste,West Indies,Top Order Batter,27.25,1.0,1,52.0,2.5512,1,0,506.21,52.25,109.58,0.0,0.0,0.0,45.4715,0.8587,45.49,2030,H1,Jan-Jun
Akeal Hosein,West Indies,Spin Bowler,37.25,0.0,0,67.0,-1.9037,0,1,1.04,11.19,76.84,0.36,5.65,0.0,17.0602,0.0496,17.77,2030,H1,Jan-Jun
Alick Athanaze,West Indies,Top Order Batter,31.25,1.0,1,76.0,0.8484,1,0,153.33,43.15,96.86,0.0,0.0,0.0,37.4386,0.7308,37.52,2030,H1,Jan-Jun
Alzarri Joseph,West Indies,Pace Bowler,34.25,0.9167,1,104.6667,-2.2498,0,1,0.0,5.18,78.74,1.16,6.87,0.0,13.9322,0.0763,14.51,2030,H1,Jan-Jun
Amari Goodridge,West Indies,Pace Bowler,27.25,1.0,1,44.0,0.7323,1,0,58.8,12.03,95.25,5.52,6.15,0.0,22.5207,0.2958,22.61,2030,H1,Jan-Jun
Amir Jangoo,West Indies,Wicketkeeper,33.25,1.0,1,58.0,2.8354,1,0,496.4,44.68,95.69,0.0,0.0,0.0,39.3187,0.3619,39.35,2030,H1,Jan-Jun
Andre Fletcher,West Indies,Wicketkeeper,42.25,0.0,0,21.0,-0.3337,0,0,8.93,17.85,78.75,0.0,0.0,0.0,20.0257,0.0026,20.59,2030,H1,Jan-Jun
Andre Russell,West Indies,Bowling All-Rounder,42.25,0.0,0,87.0,-3.0009,0,1,0.0,8.5,64.87,0.0,8.4,0.0,13.3095,0.0009,13.7,2030,H1,Jan-Jun
Brandon King,West Indies,Top Order Batter,35.25,0.95,1,83.0,0.0426,0,0,74.35,32.83,89.9,0.0,0.0,0.0,30.3223,0.175,30.1,2030,H1,Jan-Jun
Carlon Tuckett,West Indies,Pace Bowler,24.25,1.0,1,45.0,1.1085,1,0,78.24,17.97,112.87,8.91,5.1,0.0,30.2422,0.6835,30.27,2030,H1,Jan-Jun
Evin Lewis,West Indies,Top Order Batter,39.25,0.0,0,91.0,-0.1861,0,0,6.37,26.73,92.39,0.0,0.0,0.0,26.8666,0.0261,26.71,2030,H1,Jan-Jun
Fabian Allen,West Indies,Bowling All-Rounder,35.25,0.875,1,78.0,-1.2591,0,1,5.4,19.49,92.8,0.15,7.63,0.0,23.3612,0.0049,23.13,2030,H1,Jan-Jun
Giavonte Depeiza,West Indies,Top Order Batter,25.25,1.0,1,46.0,2.6938,1,0,215.64,52.88,124.04,0.0,0.0,0.0,46.6717,0.9283,46.61,2030,H1,Jan-Jun
Gudakesh Motie,West Indies,Spin Bowler,35.25,0.7917,1,85.6667,-1.9101,0,1,0.0,8.47,81.45,1.75,5.64,0.0,16.7601,0.7589,17.46,2030,H1,Jan-Jun
Hayden Walsh Jr,West Indies,Spin Bowler,38.25,0.0,0,47.0,-1.7845,0,1,0.0,0.0,85.63,0.0,6.92,0.0,11.1846,0.0454,11.45,2030,H1,Jan-Jun
Jason Holder,West Indies,Bowling All-Rounder,38.25,0.0,0,172.0,-2.9626,0,1,0.0,12.5,80.66,0.0,7.51,0.0,17.7197,0.0014,18.19,2030,H1,Jan-Jun
Jayden Seales,West Indies,Pace Bowler,28.25,1.0,1,82.0,-1.3438,0,1,0.0,3.95,95.66,3.92,5.6,0.0,17.0173,0.4692,17.34,2030,H1,Jan-Jun
Jediah Blades,West Indies,Pace Bowler,26.25,1.0,1,49.0,0.369,0,0,51.47,11.28,98.72,3.46,6.06,0.0,21.4682,0.461,21.76,2030,H1,Jan-Jun
Jewel Andrew,West Indies,Wicketkeeper,23.25,1.0,1,52.0,4.1871,1,0,453.29,67.81,124.68,0.0,0.0,0.0,56.2035,0.8899,56.97,2030,H1,Jan-Jun
Johann Jeremiah,West Indies,Top Order Batter,24.25,1.0,1,47.0,2.6562,1,0,306.39,48.02,119.47,0.0,0.0,0.0,43.584,0.8551,43.61,2030,H1,Jan-Jun
Johann Layne,West Indies,Pace Bowler,27.25,1.0,1,55.0,-0.6077,0,1,0.0,0.0,0.0,1.28,5.57,0.0,1.4974,0.0067,1.37,2030,H1,Jan-Jun
John Campbell,West Indies,Top Order Batter,36.25,0.875,1,77.0,2.1906,1,0,181.93,56.59,93.84,0.0,0.0,0.0,44.9574,0.6952,42.49,2030,H1,Jan-Jun
Johnson Charles,West Indies,Top Order Batter,41.25,0.0,0,72.0,-0.8618,0,1,0.0,14.34,96.6,0.0,0.0,0.0,20.1789,0.0302,20.77,2030,H1,Jan-Jun
Joshua Da Silva,West Indies,Wicketkeeper,32.25,1.0,1,73.0,0.1758,0,0,0.0,38.4,91.49,0.0,0.0,0.0,33.5059,0.0991,33.44,2030,H1,Jan-Jun
Justin Greaves,West Indies,Batting All-Rounder,35.25,1.0,1,70.0,2.7268,1,0,565.75,44.91,97.96,4.83,6.79,0.0,43.1331,0.3275,43.09,2030,H1,Jan-Jun
Kavem Hodge,West Indies,Batting All-Rounder,37.25,0.7917,1,57.6667,2.5688,1,0,247.98,47.09,94.13,4.1,7.15,0.0,42.4316,0.2526,41.15,2030,H1,Jan-Jun
Keacy Carty,West Indies,Middle Order Batter,33.25,1.0,1,88.0,1.9427,1,0,523.42,50.27,100.31,0.0,0.0,0.0,43.2267,0.8534,43.34,2030,H1,Jan-Jun
Kelvin Pittman,West Indies,Pace Bowler,28.25,1.0,1,44.0,1.2564,1,0,61.41,14.32,93.89,8.55,6.06,0.0,25.2492,0.3482,25.34,2030,H1,Jan-Jun
Kemar Paul,West Indies,Bowling All-Rounder,32.25,1.0,1,65.0,-0.1916,0,0,69.17,19.87,117.36,3.48,6.04,0.0,28.8448,0.0216,28.73,2030,H1,Jan-Jun
Keron Gore,West Indies,Pace Bowler,34.25,1.0,1,46.0,0.4278,0,0,48.76,9.57,80.07,4.61,7.4,0.0,18.466,0.0818,18.84,2030,H1,Jan-Jun
Kevlon Anderson,West Indies,Top Order Batter,24.25,1.0,1,49.0,2.8498,1,0,355.56,55.72,132.07,0.0,0.0,0.0,49.7823,0.9608,49.64,2030,H1,Jan-Jun
Kirk McKenzie,West Indies,Middle Order Batter,29.25,1.0,1,59.0,1.9603,1,0,359.99,38.69,96.35,0.0,0.0,0.0,35.4723,0.7706,35.57,2030,H1,Jan-Jun
Kraigg Brathwaite,West Indies,Top Order Batter,37.25,0.4375,1,138.5,-0.6135,0,1,0.0,27.88,58.92,0.0,0.0,0.0,23.3507,0.0195,23.43,2030,H1,Jan-Jun
Kyle Mayers,West Indies,Batting All-Rounder,37.25,0.25,1,51.0,-0.9681,0,1,0.0,25.11,86.54,0.95,7.7,0.0,26.2219,0.0021,25.58,2030,H1,Jan-Jun
Marlon Mindley,West Indies,Pace Bowler,33.25,1.0,1,46.0,0.5152,1,0,46.4,9.94,85.8,4.23,7.03,0.0,19.2557,0.1793,19.54,2030,H1,Jan-Jun
Matthew Forde,West Indies,Bowling All-Rounder,28.25,1.0,1,75.0,1.3953,1,0,287.62,56.47,117.76,9.37,5.86,0.0,53.8944,0.0267,54.13,2030,H1,Jan-Jun
Mavendra Dindyal,West Indies,Middle Order Batter,24.25,1.0,1,49.0,2.9096,1,0,369.33,58.69,129.45,0.0,0.0,0.0,51.2257,0.9548,51.43,2030,H1,Jan-Jun
Mbeki Joseph,West Indies,Pace Bowler,27.25,1.0,1,44.0,0.8249,1,0,55.12,11.66,96.02,6.02,5.97,0.0,22.687,0.2553,22.83,2030,H1,Jan-Jun
Mikyle Louis,West Indies,Middle Order Batter,29.25,1.0,1,58.0,2.9589,1,0,476.17,48.03,103.6,0.0,0.0,0.0,42.1793,0.8379,42.27,2030,H1,Jan-Jun
Nathan Edward,West Indies,Pace Bowler,28.25,1.0,1,46.0,0.6986,1,0,48.68,10.86,96.76,6.94,6.0,0.0,22.7531,0.339,22.9,2030,H1,Jan-Jun
Navin Bidaisee,West Indies,Middle Order Batter,30.25,1.0,1,51.0,1.4305,1,0,186.01,29.46,101.11,0.0,0.0,0.0,30.1309,0.4297,30.32,2030,H1,Jan-Jun
Nicholas Pooran,West Indies,Wicketkeeper,34.25,1.0,1,135.0,0.2079,0,0,236.88,42.31,105.94,0.0,0.0,0.0,38.3573,0.1776,38.42,2030,H1,Jan-Jun
Obed McCoy,West Indies,Pace Bowler,33.25,1.0,1,57.0,-1.0708,0,1,4.87,2.73,84.28,0.0,7.33,0.0,12.5453,0.0233,12.8,2030,H1,Jan-Jun
Ramon Simmonds,West Indies,Pace Bowler,28.25,1.0,1,48.0,0.7937,1,0,59.43,13.19,96.42,8.18,5.86,0.0,24.7636,0.4266,24.85,2030,H1,Jan-Jun
Renico Smith,West Indies,Middle Order Batter,26.25,1.0,1,45.0,2.54,1,0,250.81,46.79,123.96,0.0,0.0,0.0,43.2442,0.8057,43.34,2030,H1,Jan-Jun
Rivaldo Clarke,West Indies,Wicketkeeper,28.25,1.0,1,51.0,2.9461,1,0,260.96,50.33,107.48,0.0,0.0,0.0,43.2828,0.3648,43.34,2030,H1,Jan-Jun
Romario Shepherd,West Indies,Bowling All-Rounder,35.25,0.9167,1,85.6667,-1.2265,0,1,80.66,29.39,108.72,1.26,7.65,0.0,31.8962,0.0047,31.13,2030,H1,Jan-Jun
Roston Chase,West Indies,Batting All-Rounder,38.25,0.0,0,67.0,0.7246,1,0,138.17,48.43,89.71,2.18,6.69,0.0,41.406,0.0231,40.37,2030,H1,Jan-Jun
Rovman Powell,West Indies,Batting All-Rounder,36.25,0.5833,1,81.3333,-1.2927,0,1,0.0,22.25,97.02,0.36,8.45,0.0,25.4634,0.0035,24.77,2030,H1,Jan-Jun
Shai Hope,West Indies,Wicketkeeper,36.25,0.7917,1,133.6667,0.0626,0,0,354.45,44.66,89.33,0.0,0.0,0.0,38.0454,0.1844,37.71,2030,H1,Jan-Jun
Shamar Joseph,West Indies,Pace Bowler,30.25,1.0,1,65.0,-0.7346,0,1,5.52,4.95,81.76,4.81,5.94,0.0,16.2484,0.985,16.71,2030,H1,Jan-Jun
Shamyl Springer,West Indies,Batting All-Rounder,29.25,1.0,1,58.0,2.7512,1,0,369.98,49.39,114.46,5.12,6.0,0.0,47.4552,0.8103,47.18,2030,H1,Jan-Jun
Shaqkere Parris,West Indies,Middle Order Batter,23.25,1.0,1,49.0,3.2173,1,0,403.29,63.89,134.47,0.0,0.0,0.0,54.9802,0.9672,53.98,2030,H1,Jan-Jun
Sherfane Rutherford,West Indies,Batting All-Rounder,31.25,1.0,1,78.0,2.552,1,0,472.84,65.06,122.02,4.49,6.7,0.0,57.3553,0.9581,57.16,2030,H1,Jan-Jun
Shimron Hetmyer,West Indies,Middle Order Batter,33.25,1.0,1,110.0,1.5711,1,0,272.39,54.3,110.63,0.0,0.0,0.0,46.0163,0.9045,45.99,2030,H1,Jan-Jun
Tagenarine Chanderpaul,West Indies,Top Order Batter,33.25,1.0,1,52.0,1.0064,1,0,97.64,20.4,82.69,0.0,0.0,0.0,22.2896,0.3271,22.54,2030,H1,Jan-Jun
Tevin Imlach,West Indies,Wicketkeeper,33.25,1.0,1,51.0,1.2735,1,0,146.28,22.94,90.36,0.0,0.0,0.0,24.8787,0.0688,25.17,2030,H1,Jan-Jun
Trevon Hinds,West Indies,Batting All-Rounder,31.25,1.0,1,52.0,2.2999,1,0,324.11,36.68,107.13,4.65,6.42,0.0,38.6802,0.2063,38.87,2030,H1,Jan-Jun
Voight Lawes,West Indies,Spin Bowler,24.25,1.0,1,43.0,0.6247,1,0,68.35,14.95,109.07,3.32,5.89,0.0,24.9122,0.8316,25.03,2030,H1,Jan-Jun
Zishan Motara,West Indies,Pace Bowler,24.25,1.0,1,43.0,0.8771,1,0,67.14,13.82,104.31,6.93,5.84,0.0,25.5064,0.6041,25.59,2030,H1,Jan-Jun
Ainsley Ndlovu,Zimbabwe,Middle Order Batter,31.25,1.0,1,46.0,1.5204,1,0,230.28,38.49,95.05,0.0,0.0,0.0,34.7644,0.7053,34.76,2030,H1,Jan-Jun
Antum Naqvi,Zimbabwe,Batting All-Rounder,30.25,1.0,1,62.0,2.2367,1,0,527.19,48.89,117.48,5.6,5.64,0.0,48.4001,0.7535,48.63,2030,H1,Jan-Jun
Ben Curran,Zimbabwe,Top Order Batter,34.25,1.0,1,63.0,1.9872,1,0,289.79,48.69,93.87,0.0,0.0,0.0,40.7343,0.8921,40.76,2030,H1,Jan-Jun
Blessing Muzarabani,Zimbabwe,Pace Bowler,34.25,1.0,1,121.0,-0.455,0,0,11.03,8.53,94.25,4.48,6.62,0.0,19.5762,0.1167,19.79,2030,H1,Jan-Jun
Brad Evans,Zimbabwe,Bowling All-Rounder,33.25,1.0,1,76.0,-0.3882,0,0,102.96,33.56,96.94,1.58,6.04,0.0,33.3973,0.0041,33.28,2030,H1,Jan-Jun
Brandon Mavuta,Zimbabwe,Spin Bowler,33.25,1.0,1,65.0,-0.8088,0,1,95.33,17.3,90.34,4.4,5.72,0.0,24.6295,0.7506,24.81,2030,H1,Jan-Jun
Brendan Taylor,Zimbabwe,Wicketkeeper,44.25,0.0,0,205.0,0.8283,1,0,113.12,28.23,69.32,0.0,0.0,0.0,25.2222,0.0169,24.88,2030,H1,Jan-Jun
Brian Bennett,Zimbabwe,Batting All-Rounder,26.25,1.0,1,72.0,2.8084,1,0,789.2,68.77,121.6,9.5,4.69,0.0,63.6174,0.9757,57.6,2030,H1,Jan-Jun
Brian Mudzinganyama,Zimbabwe,Middle Order Batter,29.25,1.0,1,53.0,1.7158,1,0,217.89,36.37,108.48,0.0,0.0,0.0,35.1631,0.8007,35.34,2030,H1,Jan-Jun
Charlton Tshuma,Zimbabwe,Pace Bowler,30.25,1.0,1,54.0,0.5003,1,0,78.28,13.01,91.8,8.25,6.2,0.0,24.0996,0.3971,24.13,2030,H1,Jan-Jun
Clive Chitumba,Zimbabwe,Wicketkeeper,31.25,1.0,1,51.0,0.9985,1,0,151.3,26.33,97.55,0.0,0.0,0.0,27.7567,0.0395,28.35,2030,H1,Jan-Jun
Clive Madande,Zimbabwe,Wicketkeeper,29.25,1.0,1,72.0,1.1504,1,0,400.7,43.42,114.22,0.0,0.0,0.0,40.5744,0.7798,40.62,2030,H1,Jan-Jun
Craig Ervine,Zimbabwe,Top Order Batter,44.25,0.0,0,142.0,-1.4179,0,1,33.7,28.65,72.76,0.0,0.0,0.0,25.6304,0.0395,25.09,2030,H1,Jan-Jun
Dion Myers,Zimbabwe,Batting All-Rounder,28.25,1.0,1,69.0,2.6554,1,0,559.43,44.23,108.68,8.72,5.26,0.0,46.4065,0.6775,46.4,2030,H1,Jan-Jun
Ernest Masuku,Zimbabwe,Pace Bowler,32.25,1.0,1,52.0,0.5106,1,0,73.39,13.3,95.39,4.61,5.66,0.0,22.9865,0.2247,23.14,2030,H1,Jan-Jun
Faraz Akram,Zimbabwe,Bowling All-Rounder,32.25,1.0,1,63.0,0.7301,1,0,166.12,27.05,98.89,8.63,6.86,0.0,33.4752,0.02,33.5,2030,H1,Jan-Jun
Graeme Cremer,Zimbabwe,Spin Bowler,43.25,0.0,0,111.0,-2.5622,0,1,5.74,6.91,64.06,0.93,5.97,0.0,13.2079,0.0207,13.65,2030,H1,Jan-Jun
Innocent Kaia,Zimbabwe,Top Order Batter,38.25,0.2917,1,63.6667,-2.1666,0,1,0.0,5.76,65.45,0.0,0.0,0.0,11.3261,0.0183,11.64,2030,H1,Jan-Jun
Johnathan Campbell,Zimbabwe,Middle Order Batter,36.25,0.95,1,63.0,2.3356,1,0,243.25,52.54,105.17,0.0,0.0,0.0,44.2194,0.8279,42.82,2030,H1,Jan-Jun
Joylord Gumbie,Zimbabwe,Wicketkeeper,34.25,1.0,1,61.0,-0.2775,0,0,12.35,16.49,80.67,0.0,0.0,0.0,19.4865,0.0356,19.9,2030,H1,Jan-Jun
Kian Blignaut,Zimbabwe,Pace Bowler,25.25,1.0,1,48.0,0.7225,1,0,58.36,17.26,102.62,6.87,5.75,0.0,27.2568,0.5893,27.19,2030,H1,Jan-Jun
Kundai Matigimu,Zimbabwe,Pace Bowler,33.25,1.0,1,48.0,0.4155,0,0,39.75,11.48,82.23,5.28,6.82,0.0,20.2555,0.1813,20.38,2030,H1,Jan-Jun
Luke Jongwe,Zimbabwe,Bowling All-Rounder,34.25,0.9375,1,113.5,-2.0011,0,1,0.0,15.92,94.31,0.0,6.96,0.0,21.4953,0.006,21.72,2030,H1,Jan-Jun
Milton Shumba,Zimbabwe,Middle Order Batter,29.25,1.0,1,100.0,0.4796,0,0,112.31,33.6,96.08,0.0,0.0,0.0,31.6635,0.5929,31.64,2030,H1,Jan-Jun
Nathaniel Mayavo,Zimbabwe,Wicketkeeper,33.25,1.0,1,56.0,1.5254,1,0,174.49,27.79,92.72,0.0,0.0,0.0,28.0803,0.0931,28.68,2030,H1,Jan-Jun
Newman Nyamhuri,Zimbabwe,Pace Bowler,24.25,1.0,1,59.0,0.1675,0,0,88.55,15.41,114.79,8.34,4.64,0.0,28.9128,0.6235,28.75,2030,H1,Jan-Jun
Nick Welch,Zimbabwe,Top Order Batter,32.25,1.0,1,77.0,3.4175,1,0,806.71,47.04,102.33,0.0,0.0,0.0,42.5429,0.876,42.49,2030,H1,Jan-Jun
Panashe Taruvinga,Zimbabwe,Middle Order Batter,28.25,1.0,1,52.0,1.4641,1,0,124.43,28.96,100.65,0.0,0.0,0.0,29.5794,0.398,29.76,2030,H1,Jan-Jun
Prince Masvaure,Zimbabwe,Middle Order Batter,40.25,0.0,0,41.0,-0.0881,0,0,11.65,10.8,69.24,0.0,0.0,0.0,14.7608,0.0072,15.32,2030,H1,Jan-Jun
Richard Ngarava,Zimbabwe,Pace Bowler,32.25,1.0,1,125.0,-1.2674,0,1,24.3,10.32,88.8,5.65,6.28,0.0,20.648,0.3686,20.74,2030,H1,Jan-Jun
Richmond Mutumbami,Zimbabwe,Wicketkeeper,39.25,0.2917,1,59.6667,-0.2693,0,0,0.0,13.74,55.14,0.0,0.0,0.0,14.675,0.0033,15.39,2030,H1,Jan-Jun
Ryan Burl,Zimbabwe,Batting All-Rounder,36.25,0.5833,1,115.3333,-0.7951,0,1,90.96,29.65,91.26,2.23,6.83,0.0,30.542,0.0093,30.48,2030,H1,Jan-Jun
Sean Williams,Zimbabwe,Batting All-Rounder,44.25,0.0,0,156.0,-3.7864,0,1,0.0,46.98,73.81,0.0,7.82,0.0,36.8303,0.013,36.42,2030,H1,Jan-Jun
Sikandar Raza,Zimbabwe,Batting All-Rounder,44.25,0.0,0,178.0,-1.4443,0,1,95.89,36.05,86.64,1.61,6.8,0.0,33.3888,0.0061,33.54,2030,H1,Jan-Jun
Tadiwanashe Marumani,Zimbabwe,Wicketkeeper,28.25,1.0,1,70.0,1.471,1,0,240.99,35.44,108.42,0.0,0.0,0.0,34.6926,0.2,34.76,2030,H1,Jan-Jun
Tafadzwa Tsiga,Zimbabwe,Wicketkeeper,30.25,1.0,1,52.0,1.2411,1,0,105.97,24.45,98.89,0.0,0.0,0.0,26.682,0.0743,26.95,2030,H1,Jan-Jun
Takudzwanashe Kaitano,Zimbabwe,Top Order Batter,36.25,0.6875,1,62.0,0.0692,0,0,38.82,12.99,76.31,0.0,0.0,0.0,17.001,0.2633,17.99,2030,H1,Jan-Jun
Tanaka Chivanga,Zimbabwe,Pace Bowler,34.25,1.0,1,58.0,0.0318,0,0,31.87,10.27,84.46,2.82,6.9,0.0,18.5403,0.0347,18.75,2030,H1,Jan-Jun
Tapiwa Mufudza,Zimbabwe,Spin Bowler,32.25,1.0,1,56.0,0.3788,0,0,86.42,17.44,87.61,5.71,6.34,0.0,24.855,0.6827,24.95,2030,H1,Jan-Jun
Tashinga Musekiwa,Zimbabwe,Batting All-Rounder,29.25,1.0,1,60.0,2.3436,1,0,171.68,42.75,111.41,0.82,6.64,0.0,40.2389,0.2679,40.34,2030,H1,Jan-Jun
Tendai Chatara,Zimbabwe,Pace Bowler,39.25,0.0,0,101.0,-2.8433,0,1,0.0,0.0,61.5,0.0,6.35,0.0,8.2992,0.0043,8.76,2030,H1,Jan-Jun
Tinotenda Maposa,Zimbabwe,Pace Bowler,33.25,1.0,1,63.0,0.4366,0,0,62.75,14.06,87.97,6.75,6.7,0.0,23.3125,0.3746,23.46,2030,H1,Jan-Jun
Tony Munyonga,Zimbabwe,Batting All-Rounder,34.25,1.0,1,63.0,0.5727,1,0,72.22,18.41,88.45,0.74,7.4,0.0,22.7509,0.0218,22.96,2030,H1,Jan-Jun
Trevor Gwandu,Zimbabwe,Pace Bowler,29.25,1.0,1,61.0,0.8155,1,0,125.88,18.69,96.44,4.95,6.4,0.0,26.4102,0.5973,26.66,2030,H1,Jan-Jun
Victor Nyauchi,Zimbabwe,Pace Bowler,38.25,0.0,0,54.0,-0.6271,0,1,6.05,8.82,77.02,0.0,7.52,0.0,15.15,0.017,15.94,2030,H1,Jan-Jun
Vincent Masekesa,Zimbabwe,Batting All-Rounder,28.25,1.0,1,53.0,1.1773,1,0,168.43,25.35,107.11,2.99,6.04,0.0,30.8306,0.0622,30.99,2030,H1,Jan-Jun
Wellington Masakadza,Zimbabwe,Spin Bowler,37.25,0.0,0,82.0,-2.3175,0,1,0.0,9.64,78.71,0.63,6.14,0.0,16.4014,0.0422,17.24,2030,H1,Jan-Jun
Wessly Madhevere,Zimbabwe,Batting All-Rounder,29.25,1.0,1,105.0,-0.913,0,1,76.69,29.44,104.99,2.21,6.17,0.0,32.2092,0.1252,32.11,2030,H1,Jan-Jun
William Mashinge,Zimbabwe,Batting All-Rounder,33.25,1.0,1,55.0,1.26,1,0,158.45,27.37,97.21,5.44,6.52,0.0,31.8744,0.0724,31.95,2030,H1,Jan-Jun
A M Ghazanfar,Afghanistan,Spin Bowler,24.75,1.0,1,72.0,-0.4942,0,0,96.22,16.39,88.46,22.16,4.76,0.0,32.8988,0.6246,32.86,2030,H2,Jul-Dec
Abdul Malik,Afghanistan,Top Order Batter,33.75,1.0,1,80.0,-0.6172,0,1,272.49,30.0,73.75,0.0,0.0,0.0,27.6474,0.2585,28.19,2030,H2,Jul-Dec
Abdul Rahman,Afghanistan,Pace Bowler,31.75,1.0,1,72.0,-0.3754,0,0,53.44,13.09,71.86,15.73,6.14,0.0,25.2084,0.1985,25.24,2030,H2,Jul-Dec
Azizullah Mia Khil,Afghanistan,Top Order Batter,29.75,1.0,1,67.0,0.6699,1,0,339.63,37.74,88.87,0.0,0.0,0.0,34.3153,0.6696,34.34,2030,H2,Jul-Dec
Azmatullah Omarzai,Afghanistan,Bowling All-Rounder,30.75,1.0,1,105.0,-0.273,0,0,606.99,46.47,94.47,21.58,5.32,0.0,52.5476,0.0142,52.63,2030,H2,Jul-Dec
Bahir Shah,Afghanistan,Middle Order Batter,29.75,1.0,1,69.0,0.9364,1,0,324.15,49.81,86.99,0.0,0.0,0.0,41.1093,0.8577,41.18,2030,H2,Jul-Dec
Bashir Ahmad,Afghanistan,Bowling All-Rounder,30.75,1.0,1,70.0,0.2437,0,0,265.35,32.87,86.65,15.15,5.89,0.0,39.162,0.0166,39.16,2030,H2,Jul-Dec
Bilal Sami,Afghanistan,Pace Bowler,29.75,1.0,1,69.0,0.124,0,0,71.98,12.65,67.69,21.38,6.05,0.0,27.2521,0.2252,27.22,2030,H2,Jul-Dec
Darwish Rasooli,Afghanistan,Top Order Batter,31.75,1.0,1,86.0,0.437,0,0,512.51,41.88,87.34,0.0,0.0,0.0,37.1318,0.6352,37.23,2030,H2,Jul-Dec
Faisal Khan Ahmadzai,Afghanistan,Pace Bowler,30.75,1.0,1,68.0,0.2292,0,0,69.16,16.49,72.24,18.82,5.84,0.0,28.8754,0.3056,28.73,2030,H2,Jul-Dec
Fareed Ahmad,Afghanistan,Pace Bowler,35.75,0.625,1,68.0,-0.7562,0,1,27.01,10.96,58.93,8.37,7.97,0.0,18.3527,0.0162,18.6,2030,H2,Jul-Dec
Faridoon Dawoodzai,Afghanistan,Pace Bowler,30.75,1.0,1,70.0,0.215,0,0,63.76,15.16,67.72,19.66,6.3,0.0,27.8102,0.3042,27.72,2030,H2,Jul-Dec
Fazalhaq Farooqi,Afghanistan,Pace Bowler,29.75,1.0,1,100.0,-0.9637,0,1,58.9,13.67,76.88,21.99,5.45,0.0,29.413,0.5297,29.29,2030,H2,Jul-Dec
Gulbadin Naib,Afghanistan,Batting All-Rounder,39.75,0.0,0,61.0,-1.4567,0,1,77.98,22.41,67.31,2.11,7.71,0.0,23.2921,0.0018,23.48,2030,H2,Jul-Dec
Hashmatullah Shahidi,Afghanistan,Middle Order Batter,35.75,0.85,1,121.0,-0.1776,0,0,601.0,41.11,67.49,0.0,0.0,0.0,34.4808,0.4166,34.76,2030,H2,Jul-Dec
Ibrahim Zadran,Afghanistan,Top Order Batter,28.75,1.0,1,105.0,-0.6476,0,1,631.51,50.84,87.31,0.0,0.0,0.0,42.7845,0.9365,42.78,2030,H2,Jul-Dec
Ikram Ali Khil,Afghanistan,Wicketkeeper,28.75,1.0,1,86.0,-0.0275,0,0,435.17,35.96,86.25,0.0,0.0,0.0,33.2618,0.1535,33.27,2030,H2,Jul-Dec
Karim Janat,Afghanistan,Bowling All-Rounder,31.75,1.0,1,93.0,-0.1393,0,0,465.79,39.08,84.4,14.82,6.22,0.0,42.9582,0.0141,43.08,2030,H2,Jul-Dec
Khatir Stanikzai,Afghanistan,Middle Order Batter,31.75,1.0,1,76.0,0.3579,0,0,421.51,38.32,90.52,0.0,0.0,0.0,35.1376,0.6503,35.34,2030,H2,Jul-Dec
Mohammad Ishaq,Afghanistan,Wicketkeeper,28.75,1.0,1,71.0,1.0059,1,0,393.69,45.98,91.82,0.0,0.0,0.0,39.7025,0.4638,39.7,2030,H2,Jul-Dec
Mohammad Nabi,Afghanistan,Bowling All-Rounder,45.75,0.0,0,92.0,-2.4656,0,1,23.5,25.44,64.93,1.77,7.68,0.0,24.4273,0.001,24.06,2030,H2,Jul-Dec
Mohammad Saleem,Afghanistan,Pace Bowler,28.75,1.0,1,65.0,0.6069,1,0,69.91,16.71,69.58,22.08,6.17,0.0,30.1776,0.4929,30.16,2030,H2,Jul-Dec
Mujeeb Ur Rahman,Afghanistan,Spin Bowler,29.75,1.0,1,92.0,-1.4718,0,1,55.21,13.21,77.12,14.79,5.04,0.0,25.7917,0.409,25.91,2030,H2,Jul-Dec
Munir Ahmad Kakar,Afghanistan,Wicketkeeper,31.75,1.0,1,74.0,0.249,0,0,343.05,34.84,87.25,0.0,0.0,0.0,32.4214,0.1194,32.51,2030,H2,Jul-Dec
Najibullah Zadran,Afghanistan,Wicketkeeper,36.75,0.5625,1,76.0,-0.5949,0,1,176.29,28.73,71.94,0.0,0.0,0.0,26.3521,0.0039,26.3,2030,H2,Jul-Dec
Nangeyalia Kharote,Afghanistan,Spin Bowler,26.75,1.0,1,69.0,0.428,0,0,281.13,35.63,93.92,21.97,5.13,0.0,45.2738,0.9663,45.18,2030,H2,Jul-Dec
Naveed Zadran,Afghanistan,Pace Bowler,29.75,1.0,1,76.0,-0.0521,0,0,80.0,13.42,74.5,21.77,5.79,0.0,28.8395,0.2946,28.67,2030,H2,Jul-Dec
Naveen-ul-Haq,Afghanistan,Pace Bowler,30.75,1.0,1,95.0,-1.1179,0,1,34.66,10.64,67.3,15.43,6.25,0.0,22.9644,0.3548,22.95,2030,H2,Jul-Dec
Nazifullah Amiri,Afghanistan,Top Order Batter,27.75,1.0,1,65.0,1.1004,1,0,367.36,45.93,98.15,0.0,0.0,0.0,40.3808,0.7478,40.44,2030,H2,Jul-Dec
Noor Ahmad,Afghanistan,Spin Bowler,25.75,1.0,1,87.0,-1.0101,0,1,99.0,17.08,92.66,23.64,4.7,0.0,34.5825,0.7377,34.59,2030,H2,Jul-Dec
Qais Ahmad,Afghanistan,Spin Bowler,29.75,1.0,1,80.0,-0.6376,0,1,65.45,13.63,75.63,20.33,5.68,0.0,28.3852,0.5088,28.37,2030,H2,Jul-Dec
Rahmanullah Gurbaz,Afghanistan,Wicketkeeper,28.75,1.0,1,114.0,-0.4631,0,0,1084.49,52.09,103.29,0.0,0.0,0.0,47.0461,0.9632,46.95,2030,H2,Jul-Dec
Rahmat Shah,Afghanistan,Top Order Batter,37.75,0.0,0,91.0,-0.1939,0,0,210.79,43.8,68.65,0.0,0.0,0.0,34.8967,0.0347,35.57,2030,H2,Jul-Dec
Rashid Khan,Afghanistan,Spin Bowler,31.75,1.0,1,114.0,-1.7821,0,1,281.27,27.92,90.23,20.74,5.25,0.0,39.6512,0.9547,39.66,2030,H2,Jul-Dec
Riaz Hassan,Afghanistan,Top Order Batter,30.75,1.0,1,84.0,0.2114,0,0,480.06,38.25,84.48,0.0,0.0,0.0,34.5334,0.6162,34.63,2030,H2,Jul-Dec
Rohullah Arab,Afghanistan,Pace Bowler,28.75,1.0,1,67.0,0.3801,0,0,71.08,15.74,72.08,18.5,6.02,0.0,28.2227,0.3719,28.1,2030,H2,Jul-Dec
Sediqullah Atal,Afghanistan,Top Order Batter,28.75,1.0,1,77.0,1.658,1,0,879.95,59.0,95.74,0.0,0.0,0.0,49.4655,0.97,49.55,2030,H2,Jul-Dec
Shahidullah Kamal,Afghanistan,Middle Order Batter,34.75,1.0,1,109.0,0.212,0,0,649.03,43.68,78.9,0.0,0.0,0.0,37.5845,0.8899,37.64,2030,H2,Jul-Dec
Sharafuddin Ashraf,Afghanistan,Batting All-Rounder,34.75,1.0,1,87.0,-0.334,0,0,373.39,31.55,78.01,10.68,6.6,0.0,35.3377,0.6752,35.35,2030,H2,Jul-Dec
Wafiullah Tarakhil,Afghanistan,Top Order Batter,26.75,1.0,1,73.0,1.0772,1,0,519.2,46.96,96.17,0.0,0.0,0.0,41.2453,0.7081,41.18,2030,H2,Jul-Dec
Wahidullah Zadran,Afghanistan,Top Order Batter,26.75,1.0,1,66.0,1.6886,1,0,491.68,61.46,105.31,0.0,0.0,0.0,50.8104,0.9298,51.39,2030,H2,Jul-Dec
Zia-Ur-Rehman Abdul Malik,Afghanistan,Spin Bowler,29.75,1.0,1,72.0,0.0277,0,0,88.62,18.21,71.19,23.71,5.96,0.0,32.1629,0.6827,32.21,2030,H2,Jul-Dec
Zubaid Akbari,Afghanistan,Top Order Batter,27.75,1.0,1,80.0,1.0328,1,0,552.7,49.28,98.52,0.0,0.0,0.0,43.0144,0.7525,43.09,2030,H2,Jul-Dec
Aaron Hardie,Australia,Bowling All-Rounder,31.75,1.0,1,129.0,1.0052,1,0,797.42,45.48,91.69,23.27,6.01,0.0,52.8929,0.037,52.59,2030,H2,Jul-Dec
Adam Zampa,Australia,Spin Bowler,38.75,0.05,1,191.6,-3.3881,0,1,4.34,5.9,54.48,9.18,6.67,0.0,15.3492,0.0063,15.79,2030,H2,Jul-Dec
Alex Carey,Australia,Wicketkeeper,38.75,0.0625,1,158.0,-0.2162,0,0,169.54,32.07,72.8,0.0,0.0,0.0,28.3974,0.006,29.35,2030,H2,Jul-Dec
Ashton Agar,Australia,Spin Bowler,36.75,0.45,1,135.8,-3.4644,0,1,0.0,2.91,49.6,0.44,6.69,0.0,8.7189,0.0065,8.76,2030,H2,Jul-Dec
Beau Webster,Australia,Bowling All-Rounder,36.75,0.125,1,90.0,0.5936,1,0,282.6,38.81,83.09,10.51,6.51,0.0,39.8672,0.0056,39.05,2030,H2,Jul-Dec
Ben Dwarshuis,Australia,Pace Bowler,35.75,0.625,1,97.0,-1.155,0,1,14.53,10.2,63.53,15.92,7.82,0.0,22.1297,0.0228,22.16,2030,H2,Jul-Dec
Ben Kellaway,Australia,Batting All-Rounder,25.75,1.0,1,69.0,2.9159,1,0,517.02,57.42,135.26,13.12,4.92,0.0,59.8218,0.9078,57.36,2030,H2,Jul-Dec
Ben Manenti,Australia,Bowling All-Rounder,33.75,1.0,1,100.0,-0.8421,0,1,172.84,25.08,82.39,9.68,6.58,0.0,30.9379,0.0075,31.07,2030,H2,Jul-Dec
Billy Stanlake,Australia,Pace Bowler,35.75,0.65,1,78.4,-2.1014,0,1,0.0,0.0,41.58,0.0,8.83,0.0,5.4816,0.0045,4.71,2030,H2,Jul-Dec
Brendan Doggett,Australia,Pace Bowler,35.75,0.85,1,95.0,-1.4562,0,1,8.47,5.9,49.72,9.86,7.88,0.0,14.8991,0.018,15.52,2030,H2,Jul-Dec
Cameron Gannon,Australia,Pace Bowler,39.75,0.0,0,46.0,-1.246,0,1,0.0,0.0,44.36,0.63,8.8,0.0,6.1403,0.0026,6.07,2030,H2,Jul-Dec
Cameron Green,Australia,Batting All-Rounder,31.75,1.0,1,150.0,-0.3193,0,0,570.93,42.42,96.14,17.57,5.55,0.0,48.2469,0.0388,48.23,2030,H2,Jul-Dec
Campbell Kellaway,Australia,Top Order Batter,28.75,1.0,1,89.0,1.0464,1,0,422.74,39.97,95.62,0.0,0.0,0.0,36.7512,0.7214,36.84,2030,H2,Jul-Dec
Cooper Connolly,Australia,Batting All-Rounder,26.75,1.0,1,99.0,1.2337,1,0,725.14,52.93,108.22,18.26,5.15,0.0,56.9038,0.8722,57.36,2030,H2,Jul-Dec
Corey Rocchiccioli,Australia,Spin Bowler,33.75,1.0,1,90.0,-0.9047,0,1,7.72,3.86,58.56,15.74,6.1,0.0,17.9808,0.2264,18.03,2030,H2,Jul-Dec
Fergus O'Neill,Australia,Pace Bowler,29.75,1.0,1,82.0,-0.2598,0,0,15.81,5.9,71.46,17.82,6.04,0.0,21.8508,0.1428,21.74,2030,H2,Jul-Dec
Glenn Maxwell,Australia,Batting All-Rounder,42.75,0.0,0,218.0,-2.3845,0,1,118.68,26.56,81.71,2.49,7.79,0.0,27.8475,0.0019,27.64,2030,H2,Jul-Dec
Harry Nielsen,Australia,Wicketkeeper,34.75,1.0,1,130.0,-0.1674,0,0,301.57,25.28,75.19,0.0,0.0,0.0,25.1565,0.0498,25.41,2030,H2,Jul-Dec
Henry Hunt,Australia,Top Order Batter,32.75,1.0,1,95.0,0.3843,0,0,301.14,38.47,86.86,0.0,0.0,0.0,34.3619,0.6588,34.43,2030,H2,Jul-Dec
Henry Thornton,Australia,Pace Bowler,34.75,1.0,1,100.0,-1.4441,0,1,10.37,5.19,58.75,3.69,8.16,0.0,12.5913,0.0103,12.73,2030,H2,Jul-Dec
Jack Edwards,Australia,Batting All-Rounder,30.75,1.0,1,116.0,0.2612,0,0,393.28,35.66,93.19,11.81,5.76,0.0,40.4611,0.4185,40.4,2030,H2,Jul-Dec
Jake Fraser-McGurk,Australia,Top Order Batter,28.75,1.0,1,102.0,-1.986,0,1,205.26,23.02,99.62,0.0,0.0,0.0,26.5792,0.1994,26.8,2030,H2,Jul-Dec
Jake Lehmann,Australia,Middle Order Batter,37.75,0.0,0,72.0,-0.6477,0,1,31.91,21.28,63.74,0.0,0.0,0.0,20.4655,0.0056,20.9,2030,H2,Jul-Dec
Jake Weatherald,Australia,Top Order Batter,36.75,0.125,1,147.0,-0.4672,0,0,224.73,41.78,84.26,0.0,0.0,0.0,35.721,0.0335,36.42,2030,H2,Jul-Dec
Jason Behrendorff,Australia,Pace Bowler,40.75,0.0,0,129.0,-2.7731,0,1,0.78,8.95,55.17,1.38,8.49,0.0,13.1531,0.0046,13.34,2030,H2,Jul-Dec
Jason Sangha,Australia,Middle Order Batter,31.75,1.0,1,124.0,-0.775,0,1,203.66,23.69,81.0,0.0,0.0,0.0,24.6257,0.197,24.9,2030,H2,Jul-Dec
Jhye Richardson,Australia,Pace Bowler,33.75,1.0,1,124.0,-2.2689,0,1,1.94,5.15,55.39,6.57,7.31,0.0,13.6366,0.0261,14.27,2030,H2,Jul-Dec
Joel Davies,Australia,Middle Order Batter,26.75,1.0,1,60.0,3.3883,1,0,451.58,64.69,125.25,0.0,0.0,0.0,55.0784,0.9758,54.14,2030,H2,Jul-Dec
Jordan Buckingham,Australia,Pace Bowler,29.75,1.0,1,72.0,-0.4146,0,0,19.01,6.94,68.62,15.82,6.33,0.0,21.0791,0.142,21.01,2030,H2,Jul-Dec
Josh Hazlewood,Australia,Pace Bowler,39.75,0.0,0,143.0,-1.6984,0,1,2.93,7.5,62.42,7.03,7.13,0.0,16.1555,0.0059,16.59,2030,H2,Jul-Dec
Josh Inglis,Australia,Wicketkeeper,35.75,0.8125,1,157.5,0.9926,1,0,844.13,42.15,88.76,0.0,0.0,0.0,38.5807,0.4822,38.12,2030,H2,Jul-Dec
Josh Philippe,Australia,Wicketkeeper,33.75,1.0,1,189.0,-0.7511,0,1,453.92,31.3,84.77,0.0,0.0,0.0,30.4042,0.1949,30.56,2030,H2,Jul-Dec
Lance Morris,Australia,Pace Bowler,32.75,1.0,1,79.0,-0.9395,0,1,1.56,1.56,56.26,11.98,7.03,0.0,14.3114,0.0222,14.82,2030,H2,Jul-Dec
Liam Hatcher,Australia,Pace Bowler,33.75,1.0,1,99.0,-1.3878,0,1,10.85,3.44,58.83,4.7,7.81,0.0,12.1132,0.0122,12.25,2030,H2,Jul-Dec
Liam Scott,Australia,Batting All-Rounder,29.75,1.0,1,101.0,1.8499,1,0,772.16,47.03,109.4,16.46,5.37,0.0,52.8063,0.7613,52.63,2030,H2,Jul-Dec
Mackenzie Harvey,Australia,Wicketkeeper,29.75,1.0,1,125.0,-0.8342,0,1,160.55,24.76,85.21,0.0,0.0,0.0,25.6384,0.0542,25.8,2030,H2,Jul-Dec
Mahli Beardman,Australia,Pace Bowler,24.75,1.0,1,56.0,0.6828,1,0,18.51,16.84,99.74,11.05,5.34,0.0,28.7321,0.6048,28.41,2030,H2,Jul-Dec
Marcus Stoinis,Australia,Batting All-Rounder,41.75,0.0,0,244.0,-2.0386,0,1,66.49,26.96,80.07,2.18,7.44,0.0,27.6018,0.0016,27.43,2030,H2,Jul-Dec
Marnus Labuschagne,Australia,Middle Order Batter,36.75,0.4167,1,157.3333,-0.7433,0,1,280.56,35.97,75.07,0.0,0.0,0.0,31.3435,0.0255,31.95,2030,H2,Jul-Dec
Matthew Gilkes,Australia,Wicketkeeper,31.75,1.0,1,139.0,-0.5671,0,1,280.75,30.77,89.57,0.0,0.0,0.0,30.1161,0.0537,30.3,2030,H2,Jul-Dec
Matthew Kuhnemann,Australia,Spin Bowler,33.75,1.0,1,102.0,-0.7711,0,1,12.79,9.93,63.17,23.96,5.69,0.0,26.2309,0.7133,25.78,2030,H2,Jul-Dec
Matthew Renshaw,Australia,Top Order Batter,34.75,1.0,1,195.0,-0.7015,0,1,477.03,31.88,75.39,0.0,7.47,0.0,30.2136,0.2038,30.32,2030,H2,Jul-Dec
Matthew Short,Australia,Batting All-Rounder,34.75,1.0,1,182.0,-1.3185,0,1,750.03,40.28,91.22,9.29,6.95,0.0,42.6443,0.5233,42.57,2030,H2,Jul-Dec
Matthew Wade,Australia,Wicketkeeper,42.75,0.0,0,182.0,-1.9889,0,1,0.0,10.49,54.54,0.0,0.0,0.0,12.8705,0.0031,13.55,2030,H2,Jul-Dec
Michael Neser,Australia,Bowling All-Rounder,40.75,0.0,0,128.0,-2.5268,0,1,64.59,20.32,71.67,4.4,7.1,0.0,23.7757,0.0011,23.89,2030,H2,Jul-Dec
Mitchell Marsh,Australia,Bowling All-Rounder,38.75,0.25,1,175.2,-1.1962,0,1,314.52,37.23,86.43,3.09,7.09,0.0,35.7575,0.0059,36.18,2030,H2,Jul-Dec
Mitchell Owen,Australia,Batting All-Rounder,29.75,1.0,1,104.0,1.4973,1,0,774.87,49.06,110.73,10.87,5.89,0.0,51.3197,0.7391,51.4,2030,H2,Jul-Dec
Mitchell Starc,Australia,Pace Bowler,40.75,0.0,0,194.0,1.947,1,0,0.49,5.84,54.08,23.22,8.02,0.0,21.8536,0.0469,22.12,2030,H2,Jul-Dec
Mitchell Stoinis,Australia,Batting All-Rounder,41.75,0.0,0,244.0,-2.0386,0,1,61.1,24.78,73.58,2.01,8.1,0.0,25.3129,0.0014,24.8,2030,H2,Jul-Dec
Nathan Ellis,Australia,Pace Bowler,35.75,0.7083,1,109.6667,-1.9794,0,1,8.58,5.92,57.55,9.87,7.99,0.0,15.8857,0.0123,16.4,2030,H2,Jul-Dec
Nathan Lyon,Australia,Spin Bowler,42.75,0.0,0,82.0,-3.8812,0,1,0.0,3.4,40.04,3.14,6.58,0.0,9.1367,0.0083,9.05,2030,H2,Jul-Dec
Nathan McAndrew,Australia,Bowling All-Rounder,35.75,0.875,1,124.0,-0.2638,0,0,260.3,26.21,76.91,18.54,6.96,0.0,35.4368,0.0115,34.22,2030,H2,Jul-Dec
Nathan McSweeney,Australia,Middle Order Batter,31.75,1.0,1,113.0,0.3499,0,0,555.38,44.23,91.88,0.0,0.0,0.0,39.2253,0.7717,39.2,2030,H2,Jul-Dec
Nikhil Chaudhary,Australia,Batting All-Rounder,34.75,1.0,1,110.0,1.0003,1,0,624.87,35.26,99.63,12.54,6.84,0.0,41.9342,0.1997,41.89,2030,H2,Jul-Dec
Oliver Peake,Australia,Middle Order Batter,24.75,1.0,1,53.0,2.319,1,0,362.45,52.44,118.11,0.0,0.0,0.0,46.6939,0.9184,46.62,2030,H2,Jul-Dec
Pat Cummins,Australia,Pace Bowler,37.75,0.0,0,153.0,-2.7793,0,1,5.15,7.98,57.16,4.76,7.98,0.0,14.554,0.0071,15.42,2030,H2,Jul-Dec
Riley Meredith,Australia,Pace Bowler,34.75,0.625,1,91.0,-1.7714,0,1,1.3,3.26,54.86,3.81,8.06,0.0,11.0105,0.0055,11.01,2030,H2,Jul-Dec
Sam Elliott,Australia,Pace Bowler,28.75,1.0,1,63.0,-0.2929,0,0,32.13,10.64,78.16,3.65,5.93,0.0,18.6749,0.1061,19.05,2030,H2,Jul-Dec
Sam Konstas,Australia,Top Order Batter,24.75,1.0,1,73.0,3.4904,1,0,1526.78,64.56,132.66,0.0,0.0,0.0,59.539,0.9844,57.01,2030,H2,Jul-Dec
Scott Boland,Australia,Pace Bowler,41.75,0.0,0,74.0,-1.8017,0,1,2.43,7.44,53.75,3.05,7.72,0.0,13.0048,0.0069,13.28,2030,H2,Jul-Dec
Sean Abbott,Australia,Bowling All-Rounder,38.75,0.0,0,186.0,-2.6925,0,1,87.41,23.85,73.46,6.64,7.44,0.0,27.1815,0.0017,26.61,2030,H2,Jul-Dec
Spencer Johnson,Australia,Pace Bowler,34.75,1.0,1,89.0,-0.8558,0,1,17.84,7.85,66.54,16.37,7.39,0.0,21.4221,0.1288,21.29,2030,H2,Jul-Dec
Tanveer Sangha,Australia,Spin Bowler,28.75,1.0,1,95.0,-0.8269,0,1,6.03,7.16,66.51,27.32,5.48,0.0,26.6915,0.6465,26.39,2030,H2,Jul-Dec
Tim David,Australia,Middle Order Batter,34.75,1.0,1,126.0,0.0158,0,0,411.32,34.14,91.79,0.0,0.0,0.0,32.8105,0.449,32.82,2030,H2,Jul-Dec
Todd Murphy,Australia,Spin Bowler,29.75,1.0,1,70.0,-1.1286,0,1,1.98,10.44,57.99,5.12,5.65,0.0,16.7051,0.3934,17.19,2030,H2,Jul-Dec
Travis Head,Australia,Top Order Batter,36.75,0.5625,1,169.0,-0.1483,0,0,597.98,44.13,87.55,0.0,0.0,0.0,38.765,0.1578,38.97,2030,H2,Jul-Dec
Will Sutherland,Australia,Bowling All-Rounder,30.75,1.0,1,133.0,0.1147,0,0,480.25,40.71,93.93,25.72,5.65,0.0,50.5919,0.0136,50.2,2030,H2,Jul-Dec
Xavier Bartlett,Australia,Pace Bowler,31.75,1.0,1,93.0,-0.6519,0,1,24.83,11.14,75.11,19.6,6.52,0.0,26.1754,0.224,26.07,2030,H2,Jul-Dec
A. G. Saqlain,Bangladesh,Bowling All-Rounder,28.75,1.0,1,56.0,1.5243,1,0,237.45,33.88,152.19,21.22,7.95,0.0,50.4754,0.0241,50.2,2030,H2,Jul-Dec
Abdul Gaffar Saqlain,Bangladesh,Bowling All-Rounder,28.75,1.0,1,56.0,1.5243,1,0,237.36,33.87,152.14,21.22,7.95,0.0,50.4629,0.0241,50.2,2030,H2,Jul-Dec
Afif Hossain,Bangladesh,Batting All-Rounder,30.75,1.0,1,170.0,-2.0747,0,1,110.04,17.71,134.1,6.15,9.2,0.0,30.8229,0.0241,30.85,2030,H2,Jul-Dec
Akbar Ali,Bangladesh,Wicketkeeper,29.75,1.0,1,72.0,1.424,1,0,561.65,34.62,146.57,0.0,0.0,0.0,40.484,0.3756,40.44,2030,H2,Jul-Dec
Amite Hasan,Bangladesh,Middle Order Batter,29.75,1.0,1,69.0,1.6032,1,0,427.87,35.86,151.23,0.0,0.0,0.0,41.349,0.9396,41.38,2030,H2,Jul-Dec
Anamul Haque,Bangladesh,Wicketkeeper,37.75,0.0833,1,145.6667,-1.296,0,1,43.61,17.11,114.28,0.0,0.0,0.0,24.4126,0.0024,24.2,2030,H2,Jul-Dec
Ebadat Hossain,Bangladesh,Pace Bowler,36.75,0.4167,1,60.3333,0.4398,0,0,14.33,12.35,99.2,8.9,10.04,0.0,24.2267,0.0095,24.01,2030,H2,Jul-Dec
Hasan Mahmud,Bangladesh,Pace Bowler,31.75,1.0,1,121.0,-0.667,0,1,93.0,13.44,125.7,38.04,8.32,0.0,42.7863,0.7479,42.56,2030,H2,Jul-Dec
Hasan Murad,Bangladesh,Spin Bowler,28.75,1.0,1,76.0,1.4761,1,0,95.1,21.79,136.62,36.75,7.29,0.0,48.5839,0.9557,48.35,2030,H2,Jul-Dec
Jaker Ali,Bangladesh,Wicketkeeper,32.75,1.0,1,105.0,1.2723,1,0,674.2,35.96,145.13,0.0,0.0,0.0,41.4666,0.5372,41.41,2030,H2,Jul-Dec
Jishan Alam,Bangladesh,Top Order Batter,28.75,1.0,1,69.0,1.6795,1,0,487.88,37.91,144.03,0.0,0.0,0.0,41.8478,0.9179,41.89,2030,H2,Jul-Dec
Khaled Ahmed,Bangladesh,Pace Bowler,37.75,0.5417,1,91.3333,0.4571,0,0,29.02,14.49,103.0,16.42,9.67,0.0,29.6933,0.0154,28.04,2030,H2,Jul-Dec
Litton Das,Bangladesh,Wicketkeeper,35.75,0.85,1,242.0,-0.81,0,1,408.2,27.67,124.12,0.0,0.0,0.0,33.0687,0.0566,33.79,2030,H2,Jul-Dec
Mahedi Hasan,Bangladesh,Batting All-Rounder,35.75,0.625,1,176.0,0.0353,0,0,468.73,31.97,148.27,23.93,8.71,0.0,50.8599,0.1521,43.23,2030,H2,Jul-Dec
Mahidul Islam Ankon,Bangladesh,Wicketkeeper,29.75,1.0,1,83.0,1.7718,1,0,529.91,42.95,156.98,0.0,0.0,0.0,46.5743,0.719,46.62,2030,H2,Jul-Dec
Mahmudul Hasan Joy,Bangladesh,Middle Order Batter,29.75,1.0,1,110.0,0.2224,0,0,393.9,27.47,128.06,0.0,0.0,0.0,33.3988,0.6216,33.45,2030,H2,Jul-Dec
Mahmudullah,Bangladesh,Batting All-Rounder,44.75,0.0,0,250.0,-5.119,0,1,0.0,14.97,112.49,0.0,10.63,0.0,23.0185,0.0038,23.13,2030,H2,Jul-Dec
Mehidy Hasan Miraz,Bangladesh,Bowling All-Rounder,32.75,1.0,1,206.0,-0.4125,0,0,596.52,32.28,132.24,33.92,8.36,0.0,54.3463,0.0405,53.99,2030,H2,Jul-Dec
Mohammad Naim,Bangladesh,Middle Order Batter,30.75,1.0,1,146.0,-1.1598,0,1,214.97,23.72,140.68,0.0,0.0,0.0,32.1852,0.3557,32.28,2030,H2,Jul-Dec
Mohammad Saifuddin,Bangladesh,Bowling All-Rounder,33.75,1.0,1,149.0,-0.5889,0,1,383.36,24.37,143.15,31.43,8.76,0.0,49.1065,0.0171,48.87,2030,H2,Jul-Dec
Mominul Haque,Bangladesh,Top Order Batter,38.75,0.0625,1,100.0,-0.4437,0,0,59.54,21.13,110.56,0.0,0.0,0.0,26.3571,0.0125,26.21,2030,H2,Jul-Dec
Mosaddek Hossain,Bangladesh,Batting All-Rounder,34.75,1.0,1,175.0,-1.0736,0,1,290.51,22.84,128.86,12.42,9.16,0.0,36.8278,0.1101,36.88,2030,H2,Jul-Dec
Musfik Hasan,Bangladesh,Pace Bowler,26.75,1.0,1,62.0,1.3273,1,0,53.85,15.99,132.34,29.58,7.69,0.0,40.962,0.7861,40.74,2030,H2,Jul-Dec
Mushfiqur Rahim,Bangladesh,Wicketkeeper,43.75,0.0,0,190.0,-1.6022,0,1,1.17,19.76,103.81,0.0,0.0,0.0,24.5088,0.0022,24.29,2030,H2,Jul-Dec
Mustafizur Rahman,Bangladesh,Pace Bowler,34.75,1.0,1,243.0,-1.4401,0,1,37.24,10.38,93.26,31.95,10.11,0.0,33.587,0.4029,33.59,2030,H2,Jul-Dec
Nahid Rana,Bangladesh,Pace Bowler,27.75,1.0,1,102.0,0.6137,1,0,55.59,15.18,136.68,51.48,7.08,0.0,51.7673,0.8749,51.13,2030,H2,Jul-Dec
Najmul Hossain Apu,Bangladesh,Spin Bowler,31.75,1.0,1,65.0,1.293,1,0,65.53,14.74,118.49,27.81,8.36,0.0,37.5783,0.8155,37.48,2030,H2,Jul-Dec
Najmul Hossain Shanto,Bangladesh,Middle Order Batter,31.75,1.0,1,156.0,-0.2388,0,0,600.24,34.93,137.04,0.0,0.0,0.0,39.597,0.9038,39.55,2030,H2,Jul-Dec
Nasum Ahmed,Bangladesh,Spin Bowler,36.75,0.125,1,143.0,-1.324,0,1,14.11,9.93,91.34,11.21,8.76,0.0,23.063,0.0077,23.17,2030,H2,Jul-Dec
Nasum Ahmed Jr,Bangladesh,Spin Bowler,25.75,1.0,1,57.0,1.0085,1,0,74.91,14.6,142.24,27.94,6.96,0.0,40.7814,0.8283,40.55,2030,H2,Jul-Dec
Nayeem Hasan,Bangladesh,Spin Bowler,29.75,1.0,1,89.0,-0.6,0,1,56.72,14.61,114.41,23.16,7.55,0.0,34.8106,0.671,34.79,2030,H2,Jul-Dec
Nurul Hasan,Bangladesh,Wicketkeeper,37.75,0.3125,1,159.5,0.0764,0,0,186.8,23.4,119.39,0.0,0.0,0.0,29.2261,0.0074,30.06,2030,H2,Jul-Dec
Parvez Hossain Emon,Bangladesh,Wicketkeeper,28.75,1.0,1,103.0,1.3541,1,0,805.91,41.49,143.61,0.0,0.0,0.0,44.9619,0.8576,44.97,2030,H2,Jul-Dec
Pritom Kumar,Bangladesh,Wicketkeeper,26.75,1.0,1,66.0,1.8842,1,0,534.06,40.79,143.81,0.0,0.0,0.0,43.6648,0.6543,43.62,2030,H2,Jul-Dec
Rejaur Rahman Raja,Bangladesh,Pace Bowler,29.75,1.0,1,71.0,1.2786,1,0,68.29,15.39,122.6,31.26,8.32,0.0,40.1658,0.7275,40.04,2030,H2,Jul-Dec
Ripon Mondol,Bangladesh,Pace Bowler,27.75,1.0,1,67.0,1.2736,1,0,61.49,17.78,137.8,36.67,7.34,0.0,46.2198,0.8494,46.11,2030,H2,Jul-Dec
Rishad Hossain,Bangladesh,Spin Bowler,27.75,1.0,1,129.0,1.8401,1,0,750.82,39.29,150.55,49.79,7.41,0.0,69.1153,0.9887,57.48,2030,H2,Jul-Dec
Saif Hassan,Bangladesh,Top Order Batter,31.75,1.0,1,120.0,1.1672,1,0,695.84,34.13,154.37,0.0,0.0,0.0,41.6272,0.9037,41.68,2030,H2,Jul-Dec
Shadman Islam,Bangladesh,Top Order Batter,34.75,1.0,1,102.0,0.6824,1,0,330.82,28.58,113.5,0.0,0.0,0.0,32.0078,0.4214,32.12,2030,H2,Jul-Dec
Shahadat Hossain,Bangladesh,Top Order Batter,28.75,1.0,1,75.0,1.697,1,0,477.03,41.17,150.95,0.0,0.0,0.0,44.5944,0.9389,44.61,2030,H2,Jul-Dec
Shakib Al Hasan,Bangladesh,Batting All-Rounder,43.75,0.0,0,310.0,-8.1687,0,1,0.0,14.59,110.59,0.0,10.12,0.0,22.597,0.0015,22.78,2030,H2,Jul-Dec
Shamim Hossain,Bangladesh,Batting All-Rounder,29.75,1.0,1,114.0,1.7462,1,0,778.59,42.94,153.92,20.3,7.95,0.0,57.3768,0.9161,57.39,2030,H2,Jul-Dec
Shoriful Islam,Bangladesh,Pace Bowler,29.75,1.0,1,142.0,-1.0289,0,1,78.74,16.08,127.17,34.14,7.93,0.0,42.629,0.7779,42.35,2030,H2,Jul-Dec
Soumya Sarkar,Bangladesh,Batting All-Rounder,37.75,0.0,0,180.0,-1.854,0,1,55.64,17.41,112.29,2.56,10.48,0.0,25.8662,0.001,25.2,2030,H2,Jul-Dec
Taijul Islam,Bangladesh,Spin Bowler,38.75,0.05,1,104.6,-3.1901,0,1,6.2,7.5,75.71,2.95,9.38,0.0,15.5705,0.005,16.28,2030,H2,Jul-Dec
Tanvir Islam,Bangladesh,Spin Bowler,33.75,1.0,1,110.0,0.2649,0,0,74.24,15.15,107.4,41.82,8.15,0.0,43.2826,0.9092,43.12,2030,H2,Jul-Dec
Tanzid Hasan,Bangladesh,Top Order Batter,29.75,1.0,1,120.0,0.865,1,0,864.07,41.73,155.63,0.0,0.0,0.0,46.8091,0.9541,46.62,2030,H2,Jul-Dec
Tanzim Hasan Sakib,Bangladesh,Pace Bowler,27.75,1.0,1,112.0,0.2146,0,0,122.14,23.38,149.65,38.41,7.93,0.0,51.9578,0.9504,51.26,2030,H2,Jul-Dec
Taskin Ahmed,Bangladesh,Pace Bowler,35.75,0.625,1,171.0,-0.8099,0,1,37.5,10.12,94.59,23.39,10.44,0.0,29.4196,0.0217,28.0,2030,H2,Jul-Dec
Towhid Hridoy,Bangladesh,Top Order Batter,29.75,1.0,1,143.0,1.2181,1,0,1060.75,41.9,154.68,2.09,8.0,0.0,48.9594,0.7441,48.93,2030,H2,Jul-Dec
Yasir Ali Chowdhury,Bangladesh,Middle Order Batter,34.75,1.0,1,121.0,0.2857,0,0,361.33,25.81,124.36,0.0,0.0,0.0,31.8503,0.3932,31.94,2030,H2,Jul-Dec
Zakir Hasan,Bangladesh,Middle Order Batter,32.75,1.0,1,99.0,0.2371,0,0,346.57,24.62,119.45,0.0,0.0,0.0,30.4852,0.4408,30.61,2030,H2,Jul-Dec
Adil Rashid,England,Spin Bowler,42.75,0.0,0,337.0,-3.2729,0,1,8.05,7.01,62.03,5.49,6.08,0.0,15.2941,0.0115,15.8,2030,H2,Jul-Dec
Alex Horton,England,Wicketkeeper,27.75,1.0,1,60.0,1.2558,1,0,447.74,35.85,94.26,0.0,0.0,0.0,34.2465,0.2782,34.3,2030,H2,Jul-Dec
Archie Vaughan,England,Batting All-Rounder,25.75,1.0,1,68.0,1.7508,1,0,607.69,44.91,105.56,19.36,5.01,0.0,52.0499,0.7128,51.4,2030,H2,Jul-Dec
Ben Duckett,England,Top Order Batter,35.75,0.85,1,210.0,0.0879,0,0,812.31,35.99,84.98,0.0,0.0,0.0,34.3842,0.484,34.75,2030,H2,Jul-Dec
Ben Foakes,England,Wicketkeeper,37.75,0.45,1,142.8,0.0596,0,0,233.75,29.83,74.01,0.0,0.0,0.0,27.4505,0.0139,28.18,2030,H2,Jul-Dec
Ben Geddes,England,Top Order Batter,28.75,1.0,1,82.0,1.3094,1,0,686.89,39.06,95.95,0.0,0.0,0.0,37.1444,0.654,37.29,2030,H2,Jul-Dec
Ben McKinney,England,Top Order Batter,25.75,1.0,1,69.0,1.368,1,0,586.58,42.27,99.71,0.0,0.0,0.0,39.1644,0.7678,39.2,2030,H2,Jul-Dec
Brydon Carse,England,Pace Bowler,35.75,0.75,1,119.0,-1.1245,0,1,153.24,20.5,76.83,32.73,7.12,0.0,38.58,0.2999,37.13,2030,H2,Jul-Dec
Chris Jordan,England,Pace Bowler,41.75,0.0,0,314.0,-1.6142,0,1,81.05,16.81,77.68,8.2,7.94,0.0,24.2455,0.0063,24.25,2030,H2,Jul-Dec
Chris Woakes,England,Bowling All-Rounder,41.75,0.0,0,191.0,-2.9738,0,1,27.0,22.54,69.55,2.44,7.36,0.0,23.6917,0.0023,23.7,2030,H2,Jul-Dec
Dan Lawrence,England,Batting All-Rounder,33.75,1.0,1,176.0,-0.2645,0,0,727.44,36.76,82.83,5.74,6.19,0.0,37.8745,0.3047,37.79,2030,H2,Jul-Dec
Dan Mousley,England,Batting All-Rounder,29.75,1.0,1,129.0,1.04,1,0,973.3,41.21,99.67,24.64,5.35,0.0,52.8201,0.8566,52.64,2030,H2,Jul-Dec
Emilio Gay,England,Top Order Batter,33.75,1.0,1,129.0,0.1781,0,0,722.8,38.88,87.15,0.0,0.0,0.0,36.0527,0.7636,36.13,2030,H2,Jul-Dec
Farhan Ahmed,England,Spin Bowler,23.75,1.0,1,61.0,1.4017,1,0,116.3,18.68,94.06,39.51,4.94,0.0,43.3734,0.9507,43.16,2030,H2,Jul-Dec
George Bell,England,Wicketkeeper,27.75,1.0,1,80.0,1.1959,1,0,616.62,37.82,96.71,0.0,0.0,0.0,36.2768,0.2651,36.39,2030,H2,Jul-Dec
George Hill,England,Batting All-Rounder,31.75,1.0,1,110.0,1.1122,1,0,758.22,36.36,93.96,23.71,5.58,0.0,48.0181,0.7831,47.88,2030,H2,Jul-Dec
George Thomas,England,Top Order Batter,28.75,1.0,1,89.0,0.8743,1,0,726.66,36.11,95.96,0.0,0.0,0.0,35.548,0.7438,35.66,2030,H2,Jul-Dec
Gus Atkinson,England,Pace Bowler,32.75,1.0,1,124.0,-0.8209,0,1,113.19,16.48,82.96,43.31,6.33,0.0,42.1438,0.6719,42.09,2030,H2,Jul-Dec
Harry Brook,England,Middle Order Batter,31.75,1.0,1,180.0,0.8266,1,0,1315.65,53.42,104.77,1.05,5.37,0.0,50.3134,0.9647,50.23,2030,H2,Jul-Dec
Henry Crocombe,England,Pace Bowler,28.75,1.0,1,72.0,0.7751,1,0,73.46,13.61,86.64,37.13,5.17,0.0,38.0897,0.6897,38.01,2030,H2,Jul-Dec
Jack Carson,England,Spin Bowler,29.75,1.0,1,84.0,0.4887,0,0,115.52,17.41,85.68,40.29,4.97,0.0,41.9403,0.9149,41.71,2030,H2,Jul-Dec
Jack Haynes,England,Top Order Batter,29.75,1.0,1,126.0,0.44,0,0,772.45,33.56,90.73,0.0,0.0,0.0,33.5477,0.6524,33.5,2030,H2,Jul-Dec
Jack Leach,England,Spin Bowler,39.75,0.0,0,127.0,-3.6338,0,1,0.21,9.32,59.69,0.0,6.58,0.0,13.5571,0.0061,13.89,2030,H2,Jul-Dec
Jacob Bethell,England,Batting All-Rounder,26.75,1.0,1,120.0,1.6991,1,0,1208.13,55.93,106.94,25.0,5.29,0.0,63.3517,0.9808,57.56,2030,H2,Jul-Dec
James Anderson,England,Pace Bowler,48.75,0.0,0,44.0,-0.2853,0,0,0.0,0.0,0.0,0.0,8.69,0.0,0.2689,0.0022,0.73,2030,H2,Jul-Dec
James Coles,England,Batting All-Rounder,26.75,1.0,1,76.0,1.8564,1,0,633.62,39.42,101.96,23.6,5.22,0.0,50.4533,0.7201,50.21,2030,H2,Jul-Dec
James Rew,England,Wicketkeeper,26.75,1.0,1,93.0,1.2263,1,0,905.48,47.45,97.48,0.0,0.0,0.0,42.9927,0.431,43.09,2030,H2,Jul-Dec
Jamie Overton,England,Bowling All-Rounder,36.75,0.125,1,145.0,-0.8046,0,1,192.28,27.56,82.4,14.02,6.51,0.0,34.5808,0.0064,33.09,2030,H2,Jul-Dec
Jamie Smith,England,Wicketkeeper,29.75,1.0,1,116.0,1.3645,1,0,903.96,49.82,93.93,0.0,0.0,0.0,43.9319,0.8275,43.97,2030,H2,Jul-Dec
Joe Root,England,Top Order Batter,39.75,0.0,0,275.0,-1.2134,0,1,214.69,35.11,69.97,0.24,6.5,0.0,30.8341,0.0103,31.09,2030,H2,Jul-Dec
Jofra Archer,England,Pace Bowler,35.75,0.75,1,137.0,-0.8589,0,1,62.45,14.46,70.02,23.17,7.29,0.0,29.2054,0.1377,28.09,2030,H2,Jul-Dec
Jonny Bairstow,England,Wicketkeeper,41.75,0.0,0,211.0,-1.2164,0,1,98.69,27.39,79.27,0.0,0.0,0.0,26.2273,0.007,26.15,2030,H2,Jul-Dec
Jordan Cox,England,Wicketkeeper,29.75,1.0,1,134.0,1.3002,1,0,1155.83,48.9,98.86,0.0,0.0,0.0,44.8565,0.9043,44.81,2030,H2,Jul-Dec
Jos Buttler,England,Wicketkeeper,39.75,0.0,0,270.0,-0.9306,0,1,200.46,35.85,84.82,0.0,0.0,0.0,32.2304,0.0076,32.59,2030,H2,Jul-Dec
Josh Hull,England,Pace Bowler,26.75,1.0,1,73.0,1.1943,1,0,74.19,16.09,84.97,40.18,5.43,0.0,40.7396,0.6122,40.54,2030,H2,Jul-Dec
Josh Tongue,England,Pace Bowler,32.75,1.0,1,96.0,-0.0176,0,0,60.78,20.75,74.38,21.62,6.45,0.0,32.838,0.403,32.84,2030,H2,Jul-Dec
Liam Dawson,England,Bowling All-Rounder,40.75,0.0,0,251.0,-2.6943,0,1,138.98,26.09,70.34,5.8,6.73,0.0,27.9891,0.0032,27.59,2030,H2,Jul-Dec
Liam Livingstone,England,Batting All-Rounder,37.75,0.0833,1,149.6667,-1.0399,0,1,261.25,34.31,87.57,7.3,6.55,0.0,36.1518,0.0066,35.79,2030,H2,Jul-Dec
Luc Benkenstein,England,Batting All-Rounder,25.75,1.0,1,66.0,2.0211,1,0,609.38,45.92,111.71,23.33,4.71,0.0,55.4572,0.6982,54.18,2030,H2,Jul-Dec
Luke Wood,England,Pace Bowler,34.75,1.0,1,187.0,-0.7712,0,1,91.22,13.04,73.61,33.28,7.52,0.0,33.7934,0.6063,33.73,2030,H2,Jul-Dec
Mark Wood,England,Pace Bowler,40.75,0.0,0,107.0,-1.1578,0,1,6.94,9.43,63.76,5.14,8.39,0.0,16.3732,0.0107,16.85,2030,H2,Jul-Dec
Matthew Fisher,England,Pace Bowler,33.75,1.0,1,107.0,-0.2388,0,0,78.87,20.14,78.97,27.39,6.27,0.0,35.9573,0.636,35.97,2030,H2,Jul-Dec
Matthew Potts,England,Pace Bowler,31.75,1.0,1,120.0,-0.6259,0,1,165.0,24.11,87.59,37.75,5.61,0.0,44.8493,0.778,44.76,2030,H2,Jul-Dec
Ollie Pope,England,Top Order Batter,32.75,1.0,1,156.0,-0.3341,0,0,555.22,35.76,80.47,0.0,6.42,0.0,33.5773,0.217,33.67,2030,H2,Jul-Dec
Ollie Robinson,England,Pace Bowler,31.75,1.0,1,101.0,-0.1986,0,0,84.94,21.77,81.67,29.0,5.76,0.0,38.1754,0.6882,38.12,2030,H2,Jul-Dec
Olly Stone,England,Pace Bowler,36.75,0.125,1,83.0,-0.4774,0,0,22.31,21.44,70.29,9.38,7.22,0.0,26.5158,0.0069,26.01,2030,H2,Jul-Dec
Phil Salt,England,Wicketkeeper,34.75,1.0,1,166.0,-0.474,0,0,782.4,38.99,88.22,0.0,0.0,0.0,36.4516,0.369,36.56,2030,H2,Jul-Dec
Reece Topley,England,Pace Bowler,36.75,0.125,1,123.0,-0.389,0,0,28.21,20.28,76.62,12.87,7.09,0.0,28.367,0.0085,27.42,2030,H2,Jul-Dec
Rehan Ahmed,England,Spin Bowler,25.75,1.0,1,120.0,0.4494,0,0,674.24,39.19,112.83,55.33,4.45,0.0,67.5099,0.9539,57.83,2030,H2,Jul-Dec
Rocky Flintoff,England,Middle Order Batter,24.75,1.0,1,61.0,1.6829,1,0,551.15,49.32,110.26,0.0,0.0,0.0,44.5088,0.9075,44.61,2030,H2,Jul-Dec
Sam Cook,England,Pace Bowler,32.75,1.0,1,120.0,-0.3005,0,0,78.82,20.25,81.37,34.99,5.87,0.0,40.1061,0.7922,40.03,2030,H2,Jul-Dec
Sam Curran,England,Bowling All-Rounder,32.75,1.0,1,192.0,-0.8161,0,1,653.54,32.48,84.78,33.71,6.08,0.0,48.9666,0.8637,48.87,2030,H2,Jul-Dec
Saqib Mahmood,England,Pace Bowler,33.75,1.0,1,127.0,0.1678,0,0,81.0,20.65,78.9,35.21,6.25,0.0,40.0564,0.7598,40.03,2030,H2,Jul-Dec
Shoaib Bashir,England,Spin Bowler,26.75,1.0,1,91.0,-0.7253,0,1,84.66,14.45,87.23,33.33,4.56,0.0,37.0691,0.748,36.99,2030,H2,Jul-Dec
Sonny Baker,England,Pace Bowler,25.75,1.0,1,81.0,1.3198,1,0,90.39,20.31,92.76,45.98,5.09,0.0,47.1704,0.9199,46.95,2030,H2,Jul-Dec
Tom Banton,England,Top Order Batter,32.75,1.0,1,177.0,0.4016,0,0,944.76,40.48,98.43,0.0,0.0,0.0,39.1541,0.5777,39.08,2030,H2,Jul-Dec
Tom Hartley,England,Spin Bowler,31.75,1.0,1,99.0,-2.6063,0,1,59.28,12.8,83.2,11.44,5.68,0.0,24.5127,0.3352,24.59,2030,H2,Jul-Dec
Tom Rew,England,Wicketkeeper,25.75,1.0,1,65.0,1.386,1,0,531.99,45.46,108.79,0.0,0.0,0.0,41.9948,0.4093,41.89,2030,H2,Jul-Dec
Will Jacks,England,Batting All-Rounder,31.75,1.0,1,141.0,-0.1446,0,0,810.36,40.29,102.12,11.95,5.61,0.0,45.8066,0.6165,45.98,2030,H2,Jul-Dec
Zak Crawley,England,Top Order Batter,32.75,1.0,1,141.0,-0.0777,0,0,575.7,32.16,87.57,0.0,0.0,0.0,31.6692,0.4145,31.78,2030,H2,Jul-Dec
Abhishek Sharma,India,Top Order Batter,30.75,1.0,1,108.0,1.1705,1,0,895.43,47.52,100.22,13.39,6.65,0.0,50.5576,0.5797,50.22,2030,H2,Jul-Dec
Akash Deep,India,Pace Bowler,33.75,1.0,1,86.0,-0.2158,0,0,74.52,11.7,69.02,18.86,6.56,0.0,25.5376,0.1439,25.6,2030,H2,Jul-Dec
Akshat Raghuwanshi,India,Top Order Batter,25.75,1.0,1,66.0,1.1828,1,0,481.4,47.24,105.84,0.0,0.0,0.0,42.4987,0.7077,42.49,2030,H2,Jul-Dec
Aman Mokhade,India,Middle Order Batter,28.75,1.0,1,96.0,0.2971,0,0,566.25,41.49,98.91,0.0,0.0,0.0,38.5379,0.6813,38.55,2030,H2,Jul-Dec
Angkrish Raghuwanshi,India,Wicketkeeper,25.75,1.0,1,74.0,2.6714,1,0,753.32,70.67,123.21,0.0,0.0,0.0,59.3426,0.8317,57.39,2030,H2,Jul-Dec
Anshul Kamboj,India,Pace Bowler,29.75,1.0,1,92.0,-1.2672,0,1,39.27,8.38,70.91,14.82,6.04,0.0,21.8588,0.7227,21.81,2030,H2,Jul-Dec
Arshdeep Singh,India,Pace Bowler,31.75,1.0,1,133.0,-1.2114,0,1,45.95,8.87,60.34,24.24,5.7,0.0,25.4976,0.2296,25.44,2030,H2,Jul-Dec
Ashok Sharma,India,Pace Bowler,29.75,1.0,1,77.0,0.448,0,0,37.9,18.95,74.8,23.36,5.75,0.0,32.7631,0.6025,32.73,2030,H2,Jul-Dec
Atharva Taide,India,Top Order Batter,28.75,1.0,1,93.0,0.2251,0,0,552.44,39.44,93.35,0.0,0.0,0.0,36.5897,0.5043,36.69,2030,H2,Jul-Dec
Auqib Nabi,India,Bowling All-Rounder,29.75,1.0,1,69.0,0.755,1,0,397.76,36.11,84.55,23.33,6.36,0.0,45.1083,0.0188,44.93,2030,H2,Jul-Dec
Avesh Khan,India,Pace Bowler,33.75,1.0,1,122.0,-1.5949,0,1,29.52,13.35,65.36,13.56,6.27,0.0,23.3811,0.1826,23.38,2030,H2,Jul-Dec
Axar Patel,India,Bowling All-Rounder,36.75,0.65,1,194.4,-0.7269,0,1,416.53,37.64,79.93,10.34,6.16,0.0,39.224,0.0202,38.54,2030,H2,Jul-Dec
Ayush Mhatre,India,Top Order Batter,23.75,1.0,1,68.0,2.9733,1,0,777.59,64.14,131.37,16.35,4.1,0.0,66.0633,0.88,57.14,2030,H2,Jul-Dec
Brijesh Sharma,India,Pace Bowler,28.75,1.0,1,96.0,0.6321,1,0,19.99,53.73,38.86,21.42,6.72,0.0,47.4367,0.677,46.94,2030,H2,Jul-Dec
Devdutt Padikkal,India,Top Order Batter,30.75,1.0,1,105.0,0.039,0,0,542.72,41.87,97.52,0.0,0.0,0.0,38.5072,0.8916,38.55,2030,H2,Jul-Dec
Dhruv Jurel,India,Wicketkeeper,29.75,1.0,1,80.0,0.8529,1,0,453.53,46.2,103.0,0.0,0.0,0.0,41.4379,0.9078,41.41,2030,H2,Jul-Dec
Digvesh Rathi,India,Spin Bowler,30.75,1.0,1,74.0,0.3626,0,0,95.41,14.98,70.61,26.67,5.96,0.0,31.6548,0.7653,31.72,2030,H2,Jul-Dec
Gurnoor Brar,India,Pace Bowler,29.75,1.0,1,69.0,0.1687,0,0,55.3,14.4,74.4,23.73,5.34,0.0,30.3945,0.3532,30.4,2030,H2,Jul-Dec
Hardik Pandya,India,Batting All-Rounder,36.75,0.5625,1,196.0,-1.4176,0,1,290.06,34.35,76.44,4.47,7.37,0.0,33.354,0.013,33.36,2030,H2,Jul-Dec
Harsh Dubey,India,Bowling All-Rounder,28.75,1.0,1,86.0,0.7898,1,0,616.39,45.92,100.01,33.16,5.29,0.0,58.5848,0.0164,57.44,2030,H2,Jul-Dec
Harshit Rana,India,Pace Bowler,27.75,1.0,1,84.0,-0.1021,0,0,47.58,11.67,84.05,27.22,5.15,0.0,31.7334,0.3459,31.78,2030,H2,Jul-Dec
Ishan Kishan,India,Wicketkeeper,32.75,1.0,1,163.0,0.1316,0,0,612.46,41.51,90.31,0.0,0.0,0.0,37.6233,0.4604,37.64,2030,H2,Jul-Dec
Jasprit Bumrah,India,Pace Bowler,36.75,0.875,1,188.0,1.893,1,0,14.96,8.53,51.73,72.9,6.06,0.0,47.6505,0.9812,44.01,2030,H2,Jul-Dec
Jitesh Sharma,India,Wicketkeeper,36.75,0.7083,1,108.6667,0.2796,0,0,385.08,34.99,87.43,0.0,0.0,0.0,32.673,0.0909,33.44,2030,H2,Jul-Dec
KL Rahul,India,Wicketkeeper,38.75,0.25,1,164.2,-0.8516,0,1,188.06,33.94,75.46,0.0,0.0,0.0,29.8912,0.0052,30.41,2030,H2,Jul-Dec
KS Bharat,India,Wicketkeeper,36.75,0.125,1,46.0,0.1394,0,0,83.48,30.42,73.5,0.0,0.0,0.0,27.2287,0.0033,27.71,2030,H2,Jul-Dec
Kartik Sharma,India,Wicketkeeper,25.75,1.0,1,70.0,1.3296,1,0,561.35,53.32,124.58,0.0,0.0,0.0,48.6907,0.4639,48.59,2030,H2,Jul-Dec
Karun Nair,India,Top Order Batter,38.75,0.0625,1,84.0,-0.4225,0,0,130.22,36.79,74.72,0.0,0.0,0.0,31.2766,0.0112,31.76,2030,H2,Jul-Dec
Khaleel Ahmed,India,Pace Bowler,32.75,1.0,1,113.0,-1.1822,0,1,34.16,15.37,69.11,20.25,6.06,0.0,28.3488,0.2258,28.25,2030,H2,Jul-Dec
Kuldeep Yadav,India,Spin Bowler,35.75,0.125,1,149.0,-1.7942,0,1,20.23,9.99,64.46,7.17,5.15,0.0,18.4572,0.01,18.74,2030,H2,Jul-Dec
Kumar Kushagra,India,Wicketkeeper,25.75,1.0,1,76.0,0.9844,1,0,637.47,58.48,114.0,0.0,0.0,0.0,50.6433,0.4138,50.22,2030,H2,Jul-Dec
Manav Suthar,India,Spin Bowler,28.75,1.0,1,76.0,0.2155,0,0,203.08,26.94,87.2,30.93,4.85,0.0,43.5143,0.9605,43.57,2030,H2,Jul-Dec
Mangesh Yadav,India,Pace Bowler,27.75,1.0,1,81.0,0.277,0,0,83.65,18.96,83.13,28.55,5.34,0.0,36.6033,0.5715,36.52,2030,H2,Jul-Dec
Mayank Yadav,India,Pace Bowler,28.75,1.0,1,69.0,0.0713,0,0,24.36,11.12,74.58,22.17,5.12,0.0,27.6997,0.1749,27.57,2030,H2,Jul-Dec
Mohammed Shami,India,Pace Bowler,40.75,0.0,0,160.0,-1.4329,0,1,0.0,3.35,48.52,8.23,7.76,0.0,12.4487,0.0056,12.82,2030,H2,Jul-Dec
Mohammed Siraj,India,Pace Bowler,36.75,0.45,1,181.8,-2.0001,0,1,10.91,7.05,54.43,12.12,6.42,0.0,17.5169,0.0067,17.69,2030,H2,Jul-Dec
Mukesh Kumar,India,Pace Bowler,36.75,0.125,1,76.0,-1.2457,0,1,3.87,10.99,51.43,5.16,7.76,0.0,15.8198,0.0061,16.5,2030,H2,Jul-Dec
Nithish Kumar Reddy,India,Batting All-Rounder,27.75,1.0,1,73.0,1.8849,1,0,625.3,47.49,110.62,20.97,5.06,0.0,55.024,0.9185,54.16,2030,H2,Jul-Dec
Prabhsimran Singh,India,Wicketkeeper,30.75,1.0,1,113.0,0.8032,1,0,699.91,45.41,101.37,0.0,0.0,0.0,41.5956,0.5674,41.68,2030,H2,Jul-Dec
Prashant Veer,India,Batting All-Rounder,28.75,1.0,1,72.0,2.0276,1,0,529.69,49.46,104.38,16.01,6.15,0.0,52.3687,0.7488,52.6,2030,H2,Jul-Dec
Prasidh Krishna,India,Pace Bowler,34.75,0.85,1,122.0,-1.619,0,1,7.45,2.74,54.19,18.03,6.17,0.0,17.8694,0.0193,17.87,2030,H2,Jul-Dec
Prince Yadav,India,Pace Bowler,29.75,1.0,1,81.0,0.0246,0,0,37.22,11.49,69.29,26.19,6.01,0.0,29.0009,0.3397,28.87,2030,H2,Jul-Dec
Priyansh Arya,India,Top Order Batter,29.75,1.0,1,86.0,3.2305,1,0,1222.01,64.13,119.76,0.0,0.0,0.0,56.6428,0.8704,57.41,2030,H2,Jul-Dec
Rajat Patidar,India,Middle Order Batter,36.75,0.125,1,56.0,-0.1297,0,0,145.8,31.33,77.95,0.0,0.0,0.0,28.5312,0.8086,29.6,2030,H2,Jul-Dec
Ramandeep Singh,India,Batting All-Rounder,33.75,1.0,1,92.0,1.1133,1,0,500.47,43.56,97.18,17.65,6.86,0.0,48.5568,0.6872,48.64,2030,H2,Jul-Dec
Ravi Ashwin,India,Spin Bowler,43.75,0.0,0,190.0,-3.261,0,1,0.0,7.57,60.24,0.55,5.68,0.0,13.0704,0.0079,13.45,2030,H2,Jul-Dec
Ravi Bishnoi,India,Spin Bowler,30.75,1.0,1,128.0,-0.2805,0,0,65.11,16.28,75.02,29.79,5.22,0.0,34.5875,0.8002,34.59,2030,H2,Jul-Dec
Ravindra Jadeja,India,Bowling All-Rounder,41.75,0.0,0,210.0,-1.4028,0,1,90.01,31.58,76.49,3.42,6.1,0.0,30.7943,0.0027,30.81,2030,H2,Jul-Dec
Rinku Singh,India,Middle Order Batter,33.75,1.0,1,128.0,1.0572,1,0,605.17,44.27,101.84,0.0,0.0,0.0,40.6681,0.805,40.71,2030,H2,Jul-Dec
Rishabh Pant,India,Wicketkeeper,32.75,1.0,1,143.0,-0.3609,0,0,478.23,40.07,87.63,0.0,0.0,0.0,35.9913,0.2402,36.13,2030,H2,Jul-Dec
Riyan Parag,India,Batting All-Rounder,28.75,1.0,1,133.0,1.0461,1,0,915.65,49.32,113.69,21.03,5.67,0.0,57.3058,0.9053,57.37,2030,H2,Jul-Dec
Rohit Sharma,India,Top Order Batter,43.75,0.0,0,275.0,-1.4563,0,1,43.81,32.63,68.49,0.0,0.0,0.0,27.7625,0.0192,28.24,2030,H2,Jul-Dec
Ruturaj Gaikwad,India,Top Order Batter,33.75,1.0,1,128.0,1.4894,1,0,818.67,41.38,87.45,0.0,0.0,0.0,37.8788,0.6097,37.88,2030,H2,Jul-Dec
Sai Sudharsan,India,Top Order Batter,28.75,1.0,1,88.0,0.5815,1,0,918.4,55.61,106.87,0.0,0.0,0.0,49.0048,0.915,48.94,2030,H2,Jul-Dec
Sakib Hussain,India,Pace Bowler,25.75,1.0,1,66.0,0.1904,0,0,52.29,12.05,78.16,24.83,5.5,0.0,29.9661,0.3602,30.02,2030,H2,Jul-Dec
Salil Arora,India,Wicketkeeper,27.75,1.0,1,83.0,0.6122,1,0,484.43,46.16,99.97,0.0,0.0,0.0,41.1371,0.2437,41.18,2030,H2,Jul-Dec
Sanju Samson,India,Wicketkeeper,35.75,0.8125,1,155.5,0.273,0,0,594.75,41.67,89.18,0.0,0.0,0.0,37.5157,0.1479,37.09,2030,H2,Jul-Dec
Sarfaraz Khan,India,Middle Order Batter,32.75,1.0,1,93.0,0.1166,0,0,504.06,45.34,92.39,0.0,0.0,0.0,39.7687,0.558,39.89,2030,H2,Jul-Dec
Sarthak Ranjan,India,Middle Order Batter,27.75,1.0,1,62.0,1.8025,1,0,424.0,52.74,98.61,0.0,0.0,0.0,44.6244,0.7211,44.61,2030,H2,Jul-Dec
Shardul Thakur,India,Bowling All-Rounder,38.75,0.0,0,145.0,-0.844,0,1,145.41,29.84,76.47,4.89,6.92,0.0,30.5053,0.0015,30.31,2030,H2,Jul-Dec
Shivam Dube,India,Batting All-Rounder,37.75,0.5417,1,125.3333,-0.6292,0,1,354.76,36.57,84.9,1.09,7.54,0.0,34.2701,0.0107,34.91,2030,H2,Jul-Dec
Shreyas Iyer,India,Middle Order Batter,35.75,0.75,1,193.0,-0.3177,0,0,587.97,40.1,80.7,0.0,0.0,0.0,35.5055,0.2316,36.0,2030,H2,Jul-Dec
Shubman Gill,India,Top Order Batter,31.75,1.0,1,183.0,-0.8876,0,1,913.34,49.39,102.16,0.0,0.0,0.0,44.7459,0.7847,44.61,2030,H2,Jul-Dec
Suryakumar Yadav,India,Middle Order Batter,40.75,0.0,0,145.0,-0.3177,0,0,149.82,37.55,84.01,0.0,0.0,0.0,32.9563,0.0155,33.87,2030,H2,Jul-Dec
Suryansh Shedge,India,Batting All-Rounder,26.75,1.0,1,66.0,1.46,1,0,487.49,50.41,116.19,15.09,5.6,0.0,53.9586,0.6989,54.08,2030,H2,Jul-Dec
Tejasvi Dahiya,India,Wicketkeeper,26.75,1.0,1,67.0,0.9948,1,0,468.37,54.97,106.87,0.0,0.0,0.0,47.1203,0.4478,47.2,2030,H2,Jul-Dec
Tilak Varma,India,Top Order Batter,27.75,1.0,1,82.0,1.4039,1,0,843.41,57.85,107.29,0.0,0.0,0.0,50.1205,0.9043,50.21,2030,H2,Jul-Dec
Tushar Deshpande,India,Pace Bowler,35.75,0.625,1,89.0,-0.8291,0,1,20.35,12.28,59.93,10.25,7.64,0.0,20.1895,0.0126,20.44,2030,H2,Jul-Dec
Vaibhav Suryavanshi,India,Top Order Batter,19.75,1.0,1,56.0,4.4262,1,0,1619.06,59.29,129.05,0.0,0.0,0.0,76.3022,0.9801,57.04,2030,H2,Jul-Dec
Varun Chakravarthy,India,Spin Bowler,39.75,0.2083,1,101.6667,-0.3543,0,0,13.61,15.25,63.85,11.22,5.74,0.0,23.2417,0.0273,23.29,2030,H2,Jul-Dec
Virat Kohli,India,Top Order Batter,41.75,0.0,0,300.0,-0.4963,0,0,227.11,45.77,74.49,0.0,0.0,0.0,36.8417,0.0367,37.13,2030,H2,Jul-Dec
Washington Sundar,India,Bowling All-Rounder,30.75,1.0,1,120.0,0.1695,0,0,537.62,47.52,102.33,17.64,4.84,0.0,52.1647,0.0153,51.39,2030,H2,Jul-Dec
Yash Thakur,India,Pace Bowler,30.75,1.0,1,80.0,-0.1711,0,0,33.47,15.25,69.99,23.36,6.05,0.0,29.8991,0.766,30.02,2030,H2,Jul-Dec
Yashasvi Jaiswal,India,Top Order Batter,28.75,1.0,1,110.0,-0.2176,0,0,665.12,45.03,101.78,0.0,0.0,0.0,41.3075,0.5193,41.38,2030,H2,Jul-Dec
Adam Leckey,Ireland,Pace Bowler,25.75,1.0,1,58.0,1.502,1,0,66.63,20.16,86.69,27.95,5.11,0.0,37.4783,0.6454,37.37,2030,H2,Jul-Dec
Andrew Balbirnie,Ireland,Top Order Batter,39.75,0.0,0,210.0,-1.5995,0,1,90.69,25.45,72.73,0.0,0.0,0.0,24.2398,0.0233,24.15,2030,H2,Jul-Dec
Andy McBrine,Ireland,Bowling All-Rounder,37.75,0.45,1,135.8,0.1867,0,0,267.7,26.37,70.87,18.47,6.78,0.0,34.7944,0.0049,32.09,2030,H2,Jul-Dec
Barry McCarthy,Ireland,Pace Bowler,37.75,0.0,0,122.0,-1.214,0,1,18.49,14.2,60.51,7.92,7.74,0.0,20.2371,0.0128,20.48,2030,H2,Jul-Dec
Ben Calitz,Ireland,Middle Order Batter,29.75,1.0,1,76.0,1.5226,1,0,642.54,43.39,96.41,0.0,0.0,0.0,39.5943,0.809,39.55,2030,H2,Jul-Dec
Ben White,Ireland,Spin Bowler,31.75,1.0,1,109.0,-0.2932,0,0,61.69,15.39,72.07,33.91,5.64,0.0,35.5622,0.825,35.54,2030,H2,Jul-Dec
Cade Carmichael,Ireland,Middle Order Batter,28.75,1.0,1,86.0,1.6499,1,0,723.24,44.99,95.33,0.0,0.0,0.0,40.6679,0.9113,40.71,2030,H2,Jul-Dec
Chris de Freitas,Ireland,Top Order Batter,29.75,1.0,1,63.0,1.3176,1,0,346.82,35.54,92.17,0.0,0.0,0.0,33.4634,0.682,33.5,2030,H2,Jul-Dec
Cian Carmichael,Ireland,Top Order Batter,28.75,1.0,1,56.0,1.5431,1,0,279.68,39.05,92.2,0.0,0.0,0.0,35.3017,0.7849,35.43,2030,H2,Jul-Dec
Craig Young,Ireland,Pace Bowler,38.75,0.0,0,101.0,-0.6428,0,1,13.39,11.5,63.97,7.71,7.65,0.0,18.9817,0.0071,19.27,2030,H2,Jul-Dec
Curtis Campher,Ireland,Bowling All-Rounder,31.75,1.0,1,176.0,-0.2978,0,0,635.03,36.75,84.34,31.16,6.04,0.0,50.1258,0.0491,50.12,2030,H2,Jul-Dec
Fionn Hand,Ireland,Pace Bowler,32.75,1.0,1,127.0,-0.2212,0,0,68.08,12.98,70.69,31.94,6.24,0.0,32.8946,0.3935,32.85,2030,H2,Jul-Dec
Gareth Delany,Ireland,Batting All-Rounder,33.75,1.0,1,150.0,-0.3094,0,0,489.43,28.8,81.72,18.76,6.21,0.0,38.5838,0.3928,38.5,2030,H2,Jul-Dec
Gavin Hoey,Ireland,Spin Bowler,27.75,1.0,1,90.0,1.6008,1,0,310.11,38.84,99.95,38.99,4.75,0.0,56.4094,0.9738,57.38,2030,H2,Jul-Dec
Gavin Roulston,Ireland,Middle Order Batter,27.75,1.0,1,66.0,2.0579,1,0,419.26,47.49,95.19,0.0,0.0,0.0,41.098,0.8784,41.18,2030,H2,Jul-Dec
George Dockrell,Ireland,Batting All-Rounder,37.75,0.0833,1,166.6667,-0.9925,0,1,114.64,21.35,65.05,4.78,6.96,0.0,23.9241,0.0039,23.96,2030,H2,Jul-Dec
Graham Hume,Ireland,Pace Bowler,39.75,0.0,0,112.0,-0.914,0,1,15.35,12.79,65.59,8.21,7.18,0.0,20.2644,0.0094,20.41,2030,H2,Jul-Dec
Harry Tector,Ireland,Top Order Batter,30.75,1.0,1,195.0,0.4733,0,0,962.42,39.42,85.56,1.49,6.54,0.0,38.4294,0.7366,38.42,2030,H2,Jul-Dec
Jai Moondra,Ireland,Pace Bowler,27.75,1.0,1,65.0,1.2562,1,0,58.17,16.82,82.41,29.79,5.26,0.0,35.7979,0.555,35.79,2030,H2,Jul-Dec
Jake Egan,Ireland,Top Order Batter,26.75,1.0,1,62.0,1.8563,1,0,502.29,50.23,107.8,0.0,0.0,0.0,44.5697,0.8457,44.61,2030,H2,Jul-Dec
James West,Ireland,Top Order Batter,27.75,1.0,1,64.0,1.7561,1,0,452.87,45.28,99.77,0.0,0.0,0.0,40.4898,0.8731,40.48,2030,H2,Jul-Dec
Jordan Neill,Ireland,Pace Bowler,28.75,1.0,1,79.0,0.6817,1,0,61.6,13.54,81.11,31.08,5.34,0.0,34.3236,0.4375,34.27,2030,H2,Jul-Dec
Josh Little,Ireland,Pace Bowler,30.75,1.0,1,142.0,-0.6463,0,1,56.29,21.92,79.72,33.5,5.68,0.0,40.1279,0.8059,40.03,2030,H2,Jul-Dec
Liam McCarthy,Ireland,Pace Bowler,31.75,1.0,1,85.0,0.8579,1,0,69.43,15.4,73.17,33.05,5.95,0.0,35.2363,0.5145,35.18,2030,H2,Jul-Dec
Lorcan Tucker,Ireland,Wicketkeeper,34.75,1.0,1,150.0,0.5,0,0,697.77,31.71,79.91,0.0,0.0,0.0,30.8513,0.5909,31.0,2030,H2,Jul-Dec
Luke Murray,Ireland,Wicketkeeper,27.75,1.0,1,59.0,1.9319,1,0,391.34,42.77,93.91,0.0,0.0,0.0,38.0739,0.5524,38.17,2030,H2,Jul-Dec
Mark Adair,Ireland,Bowling All-Rounder,34.75,0.625,1,188.0,-2.7607,0,1,151.29,19.16,71.76,17.1,7.43,0.0,29.5105,0.0053,28.28,2030,H2,Jul-Dec
Matt Hollard,Ireland,Batting All-Rounder,27.75,1.0,1,67.0,2.1049,1,0,361.27,41.65,100.25,23.06,5.12,0.0,50.4032,0.8847,50.21,2030,H2,Jul-Dec
Matthew Foster,Ireland,Pace Bowler,30.75,1.0,1,76.0,0.8945,1,0,67.99,15.32,77.25,32.18,5.52,0.0,35.3863,0.5053,35.27,2030,H2,Jul-Dec
Matthew Humphreys,Ireland,Spin Bowler,27.75,1.0,1,93.0,0.2956,0,0,88.0,16.36,80.87,36.49,5.14,0.0,38.7254,0.9113,38.67,2030,H2,Jul-Dec
Morgan Topping,Ireland,Middle Order Batter,26.75,1.0,1,70.0,1.7408,1,0,586.47,46.38,106.72,0.0,0.0,0.0,42.4571,0.8888,42.49,2030,H2,Jul-Dec
Neil Rock,Ireland,Wicketkeeper,29.75,1.0,1,99.0,0.9481,1,0,434.96,34.97,86.22,0.0,0.0,0.0,32.6764,0.3773,32.71,2030,H2,Jul-Dec
Paul Stirling,Ireland,Batting All-Rounder,39.75,0.0,0,360.0,-4.0064,0,1,119.21,21.15,66.65,0.04,8.31,0.0,21.5233,0.002,22.13,2030,H2,Jul-Dec
Peter Moor,Ireland,Wicketkeeper,39.75,0.0,0,104.0,-0.7797,0,1,8.61,17.88,64.15,0.0,0.0,0.0,18.4439,0.005,18.83,2030,H2,Jul-Dec
Reuben Wilson,Ireland,Pace Bowler,25.75,1.0,1,69.0,1.8185,1,0,190.16,34.62,100.5,36.55,4.64,0.0,52.4579,0.9745,52.48,2030,H2,Jul-Dec
Ross Adair,Ireland,Middle Order Batter,35.75,0.8929,1,109.7143,0.9123,1,0,680.73,35.47,81.75,0.0,0.0,0.0,33.2318,0.364,32.73,2030,H2,Jul-Dec
Sam Topping,Ireland,Middle Order Batter,27.75,1.0,1,72.0,1.9326,1,0,585.86,48.74,103.99,0.0,0.0,0.0,43.4965,0.8607,43.61,2030,H2,Jul-Dec
Scott Macbeth,Ireland,Pace Bowler,29.75,1.0,1,60.0,1.2961,1,0,64.47,18.76,78.76,26.73,5.47,0.0,34.9506,0.5336,34.89,2030,H2,Jul-Dec
Seamus Lynch,Ireland,Wicketkeeper,28.75,1.0,1,69.0,1.7348,1,0,509.72,44.82,99.64,0.0,0.0,0.0,40.3941,0.5504,40.44,2030,H2,Jul-Dec
Sebastian Dijkstra,Ireland,Top Order Batter,26.75,1.0,1,55.0,1.571,1,0,351.5,44.01,105.45,0.0,0.0,0.0,40.1189,0.8705,40.2,2030,H2,Jul-Dec
Stephen Doheny,Ireland,Wicketkeeper,30.75,1.0,1,86.0,1.2326,1,0,623.96,40.43,93.75,0.0,0.0,0.0,37.4607,0.3202,37.53,2030,H2,Jul-Dec
Theo van Woerkom,Ireland,Pace Bowler,34.75,1.0,1,92.0,0.2844,0,0,55.3,12.75,67.85,22.74,6.85,0.0,27.7713,0.1279,27.7,2030,H2,Jul-Dec
Tim Tector,Ireland,Top Order Batter,27.75,1.0,1,79.0,1.649,1,0,589.87,40.28,93.02,0.0,0.0,0.0,37.1666,0.8844,37.29,2030,H2,Jul-Dec
Tom Mayes,Ireland,Pace Bowler,28.75,1.0,1,74.0,1.337,1,0,83.01,18.81,82.78,35.1,5.32,0.0,39.6555,0.7154,39.54,2030,H2,Jul-Dec
Adam Milne,New Zealand,Pace Bowler,38.75,0.0,0,205.0,-2.8034,0,1,9.39,12.96,67.88,3.88,7.23,0.0,18.5214,0.009,18.67,2030,H2,Jul-Dec
Adithya Ashok,New Zealand,Spin Bowler,27.75,1.0,1,72.0,0.5087,1,0,75.69,13.95,92.28,30.46,4.58,0.0,35.9789,0.8594,35.97,2030,H2,Jul-Dec
Ajaz Patel,New Zealand,Spin Bowler,41.75,0.0,0,87.0,-2.0677,0,1,0.03,5.8,59.86,0.45,5.45,0.0,11.9987,0.0184,12.39,2030,H2,Jul-Dec
Ben Lister,New Zealand,Pace Bowler,34.75,1.0,1,117.0,0.2277,0,0,64.44,16.17,72.66,35.44,6.42,0.0,36.6632,0.5646,36.52,2030,H2,Jul-Dec
Ben Sears,New Zealand,Pace Bowler,32.75,1.0,1,112.0,0.6359,1,0,52.72,16.58,79.82,43.42,5.69,0.0,41.8093,0.7781,41.64,2030,H2,Jul-Dec
Benjamin Jacobs,New Zealand,Middle Order Batter,28.75,1.0,1,63.0,1.6761,1,0,412.55,40.9,106.76,0.0,0.0,0.0,38.6634,0.8338,38.83,2030,H2,Jul-Dec
Bharat Popli,New Zealand,Middle Order Batter,38.75,0.0625,1,69.0,0.5639,1,0,147.11,26.83,74.23,0.0,0.0,0.0,25.4273,0.0276,24.92,2030,H2,Jul-Dec
Blair Tickner,New Zealand,Pace Bowler,36.75,0.0833,1,106.6667,-1.5604,0,1,9.6,11.44,70.02,6.33,7.32,0.0,19.0745,0.0098,19.29,2030,H2,Jul-Dec
Cole McConchie,New Zealand,Batting All-Rounder,34.75,1.0,1,129.0,0.2715,0,0,422.58,25.79,75.6,15.09,6.57,0.0,33.967,0.206,34.0,2030,H2,Jul-Dec
Curtis Heaphy,New Zealand,Batting All-Rounder,28.75,1.0,1,72.0,2.0963,1,0,562.63,40.14,97.98,23.26,4.99,0.0,50.0473,0.7693,49.58,2030,H2,Jul-Dec
Dane Cleaver,New Zealand,Wicketkeeper,37.75,0.0833,1,80.6667,0.313,0,0,130.22,26.98,76.95,0.0,0.0,0.0,25.8007,0.0041,25.6,2030,H2,Jul-Dec
Daryl Foxcroft,New Zealand,Batting All-Rounder,31.75,1.0,1,99.0,2.4655,1,0,715.97,42.6,90.08,22.72,5.72,0.0,50.532,0.8057,50.21,2030,H2,Jul-Dec
Daryl Mitchell,New Zealand,Batting All-Rounder,39.75,0.0,0,176.0,-2.0684,0,1,97.38,25.78,73.13,1.37,7.04,0.0,25.8119,0.0018,25.28,2030,H2,Jul-Dec
Devon Conway,New Zealand,Wicketkeeper,39.75,0.05,1,185.6,-1.1502,0,1,148.46,28.61,72.09,0.0,0.0,0.0,26.2072,0.0064,26.07,2030,H2,Jul-Dec
Finn Allen,New Zealand,Top Order Batter,31.75,1.0,1,208.0,-0.6176,0,1,897.24,37.85,103.47,0.0,0.0,0.0,38.0853,0.87,38.17,2030,H2,Jul-Dec
Fraser Sheat,New Zealand,Pace Bowler,28.75,1.0,1,73.0,1.0405,1,0,69.93,15.73,82.07,31.23,5.26,0.0,35.8543,0.5042,35.79,2030,H2,Jul-Dec
Glenn Phillips,New Zealand,Batting All-Rounder,34.75,1.0,1,248.0,-1.0925,0,1,786.34,31.22,88.65,16.99,6.23,0.0,41.0069,0.4768,40.92,2030,H2,Jul-Dec
Henry Nicholls,New Zealand,Top Order Batter,39.75,0.0,0,92.0,-0.8776,0,1,21.26,14.1,62.15,0.0,0.0,0.0,16.0169,0.0099,16.96,2030,H2,Jul-Dec
Ish Sodhi,New Zealand,Spin Bowler,37.75,0.0,0,190.0,-2.8436,0,1,2.29,9.13,61.79,2.62,6.05,0.0,15.102,0.0107,15.98,2030,H2,Jul-Dec
Jacob Cumming,New Zealand,Top Order Batter,28.75,1.0,1,69.0,1.4784,1,0,574.78,40.27,100.8,0.0,0.0,0.0,38.0883,0.811,38.17,2030,H2,Jul-Dec
Jacob Duffy,New Zealand,Pace Bowler,35.75,0.8125,1,108.5,0.5432,1,0,51.14,13.32,68.94,36.0,6.73,0.0,34.6895,0.2325,33.44,2030,H2,Jul-Dec
Jayden Lennox,New Zealand,Pace Bowler,28.75,1.0,1,59.0,1.3839,1,0,49.85,15.5,82.03,28.8,5.17,0.0,34.4952,0.5348,34.41,2030,H2,Jul-Dec
Jesse Tashkoff,New Zealand,Batting All-Rounder,31.75,1.0,1,77.0,1.8598,1,0,522.41,33.09,85.91,22.33,5.71,0.0,43.5918,0.5766,43.57,2030,H2,Jul-Dec
Jimmy Neesham,New Zealand,Bowling All-Rounder,39.75,0.0,0,225.0,-1.7394,0,1,73.08,20.31,71.24,4.49,7.62,0.0,23.7062,0.0019,23.86,2030,H2,Jul-Dec
Josh Clarkson,New Zealand,Batting All-Rounder,33.75,1.0,1,103.0,1.7262,1,0,657.6,32.65,85.7,21.23,5.97,0.0,43.1615,0.4613,43.08,2030,H2,Jul-Dec
Katene Clarke,New Zealand,Top Order Batter,29.75,1.0,1,75.0,1.2402,1,0,530.11,36.09,92.61,0.0,0.0,0.0,34.4561,0.6742,34.5,2030,H2,Jul-Dec
Kristian Clarke,New Zealand,Bowling All-Rounder,28.75,1.0,1,69.0,1.8875,1,0,477.38,33.79,91.67,24.81,5.32,0.0,45.8891,0.0228,45.94,2030,H2,Jul-Dec
Kyle Jamieson,New Zealand,Pace Bowler,35.75,0.625,1,117.0,-0.8741,0,1,39.34,10.06,64.36,17.35,7.04,0.0,23.0498,0.0128,23.49,2030,H2,Jul-Dec
Lachlan Stackpole,New Zealand,Top Order Batter,27.75,1.0,1,60.0,1.4015,1,0,396.94,38.88,99.68,0.0,0.0,0.0,36.5356,0.7819,36.56,2030,H2,Jul-Dec
Lockie Ferguson,New Zealand,Pace Bowler,39.75,0.0,0,137.0,-1.4864,0,1,8.03,11.44,68.97,5.77,7.02,0.0,18.7149,0.0082,18.9,2030,H2,Jul-Dec
Mark Chapman,New Zealand,Batting All-Rounder,35.75,0.85,1,175.0,-0.2326,0,0,529.71,30.33,81.49,10.53,6.63,0.0,35.5049,0.1026,35.68,2030,H2,Jul-Dec
Matt Bacon,New Zealand,Pace Bowler,35.75,0.75,1,71.0,0.4986,0,0,31.99,8.39,64.21,18.69,7.2,0.0,22.6503,0.0768,23.05,2030,H2,Jul-Dec
Matt Henry,New Zealand,Pace Bowler,38.75,0.0,0,151.0,-1.2645,0,1,9.49,9.59,68.75,7.13,6.88,0.0,18.2916,0.0117,18.67,2030,H2,Jul-Dec
Matthew Boyle,New Zealand,Top Order Batter,28.75,1.0,1,67.0,1.6778,1,0,487.28,42.05,99.34,0.0,0.0,0.0,38.6558,0.8626,38.83,2030,H2,Jul-Dec
Matthew Fisher,New Zealand,Pace Bowler,29.75,1.0,1,62.0,1.1376,1,0,45.35,12.66,81.55,30.16,5.19,0.0,33.4073,0.4145,33.39,2030,H2,Jul-Dec
Max Chu,New Zealand,Wicketkeeper,31.75,1.0,1,69.0,1.5857,1,0,469.53,40.33,94.93,0.0,0.0,0.0,37.0326,0.5062,37.15,2030,H2,Jul-Dec
Michael Bracewell,New Zealand,Batting All-Rounder,39.75,0.0,0,130.0,0.1999,0,0,158.69,30.65,75.11,6.93,6.52,0.0,31.92,0.0074,31.41,2030,H2,Jul-Dec
Michael Rae,New Zealand,Pace Bowler,35.75,0.85,1,78.0,0.3501,0,0,30.66,10.65,67.69,20.34,6.85,0.0,25.271,0.0781,25.02,2030,H2,Jul-Dec
Mitchell Hay,New Zealand,Wicketkeeper,34.75,1.0,1,100.0,1.5117,1,0,605.28,35.03,80.28,0.0,0.0,0.0,32.5358,0.4698,32.58,2030,H2,Jul-Dec
Mitchell Santner,New Zealand,Spin Bowler,38.75,0.0,0,235.0,-1.1665,0,1,118.81,26.13,73.76,8.51,5.65,0.0,29.9322,0.0471,28.33,2030,H2,Jul-Dec
Muhammad Abbas,New Zealand,Top Order Batter,29.75,1.0,1,50.0,0.2739,0,0,50.7,14.63,77.23,0.0,0.0,0.0,18.3227,0.159,18.88,2030,H2,Jul-Dec
Nathan Smith,New Zealand,Pace Bowler,31.75,1.0,1,108.0,0.9517,1,0,220.94,28.14,87.69,34.73,5.63,0.0,45.9424,0.8754,45.93,2030,H2,Jul-Dec
Nicholas Kelly,New Zealand,Middle Order Batter,34.75,1.0,1,82.0,1.3841,1,0,580.53,32.45,84.81,0.0,0.0,0.0,31.5085,0.4219,31.71,2030,H2,Jul-Dec
Rachin Ravindra,New Zealand,Batting All-Rounder,30.75,1.0,1,129.0,1.0588,1,0,997.15,43.76,96.73,26.42,5.2,0.0,54.9368,0.9171,54.16,2030,H2,Jul-Dec
Rhys Mariu,New Zealand,Middle Order Batter,28.75,1.0,1,81.0,1.4087,1,0,591.34,37.15,92.61,0.0,0.0,0.0,35.2833,0.7518,35.43,2030,H2,Jul-Dec
Rohit Gulati,New Zealand,Top Order Batter,28.75,1.0,1,58.0,1.2059,1,0,305.35,33.95,95.67,0.0,0.0,0.0,32.8315,0.5761,32.82,2030,H2,Jul-Dec
Simon Johnston,New Zealand,Top Order Batter,27.75,1.0,1,62.0,1.5606,1,0,348.58,41.48,97.68,0.0,0.0,0.0,37.6476,0.8703,37.8,2030,H2,Jul-Dec
Simon Keene,New Zealand,Pace Bowler,28.75,1.0,1,62.0,1.3373,1,0,63.7,18.54,80.97,27.28,5.18,0.0,35.4509,0.5309,35.4,2030,H2,Jul-Dec
Tim Pringle,New Zealand,Spin Bowler,26.75,1.0,1,77.0,1.9026,1,0,464.44,41.55,108.04,35.3,4.6,0.0,57.8009,0.974,57.39,2030,H2,Jul-Dec
Tim Robinson,New Zealand,Middle Order Batter,27.75,1.0,1,92.0,1.7045,1,0,992.54,48.38,108.1,0.0,0.0,0.0,45.1657,0.9493,45.22,2030,H2,Jul-Dec
Tim Seifert,New Zealand,Wicketkeeper,35.75,0.625,1,213.0,-0.1157,0,0,559.85,32.11,80.55,0.0,0.0,0.0,30.704,0.0967,31.24,2030,H2,Jul-Dec
Tim Southee,New Zealand,Pace Bowler,41.75,0.0,0,220.0,-3.6623,0,1,0.0,2.33,52.48,0.0,9.02,0.0,8.199,0.0032,8.3,2030,H2,Jul-Dec
Tom Blundell,New Zealand,Wicketkeeper,39.75,0.2083,1,79.6667,-0.1609,0,0,85.18,20.07,69.16,0.0,0.0,0.0,20.6156,0.0028,21.17,2030,H2,Jul-Dec
Tom Latham,New Zealand,Wicketkeeper,38.75,0.25,1,137.2,-0.754,0,1,87.47,21.44,71.34,0.0,0.0,0.0,21.7013,0.0053,22.25,2030,H2,Jul-Dec
Trent Boult,New Zealand,Pace Bowler,41.75,0.0,0,168.0,-3.6887,0,1,0.03,5.28,54.06,0.0,8.38,0.0,10.2007,0.0051,10.51,2030,H2,Jul-Dec
Will ORourke,New Zealand,Pace Bowler,29.75,1.0,1,90.0,1.0005,1,0,81.57,18.41,79.16,39.62,5.55,0.0,41.0894,0.7344,40.97,2030,H2,Jul-Dec
Will Young,New Zealand,Middle Order Batter,38.75,0.25,1,122.2,0.3119,0,0,198.11,26.68,70.61,0.0,0.0,0.0,25.0552,0.0272,24.7,2030,H2,Jul-Dec
Zak Foulkes,New Zealand,Pace Bowler,28.75,1.0,1,84.0,2.648,1,0,595.73,42.69,95.63,32.04,5.32,0.0,55.5167,0.9461,54.17,2030,H2,Jul-Dec
Zak Gibson,New Zealand,Pace Bowler,28.75,1.0,1,56.0,1.4059,1,0,48.56,15.1,80.01,27.07,5.35,0.0,33.1068,0.3292,33.11,2030,H2,Jul-Dec
Aamir Jamal,Pakistan,Bowling All-Rounder,34.75,1.0,1,100.0,-0.3155,0,0,323.0,31.14,85.87,16.12,6.18,0.0,38.6454,0.0063,38.79,2030,H2,Jul-Dec
Abbas Afridi,Pakistan,Pace Bowler,29.75,1.0,1,85.0,-1.6149,0,1,116.52,23.99,100.45,33.77,5.12,0.0,44.4457,0.5604,44.23,2030,H2,Jul-Dec
Abdul Faseeh,Pakistan,Middle Order Batter,27.75,1.0,1,45.0,1.3386,1,0,64.02,24.44,101.92,0.0,0.0,0.0,27.228,0.3788,27.49,2030,H2,Jul-Dec
Abdul Faseeh Jr,Pakistan,Middle Order Batter,27.75,1.0,1,46.0,0.7065,1,0,100.07,16.01,103.87,0.0,0.0,0.0,22.6476,0.2374,22.87,2030,H2,Jul-Dec
Abdul Samad,Pakistan,Middle Order Batter,28.75,1.0,1,105.0,-0.0361,0,0,783.62,46.78,110.96,0.0,0.0,0.0,43.8859,0.7843,43.97,2030,H2,Jul-Dec
Abdullah Fazal,Pakistan,Middle Order Batter,31.75,1.0,1,69.0,0.8042,1,0,335.99,44.72,100.7,0.0,0.0,0.0,39.8862,0.7402,39.96,2030,H2,Jul-Dec
Abdullah Shafique,Pakistan,Top Order Batter,30.75,1.0,1,129.0,-2.1327,0,1,591.66,45.89,90.29,0.0,0.0,0.0,40.1211,0.8736,40.2,2030,H2,Jul-Dec
Abrar Ahmed,Pakistan,Spin Bowler,31.75,1.0,1,99.0,-3.1001,0,1,185.43,26.03,93.39,43.5,4.64,0.0,49.8823,0.8905,49.47,2030,H2,Jul-Dec
Ahmed Daniyal,Pakistan,Pace Bowler,33.75,1.0,1,73.0,-0.4139,0,0,154.15,19.45,90.53,30.85,6.17,0.0,38.9604,0.4788,38.86,2030,H2,Jul-Dec
Akif Javed,Pakistan,Pace Bowler,35.75,0.625,1,77.0,-1.04,0,1,83.73,17.67,79.06,19.76,7.12,0.0,30.669,0.0229,28.62,2030,H2,Jul-Dec
Ali Raza,Pakistan,Pace Bowler,24.75,1.0,1,57.0,3.2668,1,0,238.16,33.65,132.56,62.95,4.72,0.0,68.8686,0.975,57.26,2030,H2,Jul-Dec
Ali Usman,Pakistan,Spin Bowler,39.75,0.05,1,43.6,-0.6145,0,1,32.18,13.52,73.17,9.35,5.68,0.0,22.5683,0.0117,22.83,2030,H2,Jul-Dec
Arafat Minhas,Pakistan,Bowling All-Rounder,26.75,1.0,1,76.0,1.2588,1,0,539.52,52.29,109.02,25.85,4.59,0.0,59.8932,0.0148,57.39,2030,H2,Jul-Dec
Asif Afridi,Pakistan,Spin Bowler,43.75,0.0,0,51.0,-2.2689,0,1,16.92,10.43,66.23,6.05,5.84,0.0,18.1881,0.023,18.58,2030,H2,Jul-Dec
Awais Zafar,Pakistan,Middle Order Batter,35.75,0.875,1,77.0,0.2452,0,0,352.41,34.15,85.83,0.0,0.0,0.0,31.8694,0.2073,31.7,2030,H2,Jul-Dec
Azam Khan,Pakistan,Wicketkeeper,31.75,1.0,1,95.0,-0.3443,0,0,699.6,35.34,113.1,0.0,0.0,0.0,37.1606,0.25,37.29,2030,H2,Jul-Dec
Azan Awais,Pakistan,Middle Order Batter,26.75,1.0,1,67.0,1.9917,1,0,716.47,63.48,123.02,0.0,0.0,0.0,54.9762,0.9692,54.21,2030,H2,Jul-Dec
Babar Azam,Pakistan,Top Order Batter,35.75,0.65,1,198.4,-4.4918,0,1,427.91,36.67,79.81,0.0,0.0,0.0,32.8443,0.1272,33.63,2030,H2,Jul-Dec
Faheem Ashraf,Pakistan,Bowling All-Rounder,36.75,0.0,0,94.0,-3.2527,0,1,149.61,29.39,87.64,10.29,6.14,0.0,34.4379,0.0021,33.56,2030,H2,Jul-Dec
Faisal Akram,Pakistan,Spin Bowler,27.75,1.0,1,71.0,0.0897,0,0,153.14,21.98,98.72,41.72,4.49,0.0,47.2647,0.8232,47.12,2030,H2,Jul-Dec
Fakhar Zaman,Pakistan,Top Order Batter,40.75,0.0,0,143.0,-4.7932,0,1,90.7,31.79,88.0,0.0,0.0,0.0,29.88,0.0145,30.23,2030,H2,Jul-Dec
Ghazi Ghori,Pakistan,Wicketkeeper,26.75,1.0,1,64.0,1.8661,1,0,539.3,50.5,114.84,0.0,0.0,0.0,45.7374,0.3688,45.67,2030,H2,Jul-Dec
Haris Rauf,Pakistan,Pace Bowler,36.75,0.0,0,109.0,-6.1124,0,1,18.36,11.61,83.68,9.65,6.6,0.0,22.6599,0.0101,22.83,2030,H2,Jul-Dec
Hasan Ali,Pakistan,Pace Bowler,35.75,0.125,1,130.0,-6.69,0,1,100.0,15.04,81.48,13.98,6.79,0.0,26.7361,0.0109,26.33,2030,H2,Jul-Dec
Haseebullah Khan,Pakistan,Wicketkeeper,26.75,1.0,1,72.0,1.7595,1,0,811.36,59.79,126.61,0.0,0.0,0.0,53.5806,0.777,54.22,2030,H2,Jul-Dec
Hassan Nawaz,Pakistan,Middle Order Batter,26.75,1.0,1,66.0,3.0248,1,0,1007.81,70.32,135.33,0.0,0.0,0.0,61.5144,0.9893,57.42,2030,H2,Jul-Dec
Hussain Talat,Pakistan,Batting All-Rounder,34.75,1.0,1,113.0,-0.3581,0,0,554.59,36.53,90.01,20.9,6.02,0.0,45.4627,0.3578,45.46,2030,H2,Jul-Dec
Iftikhar Ahmed,Pakistan,Batting All-Rounder,39.75,0.0,0,129.0,-3.9999,0,1,143.84,31.67,80.74,5.83,6.12,0.0,32.7277,0.007,32.36,2030,H2,Jul-Dec
Imad Wasim,Pakistan,Bowling All-Rounder,41.75,0.0,0,166.0,-9.8614,0,1,0.0,18.37,72.01,0.0,6.64,0.0,20.4041,0.0011,20.77,2030,H2,Jul-Dec
Imam-ul-Haq,Pakistan,Top Order Batter,34.75,0.625,1,114.0,-2.7301,0,1,198.0,37.47,80.04,0.0,0.0,0.0,32.5717,0.0787,33.35,2030,H2,Jul-Dec
Irfan Khan,Pakistan,Top Order Batter,28.75,1.0,1,81.0,1.9012,1,0,735.93,58.11,108.02,0.0,0.0,0.0,50.0045,0.9218,49.59,2030,H2,Jul-Dec
Jahandad Khan,Pakistan,Bowling All-Rounder,27.75,1.0,1,69.0,3.075,1,0,662.55,59.28,122.98,40.91,4.72,0.0,73.4241,0.0402,57.57,2030,H2,Jul-Dec
Kamran Ghulam,Pakistan,Middle Order Batter,34.75,1.0,1,99.0,0.409,0,0,554.67,39.35,81.72,0.0,0.0,0.0,35.082,0.4382,35.23,2030,H2,Jul-Dec
Kashif Ali,Pakistan,Pace Bowler,28.75,1.0,1,68.0,0.5927,1,0,169.87,21.34,100.72,36.69,5.39,0.0,44.4383,0.6812,44.37,2030,H2,Jul-Dec
Khawaja Nafay,Pakistan,Wicketkeeper,28.75,1.0,1,76.0,2.2118,1,0,994.73,56.03,114.79,0.0,0.0,0.0,50.503,0.8238,50.21,2030,H2,Jul-Dec
Khurram Shahzad,Pakistan,Pace Bowler,35.75,0.875,1,86.0,-0.4063,0,0,119.22,18.06,83.14,29.71,6.83,0.0,36.4118,0.0966,35.0,2030,H2,Jul-Dec
Khushdil Shah,Pakistan,Batting All-Rounder,35.75,0.7083,1,122.6667,-1.7074,0,1,527.39,35.65,86.17,22.5,6.48,0.0,45.049,0.0797,41.51,2030,H2,Jul-Dec
Maaz Sadaqat,Pakistan,Batting All-Rounder,25.75,1.0,1,63.0,3.4321,1,0,777.23,68.05,125.6,25.54,4.7,0.0,71.8286,0.9723,57.62,2030,H2,Jul-Dec
Mir Hamza,Pakistan,Pace Bowler,37.75,0.45,1,58.8,-1.0573,0,1,29.86,8.07,70.99,13.77,7.11,0.0,20.9338,0.0074,21.11,2030,H2,Jul-Dec
Mohammad Abbas,Pakistan,Pace Bowler,40.75,0.0,0,37.0,-0.9006,0,1,11.62,6.1,65.06,5.61,7.33,0.0,14.9731,0.0071,15.57,2030,H2,Jul-Dec
Mohammad Ali,Pakistan,Pace Bowler,36.75,0.65,1,80.4,-0.6481,0,1,91.52,15.16,81.74,26.39,6.89,0.0,32.8184,0.0258,30.24,2030,H2,Jul-Dec
Mohammad Amir,Pakistan,Pace Bowler,38.75,0.0,0,94.0,-5.6365,0,1,7.24,8.77,65.04,0.54,7.59,0.0,14.021,0.0127,14.42,2030,H2,Jul-Dec
Mohammad Faiq,Pakistan,Top Order Batter,27.75,1.0,1,59.0,2.6175,1,0,547.94,64.84,125.57,0.0,0.0,0.0,55.5298,0.9499,54.17,2030,H2,Jul-Dec
Mohammad Haris,Pakistan,Wicketkeeper,29.75,1.0,1,100.0,1.2055,1,0,820.39,50.44,114.34,0.0,0.0,0.0,46.5818,0.5056,46.62,2030,H2,Jul-Dec
Mohammad Hasnain,Pakistan,Pace Bowler,30.75,1.0,1,119.0,-2.4027,0,1,103.94,15.21,98.52,46.73,5.34,0.0,45.2336,0.6634,44.99,2030,H2,Jul-Dec
Mohammad Huraira,Pakistan,Top Order Batter,28.75,1.0,1,80.0,1.77,1,0,862.95,54.71,112.6,0.0,0.0,0.0,49.0112,0.8855,48.94,2030,H2,Jul-Dec
Mohammad Nawaz,Pakistan,Bowling All-Rounder,36.75,0.3125,1,144.5,-4.4159,0,1,251.6,29.45,83.04,21.67,5.73,0.0,39.8614,0.004,37.64,2030,H2,Jul-Dec
Mohammad Rizwan,Pakistan,Wicketkeeper,38.75,0.05,1,139.6,-2.6697,0,1,213.76,39.23,79.83,0.0,0.0,0.0,33.6309,0.011,34.64,2030,H2,Jul-Dec
Mohammad Wasim,Pakistan,Pace Bowler,29.75,1.0,1,101.0,-1.7049,0,1,150.08,15.29,103.99,42.37,4.95,0.0,44.1313,0.4916,43.91,2030,H2,Jul-Dec
Mubasir Khan,Pakistan,Bowling All-Rounder,28.75,1.0,1,86.0,1.5054,1,0,699.85,52.44,117.32,36.67,4.8,0.0,66.7352,0.0183,57.49,2030,H2,Jul-Dec
Naseem Shah,Pakistan,Pace Bowler,27.75,1.0,1,104.0,-1.3674,0,1,130.76,16.5,98.03,41.89,5.04,0.0,43.7634,0.5595,43.56,2030,H2,Jul-Dec
Noman Ali,Pakistan,Spin Bowler,44.75,0.0,0,31.0,-0.7494,0,1,10.1,7.33,68.3,6.87,5.52,0.0,17.089,0.0148,17.51,2030,H2,Jul-Dec
Omair Yousuf,Pakistan,Middle Order Batter,32.75,1.0,1,89.0,0.6701,1,0,549.02,37.2,92.9,0.0,0.0,0.0,35.2072,0.5649,35.34,2030,H2,Jul-Dec
Qasim Akram,Pakistan,Batting All-Rounder,27.75,1.0,1,91.0,1.8237,1,0,580.33,53.77,116.83,24.66,4.85,0.0,61.2034,0.7354,57.42,2030,H2,Jul-Dec
Saad Masood,Pakistan,Top Order Batter,28.75,1.0,1,61.0,2.6207,1,0,634.6,58.81,120.76,0.0,0.0,0.0,51.6773,0.8856,51.46,2030,H2,Jul-Dec
Sahibzada Farhan,Pakistan,Wicketkeeper,34.75,1.0,1,142.0,-0.2614,0,0,1023.66,45.99,94.13,0.0,0.0,0.0,42.1111,0.4492,42.27,2030,H2,Jul-Dec
Saim Ayub,Pakistan,Batting All-Rounder,28.75,1.0,1,110.0,0.0838,0,0,1064.46,53.72,113.75,29.0,5.05,0.0,64.448,0.6848,57.51,2030,H2,Jul-Dec
Sajid Khan,Pakistan,Spin Bowler,37.75,0.0625,1,50.0,-1.6044,0,1,28.94,11.34,73.1,10.7,5.43,0.0,21.9939,0.013,22.18,2030,H2,Jul-Dec
Salman Ali Agha,Pakistan,Batting All-Rounder,36.75,0.3125,1,116.5,-2.2557,0,1,427.35,40.8,91.87,11.2,5.36,0.0,43.2393,0.015,41.18,2030,H2,Jul-Dec
Salman Mirza,Pakistan,Pace Bowler,33.75,1.0,1,69.0,0.8651,1,0,138.74,17.05,92.96,34.79,5.81,0.0,39.8045,0.6654,39.89,2030,H2,Jul-Dec
Saud Shakeel,Pakistan,Top Order Batter,35.75,0.625,1,88.0,0.506,1,0,513.37,46.63,82.25,0.0,0.0,0.0,39.2819,0.0726,39.01,2030,H2,Jul-Dec
Shadab Khan,Pakistan,Bowling All-Rounder,32.75,1.0,1,175.0,-4.4196,0,1,717.43,37.29,96.93,52.5,5.35,0.0,62.8453,0.0587,57.53,2030,H2,Jul-Dec
Shaheen Afridi,Pakistan,Pace Bowler,30.75,1.0,1,146.0,-5.4713,0,1,98.54,11.25,87.51,54.75,5.03,0.0,45.4998,0.7921,45.27,2030,H2,Jul-Dec
Shahzaib Khan,Pakistan,Middle Order Batter,28.75,1.0,1,63.0,2.4534,1,0,625.55,59.27,125.16,0.0,0.0,0.0,52.4701,0.9299,52.68,2030,H2,Jul-Dec
Shamyl Hussain,Pakistan,Middle Order Batter,25.75,1.0,1,62.0,3.9117,1,0,946.84,65.89,130.02,0.0,0.0,0.0,58.0429,0.9854,57.4,2030,H2,Jul-Dec
Shan Masood,Pakistan,Top Order Batter,40.75,0.0,0,75.0,-0.428,0,0,101.69,30.53,77.62,0.0,0.0,0.0,27.8723,0.0238,28.25,2030,H2,Jul-Dec
Sufiyan Muqeem,Pakistan,Spin Bowler,29.75,1.0,1,73.0,1.301,1,0,197.61,26.16,100.99,54.41,4.54,0.0,56.2929,0.9447,57.58,2030,H2,Jul-Dec
Tayyab Tahir,Pakistan,Middle Order Batter,36.75,0.5625,1,97.0,0.733,1,0,501.49,46.39,90.92,0.14,6.1,0.0,41.0858,0.0469,40.28,2030,H2,Jul-Dec
Ubaid Shah,Pakistan,Pace Bowler,25.75,1.0,1,65.0,1.567,1,0,180.77,22.54,110.94,42.8,5.02,0.0,49.547,0.8366,49.47,2030,H2,Jul-Dec
Usama Mir,Pakistan,Spin Bowler,34.75,1.0,1,94.0,-0.7556,0,1,245.22,23.62,89.95,39.4,5.21,0.0,46.045,0.7555,45.93,2030,H2,Jul-Dec
Usman Khan,Pakistan,Wicketkeeper,34.75,1.0,1,107.0,0.9113,1,0,907.99,45.85,99.42,0.0,0.0,0.0,42.3062,0.3185,42.27,2030,H2,Jul-Dec
Usman Tariq,Pakistan,Spin Bowler,31.75,1.0,1,70.0,1.5712,1,0,227.72,22.77,107.91,50.05,4.46,0.0,53.1913,0.9425,52.49,2030,H2,Jul-Dec
Yasir Khan,Pakistan,Top Order Batter,27.75,1.0,1,67.0,2.5914,1,0,801.83,61.21,124.96,0.0,0.0,0.0,54.1744,0.9583,54.22,2030,H2,Jul-Dec
Zahid Mahmood,Pakistan,Pace Bowler,42.75,0.0,0,49.0,-1.0963,0,1,21.09,8.77,75.38,7.18,7.68,0.0,18.5786,0.0048,18.93,2030,H2,Jul-Dec
Zaman Khan,Pakistan,Pace Bowler,28.75,1.0,1,92.0,-0.0384,0,0,152.04,20.27,101.06,47.53,5.46,0.0,49.0367,0.5296,48.85,2030,H2,Jul-Dec
Aiden Markram,South Africa,Top Order Batter,35.75,0.125,1,194.0,-4.6912,0,1,211.48,33.85,83.39,3.32,6.14,0.0,33.3436,0.0168,33.45,2030,H2,Jul-Dec
Alfred Mothoa,South Africa,Pace Bowler,28.75,1.0,1,65.0,1.4454,1,0,109.33,17.25,107.95,28.99,5.47,0.0,38.9826,0.645,38.78,2030,H2,Jul-Dec
Andile Phehlukwayo,South Africa,Bowling All-Rounder,34.75,0.85,1,197.0,-5.8708,0,1,208.5,22.88,84.47,11.36,6.5,0.0,30.8598,0.0096,30.48,2030,H2,Jul-Dec
Andile Simelane,South Africa,Bowling All-Rounder,26.75,1.0,1,81.0,0.396,0,0,259.53,33.11,114.65,16.79,4.89,0.0,43.8953,0.0135,43.89,2030,H2,Jul-Dec
Anrich Nortje,South Africa,Pace Bowler,36.75,0.3125,1,126.5,-3.4491,0,1,14.54,11.53,101.18,9.48,6.12,0.0,24.8189,0.0054,24.72,2030,H2,Jul-Dec
Beyers Swanepoel,South Africa,Pace Bowler,29.75,1.0,1,77.0,0.8479,1,0,155.15,20.98,113.78,32.69,4.92,0.0,44.0282,0.7776,43.92,2030,H2,Jul-Dec
Bjorn Fortuin,South Africa,Spin Bowler,35.75,0.4167,1,127.3333,-3.9407,0,1,32.92,11.45,85.87,9.97,5.4,0.0,23.3316,0.0265,23.47,2030,H2,Jul-Dec
Clyde Fortuin,South Africa,Wicketkeeper,34.75,1.0,1,125.0,-0.2078,0,0,253.02,28.67,89.26,0.0,0.0,0.0,28.7519,0.106,29.25,2030,H2,Jul-Dec
Codi Yusuf,South Africa,Pace Bowler,28.75,1.0,1,74.0,0.6996,1,0,87.31,15.32,112.99,26.75,5.4,0.0,37.3425,0.6311,37.26,2030,H2,Jul-Dec
Connor Esterhuizen,South Africa,Wicketkeeper,25.75,1.0,1,66.0,4.1917,1,0,832.14,71.22,114.02,0.0,0.0,0.0,58.774,0.815,57.39,2030,H2,Jul-Dec
Corbin Bosch,South Africa,Bowling All-Rounder,35.75,0.875,1,131.0,-0.4491,0,0,607.61,37.68,89.26,14.91,6.25,0.0,43.2605,0.005,41.3,2030,H2,Jul-Dec
Dane Paterson,South Africa,Pace Bowler,39.75,0.0,0,98.0,-3.3207,0,1,7.45,7.84,89.04,3.9,6.58,0.0,18.297,0.0062,18.61,2030,H2,Jul-Dec
Dane Piedt,South Africa,Spin Bowler,40.75,0.0,0,72.0,-2.2967,0,1,10.74,9.5,82.91,4.25,5.38,0.0,18.9693,0.0147,19.34,2030,H2,Jul-Dec
Daniel Smith,South Africa,Wicketkeeper,29.75,1.0,1,83.0,2.9094,1,0,645.36,57.83,114.45,0.0,0.0,0.0,50.345,0.4892,50.22,2030,H2,Jul-Dec
David Bedingham,South Africa,Middle Order Batter,36.75,0.7083,1,101.6667,0.6258,1,0,360.33,37.62,89.75,0.0,0.0,0.0,34.4249,0.1593,35.01,2030,H2,Jul-Dec
David Miller,South Africa,Middle Order Batter,41.75,0.0,0,275.0,-5.5557,0,1,11.05,30.57,88.01,0.0,0.0,0.0,28.8983,0.0113,29.66,2030,H2,Jul-Dec
Dayyaan Galiem,South Africa,Bowling All-Rounder,32.75,1.0,1,93.0,-0.4328,0,0,302.51,30.94,104.01,12.17,5.39,0.0,39.0238,0.0076,39.01,2030,H2,Jul-Dec
Delano Potgieter,South Africa,Bowling All-Rounder,33.75,1.0,1,96.0,0.657,1,0,448.48,38.37,103.93,21.73,5.63,0.0,48.4376,0.0121,48.63,2030,H2,Jul-Dec
Dewald Brevis,South Africa,Middle Order Batter,27.75,1.0,1,143.0,2.9913,1,0,1683.28,57.28,119.14,12.06,5.28,0.0,60.9908,0.9662,57.49,2030,H2,Jul-Dec
Dian Forrester,South Africa,Batting All-Rounder,30.75,1.0,1,69.0,4.2028,1,0,990.75,49.93,110.44,13.38,5.65,0.0,53.7977,0.9053,54.17,2030,H2,Jul-Dec
Donovan Ferreira,South Africa,Batting All-Rounder,32.75,1.0,1,131.0,-1.0287,0,1,618.16,38.46,100.42,11.73,5.99,0.0,43.6717,0.5368,43.61,2030,H2,Jul-Dec
Eathan Bosch,South Africa,Pace Bowler,32.75,1.0,1,114.0,-2.2423,0,1,59.97,12.08,98.74,16.18,5.72,0.0,28.3376,0.0592,28.28,2030,H2,Jul-Dec
Gavin Kaplan,South Africa,Top Order Batter,32.75,1.0,1,72.0,3.8924,1,0,744.93,59.28,118.79,0.0,0.0,0.0,52.0753,0.9376,51.45,2030,H2,Jul-Dec
George Linde,South Africa,Bowling All-Rounder,38.75,0.0,0,127.0,-4.6609,0,1,65.33,22.91,83.96,5.39,5.61,0.0,27.6418,0.0019,26.94,2030,H2,Jul-Dec
Gerald Coetzee,South Africa,Pace Bowler,29.75,1.0,1,120.0,-1.5111,0,1,51.97,13.09,104.19,28.93,5.25,0.0,35.9125,0.4381,35.97,2030,H2,Jul-Dec
Gideon Peters,South Africa,Pace Bowler,28.75,1.0,1,72.0,0.9374,1,0,114.14,16.34,112.84,29.78,5.11,0.0,39.5727,0.7516,39.4,2030,H2,Jul-Dec
Heinrich Klaasen,South Africa,Wicketkeeper,39.75,0.0,0,225.0,-3.4191,0,1,158.22,43.03,101.73,0.0,0.0,0.0,38.428,0.0062,38.56,2030,H2,Jul-Dec
Jason Smith,South Africa,Batting All-Rounder,35.75,0.8125,1,108.5,0.4218,0,0,393.66,40.1,92.51,10.65,6.22,0.0,42.3098,0.105,41.31,2030,H2,Jul-Dec
Jordan Hermann,South Africa,Top Order Batter,28.75,1.0,1,81.0,3.9414,1,0,888.91,69.1,126.01,0.0,0.0,0.0,59.228,0.9766,57.42,2030,H2,Jul-Dec
Junaid Dawood,South Africa,Spin Bowler,28.75,1.0,1,67.0,1.0573,1,0,107.44,17.82,108.27,27.94,4.72,0.0,39.088,0.8913,38.89,2030,H2,Jul-Dec
Junior Dala,South Africa,Pace Bowler,40.75,0.0,0,95.0,-3.8199,0,1,7.16,8.95,82.59,1.92,7.86,0.0,16.9647,0.0054,17.63,2030,H2,Jul-Dec
Kagiso Rabada,South Africa,Pace Bowler,35.75,0.5625,1,216.0,-6.9449,0,1,27.75,9.91,90.19,15.31,5.93,0.0,25.4061,0.0163,24.96,2030,H2,Jul-Dec
Keshav Maharaj,South Africa,Spin Bowler,40.75,0.0,0,152.0,-5.6797,0,1,30.75,17.28,86.52,5.2,4.95,0.0,24.6539,0.0245,24.52,2030,H2,Jul-Dec
Kwena Maphaka,South Africa,Pace Bowler,24.75,1.0,1,92.0,0.3083,0,0,177.08,26.07,130.42,37.71,4.4,0.0,51.8223,0.8601,51.26,2030,H2,Jul-Dec
Kyle Simmonds,South Africa,Spin Bowler,31.75,1.0,1,86.0,-0.1165,0,0,124.71,17.17,101.47,28.37,4.72,0.0,38.1183,0.7597,38.11,2030,H2,Jul-Dec
Kyle Verreynne,South Africa,Wicketkeeper,32.75,1.0,1,123.0,0.0833,0,0,414.96,43.08,104.12,0.0,0.0,0.0,39.6187,0.4327,39.66,2030,H2,Jul-Dec
Lesego Senokwane,South Africa,Top Order Batter,31.75,1.0,1,86.0,1.6623,1,0,473.01,46.54,106.73,0.0,0.0,0.0,42.1718,0.833,42.27,2030,H2,Jul-Dec
Lesiba Ngoepe,South Africa,Middle Order Batter,34.75,1.0,1,86.0,1.1313,1,0,355.03,36.42,100.23,0.0,0.0,0.0,35.0208,0.5996,35.11,2030,H2,Jul-Dec
Lhuan-dre Pretorius,South Africa,Wicketkeeper,24.75,1.0,1,85.0,5.2704,1,0,1493.71,68.48,138.0,0.0,0.0,0.0,62.3997,0.9456,57.04,2030,H2,Jul-Dec
Lizaad Williams,South Africa,Pace Bowler,36.75,0.3125,1,102.5,-2.546,0,1,16.32,8.67,82.14,7.62,7.17,0.0,19.6462,0.0057,19.86,2030,H2,Jul-Dec
Lungi Ngidi,South Africa,Pace Bowler,34.75,0.8125,1,167.5,-3.5797,0,1,48.7,12.88,90.12,22.97,6.23,0.0,30.8607,0.0936,30.13,2030,H2,Jul-Dec
Lutho Sipamla,South Africa,Pace Bowler,32.75,1.0,1,117.0,-2.0847,0,1,45.62,13.56,104.53,15.59,5.53,0.0,29.6504,0.1229,29.58,2030,H2,Jul-Dec
Marco Jansen,South Africa,Bowling All-Rounder,30.75,1.0,1,170.0,-4.5021,0,1,389.32,37.97,110.13,22.41,4.88,0.0,49.3463,0.0314,49.57,2030,H2,Jul-Dec
Matthew Boast,South Africa,Pace Bowler,29.75,1.0,1,69.0,0.8971,1,0,101.2,15.82,109.59,25.68,5.48,0.0,36.7125,0.6066,36.64,2030,H2,Jul-Dec
Matthew Breetzke,South Africa,Top Order Batter,31.75,1.0,1,140.0,1.1938,1,0,769.52,46.82,109.99,0.0,0.0,0.0,43.7402,0.8426,43.61,2030,H2,Jul-Dec
Meeka-eel Prince,South Africa,Wicketkeeper,25.75,1.0,1,76.0,3.0889,1,0,560.6,62.25,119.8,0.0,0.0,0.0,53.327,0.6222,52.66,2030,H2,Jul-Dec
Mihlali Mpongwana,South Africa,Pace Bowler,30.75,1.0,1,90.0,-0.4075,0,0,64.29,13.95,103.3,25.83,5.47,0.0,34.7762,0.3913,34.72,2030,H2,Jul-Dec
Nandre Burger,South Africa,Pace Bowler,35.75,0.625,1,86.0,-0.6872,0,1,35.75,14.06,97.37,17.63,6.23,0.0,29.8283,0.0158,28.11,2030,H2,Jul-Dec
Nqaba Peter,South Africa,Spin Bowler,29.75,1.0,1,89.0,0.4825,0,0,132.33,21.12,103.24,35.14,4.7,0.0,43.9791,0.899,43.91,2030,H2,Jul-Dec
Nqobani Mokoena,South Africa,Pace Bowler,24.75,1.0,1,67.0,5.4474,1,0,357.76,36.53,133.1,66.54,4.27,0.0,72.9603,0.9738,57.25,2030,H2,Jul-Dec
Ottneil Baartman,South Africa,Pace Bowler,37.75,0.0625,1,75.0,-1.8824,0,1,12.71,10.02,86.24,6.02,6.7,0.0,20.248,0.0071,20.45,2030,H2,Jul-Dec
Patrick Kruger,South Africa,Bowling All-Rounder,34.75,1.0,1,106.0,-0.148,0,0,337.81,33.94,93.99,17.26,6.13,0.0,41.9238,0.0039,41.8,2030,H2,Jul-Dec
Prenelan Subrayen,South Africa,Spin Bowler,36.75,0.5417,1,91.3333,-1.6344,0,1,95.36,20.59,88.14,16.66,5.17,0.0,32.5079,0.0857,29.96,2030,H2,Jul-Dec
Quinton de Kock,South Africa,Wicketkeeper,37.75,0.0,0,250.0,-4.8246,0,1,1.46,30.4,89.39,0.0,0.0,0.0,28.9399,0.0065,29.51,2030,H2,Jul-Dec
Rassie van der Dussen,South Africa,Top Order Batter,41.75,0.0,0,190.0,-3.5451,0,1,58.2,35.63,80.17,0.0,0.0,0.0,31.0397,0.0315,31.38,2030,H2,Jul-Dec
Reeza Hendricks,South Africa,Top Order Batter,41.75,0.0,0,184.0,-3.3918,0,1,46.67,26.25,83.17,0.0,0.0,0.0,25.8743,0.0332,25.81,2030,H2,Jul-Dec
Rubin Hermann,South Africa,Wicketkeeper,30.75,1.0,1,99.0,2.683,1,0,930.56,61.11,114.55,0.0,0.0,0.0,53.2384,0.7586,52.68,2030,H2,Jul-Dec
Ryan Rickelton,South Africa,Wicketkeeper,34.75,1.0,1,159.0,-0.2583,0,0,710.73,46.45,102.08,0.0,0.0,0.0,42.3313,0.2975,42.3,2030,H2,Jul-Dec
Senuran Muthusamy,South Africa,Bowling All-Rounder,35.75,0.625,1,114.0,-1.3072,0,1,235.08,30.82,94.03,13.32,5.29,0.0,38.0606,0.0039,37.03,2030,H2,Jul-Dec
Shaun von Berg,South Africa,Spin Bowler,43.75,0.0,0,87.0,-2.6744,0,1,10.96,13.98,79.08,4.82,5.26,0.0,21.43,0.019,21.88,2030,H2,Jul-Dec
Simon Harmer,South Africa,Spin Bowler,41.75,0.0,0,108.0,-3.8807,0,1,32.57,15.26,86.59,6.52,4.85,0.0,24.1599,0.0163,24.14,2030,H2,Jul-Dec
Sinethemba Qeshile,South Africa,Wicketkeeper,30.75,1.0,1,105.0,0.8262,1,0,468.48,42.83,107.31,0.0,0.0,0.0,40.0526,0.4491,40.2,2030,H2,Jul-Dec
Tabraiz Shamsi,South Africa,Spin Bowler,40.75,0.0,0,184.0,-6.4828,0,1,19.3,12.38,83.53,7.43,5.28,0.0,22.3399,0.016,22.59,2030,H2,Jul-Dec
Temba Bavuma,South Africa,Top Order Batter,40.75,0.0,0,103.0,-0.9287,0,1,37.0,24.62,77.99,0.0,0.0,0.0,24.2341,0.0316,24.12,2030,H2,Jul-Dec
Tony de Zorzi,South Africa,Top Order Batter,33.75,1.0,1,114.0,0.4521,0,0,368.61,35.56,93.75,0.0,0.0,0.0,33.7469,0.6214,33.79,2030,H2,Jul-Dec
Tristan Stubbs,South Africa,Middle Order Batter,29.75,1.0,1,143.0,1.9388,1,0,1066.25,58.2,115.19,9.3,5.57,0.0,57.5412,0.9665,57.45,2030,H2,Jul-Dec
Tshepo Moreki,South Africa,Pace Bowler,35.75,0.85,1,93.0,-1.1792,0,1,52.03,10.93,84.89,14.49,7.04,0.0,24.7956,0.0204,24.71,2030,H2,Jul-Dec
Wiaan Mulder,South Africa,Batting All-Rounder,32.75,1.0,1,154.0,-2.0186,0,1,546.57,39.55,100.72,17.67,5.39,0.0,47.1511,0.7109,47.24,2030,H2,Jul-Dec
Ahan Wickramasinghe,Sri Lanka,Middle Order Batter,28.75,1.0,1,79.0,-0.3501,0,0,166.35,25.09,92.04,0.0,0.0,0.0,26.7102,0.1436,27.07,2030,H2,Jul-Dec
Akhila Dananjaya,Sri Lanka,Spin Bowler,36.75,0.5625,1,76.0,-0.0081,0,0,51.97,14.15,58.7,14.54,6.35,0.0,23.5471,0.0227,23.76,2030,H2,Jul-Dec
Ashian Daniel,Sri Lanka,Spin Bowler,29.75,1.0,1,87.0,-0.0191,0,0,100.14,19.56,67.61,16.36,6.6,0.0,28.8364,0.4901,28.72,2030,H2,Jul-Dec
Asitha Fernando,Sri Lanka,Pace Bowler,34.75,1.0,1,87.0,0.5009,1,0,65.35,15.23,61.47,39.44,6.58,0.0,36.6177,0.9603,36.52,2030,H2,Jul-Dec
Bhanuka Rajapaksa,Sri Lanka,Middle Order Batter,38.75,0.25,1,53.2,0.3092,0,0,125.97,30.09,74.14,0.0,0.0,0.0,27.258,0.0182,27.96,2030,H2,Jul-Dec
Binura Fernando,Sri Lanka,Pace Bowler,35.75,0.8125,1,79.5,0.1806,0,0,78.17,13.59,60.12,19.81,7.54,0.0,25.8327,0.121,25.36,2030,H2,Jul-Dec
Chamika Karunaratne,Sri Lanka,Bowling All-Rounder,34.75,1.0,1,106.0,-0.9644,0,1,346.91,27.41,71.31,13.59,6.94,0.0,33.3271,0.0234,33.47,2030,H2,Jul-Dec
Chamindu Wickramasinghe,Sri Lanka,Bowling All-Rounder,28.75,1.0,1,64.0,0.4136,0,0,261.53,31.84,91.3,6.95,6.15,0.0,35.0869,0.9153,35.14,2030,H2,Jul-Dec
Chamindu Wijesinghe,Sri Lanka,Batting All-Rounder,28.75,1.0,1,71.0,-0.9092,0,1,50.4,18.98,82.44,4.07,5.37,0.0,24.5213,0.0108,24.56,2030,H2,Jul-Dec
Charith Asalanka,Sri Lanka,Middle Order Batter,33.75,1.0,0,106.0,-0.8353,0,1,538.16,41.01,78.8,0.0,0.0,0.0,35.6335,0.9086,35.71,2030,H2,Jul-Dec
Dasun Shanaka,Sri Lanka,Batting All-Rounder,39.75,0.05,1,41.6,-1.3389,0,1,52.62,22.46,65.58,2.83,7.82,0.0,23.353,0.0017,23.46,2030,H2,Jul-Dec
Dhananjaya Lakshan,Sri Lanka,Bowling All-Rounder,32.75,1.0,1,101.0,-2.8309,0,1,62.38,26.91,79.0,15.8,6.36,0.0,34.2314,0.0237,34.1,2030,H2,Jul-Dec
Dhananjaya de Silva,Sri Lanka,Batting All-Rounder,39.75,0.2083,1,52.6667,-0.406,0,0,234.01,34.8,70.54,3.0,6.99,0.0,32.0371,0.0062,31.88,2030,H2,Jul-Dec
Dilshan Madushanka,Sri Lanka,Pace Bowler,29.75,1.0,1,101.0,-0.6199,0,1,93.25,16.81,71.45,25.07,5.71,0.0,32.1125,0.6987,32.13,2030,H2,Jul-Dec
Sachindu Colombage,Sri Lanka,Spin Bowler,29.75,1.0,1,94.0,-0.0663,0,0,112.16,15.2,69.79,17.99,5.61,0.0,27.6112,0.3568,27.7,2030,H2,Jul-Dec
Dinesh Chandimal,Sri Lanka,Wicketkeeper,40.75,0.0417,1,58.3333,1.0224,1,0,199.41,38.13,71.3,0.0,0.0,0.0,31.8648,0.0093,32.42,2030,H2,Jul-Dec
Dulaj Samuditha,Sri Lanka,Bowling All-Rounder,28.75,1.0,1,70.0,-1.9007,0,1,46.8,12.67,81.27,1.46,5.54,0.0,19.3438,0.006,19.74,2030,H2,Jul-Dec
Dulnith Sigera,Sri Lanka,Batting All-Rounder,23.75,1.0,1,70.0,-1.6962,0,1,56.2,14.51,90.4,2.05,5.62,0.0,21.8676,0.028,22.1,2030,H2,Jul-Dec
Dunith Wellalage,Sri Lanka,Bowling All-Rounder,27.75,1.0,1,71.0,4.5432,1,0,533.76,36.85,87.87,73.62,5.67,0.0,70.9975,0.996,57.53,2030,H2,Jul-Dec
Dushan Hemantha,Sri Lanka,Bowling All-Rounder,35.75,0.625,1,71.0,-1.4072,0,1,224.77,28.23,69.04,4.44,7.6,0.0,28.5641,0.0034,28.37,2030,H2,Jul-Dec
Dushmantha Chameera,Sri Lanka,Pace Bowler,38.75,0.0625,1,52.0,-1.3421,0,1,47.42,14.82,56.81,3.73,8.45,0.0,18.1059,0.0067,18.59,2030,H2,Jul-Dec
Eshan Malinga,Sri Lanka,Pace Bowler,28.75,1.0,1,67.0,-1.1498,0,1,120.29,18.37,72.63,0.0,6.09,0.0,21.001,0.0817,21.41,2030,H2,Jul-Dec
Garuka Sanketh,Sri Lanka,Pace Bowler,28.75,1.0,1,65.0,0.0477,0,0,52.04,14.29,71.39,12.1,5.71,0.0,24.1903,0.1051,24.1,2030,H2,Jul-Dec
Isitha Wijesundera,Sri Lanka,Pace Bowler,28.75,1.0,1,65.0,-0.0173,0,0,6.87,16.71,67.59,0.0,0.0,0.0,18.1841,0.1443,18.48,2030,H2,Jul-Dec
Janishka Perera,Sri Lanka,Top Order Batter,29.75,1.0,1,66.0,-0.4691,0,0,108.32,19.55,88.84,0.0,0.0,0.0,22.8626,0.1996,23.05,2030,H2,Jul-Dec
Janith Liyanage,Sri Lanka,Batting All-Rounder,34.75,1.0,1,90.0,-0.3423,0,0,410.1,37.09,76.61,14.47,6.62,0.0,40.3718,0.3824,40.4,2030,H2,Jul-Dec
Jeffrey Vandersay,Sri Lanka,Spin Bowler,40.75,0.0,0,47.0,-1.0743,0,1,0.55,11.31,54.76,4.17,7.02,0.0,16.0499,0.0055,16.59,2030,H2,Jul-Dec
Kithma Withanapathirana,Sri Lanka,Top Order Batter,29.75,1.0,1,88.0,-0.4688,0,0,438.79,40.81,89.64,0.0,0.0,0.0,36.546,0.7293,36.56,2030,H2,Jul-Dec
Kamindu Mendis,Sri Lanka,Batting All-Rounder,31.75,1.0,1,108.0,-0.8904,0,1,431.78,46.85,93.04,28.89,5.78,0.0,55.4256,0.8696,53.93,2030,H2,Jul-Dec
Kasun Rajitha,Sri Lanka,Pace Bowler,37.75,0.3125,1,57.5,0.4998,0,0,60.21,19.69,58.29,7.91,7.09,0.0,23.415,0.0132,23.58,2030,H2,Jul-Dec
Kavija Gamage,Sri Lanka,Spin Bowler,23.75,1.0,1,93.0,-0.6212,0,1,137.11,16.59,77.17,11.01,5.65,0.0,26.0384,0.4077,26.32,2030,H2,Jul-Dec
Keshara Nuwantha,Sri Lanka,Bowling All-Rounder,28.75,1.0,1,72.0,0.3469,0,0,167.44,25.07,84.82,0.0,0.0,0.0,25.7943,0.0151,26.06,2030,H2,Jul-Dec
Kusal Mendis,Sri Lanka,Wicketkeeper,35.75,0.625,1,129.0,-1.0759,0,1,601.58,39.66,77.61,0.0,0.0,0.0,34.9044,0.0927,35.57,2030,H2,Jul-Dec
Kusal Perera,Sri Lanka,Wicketkeeper,40.75,0.0,0,64.0,-1.1317,0,1,83.78,29.4,74.12,0.0,0.0,0.0,26.7092,0.0022,26.55,2030,H2,Jul-Dec
Lahiru Kumara,Sri Lanka,Pace Bowler,33.75,1.0,1,88.0,-1.3159,0,1,160.94,17.84,66.83,0.21,6.6,0.0,20.0911,0.0734,20.62,2030,H2,Jul-Dec
Lahiru Udara,Sri Lanka,Wicketkeeper,36.75,0.3125,1,71.5,-1.5651,0,1,93.82,31.31,71.55,0.0,0.0,0.0,27.5404,0.0024,28.06,2030,H2,Jul-Dec
Lasith Croospulle,Sri Lanka,Top Order Batter,31.75,1.0,1,103.0,1.5796,1,0,905.25,50.32,89.5,0.0,0.0,0.0,43.6726,0.9696,43.62,2030,H2,Jul-Dec
M Shiraz,Sri Lanka,Pace Bowler,35.75,0.5625,1,73.0,-1.5395,0,1,29.68,12.24,62.76,3.84,7.25,0.0,17.5005,0.0084,18.07,2030,H2,Jul-Dec
MNK Fernando,Sri Lanka,Top Order Batter,31.75,1.0,1,90.0,-1.1334,0,1,7.97,13.71,66.36,16.72,6.41,0.0,25.1506,0.2159,24.96,2030,H2,Jul-Dec
Maheesh Theekshana,Sri Lanka,Spin Bowler,29.75,1.0,1,96.0,3.671,1,0,162.13,19.75,72.34,92.71,5.92,0.0,66.9711,0.9916,57.39,2030,H2,Jul-Dec
Mateesha Pathirana,Sri Lanka,Pace Bowler,27.75,1.0,1,65.0,-0.8798,0,1,7.6,18.47,74.73,2.05,5.57,0.0,22.0715,0.3052,22.31,2030,H2,Jul-Dec
Milan Rathnayake,Sri Lanka,Bowling All-Rounder,33.75,1.0,1,106.0,0.2057,0,0,726.58,40.61,82.86,12.12,6.39,0.0,43.1894,0.0145,43.33,2030,H2,Jul-Dec
Nipun Dhananjaya,Sri Lanka,Middle Order Batter,29.75,1.0,1,106.0,0.624,1,0,684.66,35.69,86.67,0.0,0.0,0.0,33.9927,0.5603,34.01,2030,H2,Jul-Dec
Niroshan Dickwella,Sri Lanka,Wicketkeeper,37.75,0.0,0,70.0,-2.441,0,1,16.84,26.65,74.71,0.0,0.0,0.0,24.9453,0.0016,24.63,2030,H2,Jul-Dec
Nishan Madushka,Sri Lanka,Wicketkeeper,30.75,1.0,1,95.0,-0.2222,0,0,322.38,35.39,92.1,0.0,0.0,0.0,33.2847,0.1586,33.45,2030,H2,Jul-Dec
Nishan Peiris,Sri Lanka,Pace Bowler,33.75,1.0,1,98.0,-0.0328,0,0,0.68,15.83,64.02,0.0,0.0,0.0,17.1981,0.1658,17.71,2030,H2,Jul-Dec
Nuwan Thushara,Sri Lanka,Pace Bowler,34.75,0.75,1,90.0,-1.7708,0,1,19.43,9.42,56.94,11.4,7.81,0.0,18.6665,0.0267,18.74,2030,H2,Jul-Dec
Oshada Fernando,Sri Lanka,Top Order Batter,38.75,0.0,0,55.0,-0.3358,0,0,98.29,25.03,67.28,0.0,0.0,0.0,23.3336,0.0132,23.52,2030,H2,Jul-Dec
Viran Chamuditha,Sri Lanka,Top Order Batter,27.75,1.0,1,72.0,0.2286,0,0,296.21,35.59,96.1,0.0,0.0,0.0,33.8172,0.5495,33.83,2030,H2,Jul-Dec
Pathum Nissanka,Sri Lanka,Top Order Batter,32.75,1.0,1,141.0,-4.2667,0,1,178.05,48.52,86.51,0.0,0.0,0.0,39.8022,0.9358,39.89,2030,H2,Jul-Dec
Pavan Rathnayake,Sri Lanka,Middle Order Batter,28.75,1.0,1,59.0,2.629,1,0,613.59,64.75,108.2,0.0,0.0,0.0,53.5131,0.9556,53.31,2030,H2,Jul-Dec
Prabath Jayasuriya,Sri Lanka,Spin Bowler,38.75,0.0,0,45.0,-2.3893,0,1,0.57,11.06,59.08,1.09,6.62,0.0,15.0241,0.0043,15.89,2030,H2,Jul-Dec
Pramod Madushan,Sri Lanka,Pace Bowler,36.75,0.4167,1,52.3333,-0.3121,0,0,35.18,12.19,59.88,5.03,7.83,0.0,17.6185,0.0047,18.2,2030,H2,Jul-Dec
Ramesh Mendis,Sri Lanka,Bowling All-Rounder,35.75,0.875,1,86.0,-0.2337,0,0,397.5,29.75,74.18,5.42,6.74,0.0,31.3,0.0181,30.67,2030,H2,Jul-Dec
Ravindu Fernando,Sri Lanka,Batting All-Rounder,28.75,1.0,1,69.0,-0.5682,0,1,129.19,21.9,89.58,6.14,5.58,0.0,28.3422,0.0367,28.51,2030,H2,Jul-Dec
Ravindu Rasantha,Sri Lanka,Top Order Batter,29.75,1.0,1,103.0,-0.0404,0,0,617.41,35.91,85.69,0.0,0.0,0.0,33.7731,0.6824,33.79,2030,H2,Jul-Dec
Sadeera Samarawickrama,Sri Lanka,Wicketkeeper,33.75,1.0,1,111.0,-1.3263,0,1,302.58,33.53,80.54,0.0,0.0,0.0,30.6734,0.1486,30.83,2030,H2,Jul-Dec
Sahan Kosala,Sri Lanka,Middle Order Batter,29.75,1.0,1,106.0,-0.0947,0,0,497.78,37.32,86.37,0.0,0.0,0.0,34.2848,0.6018,34.3,2030,H2,Jul-Dec
Sohan de Livera,Sri Lanka,Top Order Batter,30.75,1.0,1,68.0,0.4655,0,0,178.08,27.58,86.03,0.0,0.0,0.0,27.4549,0.2984,27.92,2030,H2,Jul-Dec
Sonal Dinusha,Sri Lanka,Batting All-Rounder,29.75,1.0,1,88.0,-2.6451,0,1,200.93,28.41,79.07,2.86,6.42,0.0,29.2892,0.0375,29.45,2030,H2,Jul-Dec
Tharindu Ratnayake,Sri Lanka,Bowling All-Rounder,34.75,1.0,1,113.0,1.1736,1,0,780.52,46.25,82.86,0.0,0.0,0.0,40.0313,0.0235,39.96,2030,H2,Jul-Dec
Traveen Mathew,Sri Lanka,Spin Bowler,29.75,1.0,1,84.0,0.8117,1,0,18.6,11.52,72.78,47.8,5.32,0.0,40.0713,0.8997,40.04,2030,H2,Jul-Dec
V Viyaskanth,Sri Lanka,Spin Bowler,29.75,1.0,1,85.0,0.9241,1,0,74.92,14.14,69.44,41.99,6.11,0.0,38.3499,0.9418,38.25,2030,H2,Jul-Dec
Vimath Dinsara,Sri Lanka,Top Order Batter,24.75,1.0,1,78.0,-1.3131,0,1,3.48,20.21,96.81,0.0,0.0,0.0,23.9005,0.1426,24.12,2030,H2,Jul-Dec
Vishad Randika,Sri Lanka,Top Order Batter,33.75,1.0,1,92.0,0.9009,1,0,531.94,37.13,81.76,0.0,0.0,0.0,33.7082,0.6502,33.79,2030,H2,Jul-Dec
Vishen Halambage,Sri Lanka,Top Order Batter,25.75,1.0,1,72.0,-0.6052,0,1,102.16,17.58,91.04,0.0,0.0,0.0,21.9626,0.7132,22.23,2030,H2,Jul-Dec
Vishwa Fernando,Sri Lanka,Pace Bowler,38.75,0.0,0,45.0,-0.165,0,0,32.91,17.36,60.59,3.36,7.88,0.0,19.916,0.0067,20.43,2030,H2,Jul-Dec
Wanindu Hasaranga,Sri Lanka,Bowling All-Rounder,33.75,1.0,1,128.0,0.1586,0,0,1176.1,46.03,85.37,26.12,5.86,0.0,55.1107,0.0702,54.01,2030,H2,Jul-Dec
Ackeem Auguste,West Indies,Top Order Batter,27.75,1.0,1,56.0,2.5512,1,0,551.06,56.62,116.58,0.0,0.0,0.0,49.5866,0.871,49.59,2030,H2,Jul-Dec
Akeal Hosein,West Indies,Spin Bowler,37.75,0.0,0,67.0,-1.9037,0,1,0.32,10.03,69.81,0.11,6.26,0.0,15.366,0.0282,16.36,2030,H2,Jul-Dec
Alick Athanaze,West Indies,Top Order Batter,31.75,1.0,1,80.0,0.8484,1,0,134.4,42.66,94.2,0.0,0.0,0.0,37.1843,0.7261,37.28,2030,H2,Jul-Dec
Alzarri Joseph,West Indies,Pace Bowler,34.75,0.75,1,102.0,-2.2498,0,1,0.0,4.98,79.86,0.39,6.96,0.0,13.6648,0.0738,14.11,2030,H2,Jul-Dec
Amari Goodridge,West Indies,Pace Bowler,27.75,1.0,1,48.0,0.7323,1,0,66.88,13.44,105.87,5.95,5.68,0.0,25.0984,0.4203,25.24,2030,H2,Jul-Dec
Amir Jangoo,West Indies,Wicketkeeper,33.75,1.0,1,62.0,2.8354,1,0,510.41,45.63,96.12,0.0,0.0,0.0,40.4291,0.3797,40.44,2030,H2,Jul-Dec
Andre Fletcher,West Indies,Wicketkeeper,42.75,0.0,0,21.0,-0.3337,0,0,6.24,16.5,74.14,0.0,0.0,0.0,18.8823,0.0024,19.34,2030,H2,Jul-Dec
Andre Russell,West Indies,Bowling All-Rounder,42.75,0.0,0,87.0,-3.0009,0,1,0.0,7.92,64.72,0.0,8.38,0.0,13.09,0.001,13.31,2030,H2,Jul-Dec
Brandon King,West Indies,Top Order Batter,35.75,0.85,1,83.0,0.0426,0,0,46.77,31.7,85.85,0.0,0.0,0.0,29.4095,0.1536,30.01,2030,H2,Jul-Dec
Carlon Tuckett,West Indies,Pace Bowler,24.75,1.0,1,49.0,1.1085,1,0,76.57,17.49,108.1,8.38,5.47,0.0,29.025,0.6475,28.89,2030,H2,Jul-Dec
Evin Lewis,West Indies,Top Order Batter,39.75,0.0,0,91.0,-0.1861,0,0,2.26,28.19,97.52,0.0,0.0,0.0,28.6681,0.0266,29.09,2030,H2,Jul-Dec
Fabian Allen,West Indies,Bowling All-Rounder,35.75,0.625,1,72.0,-1.2591,0,1,1.88,20.07,95.96,0.05,7.52,0.0,24.2938,0.0038,23.98,2030,H2,Jul-Dec
Giavonte Depeiza,West Indies,Top Order Batter,25.75,1.0,1,50.0,2.6938,1,0,220.69,54.07,124.24,0.0,0.0,0.0,47.9458,0.9313,47.84,2030,H2,Jul-Dec
Gudakesh Motie,West Indies,Spin Bowler,35.75,0.7083,1,85.6667,-1.9101,0,1,0.0,7.78,76.17,0.55,6.11,0.0,15.0913,0.6094,15.85,2030,H2,Jul-Dec
Hayden Walsh Jr,West Indies,Spin Bowler,38.75,0.0,0,47.0,-1.7845,0,1,0.0,0.0,84.5,0.0,7.17,0.0,11.101,0.0485,11.38,2030,H2,Jul-Dec
Jason Holder,West Indies,Bowling All-Rounder,38.75,0.0,0,172.0,-2.9626,0,1,0.0,11.49,77.02,0.0,7.97,0.0,16.7835,0.0013,17.45,2030,H2,Jul-Dec
Jayden Seales,West Indies,Pace Bowler,28.75,1.0,1,86.0,-1.3438,0,1,0.0,3.93,99.75,2.57,5.51,0.0,16.9294,0.4809,17.47,2030,H2,Jul-Dec
Jediah Blades,West Indies,Pace Bowler,26.75,1.0,1,53.0,0.369,0,0,56.29,12.22,106.25,3.36,5.79,0.0,23.1088,0.4582,23.27,2030,H2,Jul-Dec
Jewel Andrew,West Indies,Wicketkeeper,23.75,1.0,1,56.0,4.1871,1,0,474.9,66.25,126.5,0.0,0.0,0.0,56.2292,0.8803,56.98,2030,H2,Jul-Dec
Johann Jeremiah,West Indies,Top Order Batter,24.75,1.0,1,51.0,2.6562,1,0,321.37,50.19,122.38,0.0,0.0,0.0,45.7728,0.9042,45.67,2030,H2,Jul-Dec
Johann Layne,West Indies,Pace Bowler,27.75,1.0,1,59.0,-0.6077,0,1,0.0,0.0,0.0,0.65,6.03,0.0,1.0159,0.0063,1.1,2030,H2,Jul-Dec
John Campbell,West Indies,Top Order Batter,36.75,0.625,1,71.0,2.1906,1,0,130.73,54.16,87.79,0.0,0.0,0.0,43.1138,0.1879,41.01,2030,H2,Jul-Dec
Johnson Charles,West Indies,Top Order Batter,41.75,0.0,0,72.0,-0.8618,0,1,0.0,13.81,96.5,0.0,0.0,0.0,20.0945,0.0303,20.47,2030,H2,Jul-Dec
Joshua Da Silva,West Indies,Wicketkeeper,32.75,1.0,1,77.0,0.1758,0,0,0.0,36.9,87.36,0.0,0.0,0.0,32.4938,0.0981,32.48,2030,H2,Jul-Dec
Justin Greaves,West Indies,Batting All-Rounder,35.75,1.0,1,74.0,2.7268,1,0,604.61,47.71,102.78,4.97,6.59,0.0,45.9391,0.5886,45.98,2030,H2,Jul-Dec
Kavem Hodge,West Indies,Batting All-Rounder,37.75,0.7083,1,57.6667,2.5688,1,0,248.78,50.77,100.07,3.99,6.86,0.0,45.6741,0.3286,42.03,2030,H2,Jul-Dec
Keacy Carty,West Indies,Middle Order Batter,33.75,1.0,1,92.0,1.9427,1,0,563.14,54.76,108.32,0.0,0.0,0.0,47.4971,0.862,47.2,2030,H2,Jul-Dec
Kelvin Pittman,West Indies,Pace Bowler,28.75,1.0,1,48.0,1.2564,1,0,67.94,15.78,101.63,9.21,5.74,0.0,27.5092,0.472,27.35,2030,H2,Jul-Dec
Kemar Paul,West Indies,Bowling All-Rounder,32.75,1.0,1,69.0,-0.1916,0,0,64.16,18.88,112.2,2.77,6.43,0.0,27.3586,0.0187,27.35,2030,H2,Jul-Dec
Keron Gore,West Indies,Pace Bowler,34.75,1.0,1,50.0,0.4278,0,0,47.91,9.21,77.72,4.31,7.85,0.0,17.8034,0.0775,18.38,2030,H2,Jul-Dec
Kevlon Anderson,West Indies,Top Order Batter,24.75,1.0,1,53.0,2.8498,1,0,367.32,57.37,133.31,0.0,0.0,0.0,51.5142,0.9576,51.44,2030,H2,Jul-Dec
Kirk McKenzie,West Indies,Middle Order Batter,29.75,1.0,1,63.0,1.9603,1,0,404.75,43.07,105.98,0.0,0.0,0.0,39.8125,0.8242,39.89,2030,H2,Jul-Dec
Kraigg Brathwaite,West Indies,Top Order Batter,37.75,0.3125,1,135.5,-0.6135,0,1,0.0,27.12,57.32,0.0,0.0,0.0,22.978,0.0141,23.18,2030,H2,Jul-Dec
Kyle Mayers,West Indies,Batting All-Rounder,37.75,0.0833,1,45.6667,-0.9681,0,1,0.0,25.08,86.74,0.63,7.77,0.0,26.3132,0.0023,25.68,2030,H2,Jul-Dec
Marlon Mindley,West Indies,Pace Bowler,33.75,1.0,1,50.0,0.5152,1,0,48.85,10.35,89.02,4.12,7.0,0.0,19.9355,0.2045,20.23,2030,H2,Jul-Dec
Matthew Forde,West Indies,Bowling All-Rounder,28.75,1.0,1,79.0,1.3953,1,0,288.99,57.11,117.8,8.76,5.96,0.0,54.2616,0.0294,54.13,2030,H2,Jul-Dec
Mavendra Dindyal,West Indies,Middle Order Batter,24.75,1.0,1,53.0,2.9096,1,0,405.25,64.21,138.8,0.0,0.0,0.0,56.3452,0.9588,56.96,2030,H2,Jul-Dec
Mbeki Joseph,West Indies,Pace Bowler,27.75,1.0,1,48.0,0.8249,1,0,57.0,11.87,97.05,5.94,6.06,0.0,22.9364,0.2704,23.02,2030,H2,Jul-Dec
Mikyle Louis,West Indies,Middle Order Batter,29.75,1.0,1,62.0,2.9589,1,0,514.54,51.6,109.08,0.0,0.0,0.0,45.5756,0.84,45.49,2030,H2,Jul-Dec
Nathan Edward,West Indies,Pace Bowler,28.75,1.0,1,50.0,0.6986,1,0,53.23,11.78,104.1,7.24,5.72,0.0,24.4719,0.404,24.54,2030,H2,Jul-Dec
Navin Bidaisee,West Indies,Middle Order Batter,30.75,1.0,1,55.0,1.4305,1,0,188.41,29.92,101.21,0.0,0.0,0.0,30.7713,0.5236,30.95,2030,H2,Jul-Dec
Nicholas Pooran,West Indies,Wicketkeeper,34.75,1.0,1,139.0,0.2079,0,0,215.8,41.79,103.93,0.0,0.0,0.0,38.1701,0.1733,38.29,2030,H2,Jul-Dec
Obed McCoy,West Indies,Pace Bowler,33.75,1.0,1,61.0,-1.0708,0,1,3.97,2.43,83.15,0.0,7.65,0.0,12.296,0.0222,12.74,2030,H2,Jul-Dec
Ramon Simmonds,West Indies,Pace Bowler,28.75,1.0,1,52.0,0.7937,1,0,57.05,12.57,90.59,7.47,6.38,0.0,23.2076,0.3709,23.34,2030,H2,Jul-Dec
Renico Smith,West Indies,Middle Order Batter,26.75,1.0,1,49.0,2.54,1,0,261.16,48.54,125.96,0.0,0.0,0.0,45.0529,0.8805,44.96,2030,H2,Jul-Dec
Rivaldo Clarke,West Indies,Wicketkeeper,28.75,1.0,1,55.0,2.9461,1,0,299.08,57.57,120.65,0.0,0.0,0.0,49.8109,0.6139,49.59,2030,H2,Jul-Dec
Romario Shepherd,West Indies,Bowling All-Rounder,35.75,0.75,1,83.0,-1.2265,0,1,53.61,26.83,98.96,0.39,8.53,0.0,28.8424,0.0035,29.5,2030,H2,Jul-Dec
Roston Chase,West Indies,Batting All-Rounder,38.75,0.0,0,67.0,0.7246,1,0,129.47,46.45,85.65,1.96,7.14,0.0,39.8919,0.0186,39.29,2030,H2,Jul-Dec
Rovman Powell,West Indies,Batting All-Rounder,36.75,0.4167,1,77.3333,-1.2927,0,1,0.0,21.31,93.52,0.12,8.87,0.0,24.5703,0.0036,24.3,2030,H2,Jul-Dec
Shai Hope,West Indies,Wicketkeeper,36.75,0.7083,1,133.6667,0.0626,0,0,313.09,43.93,88.28,0.0,0.0,0.0,37.7842,0.1292,37.61,2030,H2,Jul-Dec
Shamar Joseph,West Indies,Pace Bowler,30.75,1.0,1,69.0,-0.7346,0,1,4.67,4.85,82.89,4.03,5.98,0.0,15.9527,0.9622,16.59,2030,H2,Jul-Dec
Shamyl Springer,West Indies,Batting All-Rounder,29.75,1.0,1,62.0,2.7512,1,0,392.26,52.15,118.51,5.19,5.93,0.0,50.0605,0.8247,49.59,2030,H2,Jul-Dec
Shaqkere Parris,West Indies,Middle Order Batter,23.75,1.0,1,53.0,3.2173,1,0,385.92,60.97,125.51,0.0,0.0,0.0,52.7082,0.9647,52.6,2030,H2,Jul-Dec
Sherfane Rutherford,West Indies,Batting All-Rounder,31.75,1.0,1,82.0,2.552,1,0,482.22,66.68,122.92,4.29,6.78,0.0,58.8257,0.9575,57.16,2030,H2,Jul-Dec
Shimron Hetmyer,West Indies,Middle Order Batter,33.75,1.0,1,114.0,1.5711,1,0,264.96,55.11,110.88,0.0,0.0,0.0,47.0246,0.9425,46.95,2030,H2,Jul-Dec
Tagenarine Chanderpaul,West Indies,Top Order Batter,33.75,1.0,1,56.0,1.0064,1,0,93.17,19.21,78.21,0.0,0.0,0.0,21.2757,0.4063,21.62,2030,H2,Jul-Dec
Tevin Imlach,West Indies,Wicketkeeper,33.75,1.0,1,55.0,1.2735,1,0,143.91,22.48,87.76,0.0,0.0,0.0,24.5654,0.0926,24.88,2030,H2,Jul-Dec
Trevon Hinds,West Indies,Batting All-Rounder,31.75,1.0,1,56.0,2.2999,1,0,333.39,37.5,107.52,4.57,6.55,0.0,39.4484,0.2127,39.59,2030,H2,Jul-Dec
Voight Lawes,West Indies,Spin Bowler,24.75,1.0,1,47.0,0.6247,1,0,77.77,16.85,122.11,3.45,5.42,0.0,28.0356,0.8971,28.05,2030,H2,Jul-Dec
Zishan Motara,West Indies,Pace Bowler,24.75,1.0,1,47.0,0.8771,1,0,71.53,14.46,108.57,7.1,5.77,0.0,26.587,0.6076,26.5,2030,H2,Jul-Dec
Ainsley Ndlovu,Zimbabwe,Middle Order Batter,31.75,1.0,1,50.0,1.5204,1,0,235.96,39.61,96.59,0.0,0.0,0.0,36.0356,0.7642,36.13,2030,H2,Jul-Dec
Antum Naqvi,Zimbabwe,Batting All-Rounder,30.75,1.0,1,66.0,2.2367,1,0,499.26,46.22,109.95,5.26,6.14,0.0,45.8484,0.6852,45.98,2030,H2,Jul-Dec
Ben Curran,Zimbabwe,Top Order Batter,34.75,1.0,1,67.0,1.9872,1,0,286.46,49.25,93.25,0.0,0.0,0.0,41.4415,0.8845,41.41,2030,H2,Jul-Dec
Blessing Muzarabani,Zimbabwe,Pace Bowler,34.75,1.0,1,125.0,-0.455,0,0,10.11,8.55,94.73,3.57,6.86,0.0,19.2251,0.1157,19.37,2030,H2,Jul-Dec
Brad Evans,Zimbabwe,Bowling All-Rounder,33.75,1.0,1,80.0,-0.3882,0,0,87.47,32.36,92.5,0.74,6.42,0.0,31.8858,0.0039,31.76,2030,H2,Jul-Dec
Brandon Mavuta,Zimbabwe,Spin Bowler,33.75,1.0,1,69.0,-0.8088,0,1,87.55,16.14,84.94,3.17,6.14,0.0,22.6584,0.5802,22.87,2030,H2,Jul-Dec
Brendan Taylor,Zimbabwe,Wicketkeeper,44.75,0.0,0,205.0,0.8283,1,0,121.17,29.77,72.97,0.0,0.0,0.0,26.907,0.0169,27.13,2030,H2,Jul-Dec
Brian Bennett,Zimbabwe,Batting All-Rounder,26.75,1.0,1,76.0,2.8084,1,0,762.16,66.03,116.63,9.04,4.93,0.0,61.3688,0.949,57.49,2030,H2,Jul-Dec
Brian Mudzinganyama,Zimbabwe,Middle Order Batter,29.75,1.0,1,57.0,1.7158,1,0,213.67,35.8,105.16,0.0,0.0,0.0,34.8029,0.7885,34.89,2030,H2,Jul-Dec
Charlton Tshuma,Zimbabwe,Pace Bowler,30.75,1.0,1,58.0,0.5003,1,0,83.56,13.74,96.93,8.38,6.01,0.0,25.304,0.458,25.37,2030,H2,Jul-Dec
Clive Chitumba,Zimbabwe,Wicketkeeper,31.75,1.0,1,55.0,0.9985,1,0,158.19,27.76,102.23,0.0,0.0,0.0,29.5308,0.063,29.68,2030,H2,Jul-Dec
Clive Madande,Zimbabwe,Wicketkeeper,29.75,1.0,1,76.0,1.1504,1,0,374.69,41.71,108.8,0.0,0.0,0.0,39.2683,0.7656,39.21,2030,H2,Jul-Dec
Craig Ervine,Zimbabwe,Top Order Batter,44.75,0.0,0,142.0,-1.4179,0,1,22.37,27.21,69.87,0.0,0.0,0.0,24.6838,0.0359,24.43,2030,H2,Jul-Dec
Dion Myers,Zimbabwe,Batting All-Rounder,28.75,1.0,1,73.0,2.6554,1,0,578.22,45.11,109.99,9.04,5.25,0.0,47.5369,0.6758,47.25,2030,H2,Jul-Dec
Ernest Masuku,Zimbabwe,Pace Bowler,32.75,1.0,1,56.0,0.5106,1,0,76.22,13.77,98.69,4.5,5.59,0.0,23.7406,0.2346,23.89,2030,H2,Jul-Dec
Faraz Akram,Zimbabwe,Bowling All-Rounder,32.75,1.0,1,67.0,0.7301,1,0,158.42,25.95,94.19,7.83,7.37,0.0,31.847,0.0198,31.95,2030,H2,Jul-Dec
Graeme Cremer,Zimbabwe,Spin Bowler,43.75,0.0,0,111.0,-2.5622,0,1,5.43,7.15,67.1,0.33,5.74,0.0,13.5823,0.025,13.77,2030,H2,Jul-Dec
Innocent Kaia,Zimbabwe,Top Order Batter,38.75,0.2083,1,61.6667,-2.1666,0,1,0.0,4.59,61.32,0.0,0.0,0.0,10.261,0.0175,11.05,2030,H2,Jul-Dec
Johnathan Campbell,Zimbabwe,Middle Order Batter,36.75,0.85,1,63.0,2.3356,1,0,212.22,49.79,98.4,0.0,0.0,0.0,42.157,0.7835,41.45,2030,H2,Jul-Dec
Joylord Gumbie,Zimbabwe,Wicketkeeper,34.75,1.0,1,65.0,-0.2775,0,0,3.93,15.34,76.76,0.0,0.0,0.0,18.5234,0.0373,18.83,2030,H2,Jul-Dec
Kian Blignaut,Zimbabwe,Pace Bowler,25.75,1.0,1,52.0,0.7225,1,0,64.89,19.15,112.83,7.37,5.34,0.0,30.1021,0.6546,30.12,2030,H2,Jul-Dec
Kundai Matigimu,Zimbabwe,Pace Bowler,33.75,1.0,1,52.0,0.4155,0,0,39.44,11.35,80.96,4.93,7.11,0.0,19.8518,0.1754,19.99,2030,H2,Jul-Dec
Luke Jongwe,Zimbabwe,Bowling All-Rounder,34.75,0.8125,1,112.5,-2.0011,0,1,0.0,14.24,85.25,0.0,7.85,0.0,19.4482,0.0056,19.77,2030,H2,Jul-Dec
Milton Shumba,Zimbabwe,Middle Order Batter,29.75,1.0,1,104.0,0.4796,0,0,98.1,34.82,98.69,0.0,0.0,0.0,33.0268,0.6192,32.9,2030,H2,Jul-Dec
Nathaniel Mayavo,Zimbabwe,Wicketkeeper,33.75,1.0,1,60.0,1.5254,1,0,170.22,27.2,89.41,0.0,0.0,0.0,27.6306,0.1032,28.23,2030,H2,Jul-Dec
Newman Nyamhuri,Zimbabwe,Pace Bowler,24.75,1.0,1,63.0,0.1675,0,0,87.76,15.18,112.85,7.42,4.81,0.0,28.0514,0.6104,28.02,2030,H2,Jul-Dec
Nick Welch,Zimbabwe,Top Order Batter,32.75,1.0,1,81.0,3.4175,1,0,859.91,49.04,105.31,0.0,0.0,0.0,44.7574,0.8819,44.61,2030,H2,Jul-Dec
Panashe Taruvinga,Zimbabwe,Middle Order Batter,28.75,1.0,1,56.0,1.4641,1,0,125.28,29.15,99.67,0.0,0.0,0.0,29.9142,0.4612,30.17,2030,H2,Jul-Dec
Prince Masvaure,Zimbabwe,Middle Order Batter,40.75,0.0,0,41.0,-0.0881,0,0,10.8,10.64,69.96,0.0,0.0,0.0,14.9336,0.0071,15.35,2030,H2,Jul-Dec
Richard Ngarava,Zimbabwe,Pace Bowler,32.75,1.0,1,129.0,-1.2674,0,1,22.27,9.92,86.89,4.25,6.6,0.0,19.4629,0.2664,19.62,2030,H2,Jul-Dec
Richmond Mutumbami,Zimbabwe,Wicketkeeper,39.75,0.2083,1,57.6667,-0.2693,0,0,0.0,12.95,51.97,0.0,0.0,0.0,13.9908,0.0032,14.62,2030,H2,Jul-Dec
Ryan Burl,Zimbabwe,Batting All-Rounder,36.75,0.4167,1,111.3333,-0.7951,0,1,59.3,27.28,83.57,1.37,7.61,0.0,27.7867,0.0045,27.52,2030,H2,Jul-Dec
Sean Williams,Zimbabwe,Batting All-Rounder,44.75,0.0,0,156.0,-3.7864,0,1,0.0,49.67,77.16,0.0,7.63,0.0,39.2515,0.0155,38.39,2030,H2,Jul-Dec
Sikandar Raza,Zimbabwe,Batting All-Rounder,44.75,0.0,0,178.0,-1.4443,0,1,85.13,34.74,83.51,1.36,7.16,0.0,32.3084,0.0074,32.14,2030,H2,Jul-Dec
Tadiwanashe Marumani,Zimbabwe,Wicketkeeper,28.75,1.0,1,74.0,1.471,1,0,250.97,37.32,112.82,0.0,0.0,0.0,36.783,0.2462,36.85,2030,H2,Jul-Dec
Tafadzwa Tsiga,Zimbabwe,Wicketkeeper,30.75,1.0,1,56.0,1.2411,1,0,110.66,25.51,101.83,0.0,0.0,0.0,28.0009,0.0986,28.37,2030,H2,Jul-Dec
Takudzwanashe Kaitano,Zimbabwe,Top Order Batter,36.75,0.5625,1,60.0,0.0692,0,0,33.1,13.57,80.84,0.0,0.0,0.0,18.0956,0.1374,18.73,2030,H2,Jul-Dec
Tanaka Chivanga,Zimbabwe,Pace Bowler,34.75,1.0,1,62.0,0.0318,0,0,31.64,10.32,84.73,2.36,7.06,0.0,18.4558,0.0257,18.77,2030,H2,Jul-Dec
Tapiwa Mufudza,Zimbabwe,Spin Bowler,32.75,1.0,1,60.0,0.3788,0,0,86.66,17.6,87.78,5.32,6.45,0.0,24.8466,0.6901,24.96,2030,H2,Jul-Dec
Tashinga Musekiwa,Zimbabwe,Batting All-Rounder,29.75,1.0,1,64.0,2.3436,1,0,190.0,47.51,121.48,0.82,6.24,0.0,44.84,0.6048,44.81,2030,H2,Jul-Dec
Tendai Chatara,Zimbabwe,Pace Bowler,39.75,0.0,0,101.0,-2.8433,0,1,0.0,0.0,61.02,0.0,6.53,0.0,8.2648,0.0043,8.4,2030,H2,Jul-Dec
Tinotenda Maposa,Zimbabwe,Pace Bowler,33.75,1.0,1,67.0,0.4366,0,0,65.03,14.53,90.63,6.52,6.71,0.0,23.8627,0.3733,24.06,2030,H2,Jul-Dec
Tony Munyonga,Zimbabwe,Batting All-Rounder,34.75,1.0,1,67.0,0.5727,1,0,75.12,19.31,92.28,0.62,7.25,0.0,23.9496,0.0183,24.05,2030,H2,Jul-Dec
Trevor Gwandu,Zimbabwe,Pace Bowler,29.75,1.0,1,65.0,0.8155,1,0,129.3,19.11,98.25,4.9,6.44,0.0,26.9902,0.5926,27.18,2030,H2,Jul-Dec
Victor Nyauchi,Zimbabwe,Pace Bowler,38.75,0.0,0,54.0,-0.6271,0,1,5.4,8.39,73.52,0.0,8.15,0.0,14.519,0.015,15.11,2030,H2,Jul-Dec
Vincent Masekesa,Zimbabwe,Batting All-Rounder,28.75,1.0,1,57.0,1.1773,1,0,159.09,23.85,99.99,2.79,6.61,0.0,29.0317,0.0331,29.14,2030,H2,Jul-Dec
Wellington Masakadza,Zimbabwe,Spin Bowler,37.75,0.0,0,82.0,-2.3175,0,1,0.0,8.59,72.73,0.21,6.72,0.0,14.8427,0.0405,15.63,2030,H2,Jul-Dec
Wessly Madhevere,Zimbabwe,Batting All-Rounder,29.75,1.0,1,109.0,-0.913,0,1,48.01,28.75,102.5,1.72,6.44,0.0,31.3644,0.0708,31.32,2030,H2,Jul-Dec
William Mashinge,Zimbabwe,Batting All-Rounder,33.75,1.0,1,59.0,1.26,1,0,156.78,27.25,95.47,5.2,6.78,0.0,31.5886,0.066,31.72,2030,H2,Jul-Dec
