player_name,team,role,age,availability,is_available,total_matches,form_momentum,rising,declining,runs,bat_avg,strike_rate,wickets,economy,bowl_avg,impact_score,probability_base,rating,year,period,period_label
A M Ghazanfar,Afghanistan,Spin Bowler,21.25,1.0,1,55.0,0.2611,0,0,128.48,17.35,135.19,42.94,7.67,0.0,59.7914,0.7882,59.8,2027,H1,Jan-Jun
Abdul Malik,Afghanistan,Middle Order Batter,30.25,1.0,1,68.0,0.113,0,0,944.78,33.84,140.53,0.0,0.0,0.0,45.7557,0.8952,45.89,2027,H1,Jan-Jun
Abdul Rahman,Afghanistan,Pace Bowler,28.25,1.0,1,57.0,-0.187,0,0,85.89,13.73,130.53,30.39,8.46,0.0,50.4985,0.7414,50.47,2027,H1,Jan-Jun
Azizullah Mia Khil,Afghanistan,Top Order Batter,26.25,1.0,1,48.0,1.5864,1,0,518.1,34.33,136.17,0.0,0.0,0.0,43.6164,0.7664,43.82,2027,H1,Jan-Jun
Azmatullah Omarzai,Afghanistan,Bowling All-Rounder,27.25,1.0,1,102.0,-0.2253,0,0,1478.6,34.96,159.87,42.57,8.15,0.0,75.5067,0.0226,69.05,2027,H1,Jan-Jun
Bahir Shah,Afghanistan,Top Order Batter,26.25,1.0,1,57.0,1.6629,1,0,733.57,45.08,148.93,0.0,0.0,0.0,50.9529,0.8826,51.06,2027,H1,Jan-Jun
Bashir Ahmad,Afghanistan,Bowling All-Rounder,27.25,1.0,1,54.0,0.8182,1,0,519.47,27.69,133.77,24.29,9.16,0.0,54.2259,0.0203,54.36,2027,H1,Jan-Jun
Bilal Sami,Afghanistan,Pace Bowler,26.25,1.0,1,53.0,0.183,0,0,81.03,12.47,119.45,30.62,9.04,0.0,47.615,0.6321,47.58,2027,H1,Jan-Jun
Darwish Rasooli,Afghanistan,Top Order Batter,28.25,1.0,1,88.0,0.5099,1,0,1243.31,32.88,136.29,0.0,0.0,0.0,45.434,0.9613,45.55,2027,H1,Jan-Jun
Faisal Khan Ahmadzai,Afghanistan,Pace Bowler,27.25,1.0,1,45.0,0.4318,0,0,81.29,12.56,118.13,27.2,9.08,0.0,45.5367,0.4658,45.4,2027,H1,Jan-Jun
Fareed Ahmad,Afghanistan,Pace Bowler,32.25,1.0,1,71.0,-0.8811,0,1,86.98,11.95,119.2,32.46,9.03,0.0,48.3711,0.7655,48.17,2027,H1,Jan-Jun
Faridoon Dawoodzai,Afghanistan,Pace Bowler,27.25,1.0,1,50.0,0.438,0,0,90.57,14.51,119.93,31.35,8.97,0.0,48.882,0.7513,48.83,2027,H1,Jan-Jun
Fazalhaq Farooqi,Afghanistan,Pace Bowler,26.25,1.0,1,96.0,-1.822,0,1,95.66,11.55,118.65,39.63,9.1,0.0,51.9277,0.832,52.09,2027,H1,Jan-Jun
Gulbadin Naib,Afghanistan,Batting All-Rounder,36.25,0.25,1,85.0,-1.7571,0,1,406.54,26.26,128.24,10.55,9.63,0.0,44.7718,0.0185,44.48,2027,H1,Jan-Jun
Hashmatullah Shahidi,Afghanistan,Top Order Batter,32.25,1.0,1,45.0,0.2726,0,0,433.23,34.05,125.08,0.0,0.0,0.0,40.8157,0.5981,40.9,2027,H1,Jan-Jun
Ibrahim Zadran,Afghanistan,Top Order Batter,25.25,1.0,1,97.0,0.6468,1,0,1499.77,44.1,140.56,0.0,0.0,0.0,51.2095,0.9679,51.06,2027,H1,Jan-Jun
Ikram Ali Khil,Afghanistan,Wicketkeeper,25.25,1.0,1,64.0,0.4632,0,0,687.9,32.84,138.95,0.0,0.0,0.0,44.2324,0.7097,44.29,2027,H1,Jan-Jun
Karim Janat,Afghanistan,Bowling All-Rounder,28.25,1.0,1,106.0,-0.6727,0,1,1073.53,30.79,139.14,41.4,9.29,0.0,67.3381,0.0168,67.88,2027,H1,Jan-Jun
Khatir Stanikzai,Afghanistan,Top Order Batter,28.25,1.0,1,61.0,1.6788,1,0,705.67,41.37,148.05,0.0,0.0,0.0,49.3411,0.8534,49.32,2027,H1,Jan-Jun
Mohammad Ishaq,Afghanistan,Wicketkeeper,25.25,1.0,1,56.0,1.6437,1,0,636.86,35.38,139.38,0.0,0.0,0.0,45.0746,0.4945,45.2,2027,H1,Jan-Jun
Mohammad Nabi,Afghanistan,Bowling All-Rounder,42.25,0.0,0,165.0,-4.6677,0,1,321.82,25.78,138.07,10.92,8.59,0.0,46.8633,0.0049,45.24,2027,H1,Jan-Jun
Mohammad Saleem,Afghanistan,Pace Bowler,25.25,1.0,1,49.0,0.7139,1,0,107.1,17.16,128.78,31.85,8.62,0.0,52.1552,0.8697,52.1,2027,H1,Jan-Jun
Mujeeb Ur Rahman,Afghanistan,Spin Bowler,26.25,1.0,1,101.0,-1.6436,0,1,138.41,17.23,132.68,44.27,7.71,0.0,59.9261,0.7965,59.8,2027,H1,Jan-Jun
Munir Ahmad Kakar,Afghanistan,Wicketkeeper,28.25,1.0,1,59.0,1.085,1,0,633.38,37.16,143.98,0.0,0.0,0.0,46.7095,0.7756,46.88,2027,H1,Jan-Jun
Najibullah Zadran,Afghanistan,Wicketkeeper,33.25,1.0,1,101.0,0.1429,0,0,1238.17,34.58,147.39,0.0,0.0,0.0,48.4591,0.8228,48.65,2027,H1,Jan-Jun
Nangeyalia Kharote,Afghanistan,Spin Bowler,23.25,1.0,1,52.0,0.757,1,0,425.47,27.59,141.02,36.31,7.74,0.0,62.1506,0.9555,62.46,2027,H1,Jan-Jun
Naveed Zadran,Afghanistan,Pace Bowler,26.25,1.0,1,56.0,0.2856,0,0,96.16,15.42,122.11,33.58,8.82,0.0,50.9149,0.8321,50.76,2027,H1,Jan-Jun
Naveen-ul-Haq,Afghanistan,Pace Bowler,27.25,1.0,1,102.0,-1.6287,0,1,113.92,14.24,121.47,41.18,9.05,0.0,54.3997,0.9093,54.37,2027,H1,Jan-Jun
Nazifullah Amiri,Afghanistan,Middle Order Batter,24.25,1.0,1,44.0,1.7685,1,0,552.75,37.74,150.21,0.0,0.0,0.0,48.0255,0.8091,48.01,2027,H1,Jan-Jun
Noor Ahmad,Afghanistan,Spin Bowler,22.25,1.0,1,88.0,-0.1641,0,0,172.11,18.78,131.6,51.89,8.01,0.0,64.3258,0.8447,66.53,2027,H1,Jan-Jun
Qais Ahmad,Afghanistan,Spin Bowler,26.25,1.0,1,78.0,-0.4247,0,0,139.71,16.89,129.57,42.15,8.85,0.0,57.7579,0.7782,57.76,2027,H1,Jan-Jun
Rahmanullah Gurbaz,Afghanistan,Wicketkeeper,25.25,1.0,1,114.0,0.5803,1,0,1947.49,40.75,155.86,0.0,0.0,0.0,54.7875,0.9497,54.78,2027,H1,Jan-Jun
Rahmat Shah,Afghanistan,Top Order Batter,34.25,1.0,1,53.0,0.8401,1,0,625.15,34.85,119.05,0.0,0.0,0.0,40.393,0.7303,40.48,2027,H1,Jan-Jun
Rashid Khan,Afghanistan,Spin Bowler,28.25,1.0,1,195.0,-2.9602,0,1,502.8,24.45,157.89,63.81,7.09,0.0,79.7353,0.9641,68.96,2027,H1,Jan-Jun
Riaz Hassan,Afghanistan,Middle Order Batter,27.25,1.0,1,64.0,1.0325,1,0,725.75,38.14,138.69,0.0,0.0,0.0,46.1962,0.883,46.35,2027,H1,Jan-Jun
Rohullah Arab,Afghanistan,Pace Bowler,25.25,1.0,1,47.0,0.3158,0,0,73.62,11.5,113.32,27.06,9.48,0.0,43.9362,0.3516,44.02,2027,H1,Jan-Jun
Sediqullah Atal,Afghanistan,Top Order Batter,25.25,1.0,1,71.0,2.5862,1,0,1399.11,48.32,149.15,0.0,0.0,0.0,54.2838,0.9736,54.4,2027,H1,Jan-Jun
Shahidullah Kamal,Afghanistan,Middle Order Batter,31.25,1.0,1,82.0,0.9346,1,0,922.31,38.39,132.81,0.0,0.0,0.0,45.624,0.9095,45.71,2027,H1,Jan-Jun
Sharafuddin Ashraf,Afghanistan,Batting All-Rounder,31.25,1.0,1,68.0,0.3228,0,0,583.62,30.65,132.05,25.73,9.4,0.0,55.8383,0.886,55.87,2027,H1,Jan-Jun
Wafiullah Tarakhil,Afghanistan,Top Order Batter,23.25,1.0,1,63.0,2.35,1,0,901.91,44.95,164.3,0.0,0.0,0.0,54.8104,0.9838,54.76,2027,H1,Jan-Jun
Wahidullah Zadran,Afghanistan,Top Order Batter,23.25,1.0,1,46.0,2.3664,1,0,711.54,42.98,154.5,0.0,0.0,0.0,51.3502,0.9433,51.3,2027,H1,Jan-Jun
Zia-Ur-Rehman Abdul Malik,Afghanistan,Spin Bowler,26.25,1.0,1,51.0,0.0996,0,0,147.55,15.64,126.67,34.76,8.41,0.0,52.8636,0.6874,52.78,2027,H1,Jan-Jun
Zubaid Akbari,Afghanistan,Middle Order Batter,24.25,1.0,1,67.0,2.3588,1,0,920.19,45.44,151.8,0.0,0.0,0.0,52.3056,0.9471,52.28,2027,H1,Jan-Jun
Aaron Hardie,Australia,Bowling All-Rounder,28.25,1.0,1,110.0,0.0569,0,0,366.94,31.96,157.21,7.8,8.44,0.0,51.7907,0.0187,51.61,2027,H1,Jan-Jun
Adam Zampa,Australia,Spin Bowler,35.25,0.9583,1,189.3333,-0.9363,0,1,14.01,8.27,104.46,19.46,7.94,0.0,36.9121,0.7815,36.49,2027,H1,Jan-Jun
Alex Carey,Australia,Wicketkeeper,35.25,0.95,1,129.2,-0.0803,0,0,244.7,29.08,135.02,0.0,0.0,0.0,40.6108,0.1938,40.21,2027,H1,Jan-Jun
Ashton Agar,Australia,Spin Bowler,33.25,1.0,1,110.0,-2.5906,0,1,1.02,5.5,78.09,2.8,9.01,0.0,21.0397,0.1038,21.6,2027,H1,Jan-Jun
Beau Webster,Australia,Bowling All-Rounder,33.25,1.0,1,110.0,1.238,1,0,364.63,39.35,144.77,9.63,8.74,0.0,52.6191,0.013,52.74,2027,H1,Jan-Jun
Ben Dwarshuis,Australia,Pace Bowler,32.25,1.0,1,95.0,-0.475,0,0,24.79,12.88,116.61,10.47,9.5,0.0,36.1882,0.6931,36.22,2027,H1,Jan-Jun
Ben Kellaway,Australia,Batting All-Rounder,22.25,1.0,1,35.0,2.6313,1,0,146.27,32.28,159.23,6.28,8.41,0.0,50.8442,0.5853,50.73,2027,H1,Jan-Jun
Ben Manenti,Australia,Bowling All-Rounder,30.25,1.0,1,65.0,-0.4378,0,0,105.65,20.03,119.79,6.51,9.21,0.0,37.6528,0.0117,37.71,2027,H1,Jan-Jun
Billy Stanlake,Australia,Pace Bowler,32.25,1.0,1,60.0,-1.7067,0,1,0.26,1.4,62.24,0.62,10.49,0.0,14.709,0.0087,15.01,2027,H1,Jan-Jun
Brendan Doggett,Australia,Pace Bowler,32.25,1.0,1,60.0,-1.3174,0,1,3.32,3.32,71.38,6.18,9.5,0.0,20.5056,0.0275,21.08,2027,H1,Jan-Jun
Cameron Gannon,Australia,Pace Bowler,36.25,0.375,1,43.0,-1.3033,0,1,1.17,1.97,57.2,2.15,9.3,0.0,14.8021,0.0048,14.85,2027,H1,Jan-Jun
Cameron Green,Australia,Batting All-Rounder,28.25,1.0,1,110.0,-0.7316,0,1,235.43,33.81,162.58,6.02,7.82,0.0,52.4038,0.0188,52.27,2027,H1,Jan-Jun
Campbell Kellaway,Australia,Top Order Batter,25.25,1.0,1,55.0,1.1715,1,0,197.41,30.9,143.78,0.0,0.0,0.0,43.0319,0.5775,43.2,2027,H1,Jan-Jun
Cooper Connolly,Australia,Batting All-Rounder,23.25,1.0,1,65.0,-0.1967,0,0,288.47,29.07,161.19,7.34,7.63,0.0,51.3159,0.8065,51.27,2027,H1,Jan-Jun
Corey Rocchiccioli,Australia,Spin Bowler,30.25,1.0,1,55.0,-0.398,0,0,5.52,5.48,87.08,7.61,8.62,0.0,25.6426,0.5132,26.42,2027,H1,Jan-Jun
Fergus O'Neill,Australia,Pace Bowler,26.25,1.0,1,50.0,-0.1415,0,0,5.91,5.91,83.2,7.65,9.05,0.0,24.8887,0.125,25.88,2027,H1,Jan-Jun
Glenn Maxwell,Australia,Batting All-Rounder,39.25,0.0,0,280.0,-1.6008,0,1,135.57,31.72,147.03,1.8,9.44,0.0,45.3693,0.0067,44.92,2027,H1,Jan-Jun
Harry Nielsen,Australia,Wicketkeeper,31.25,1.0,1,90.0,-0.3452,0,0,188.8,26.6,127.43,0.0,0.0,0.0,37.8806,0.2785,37.98,2027,H1,Jan-Jun
Henry Hunt,Australia,Top Order Batter,29.25,1.0,1,55.0,0.0857,0,0,117.76,28.48,127.12,0.0,0.0,0.0,38.2603,0.7349,38.36,2027,H1,Jan-Jun
Henry Thornton,Australia,Pace Bowler,31.25,1.0,1,70.0,-0.9972,0,1,5.55,5.55,81.82,4.6,9.96,0.0,22.6901,0.0298,22.94,2027,H1,Jan-Jun
Jack Edwards,Australia,Batting All-Rounder,27.25,1.0,1,80.0,-0.0389,0,0,215.18,29.97,142.96,6.14,8.1,0.0,46.663,0.5239,46.74,2027,H1,Jan-Jun
Jake Fraser-McGurk,Australia,Top Order Batter,25.25,1.0,1,85.0,-1.1408,0,1,191.04,24.97,169.47,0.0,0.0,0.0,46.5143,0.9601,46.63,2027,H1,Jan-Jun
Jake Lehmann,Australia,Middle Order Batter,34.25,1.0,1,75.0,-0.689,0,1,77.03,22.3,115.16,0.0,0.0,0.0,33.2943,0.3073,33.65,2027,H1,Jan-Jun
Jake Weatherald,Australia,Top Order Batter,33.25,1.0,1,160.0,-1.4736,0,1,296.91,27.52,130.95,0.0,0.0,0.0,39.3262,0.8129,39.37,2027,H1,Jan-Jun
Jason Behrendorff,Australia,Pace Bowler,37.25,0.5357,1,125.1429,-1.5558,0,1,2.02,3.51,73.42,5.18,9.11,0.0,20.5516,0.0179,21.08,2027,H1,Jan-Jun
Jason Sangha,Australia,Middle Order Batter,28.25,1.0,1,85.0,-0.8228,0,1,167.7,24.35,136.46,0.0,0.0,0.0,38.9851,0.7458,39.06,2027,H1,Jan-Jun
Jhye Richardson,Australia,Pace Bowler,30.25,1.0,1,110.0,-1.2043,0,1,3.44,4.96,79.89,7.06,8.81,0.0,23.5458,0.0532,23.96,2027,H1,Jan-Jun
Joel Davies,Australia,Middle Order Batter,23.25,1.0,1,28.0,1.6709,1,0,137.91,29.62,157.47,0.0,0.0,0.0,45.3829,0.7292,45.51,2027,H1,Jan-Jun
Jordan Buckingham,Australia,Pace Bowler,26.25,1.0,1,40.0,0.0019,0,0,10.12,10.12,94.62,5.78,9.07,0.0,27.9177,0.2224,28.26,2027,H1,Jan-Jun
Josh Hazlewood,Australia,Pace Bowler,36.25,0.75,1,137.2,-0.0129,0,0,4.53,7.52,80.52,15.49,9.44,0.0,28.9686,0.045,29.16,2027,H1,Jan-Jun
Josh Inglis,Australia,Wicketkeeper,32.25,1.0,1,160.0,0.9603,1,0,579.65,36.79,157.88,0.0,0.0,0.0,49.4511,0.9352,49.54,2027,H1,Jan-Jun
Josh Philippe,Australia,Wicketkeeper,30.25,1.0,1,150.0,-1.2467,0,1,267.89,25.7,146.64,0.0,0.0,0.0,42.0188,0.5707,42.15,2027,H1,Jan-Jun
Lance Morris,Australia,Pace Bowler,29.25,1.0,1,45.0,-0.863,0,1,0.72,0.72,52.59,5.84,8.55,0.0,15.4385,0.0179,16.12,2027,H1,Jan-Jun
Liam Hatcher,Australia,Pace Bowler,30.25,1.0,1,65.0,-0.8792,0,1,6.14,6.14,84.88,5.25,9.55,0.0,23.9818,0.1161,24.44,2027,H1,Jan-Jun
Liam Scott,Australia,Batting All-Rounder,26.25,1.0,1,65.0,1.8581,1,0,355.23,39.43,153.73,8.6,8.13,0.0,54.1596,0.8686,54.32,2027,H1,Jan-Jun
Mackenzie Harvey,Australia,Wicketkeeper,26.25,1.0,1,85.0,-0.8832,0,1,129.18,21.33,130.55,0.0,0.0,0.0,36.4847,0.1697,36.59,2027,H1,Jan-Jun
Mahli Beardman,Australia,Pace Bowler,21.25,1.0,1,25.0,0.6064,1,0,7.24,7.24,105.53,5.33,7.94,0.0,29.2565,0.3387,29.71,2027,H1,Jan-Jun
Marcus Stoinis,Australia,Batting All-Rounder,38.25,0.0,0,280.0,-1.9301,0,1,93.66,24.56,132.06,1.49,9.3,0.0,39.2475,0.0028,39.71,2027,H1,Jan-Jun
Marnus Labuschagne,Australia,Top Order Batter,33.25,1.0,1,130.0,-0.6708,0,1,159.72,24.49,114.39,0.0,0.0,0.0,34.1743,0.2929,34.34,2027,H1,Jan-Jun
Matthew Gilkes,Australia,Wicketkeeper,28.25,1.0,1,100.0,-0.842,0,1,211.75,26.94,141.63,0.0,0.0,0.0,41.1868,0.4797,41.2,2027,H1,Jan-Jun
Matthew Kuhnemann,Australia,Spin Bowler,30.25,1.0,1,65.0,0.1065,0,0,6.5,7.37,96.58,8.56,8.69,0.0,28.8954,0.7047,29.35,2027,H1,Jan-Jun
Matthew Renshaw,Australia,Middle Order Batter,31.25,1.0,1,160.0,-0.3812,0,0,324.32,32.36,134.27,0.0,9.79,0.0,42.394,0.5435,42.6,2027,H1,Jan-Jun
Matthew Short,Australia,Batting All-Rounder,31.25,1.0,1,180.0,-2.1208,0,1,374.61,28.89,141.94,4.61,9.22,0.0,45.5295,0.4066,45.56,2027,H1,Jan-Jun
Matthew Wade,Australia,Wicketkeeper,39.25,0.125,1,251.0,-2.8062,0,1,1.17,14.6,112.26,0.0,0.0,0.0,29.6565,0.0104,30.2,2027,H1,Jan-Jun
Michael Neser,Australia,Bowling All-Rounder,37.25,0.25,1,117.0,-0.2891,0,0,76.94,27.47,130.65,4.09,8.99,0.0,41.3626,0.0022,41.73,2027,H1,Jan-Jun
Mitchell Marsh,Australia,Bowling All-Rounder,35.25,0.9643,1,189.4286,-0.2303,0,0,524.5,35.98,148.94,4.95,9.01,0.0,50.3002,0.0185,49.31,2027,H1,Jan-Jun
Mitchell Owen,Australia,Batting All-Rounder,26.25,1.0,1,70.0,1.3378,1,0,370.58,33.03,166.43,4.49,9.07,0.0,52.3292,0.8188,52.28,2027,H1,Jan-Jun
Mitchell Starc,Australia,Pace Bowler,37.25,0.4375,1,164.0,-1.3683,0,1,3.08,4.56,93.24,8.06,9.09,0.0,26.806,0.0569,26.86,2027,H1,Jan-Jun
Mitchell Stoinis,Australia,Batting All-Rounder,38.25,0.15,1,281.2,-1.9301,0,1,135.04,25.9,139.27,2.15,8.82,0.0,41.8752,0.0039,42.38,2027,H1,Jan-Jun
Nathan Ellis,Australia,Pace Bowler,32.25,1.0,1,110.0,-0.9057,0,1,7.64,9.08,104.96,11.05,8.85,0.0,32.6393,0.5875,32.81,2027,H1,Jan-Jun
Nathan Lyon,Australia,Spin Bowler,39.25,0.0,0,40.0,-0.8548,0,1,0.39,1.31,68.57,0.5,7.93,0.0,16.4496,0.008,16.74,2027,H1,Jan-Jun
Nathan McAndrew,Australia,Bowling All-Rounder,32.25,1.0,1,95.0,-0.432,0,0,146.66,23.4,127.54,9.18,8.8,0.0,42.1807,0.0111,42.21,2027,H1,Jan-Jun
Nathan McSweeney,Australia,Middle Order Batter,28.25,1.0,1,75.0,-0.2544,0,0,150.86,25.6,137.17,0.0,0.0,0.0,39.5351,0.8251,39.59,2027,H1,Jan-Jun
Nikhil Chaudhary,Australia,Batting All-Rounder,31.25,1.0,1,80.0,0.8368,1,0,320.29,30.32,153.16,8.45,8.99,0.0,50.4059,0.8057,50.44,2027,H1,Jan-Jun
Oliver Peake,Australia,Middle Order Batter,21.25,1.0,1,22.0,2.4338,1,0,97.07,29.7,152.66,0.0,0.0,0.0,44.2275,0.6376,44.29,2027,H1,Jan-Jun
Pat Cummins,Australia,Pace Bowler,34.25,1.0,1,110.0,-1.4021,0,1,26.9,10.0,101.48,8.52,8.86,0.0,30.9235,0.4177,31.34,2027,H1,Jan-Jun
Riley Meredith,Australia,Pace Bowler,31.25,1.0,1,110.0,-1.2877,0,1,1.9,3.89,75.23,5.94,9.24,0.0,21.4648,0.0478,22.27,2027,H1,Jan-Jun
Sam Elliott,Australia,Pace Bowler,25.25,1.0,1,32.0,-0.1524,0,0,12.41,10.27,93.76,5.02,8.86,0.0,27.4251,0.2416,27.85,2027,H1,Jan-Jun
Sam Konstas,Australia,Top Order Batter,21.25,1.0,1,42.0,2.6206,1,0,388.94,32.56,171.59,0.0,0.0,0.0,50.3307,0.9672,50.47,2027,H1,Jan-Jun
Scott Boland,Australia,Pace Bowler,38.25,0.1875,1,36.5,-0.9798,0,1,0.56,1.26,60.61,1.0,9.2,0.0,14.6994,0.0064,14.82,2027,H1,Jan-Jun
Sean Abbott,Australia,Bowling All-Rounder,35.25,0.7917,1,177.6667,-1.8323,0,1,146.39,18.22,127.1,9.44,9.25,0.0,40.2835,0.0118,39.45,2027,H1,Jan-Jun
Spencer Johnson,Australia,Pace Bowler,31.25,1.0,1,65.0,-0.5233,0,1,8.65,7.14,90.48,8.4,9.34,0.0,27.2815,0.4932,27.7,2027,H1,Jan-Jun
Steven Smith,Australia,Top Order Batter,38.25,0.1875,1,181.5,-0.982,0,1,109.27,27.44,139.62,0.0,0.0,0.0,40.5991,0.0661,40.8,2027,H1,Jan-Jun
Tanveer Sangha,Australia,Spin Bowler,25.25,1.0,1,70.0,-0.4902,0,0,5.11,5.9,87.45,10.37,8.33,0.0,27.3967,0.7371,27.82,2027,H1,Jan-Jun
Tim David,Australia,Middle Order Batter,31.25,1.0,1,150.0,-0.1106,0,0,420.46,35.27,178.41,0.0,0.0,0.0,52.897,0.9829,52.69,2027,H1,Jan-Jun
Todd Murphy,Australia,Spin Bowler,26.25,1.0,1,30.0,-1.0761,0,1,1.7,1.7,62.73,2.56,8.82,0.0,16.2216,0.0303,16.9,2027,H1,Jan-Jun
Travis Head,Australia,Top Order Batter,33.25,1.0,1,190.0,-0.27,0,0,583.29,37.22,170.44,0.0,0.0,0.0,52.3688,0.9936,52.34,2027,H1,Jan-Jun
Will Sutherland,Australia,Bowling All-Rounder,27.25,1.0,1,100.0,-0.099,0,0,225.11,30.38,144.88,9.15,8.11,0.0,48.8576,0.0144,48.99,2027,H1,Jan-Jun
Xavier Bartlett,Australia,Pace Bowler,28.25,1.0,1,60.0,-0.4806,0,0,12.44,10.23,106.83,8.24,9.14,0.0,31.933,0.5113,32.17,2027,H1,Jan-Jun
A. G. Saqlain,Bangladesh,Bowling All-Rounder,25.25,1.0,1,28.0,1.5243,1,0,188.74,29.57,152.91,17.62,7.78,0.0,54.7822,0.0172,54.72,2027,H1,Jan-Jun
Abdul Gaffar Saqlain,Bangladesh,Bowling All-Rounder,25.25,1.0,1,28.0,1.5243,1,0,189.94,29.76,153.88,17.73,7.73,0.0,55.1372,0.0174,55.37,2027,H1,Jan-Jun
Afif Hossain,Bangladesh,Batting All-Rounder,27.25,1.0,1,142.0,-2.0747,0,1,344.67,22.12,145.5,10.55,8.06,0.0,47.1672,0.6396,47.17,2027,H1,Jan-Jun
Akbar Ali,Bangladesh,Wicketkeeper,26.25,1.0,1,44.0,1.424,1,0,463.46,30.88,147.0,0.0,0.0,0.0,44.5782,0.425,44.68,2027,H1,Jan-Jun
Amite Hasan,Bangladesh,Middle Order Batter,26.25,1.0,1,41.0,1.6032,1,0,325.57,28.23,133.81,0.0,0.0,0.0,40.2987,0.6776,40.46,2027,H1,Jan-Jun
Anamul Haque,Bangladesh,Wicketkeeper,34.25,1.0,1,153.0,-1.296,0,1,313.78,21.54,127.61,0.0,0.0,0.0,36.5041,0.1676,36.7,2027,H1,Jan-Jun
Ebadat Hossain,Bangladesh,Pace Bowler,33.25,1.0,1,55.0,0.4398,0,0,24.15,11.18,103.54,19.78,8.72,0.0,37.7915,0.234,37.76,2027,H1,Jan-Jun
Hasan Mahmud,Bangladesh,Pace Bowler,28.25,1.0,1,93.0,-0.667,0,1,90.06,13.8,122.8,43.54,8.0,0.0,55.9215,0.9139,55.89,2027,H1,Jan-Jun
Hasan Murad,Bangladesh,Spin Bowler,25.25,1.0,1,48.0,1.4761,1,0,68.45,15.86,115.54,30.11,7.78,0.0,47.9244,0.7887,47.86,2027,H1,Jan-Jun
Jaker Ali,Bangladesh,Wicketkeeper,29.25,1.0,1,77.0,1.2723,1,0,638.44,34.24,147.91,0.0,0.0,0.0,46.5398,0.7549,46.67,2027,H1,Jan-Jun
Jishan Alam,Bangladesh,Top Order Batter,25.25,1.0,1,41.0,1.6795,1,0,381.87,30.06,139.96,0.0,0.0,0.0,42.4817,0.765,42.62,2027,H1,Jan-Jun
Khaled Ahmed,Bangladesh,Pace Bowler,34.25,1.0,1,81.0,0.4571,0,0,39.1,12.43,102.83,29.36,9.2,0.0,43.1288,0.45,43.2,2027,H1,Jan-Jun
Litton Das,Bangladesh,Wicketkeeper,32.25,1.0,1,220.0,-0.81,0,1,753.83,32.43,149.13,0.0,0.0,0.0,46.5259,0.8093,46.67,2027,H1,Jan-Jun
Mahedi Hasan,Bangladesh,Batting All-Rounder,32.25,1.0,1,163.0,0.0353,0,0,619.36,29.24,141.22,37.42,8.29,0.0,63.8679,0.8264,67.01,2027,H1,Jan-Jun
Mahidul Islam Ankon,Bangladesh,Wicketkeeper,26.25,1.0,1,55.0,1.7718,1,0,418.93,33.62,145.31,0.0,0.0,0.0,45.0483,0.7352,45.2,2027,H1,Jan-Jun
Mahmudul Hasan Joy,Bangladesh,Middle Order Batter,26.25,1.0,1,82.0,0.2224,0,0,414.95,28.17,130.37,0.0,0.0,0.0,39.8083,0.8509,39.89,2027,H1,Jan-Jun
Mahmudullah,Bangladesh,Batting All-Rounder,41.25,0.0,0,250.0,-5.119,0,1,0.0,22.31,139.07,0.0,8.34,0.0,39.0681,0.0023,39.49,2027,H1,Jan-Jun
Mehidy Hasan Miraz,Bangladesh,Bowling All-Rounder,29.25,1.0,1,178.0,-0.4125,0,0,664.12,32.94,145.69,44.88,7.12,0.0,70.565,0.0307,68.31,2027,H1,Jan-Jun
Mohammad Naim,Bangladesh,Top Order Batter,27.25,1.0,1,118.0,-1.1598,0,1,418.85,25.77,141.6,0.0,0.0,0.0,41.4208,0.9186,41.47,2027,H1,Jan-Jun
Mohammad Saifuddin,Bangladesh,Bowling All-Rounder,30.25,1.0,1,121.0,-0.5889,0,1,431.01,24.74,145.36,36.82,8.2,0.0,62.2622,0.0208,62.09,2027,H1,Jan-Jun
Mominul Haque,Bangladesh,Top Order Batter,35.25,0.95,1,107.2,-0.4437,0,0,251.09,22.56,114.57,0.0,0.0,0.0,33.813,0.1218,34.08,2027,H1,Jan-Jun
Mosaddek Hossain,Bangladesh,Batting All-Rounder,31.25,1.0,1,147.0,-1.0736,0,1,446.99,25.7,137.66,15.57,7.99,0.0,49.7392,0.8086,49.74,2027,H1,Jan-Jun
Musfik Hasan,Bangladesh,Pace Bowler,23.25,1.0,1,34.0,1.3273,1,0,39.63,12.0,118.64,24.26,7.86,0.0,44.004,0.3445,44.02,2027,H1,Jan-Jun
Mushfiqur Rahim,Bangladesh,Wicketkeeper,40.25,0.1071,1,190.8571,-1.6022,0,1,84.43,22.96,116.14,0.0,0.0,0.0,33.7693,0.0056,34.43,2027,H1,Jan-Jun
Mustafizur Rahman,Bangladesh,Pace Bowler,31.25,1.0,1,215.0,-1.4401,0,1,66.41,11.89,104.69,45.07,8.44,0.0,51.9103,0.8126,52.09,2027,H1,Jan-Jun
Nahid Rana,Bangladesh,Pace Bowler,24.25,1.0,1,74.0,0.6137,1,0,41.77,12.2,115.31,44.4,7.93,0.0,54.0254,0.7692,53.99,2027,H1,Jan-Jun
Najmul Hossain Apu,Bangladesh,Spin Bowler,28.25,1.0,1,37.0,1.293,1,0,57.94,13.31,119.26,25.8,7.53,0.0,45.5666,0.6606,45.56,2027,H1,Jan-Jun
Najmul Hossain Shanto,Bangladesh,Middle Order Batter,28.25,1.0,1,128.0,-0.2388,0,0,726.68,32.8,133.81,0.0,0.0,0.0,43.2155,0.889,43.4,2027,H1,Jan-Jun
Nasum Ahmed,Bangladesh,Spin Bowler,33.25,1.0,1,149.0,-1.324,0,1,66.03,11.81,103.89,38.78,7.55,0.0,48.5707,0.8071,48.62,2027,H1,Jan-Jun
Nasum Ahmed Jr,Bangladesh,Spin Bowler,22.25,1.0,1,29.0,1.0085,1,0,53.8,12.21,118.56,21.67,7.48,0.0,42.8267,0.4542,42.9,2027,H1,Jan-Jun
Nayeem Hasan,Bangladesh,Spin Bowler,26.25,1.0,1,61.0,-0.6,0,1,58.81,14.03,110.74,27.97,7.32,0.0,45.1681,0.7681,45.22,2027,H1,Jan-Jun
Nurul Hasan,Bangladesh,Wicketkeeper,34.25,1.0,1,158.0,0.0764,0,0,474.0,26.51,137.49,0.0,0.0,0.0,40.9613,0.5172,41.07,2027,H1,Jan-Jun
Parvez Hossain Emon,Bangladesh,Wicketkeeper,25.25,1.0,1,75.0,1.3541,1,0,753.16,39.44,166.1,0.0,0.0,0.0,52.7552,0.8773,52.75,2027,H1,Jan-Jun
Pritom Kumar,Bangladesh,Wicketkeeper,23.25,1.0,1,38.0,1.8842,1,0,416.41,33.11,153.04,0.0,0.0,0.0,46.5511,0.462,46.67,2027,H1,Jan-Jun
Rejaur Rahman Raja,Bangladesh,Pace Bowler,26.25,1.0,1,43.0,1.2786,1,0,53.04,12.22,110.22,26.11,8.49,0.0,43.1249,0.2823,43.2,2027,H1,Jan-Jun
Ripon Mondol,Bangladesh,Pace Bowler,24.25,1.0,1,39.0,1.2736,1,0,42.78,12.77,115.2,27.82,8.2,0.0,45.3488,0.383,45.36,2027,H1,Jan-Jun
Rishad Hossain,Bangladesh,Spin Bowler,24.25,1.0,1,101.0,1.8401,1,0,628.11,33.4,173.99,44.92,7.58,0.0,76.7125,0.9845,69.17,2027,H1,Jan-Jun
Saif Hassan,Bangladesh,Top Order Batter,28.25,1.0,1,92.0,1.1672,1,0,579.51,30.14,141.7,0.0,0.0,0.0,43.5215,0.9549,43.82,2027,H1,Jan-Jun
Shadman Islam,Bangladesh,Top Order Batter,31.25,1.0,1,74.0,0.6824,1,0,359.57,28.93,122.2,0.0,0.0,0.0,38.1143,0.7919,38.25,2027,H1,Jan-Jun
Shahadat Hossain,Bangladesh,Middle Order Batter,25.25,1.0,1,47.0,1.697,1,0,373.24,32.23,140.36,0.0,0.0,0.0,43.3198,0.7427,43.52,2027,H1,Jan-Jun
Shakib Al Hasan,Bangladesh,Batting All-Rounder,40.25,0.0,0,310.0,-8.1687,0,1,0.0,21.5,136.29,0.0,8.03,0.0,38.2362,0.0029,38.41,2027,H1,Jan-Jun
Shamim Hossain,Bangladesh,Batting All-Rounder,26.25,1.0,1,86.0,1.7462,1,0,678.72,36.82,162.95,18.67,7.94,0.0,61.6623,0.8718,61.85,2027,H1,Jan-Jun
Shoriful Islam,Bangladesh,Pace Bowler,26.25,1.0,1,114.0,-1.0289,0,1,70.92,13.68,114.13,39.28,8.42,0.0,51.5659,0.7012,51.71,2027,H1,Jan-Jun
Soumya Sarkar,Bangladesh,Batting All-Rounder,34.25,0.9375,1,189.0,-1.854,0,1,440.56,22.83,138.28,12.93,8.61,0.0,47.2929,0.4991,46.29,2027,H1,Jan-Jun
Taijul Islam,Bangladesh,Spin Bowler,35.25,0.7917,1,110.6667,-3.1901,0,1,38.73,10.35,89.16,22.8,7.93,0.0,36.1593,0.1739,35.01,2027,H1,Jan-Jun
Tanvir Islam,Bangladesh,Spin Bowler,30.25,1.0,1,82.0,0.2649,0,0,76.43,14.76,110.82,44.09,7.31,0.0,54.0615,0.9241,53.99,2027,H1,Jan-Jun
Tanzid Hasan,Bangladesh,Top Order Batter,26.25,1.0,1,92.0,0.865,1,0,779.85,34.94,147.07,0.0,0.0,0.0,47.0574,0.97,47.05,2027,H1,Jan-Jun
Tanzim Hasan Sakib,Bangladesh,Pace Bowler,24.25,1.0,1,84.0,0.2146,0,0,105.96,20.13,143.46,36.64,8.18,0.0,59.0661,0.911,59.49,2027,H1,Jan-Jun
Taskin Ahmed,Bangladesh,Pace Bowler,32.25,1.0,1,158.0,-0.8099,0,1,73.73,12.01,105.44,42.49,8.64,0.0,50.7317,0.8253,50.83,2027,H1,Jan-Jun
Towhid Hridoy,Bangladesh,Top Order Batter,26.25,1.0,1,115.0,1.2181,1,0,942.57,36.24,154.56,2.42,8.04,0.0,51.8098,0.9685,51.68,2027,H1,Jan-Jun
Yasir Ali Chowdhury,Bangladesh,Middle Order Batter,31.25,1.0,1,93.0,0.2857,0,0,405.41,26.63,129.35,0.0,0.0,0.0,39.0023,0.8272,39.06,2027,H1,Jan-Jun
Zakir Hasan,Bangladesh,Middle Order Batter,29.25,1.0,1,71.0,0.2371,0,0,399.04,27.59,132.06,0.0,0.0,0.0,39.9199,0.8113,39.98,2027,H1,Jan-Jun
Adil Rashid,England,Spin Bowler,39.25,0.0,0,310.0,-2.4712,0,1,17.53,9.31,98.17,8.74,7.62,0.0,41.3058,0.9789,39.79,2027,H1,Jan-Jun
Alex Horton,England,Wicketkeeper,24.25,1.0,1,27.0,1.5789,1,0,300.07,30.63,146.59,0.0,0.0,0.0,43.878,0.4984,43.98,2027,H1,Jan-Jun
Aneurin Donald,England,Top Order Batter,30.25,1.0,1,36.0,1.3941,1,0,409.58,31.24,146.25,0.0,0.0,0.0,44.3712,0.832,44.42,2027,H1,Jan-Jun
Archie Vaughan,England,Batting All-Rounder,22.25,1.0,1,34.0,1.6592,1,0,373.4,28.73,143.25,12.15,8.18,0.0,49.9582,0.6502,49.92,2027,H1,Jan-Jun
Ben Duckett,England,Top Order Batter,32.25,1.0,1,174.0,0.0295,0,0,833.18,28.46,143.06,0.0,0.0,0.0,44.0255,0.9655,44.17,2027,H1,Jan-Jun
Ben Foakes,England,Wicketkeeper,34.25,1.0,1,113.0,-0.026,0,0,263.37,25.26,120.86,0.0,0.0,0.0,36.1983,0.131,36.32,2027,H1,Jan-Jun
Ben Geddes,England,Top Order Batter,25.25,1.0,1,46.0,1.5171,1,0,478.22,31.84,150.03,0.0,0.0,0.0,45.6333,0.8751,45.71,2027,H1,Jan-Jun
Brydon Carse,England,Pace Bowler,32.25,1.0,1,92.0,-1.578,0,1,120.31,18.55,142.93,50.07,8.88,0.0,65.4162,0.9065,66.68,2027,H1,Jan-Jun
Chris Jordan,England,Pace Bowler,38.25,0.0,0,290.0,-1.3062,0,1,94.4,17.2,137.75,9.72,9.69,0.0,42.1625,0.0369,41.66,2027,H1,Jan-Jun
Chris Woakes,England,Bowling All-Rounder,38.25,0.0,0,162.0,-2.2158,0,1,26.74,18.55,124.33,4.1,8.56,0.0,36.7067,0.0028,36.64,2027,H1,Jan-Jun
Dan Lawrence,England,Batting All-Rounder,30.25,1.0,1,129.0,0.1571,0,0,805.11,32.55,149.18,6.74,7.82,0.0,51.2138,0.8661,51.03,2027,H1,Jan-Jun
Dan Mousley,England,Batting All-Rounder,26.25,1.0,1,92.0,1.2956,1,0,734.74,34.96,154.05,22.87,8.18,0.0,61.3991,0.8428,61.81,2027,H1,Jan-Jun
Emilio Gay,England,Middle Order Batter,30.25,1.0,1,84.0,0.3313,0,0,624.55,30.27,137.61,0.0,0.0,0.0,42.8155,0.9194,43.07,2027,H1,Jan-Jun
Farhan Ahmed,England,Spin Bowler,20.25,1.0,1,28.0,1.6927,1,0,63.0,14.32,128.98,25.01,7.23,0.0,47.7356,0.7466,47.58,2027,H1,Jan-Jun
George Bell,England,Wicketkeeper,24.25,1.0,1,44.0,1.3427,1,0,448.77,31.64,152.24,0.0,0.0,0.0,45.9519,0.5918,45.95,2027,H1,Jan-Jun
George Hill,England,Batting All-Rounder,28.25,1.0,1,71.0,1.3489,1,0,587.8,30.66,150.1,18.51,8.1,0.0,56.2273,0.8538,55.89,2027,H1,Jan-Jun
George Thomas,England,Top Order Batter,25.25,1.0,1,53.0,0.9642,1,0,539.33,31.4,154.69,0.0,0.0,0.0,46.6913,0.9699,46.74,2027,H1,Jan-Jun
Gus Atkinson,England,Pace Bowler,29.25,1.0,1,87.0,-0.7545,0,1,59.71,13.15,123.84,43.89,8.72,0.0,55.8547,0.8702,55.89,2027,H1,Jan-Jun
Harry Brook,England,Middle Order Batter,28.25,1.0,1,114.0,0.0425,0,0,883.11,40.26,163.55,1.35,7.91,0.0,54.4932,0.9753,54.4,2027,H1,Jan-Jun
Henry Crocombe,England,Pace Bowler,25.25,1.0,1,38.0,1.0613,1,0,43.07,12.86,116.48,26.57,8.23,0.0,44.9926,0.3977,45.05,2027,H1,Jan-Jun
Jack Carson,England,Spin Bowler,26.25,1.0,1,48.0,0.8131,1,0,71.42,16.25,120.21,31.48,8.05,0.0,49.7611,0.8045,49.94,2027,H1,Jan-Jun
Jack Haynes,England,Top Order Batter,26.25,1.0,1,83.0,0.7935,1,0,672.31,32.17,155.41,0.0,0.0,0.0,47.5489,0.979,47.51,2027,H1,Jan-Jun
Jack Leach,England,Spin Bowler,36.25,0.55,1,116.2,-3.0806,0,1,9.68,11.44,104.92,8.71,8.45,0.0,32.3193,0.1294,32.34,2027,H1,Jan-Jun
Jacob Bethell,England,Batting All-Rounder,23.25,1.0,1,79.0,1.7171,1,0,843.49,40.97,174.1,21.41,8.05,0.0,67.5473,0.93,67.04,2027,H1,Jan-Jun
James Anderson,England,Pace Bowler,45.25,0.0,0,44.0,-0.2803,0,0,0.0,0.0,0.0,0.0,9.1,0.0,0.453,0.0025,0.54,2027,H1,Jan-Jun
James Coles,England,Batting All-Rounder,23.25,1.0,1,41.0,1.9435,1,0,451.39,32.32,155.91,17.72,7.89,0.0,57.2894,0.689,56.81,2027,H1,Jan-Jun
James Rew,England,Wicketkeeper,23.25,1.0,1,55.0,1.3442,1,0,676.95,36.15,161.22,0.0,0.0,0.0,50.2636,0.7075,50.36,2027,H1,Jan-Jun
Jamie Overton,England,Bowling All-Rounder,33.25,1.0,1,135.0,-0.8828,0,1,454.75,24.45,151.77,37.09,8.71,0.0,63.6774,0.018,62.89,2027,H1,Jan-Jun
Jamie Smith,England,Wicketkeeper,26.25,1.0,1,73.0,1.6322,1,0,712.06,38.28,157.22,0.0,0.0,0.0,50.2627,0.6793,50.35,2027,H1,Jan-Jun
Joe Root,England,Batting All-Rounder,36.25,0.75,1,69.2,-0.2888,0,0,251.13,29.12,131.3,1.78,8.07,0.0,41.6108,0.0212,41.9,2027,H1,Jan-Jun
Jofra Archer,England,Pace Bowler,32.25,1.0,1,104.0,-0.9242,0,1,47.5,15.45,125.54,34.18,8.64,0.0,51.875,0.801,52.09,2027,H1,Jan-Jun
John Turner,England,Pace Bowler,24.25,1.0,1,39.0,1.4003,1,0,52.54,15.7,126.97,29.63,7.86,0.0,50.0468,0.6252,49.94,2027,H1,Jan-Jun
Jonny Bairstow,England,Wicketkeeper,38.25,0.0,0,185.0,-0.9841,0,1,100.15,24.64,137.26,0.0,0.0,0.0,39.0491,0.0085,39.63,2027,H1,Jan-Jun
Jordan Cox,England,Wicketkeeper,26.25,1.0,1,99.0,1.6457,1,0,894.16,36.8,154.17,0.0,0.0,0.0,49.6442,0.8472,49.82,2027,H1,Jan-Jun
Jos Buttler,England,Wicketkeeper,36.25,0.5833,1,245.3333,-0.9772,0,1,551.51,33.1,148.41,0.0,0.0,0.0,45.9636,0.9563,45.05,2027,H1,Jan-Jun
Josh Hull,England,Pace Bowler,23.25,1.0,1,39.0,1.6136,1,0,44.74,13.66,127.75,29.71,8.15,0.0,49.4379,0.5245,49.32,2027,H1,Jan-Jun
Josh Tongue,England,Pace Bowler,29.25,1.0,1,61.0,-0.131,0,0,35.59,16.51,119.79,24.3,8.34,0.0,45.7744,0.6676,45.74,2027,H1,Jan-Jun
Liam Dawson,England,Bowling All-Rounder,37.25,0.35,1,228.2,-1.7665,0,1,305.77,26.78,131.12,14.62,7.7,0.0,47.808,0.0049,45.73,2027,H1,Jan-Jun
Liam Livingstone,England,Batting All-Rounder,34.25,1.0,1,215.0,-1.325,0,1,958.06,31.82,160.79,21.98,8.8,0.0,61.8637,0.746,62.11,2027,H1,Jan-Jun
Luc Benkenstein,England,Batting All-Rounder,22.25,1.0,1,32.0,1.9507,1,0,368.48,31.36,154.48,15.46,7.75,0.0,55.2017,0.7738,55.37,2027,H1,Jan-Jun
Luke Wood,England,Pace Bowler,31.25,1.0,1,142.0,-0.8336,0,1,71.35,11.55,122.96,36.07,9.2,0.0,50.8877,0.803,50.75,2027,H1,Jan-Jun
Mark Wood,England,Pace Bowler,37.25,0.0,0,91.0,-1.0975,0,1,6.49,10.48,106.32,6.68,10.15,0.0,30.9051,0.0412,31.49,2027,H1,Jan-Jun
Matthew Fisher,England,Pace Bowler,30.25,1.0,1,71.0,-0.1627,0,0,56.49,18.66,120.67,29.35,8.33,0.0,49.487,0.7073,49.32,2027,H1,Jan-Jun
Matthew Potts,England,Pace Bowler,28.25,1.0,1,78.0,-0.9343,0,1,112.38,20.29,138.36,35.12,7.88,0.0,57.2877,0.8882,56.76,2027,H1,Jan-Jun
Ollie Pope,England,Top Order Batter,29.25,1.0,1,101.0,-0.3969,0,0,320.48,24.36,123.4,0.0,8.69,0.0,37.3206,0.4069,37.45,2027,H1,Jan-Jun
Ollie Robinson,England,Pace Bowler,28.25,1.0,1,61.0,-0.344,0,0,52.39,16.53,120.67,27.08,8.28,0.0,47.5161,0.6893,47.35,2027,H1,Jan-Jun
Olly Stone,England,Pace Bowler,33.25,1.0,1,82.0,-0.6313,0,1,40.91,20.03,122.12,30.16,8.45,0.0,50.6512,0.7504,50.71,2027,H1,Jan-Jun
Phil Salt,England,Wicketkeeper,31.25,1.0,1,200.0,-0.7439,0,1,1092.2,35.18,170.47,0.0,0.0,0.0,53.2658,0.955,53.28,2027,H1,Jan-Jun
Reece Topley,England,Pace Bowler,33.25,1.0,1,114.0,-0.2871,0,0,54.44,18.07,119.8,35.65,8.66,0.0,52.3551,0.8367,52.36,2027,H1,Jan-Jun
Rehan Ahmed,England,Spin Bowler,22.25,1.0,1,86.0,0.6019,1,0,410.15,25.74,147.77,41.36,7.8,0.0,65.5831,0.9817,67.37,2027,H1,Jan-Jun
Rocky Flintoff,England,Middle Order Batter,21.25,1.0,1,28.0,1.9777,1,0,352.65,36.32,155.27,0.0,0.0,0.0,47.9874,0.9052,48.01,2027,H1,Jan-Jun
Sam Cook,England,Pace Bowler,29.25,1.0,1,81.0,-0.4917,0,0,49.74,15.69,113.72,31.98,8.25,0.0,48.2907,0.6139,48.17,2027,H1,Jan-Jun
Sam Curran,England,Bowling All-Rounder,29.25,1.0,1,223.0,-1.3161,0,1,811.48,28.6,148.99,32.47,8.26,0.0,63.3324,0.0164,62.4,2027,H1,Jan-Jun
Saqib Mahmood,England,Pace Bowler,30.25,1.0,1,89.0,0.4241,0,0,58.77,18.66,123.59,36.65,8.32,0.0,54.0104,0.8979,53.94,2027,H1,Jan-Jun
Shoaib Bashir,England,Spin Bowler,23.25,1.0,1,57.0,-0.8332,0,1,40.38,12.35,113.11,27.73,7.82,0.0,44.7714,0.6497,44.74,2027,H1,Jan-Jun
Sonny Baker,England,Pace Bowler,22.25,1.0,1,47.0,1.2902,1,0,54.49,16.19,126.32,30.84,8.1,0.0,50.6735,0.6952,50.76,2027,H1,Jan-Jun
Tom Banton,England,Wicketkeeper,29.25,1.0,1,132.0,0.3394,0,0,867.26,32.72,157.63,0.0,0.0,0.0,48.8538,0.9124,49.04,2027,H1,Jan-Jun
Tom Hartley,England,Spin Bowler,28.25,1.0,1,64.0,-2.6271,0,1,46.61,15.4,128.27,19.17,7.47,0.0,44.7508,0.8549,44.73,2027,H1,Jan-Jun
Tom Rew,England,Wicketkeeper,22.25,1.0,1,30.0,1.6948,1,0,329.91,34.18,152.2,0.0,0.0,0.0,46.475,0.6062,46.67,2027,H1,Jan-Jun
Will Jacks,England,Batting All-Rounder,28.25,1.0,1,149.0,-1.133,0,1,996.36,29.91,163.8,18.61,8.57,0.0,60.2164,0.7737,59.52,2027,H1,Jan-Jun
Zak Crawley,England,Top Order Batter,29.25,1.0,1,96.0,0.301,0,0,498.12,30.46,147.12,0.0,0.0,0.0,44.5643,0.9678,44.68,2027,H1,Jan-Jun
Abhishek Sharma,India,Top Order Batter,27.25,1.0,1,130.0,-1.0461,0,1,530.15,31.75,140.91,0.0,0.0,0.0,43.7683,0.9648,43.96,2027,H1,Jan-Jun
Akash Deep,India,Pace Bowler,30.25,1.0,1,55.0,0.2085,0,0,34.88,10.65,104.1,4.83,7.03,0.0,30.2264,0.379,30.78,2027,H1,Jan-Jun
Akshat Raghuwanshi,India,Top Order Batter,22.25,1.0,1,34.0,-1.1288,0,1,75.58,17.46,154.43,0.0,0.0,0.0,40.1585,0.6491,40.17,2027,H1,Jan-Jun
Aman Mokhade,India,Middle Order Batter,25.25,1.0,1,74.0,-0.5901,0,1,164.32,23.8,136.57,0.0,0.0,0.0,38.8012,0.7283,38.88,2027,H1,Jan-Jun
Angkrish Raghuwanshi,India,Wicketkeeper,25.25,1.0,1,25.0,-2.521,0,1,110.87,19.7,168.24,0.0,0.0,0.0,44.0998,0.4849,44.27,2027,H1,Jan-Jun
Anshul Kamboj,India,Pace Bowler,26.25,1.0,1,69.0,-1.0825,0,1,12.34,7.61,99.48,0.35,8.49,0.0,25.3177,0.0887,26.38,2027,H1,Jan-Jun
Arshdeep Singh,India,Pace Bowler,28.25,1.0,1,160.0,-0.3774,0,0,105.27,7.07,85.91,20.36,7.59,0.0,33.2708,0.4384,32.89,2027,H1,Jan-Jun
Atharva Taide,India,Top Order Batter,25.25,1.0,1,18.0,-1.1721,0,1,85.55,17.97,160.76,0.0,0.0,0.0,41.76,0.6758,41.84,2027,H1,Jan-Jun
Auqib Nabi,India,Bowling All-Rounder,26.25,1.0,1,22.0,-0.435,0,0,124.56,25.45,127.6,4.44,7.13,0.0,40.7312,0.0091,40.81,2027,H1,Jan-Jun
Avesh Khan,India,Pace Bowler,30.25,1.0,1,140.0,-0.4319,0,0,49.51,14.41,83.68,12.21,6.87,0.0,31.1122,0.2214,31.36,2027,H1,Jan-Jun
Axar Patel,India,Bowling All-Rounder,33.25,1.0,1,230.0,-0.3129,0,0,384.16,18.64,122.76,7.02,7.34,0.0,39.3672,0.0163,39.36,2027,H1,Jan-Jun
Ayush Mhatre,India,Top Order Batter,20.25,1.0,1,29.0,-3.5146,0,1,467.1,19.51,210.12,0.0,0.0,0.0,54.3429,0.9122,54.4,2027,H1,Jan-Jun
Brijesh Sharma,India,Pace Bowler,25.25,1.0,1,68.0,1.4587,1,0,67.59,40.93,53.91,23.45,9.15,0.0,39.5913,0.6614,39.77,2027,H1,Jan-Jun
Devdutt Padikkal,India,Top Order Batter,27.25,1.0,1,57.0,-0.148,0,0,139.95,18.76,158.54,0.0,0.0,0.0,41.7302,0.6703,41.84,2027,H1,Jan-Jun
Dhruv Jurel,India,Wicketkeeper,26.25,1.0,1,41.0,0.2749,0,0,94.56,32.32,144.03,0.0,0.0,0.0,43.2681,0.4538,43.4,2027,H1,Jan-Jun
Digvesh Rathi,India,Spin Bowler,27.25,1.0,1,50.0,-0.4432,0,0,32.45,3.13,119.74,10.18,9.76,0.0,33.2079,0.4247,33.39,2027,H1,Jan-Jun
Gurnoor Brar,India,Pace Bowler,26.25,1.0,1,43.0,1.0542,1,0,14.52,11.87,128.49,11.54,7.16,0.0,39.4663,0.6623,39.45,2027,H1,Jan-Jun
Hardik Pandya,India,Batting All-Rounder,33.25,1.0,1,310.0,-2.4222,0,1,146.32,14.27,127.64,3.57,9.73,0.0,35.7922,0.0173,35.92,2027,H1,Jan-Jun
Harsh Dubey,India,Bowling All-Rounder,25.25,1.0,1,77.0,0.5519,1,0,277.1,29.15,119.68,11.23,9.12,0.0,43.9656,0.0147,44.04,2027,H1,Jan-Jun
Harshit Rana,India,Pace Bowler,24.25,1.0,1,53.0,0.9683,1,0,20.37,8.45,106.65,31.62,10.19,0.0,43.5244,0.6999,43.68,2027,H1,Jan-Jun
Ishan Kishan,India,Wicketkeeper,29.25,1.0,1,180.0,-0.093,0,0,637.49,20.05,134.99,0.0,0.0,0.0,38.6185,0.4091,38.73,2027,H1,Jan-Jun
Jasprit Bumrah,India,Pace Bowler,33.25,1.0,1,230.0,-0.5424,0,1,62.17,8.59,77.27,76.75,7.22,0.0,61.8115,0.9642,62.16,2027,H1,Jan-Jun
Jitesh Sharma,India,Wicketkeeper,33.25,1.0,1,110.0,-1.2451,0,1,264.97,25.43,117.73,0.0,0.0,0.0,35.5786,0.1475,35.83,2027,H1,Jan-Jun
KL Rahul,India,Wicketkeeper,35.25,0.9643,1,269.4286,0.6889,1,0,408.42,36.89,143.58,0.0,0.0,0.0,45.8082,0.6779,45.38,2027,H1,Jan-Jun
KS Bharat,India,Wicketkeeper,33.25,1.0,1,32.0,-0.8691,0,1,78.5,14.3,124.39,0.0,0.0,0.0,32.4531,0.0306,32.79,2027,H1,Jan-Jun
Kartik Sharma,India,Wicketkeeper,22.25,1.0,1,40.0,0.6468,1,0,74.51,42.91,122.0,0.0,0.0,0.0,42.1742,0.335,42.37,2027,H1,Jan-Jun
Khaleel Ahmed,India,Pace Bowler,29.25,1.0,1,52.0,-0.1598,0,0,9.52,17.26,112.33,4.44,8.95,0.0,33.6663,0.1907,33.9,2027,H1,Jan-Jun
Kuldeep Yadav,India,Spin Bowler,32.25,1.0,1,190.0,3.496,1,0,0.0,7.27,120.3,60.62,7.77,0.0,61.8643,0.9636,62.0,2027,H1,Jan-Jun
Kumar Kushagra,India,Wicketkeeper,22.25,1.0,1,39.0,-1.6401,0,1,85.03,20.09,128.76,0.0,0.0,0.0,35.5072,0.059,35.69,2027,H1,Jan-Jun
Manav Suthar,India,Spin Bowler,25.25,1.0,1,20.0,1.0889,1,0,19.78,15.76,112.29,11.71,7.96,0.0,37.2136,0.673,37.17,2027,H1,Jan-Jun
Mangesh Yadav,India,Pace Bowler,24.25,1.0,1,68.0,0.1741,0,0,41.83,13.57,91.69,12.05,8.08,0.0,32.1385,0.1911,32.23,2027,H1,Jan-Jun
Mayank Yadav,India,Pace Bowler,25.25,1.0,1,30.0,0.8293,1,0,7.71,5.93,99.88,16.25,7.73,0.0,33.3959,0.1634,33.3,2027,H1,Jan-Jun
Mohammed Shami,India,Pace Bowler,37.25,0.4375,1,184.0,-0.0391,0,0,3.01,6.61,82.59,13.8,9.18,0.0,28.2379,0.0233,28.46,2027,H1,Jan-Jun
Mohammed Siraj,India,Pace Bowler,33.25,1.0,1,190.0,1.0389,1,0,19.78,4.67,122.96,41.07,9.14,0.0,50.9207,0.9221,50.82,2027,H1,Jan-Jun
Mukesh Kumar,India,Pace Bowler,33.25,1.0,1,72.0,-2.0445,0,1,25.6,5.15,102.58,5.31,9.97,0.0,27.5344,0.179,27.86,2027,H1,Jan-Jun
Nithish Kumar Reddy,India,Batting All-Rounder,24.25,1.0,1,742.0,-3.183,0,1,23.73,23.59,145.73,0.0,0.0,0.0,40.2849,0.4012,40.48,2027,H1,Jan-Jun
Prabhsimran Singh,India,Wicketkeeper,27.25,1.0,1,80.0,-0.1166,0,0,190.87,33.92,137.85,0.0,0.0,0.0,42.7946,0.4567,43.07,2027,H1,Jan-Jun
Prashant Veer,India,Bowling All-Rounder,25.25,1.0,1,40.0,0.7999,1,0,71.54,34.34,154.63,0.0,0.0,0.0,46.2414,0.0147,46.35,2027,H1,Jan-Jun
Prasidh Krishna,India,Pace Bowler,31.25,1.0,1,110.0,2.1223,1,0,22.41,10.9,89.77,28.64,9.83,0.0,39.1818,0.5002,39.22,2027,H1,Jan-Jun
Prince Yadav,India,Pace Bowler,26.25,1.0,1,70.0,1.4899,1,0,4.35,13.58,119.95,12.7,8.31,0.0,38.5094,0.5317,38.51,2027,H1,Jan-Jun
Priyansh Arya,India,Top Order Batter,26.25,1.0,1,65.0,-0.3519,0,0,543.44,31.79,186.7,1.07,12.53,0.0,54.6173,0.8561,54.43,2027,H1,Jan-Jun
Rajat Patidar,India,Middle Order Batter,33.25,1.0,1,23.0,-0.8666,0,1,54.3,19.6,120.92,0.0,0.0,0.0,33.5159,0.1139,33.78,2027,H1,Jan-Jun
Ramandeep Singh,India,Batting All-Rounder,30.25,1.0,1,66.0,0.4274,0,0,188.94,39.93,166.23,0.0,0.0,0.0,51.1613,0.9506,51.04,2027,H1,Jan-Jun
Ravi Bishnoi,India,Spin Bowler,27.25,1.0,1,140.0,0.7192,1,0,42.98,20.27,89.61,12.0,9.45,0.0,33.8001,0.6291,33.87,2027,H1,Jan-Jun
Rinku Singh,India,Middle Order Batter,30.25,1.0,1,140.0,-0.1732,0,0,316.77,33.77,190.87,0.0,0.0,0.0,54.7587,0.9678,54.7,2027,H1,Jan-Jun
Rishabh Pant,India,Wicketkeeper,29.25,1.0,1,230.0,-0.0922,0,0,586.39,40.47,130.49,0.0,0.0,0.0,44.7909,0.5404,44.88,2027,H1,Jan-Jun
Riyan Parag,India,Batting All-Rounder,25.25,1.0,1,140.0,-1.6051,0,1,283.98,27.17,146.45,0.0,0.0,0.0,42.5555,0.5011,42.71,2027,H1,Jan-Jun
Sai Sudharsan,India,Top Order Batter,25.25,1.0,1,48.0,-2.2145,0,1,80.51,19.92,123.53,0.0,0.0,0.0,34.286,0.2654,34.49,2027,H1,Jan-Jun
Sakib Hussain,India,Pace Bowler,22.25,1.0,1,16.0,-1.0797,0,1,32.32,10.1,96.78,6.25,8.33,0.0,28.8469,0.1636,29.22,2027,H1,Jan-Jun
Salil Arora,India,Wicketkeeper,24.25,1.0,1,58.0,-0.0849,0,0,186.63,26.91,138.76,0.0,0.0,0.0,40.4672,0.4285,40.5,2027,H1,Jan-Jun
Sanju Samson,India,Wicketkeeper,32.25,1.0,1,230.0,0.3517,0,0,363.21,37.7,150.0,0.0,0.0,0.0,47.3611,0.7877,47.54,2027,H1,Jan-Jun
Sarfaraz Khan,India,Middle Order Batter,29.25,1.0,1,34.0,-0.8484,0,1,73.78,33.94,125.65,0.0,0.0,0.0,39.7556,0.4839,39.77,2027,H1,Jan-Jun
Sarthak Ranjan,India,Middle Order Batter,24.25,1.0,1,18.0,0.1947,0,0,114.68,31.6,145.34,0.0,0.0,0.0,43.3611,0.6898,43.52,2027,H1,Jan-Jun
Shardul Thakur,India,Bowling All-Rounder,35.25,0.95,1,169.2,-0.5712,0,1,271.75,24.69,123.04,15.49,9.47,0.0,45.2874,0.0092,44.9,2027,H1,Jan-Jun
Shivam Dube,India,Batting All-Rounder,34.25,1.0,1,180.0,1.0385,1,0,209.31,42.54,142.72,0.0,0.0,0.0,47.0109,0.8674,47.04,2027,H1,Jan-Jun
Shreyas Iyer,India,Middle Order Batter,32.25,1.0,1,190.0,-0.4469,0,0,735.6,20.63,145.17,0.0,0.0,0.0,41.3696,0.8439,41.47,2027,H1,Jan-Jun
Shubman Gill,India,Top Order Batter,28.25,1.0,1,150.0,-2.0093,0,1,458.98,39.94,148.66,0.0,0.0,0.0,48.1758,0.9769,48.34,2027,H1,Jan-Jun
Suryakumar Yadav,India,Middle Order Batter,37.25,0.0,0,300.0,-0.7683,0,1,210.68,26.25,161.95,0.0,0.0,0.0,45.3881,0.0469,44.98,2027,H1,Jan-Jun
Suryansh Shedge,India,Batting All-Rounder,23.25,1.0,1,26.0,-0.081,0,0,69.16,39.03,120.21,0.0,0.0,0.0,40.3739,0.1866,40.46,2027,H1,Jan-Jun
Tejasvi Dahiya,India,Wicketkeeper,23.25,1.0,1,29.0,-0.261,0,0,99.35,38.76,139.61,0.0,0.0,0.0,44.6238,0.4389,44.87,2027,H1,Jan-Jun
Tilak Varma,India,Middle Order Batter,24.25,1.0,1,132.0,0.6118,1,0,341.03,40.88,129.18,0.0,0.0,0.0,43.8689,0.8957,43.98,2027,H1,Jan-Jun
Tushar Deshpande,India,Pace Bowler,32.25,1.0,1,59.0,1.157,1,0,6.88,14.66,109.63,8.46,7.26,0.0,34.6473,0.484,34.69,2027,H1,Jan-Jun
Vaibhav Suryavanshi,India,Top Order Batter,16.25,1.0,1,44.0,1.4098,1,0,224.91,18.74,226.05,0.0,0.0,0.0,56.7853,0.9675,56.91,2027,H1,Jan-Jun
Varun Chakravarthy,India,Spin Bowler,36.25,0.7917,1,157.6667,-0.7789,0,1,92.58,7.43,110.26,13.08,7.47,0.0,34.8617,0.6028,34.57,2027,H1,Jan-Jun
Washington Sundar,India,Bowling All-Rounder,27.25,1.0,1,160.0,1.6614,1,0,456.62,30.66,152.43,9.81,7.73,0.0,51.7887,0.0242,51.61,2027,H1,Jan-Jun
Yash Thakur,India,Pace Bowler,27.25,1.0,1,22.0,0.6618,1,0,0.0,13.37,126.63,12.35,7.08,0.0,40.0032,0.8425,40.08,2027,H1,Jan-Jun
Yashasvi Jaiswal,India,Top Order Batter,25.25,1.0,1,110.0,-1.196,0,1,505.24,28.64,123.49,0.0,0.0,0.0,38.7572,0.787,38.8,2027,H1,Jan-Jun
Adam Leckey,Ireland,Pace Bowler,22.25,1.0,1,30.0,1.5556,1,0,45.16,13.79,115.95,21.19,7.95,0.0,42.4237,0.2986,42.44,2027,H1,Jan-Jun
Andrew Balbirnie,Ireland,Top Order Batter,36.25,0.55,1,215.2,-1.5368,0,1,413.8,27.22,123.6,0.0,0.0,0.0,37.9807,0.0574,38.52,2027,H1,Jan-Jun
Andy McBrine,Ireland,Bowling All-Rounder,34.25,1.0,1,129.0,0.2661,0,0,501.21,28.74,131.53,35.74,7.86,0.0,60.3937,0.0214,59.63,2027,H1,Jan-Jun
Barry McCarthy,Ireland,Pace Bowler,34.25,1.0,1,132.0,-1.1615,0,1,80.75,16.16,113.47,40.42,8.85,0.0,52.8626,0.8267,52.76,2027,H1,Jan-Jun
Ben Calitz,Ireland,Middle Order Batter,26.25,1.0,1,48.0,1.7128,1,0,515.89,35.52,152.39,0.0,0.0,0.0,47.5898,0.8791,47.5,2027,H1,Jan-Jun
Ben White,Ireland,Spin Bowler,28.25,1.0,1,81.0,-0.2689,0,0,69.41,17.34,118.77,38.31,7.4,0.0,53.6141,0.967,53.64,2027,H1,Jan-Jun
Cade Carmichael,Ireland,Middle Order Batter,25.25,1.0,1,58.0,1.8287,1,0,577.82,37.08,150.53,0.0,0.0,0.0,47.9389,0.9174,48.01,2027,H1,Jan-Jun
Chris de Freitas,Ireland,Top Order Batter,26.25,1.0,1,35.0,1.464,1,0,286.7,30.81,151.74,0.0,0.0,0.0,45.0283,0.8357,45.2,2027,H1,Jan-Jun
Cian Carmichael,Ireland,Middle Order Batter,25.25,1.0,1,28.0,1.7146,1,0,212.25,30.0,141.99,0.0,0.0,0.0,42.3644,0.5986,42.52,2027,H1,Jan-Jun
Craig Young,Ireland,Pace Bowler,35.25,0.9375,1,110.0,-0.605,0,1,47.34,11.87,111.77,35.71,8.7,0.0,48.3743,0.5497,47.14,2027,H1,Jan-Jun
Curtis Campher,Ireland,Bowling All-Rounder,28.25,1.0,1,148.0,-0.185,0,0,748.6,37.48,157.66,39.72,7.6,0.0,72.2166,0.0359,68.32,2027,H1,Jan-Jun
Fionn Hand,Ireland,Pace Bowler,29.25,1.0,1,99.0,-0.18,0,0,73.05,13.82,124.12,39.7,7.8,0.0,54.1724,0.8865,54.33,2027,H1,Jan-Jun
Gareth Delany,Ireland,Batting All-Rounder,30.25,1.0,1,122.0,-0.242,0,0,579.18,29.38,150.98,22.82,8.02,0.0,58.2392,0.9064,57.77,2027,H1,Jan-Jun
Gavin Hoey,Ireland,Spin Bowler,24.25,1.0,1,62.0,1.7968,1,0,225.28,28.2,147.25,31.96,7.69,0.0,60.7999,0.9687,60.21,2027,H1,Jan-Jun
Gavin Roulston,Ireland,Middle Order Batter,24.25,1.0,1,38.0,2.2199,1,0,322.79,35.49,147.59,0.0,0.0,0.0,45.9119,0.7536,45.94,2027,H1,Jan-Jun
George Dockrell,Ireland,Batting All-Rounder,34.25,1.0,1,174.0,-0.9186,0,1,471.69,24.45,122.03,17.88,8.32,0.0,47.0987,0.624,47.04,2027,H1,Jan-Jun
Graham Hume,Ireland,Pace Bowler,36.25,0.375,1,115.0,-0.8702,0,1,29.97,13.28,109.85,21.47,8.9,0.0,40.8086,0.0313,39.28,2027,H1,Jan-Jun
Harry Tector,Ireland,Middle Order Batter,27.25,1.0,1,167.0,0.5617,1,0,1011.86,37.82,144.69,2.0,8.5,0.0,50.1134,0.8639,49.92,2027,H1,Jan-Jun
Jai Moondra,Ireland,Pace Bowler,24.25,1.0,1,37.0,1.2794,1,0,42.61,12.72,113.99,23.18,8.13,0.0,42.618,0.2943,42.58,2027,H1,Jan-Jun
Jake Egan,Ireland,Top Order Batter,23.25,1.0,1,34.0,2.0547,1,0,337.13,33.71,144.93,0.0,0.0,0.0,44.7366,0.7991,44.87,2027,H1,Jan-Jun
James West,Ireland,Top Order Batter,24.25,1.0,1,36.0,1.9257,1,0,357.98,35.79,158.83,0.0,0.0,0.0,48.5943,0.9086,48.62,2027,H1,Jan-Jun
Jordan Neill,Ireland,Pace Bowler,25.25,1.0,1,51.0,0.7448,1,0,46.91,10.66,107.85,26.59,8.43,0.0,42.2938,0.3868,42.33,2027,H1,Jan-Jun
Josh Little,Ireland,Pace Bowler,27.25,1.0,1,114.0,-0.6058,0,1,56.1,18.63,124.21,40.4,7.94,0.0,56.2012,0.8957,55.9,2027,H1,Jan-Jun
Liam McCarthy,Ireland,Pace Bowler,28.25,1.0,1,57.0,0.9,1,0,61.46,14.03,119.77,33.66,7.87,0.0,50.0355,0.8112,49.94,2027,H1,Jan-Jun
Lorcan Tucker,Ireland,Wicketkeeper,31.25,1.0,1,122.0,0.6262,1,0,686.23,29.56,133.14,0.0,0.0,0.0,41.7781,0.654,42.08,2027,H1,Jan-Jun
Luke Murray,Ireland,Wicketkeeper,24.25,1.0,1,31.0,2.0995,1,0,291.41,31.6,139.8,0.0,0.0,0.0,42.7105,0.3973,42.85,2027,H1,Jan-Jun
Mark Adair,Ireland,Bowling All-Rounder,31.25,1.0,1,175.0,-2.7203,0,1,443.73,24.33,146.16,37.43,8.37,0.0,62.6187,0.0178,62.1,2027,H1,Jan-Jun
Matt Hollard,Ireland,Batting All-Rounder,24.25,1.0,1,39.0,2.2392,1,0,283.88,34.36,160.58,18.73,7.41,0.0,59.166,0.8802,59.57,2027,H1,Jan-Jun
Matthew Foster,Ireland,Pace Bowler,27.25,1.0,1,48.0,0.9301,1,0,54.11,12.47,114.46,29.56,8.04,0.0,46.0741,0.6242,46.0,2027,H1,Jan-Jun
Matthew Humphreys,Ireland,Spin Bowler,24.25,1.0,1,65.0,0.3361,0,0,74.5,14.45,120.09,36.03,7.33,0.0,51.6922,0.9205,51.71,2027,H1,Jan-Jun
Morgan Topping,Ireland,Middle Order Batter,23.25,1.0,1,42.0,1.9243,1,0,430.99,35.17,159.75,0.0,0.0,0.0,48.8063,0.8912,48.99,2027,H1,Jan-Jun
Neil Rock,Ireland,Wicketkeeper,26.25,1.0,1,71.0,1.1088,1,0,421.61,32.0,146.57,0.0,0.0,0.0,44.7521,0.7712,44.87,2027,H1,Jan-Jun
Paul Stirling,Ireland,Top Order Batter,36.25,0.625,1,366.0,-3.9428,0,1,694.65,25.68,133.25,4.08,9.23,0.0,43.2116,0.1023,43.19,2027,H1,Jan-Jun
Peter Moor,Ireland,Wicketkeeper,36.25,0.7917,1,111.6667,-0.7194,0,1,148.85,20.24,118.52,0.0,0.0,0.0,33.5208,0.0133,34.19,2027,H1,Jan-Jun
Reuben Wilson,Ireland,Pace Bowler,22.25,1.0,1,41.0,2.0247,1,0,128.43,24.79,145.57,26.05,7.69,0.0,55.764,0.8279,55.37,2027,H1,Jan-Jun
Ross Adair,Ireland,Top Order Batter,32.25,1.0,1,86.0,1.0886,1,0,795.28,38.13,163.48,0.0,0.0,0.0,51.8457,0.9887,52.07,2027,H1,Jan-Jun
Sam Topping,Ireland,Top Order Batter,24.25,1.0,1,44.0,2.1039,1,0,431.01,35.88,153.68,0.0,0.0,0.0,47.731,0.9436,47.75,2027,H1,Jan-Jun
Scott Macbeth,Ireland,Pace Bowler,26.25,1.0,1,32.0,1.3168,1,0,52.04,15.56,118.68,22.96,7.67,0.0,44.6848,0.5215,44.73,2027,H1,Jan-Jun
Seamus Lynch,Ireland,Wicketkeeper,25.25,1.0,1,41.0,1.9137,1,0,387.66,34.21,151.5,0.0,0.0,0.0,46.5164,0.6561,46.67,2027,H1,Jan-Jun
Sebastian Dijkstra,Ireland,Top Order Batter,23.25,1.0,1,27.0,1.7423,1,0,249.58,31.25,148.55,0.0,0.0,0.0,44.3688,0.7841,44.42,2027,H1,Jan-Jun
Stephen Doheny,Ireland,Wicketkeeper,27.25,1.0,1,58.0,1.3805,1,0,569.17,36.57,163.09,0.0,0.0,0.0,50.4804,0.8153,50.52,2027,H1,Jan-Jun
Theo van Woerkom,Ireland,Pace Bowler,31.25,1.0,1,64.0,0.3037,0,0,52.92,12.8,115.02,26.97,8.34,0.0,44.8715,0.6671,44.84,2027,H1,Jan-Jun
Tim Tector,Ireland,Top Order Batter,24.25,1.0,1,51.0,1.835,1,0,497.75,34.44,154.75,0.0,0.0,0.0,47.6618,0.9486,47.75,2027,H1,Jan-Jun
Tom Mayes,Ireland,Pace Bowler,25.25,1.0,1,46.0,1.4192,1,0,62.82,14.49,120.4,29.83,7.83,0.0,48.3196,0.5853,48.17,2027,H1,Jan-Jun
Adam Milne,New Zealand,Pace Bowler,35.25,0.6875,1,211.5,-2.7416,0,1,32.16,13.54,110.09,24.78,9.1,0.0,42.682,0.0581,41.06,2027,H1,Jan-Jun
Adithya Ashok,New Zealand,Spin Bowler,24.25,1.0,1,44.0,0.5063,1,0,56.01,12.5,115.0,26.64,7.67,0.0,44.7471,0.6517,44.73,2027,H1,Jan-Jun
Ajaz Patel,New Zealand,Spin Bowler,38.25,0.3929,1,90.7143,-2.1014,0,1,6.5,7.43,93.98,8.29,7.5,0.0,28.4704,0.1812,28.91,2027,H1,Jan-Jun
Ben Lister,New Zealand,Pace Bowler,31.25,1.0,1,89.0,0.2451,0,0,59.79,14.99,110.77,40.55,8.85,0.0,51.8538,0.7082,52.09,2027,H1,Jan-Jun
Ben Sears,New Zealand,Pace Bowler,29.25,1.0,1,84.0,0.6785,1,0,46.63,14.44,116.85,44.61,8.05,0.0,55.2654,0.831,55.37,2027,H1,Jan-Jun
Benjamin Jacobs,New Zealand,Middle Order Batter,25.25,1.0,1,35.0,1.7755,1,0,309.74,32.21,150.77,0.0,0.0,0.0,45.3911,0.7044,45.51,2027,H1,Jan-Jun
Bharat Popli,New Zealand,Middle Order Batter,35.25,0.95,1,76.2,0.6414,1,0,408.79,26.91,122.94,0.0,0.0,0.0,37.709,0.6254,37.61,2027,H1,Jan-Jun
Blair Tickner,New Zealand,Pace Bowler,33.25,1.0,1,114.0,-1.5152,0,1,37.14,12.34,110.22,28.76,9.0,0.0,44.4262,0.6896,44.28,2027,H1,Jan-Jun
Cole McConchie,New Zealand,Batting All-Rounder,31.25,1.0,1,101.0,0.317,0,0,497.44,28.61,134.4,17.81,8.03,0.0,51.4087,0.9763,51.33,2027,H1,Jan-Jun
Curtis Heaphy,New Zealand,Batting All-Rounder,25.25,1.0,1,44.0,2.177,1,0,458.87,33.8,156.14,19.37,7.73,0.0,58.8083,0.7695,57.8,2027,H1,Jan-Jun
Dane Cleaver,New Zealand,Wicketkeeper,34.25,1.0,1,88.0,0.3728,0,0,408.25,28.39,135.15,0.0,0.0,0.0,40.9131,0.5026,40.97,2027,H1,Jan-Jun
Daryl Foxcroft,New Zealand,Batting All-Rounder,28.25,1.0,1,71.0,2.694,1,0,649.99,39.84,162.76,21.41,7.57,0.0,64.1559,0.8365,67.06,2027,H1,Jan-Jun
Daryl Mitchell,New Zealand,Batting All-Rounder,36.25,0.4375,1,180.0,-2.055,0,1,328.65,28.11,134.13,6.62,9.18,0.0,44.4659,0.0125,44.33,2027,H1,Jan-Jun
Devon Conway,New Zealand,Wicketkeeper,36.25,0.7917,1,191.6667,-1.1313,0,1,575.29,31.35,128.15,0.0,0.0,0.0,40.973,0.0572,41.06,2027,H1,Jan-Jun
Finn Allen,New Zealand,Top Order Batter,28.25,1.0,1,180.0,-0.609,0,1,1087.53,38.08,183.19,0.0,0.0,0.0,57.0776,0.9944,56.91,2027,H1,Jan-Jun
Fraser Sheat,New Zealand,Pace Bowler,25.25,1.0,1,45.0,1.0563,1,0,58.89,13.53,121.97,29.43,7.54,0.0,48.1662,0.6188,48.17,2027,H1,Jan-Jun
Glenn Phillips,New Zealand,Batting All-Rounder,31.25,1.0,1,220.0,-1.0925,0,1,966.38,34.12,166.68,23.96,8.18,0.0,65.1818,0.9273,67.14,2027,H1,Jan-Jun
Henry Nicholls,New Zealand,Top Order Batter,36.25,0.5833,1,97.3333,-0.8467,0,1,148.71,19.16,118.0,0.0,0.0,0.0,33.0192,0.0182,33.53,2027,H1,Jan-Jun
Ish Sodhi,New Zealand,Spin Bowler,34.25,0.875,1,198.0,-2.8392,0,1,48.92,10.61,98.84,23.83,7.94,0.0,38.9502,0.3314,37.51,2027,H1,Jan-Jun
Jacob Cumming,New Zealand,Top Order Batter,25.25,1.0,1,41.0,1.6302,1,0,434.56,31.73,149.34,0.0,0.0,0.0,45.3035,0.8772,45.36,2027,H1,Jan-Jun
Jacob Duffy,New Zealand,Pace Bowler,32.25,1.0,1,88.0,0.6264,1,0,57.49,13.79,116.09,48.12,8.09,0.0,56.7543,0.8324,56.39,2027,H1,Jan-Jun
Jayden Lennox,New Zealand,Pace Bowler,25.25,1.0,1,31.0,1.422,1,0,35.37,11.41,108.31,22.13,8.51,0.0,40.2434,0.2373,40.29,2027,H1,Jan-Jun
Jesse Tashkoff,New Zealand,Batting All-Rounder,28.25,1.0,1,49.0,1.9317,1,0,458.1,30.84,147.05,20.53,8.11,0.0,56.2801,0.8011,56.4,2027,H1,Jan-Jun
Jimmy Neesham,New Zealand,Bowling All-Rounder,36.25,0.625,1,231.0,-1.7576,0,1,337.57,24.51,144.94,16.8,8.94,0.0,51.0175,0.0105,46.81,2027,H1,Jan-Jun
Josh Clarkson,New Zealand,Batting All-Rounder,30.25,1.0,1,75.0,1.7479,1,0,642.32,33.55,159.69,21.98,7.79,0.0,61.4517,0.8105,61.78,2027,H1,Jan-Jun
Katene Clarke,New Zealand,Middle Order Batter,26.25,1.0,1,47.0,1.3911,1,0,450.62,32.14,152.4,0.0,0.0,0.0,46.1721,0.7514,46.35,2027,H1,Jan-Jun
Kristian Clarke,New Zealand,Bowling All-Rounder,25.25,1.0,1,41.0,2.0148,1,0,398.48,30.66,151.98,21.58,7.69,0.0,57.7613,0.0248,57.8,2027,H1,Jan-Jun
Kyle Jamieson,New Zealand,Pace Bowler,32.25,1.0,1,104.0,-0.7898,0,1,68.58,12.93,124.64,36.38,7.98,0.0,52.1488,0.8712,52.09,2027,H1,Jan-Jun
Lachlan Stackpole,New Zealand,Middle Order Batter,24.25,1.0,1,32.0,1.5963,1,0,276.74,29.23,144.63,0.0,0.0,0.0,42.8723,0.701,43.07,2027,H1,Jan-Jun
Lockie Ferguson,New Zealand,Pace Bowler,36.25,0.5833,1,142.3333,-1.4912,0,1,27.31,12.79,120.06,24.06,8.58,0.0,44.2972,0.105,42.52,2027,H1,Jan-Jun
Mark Chapman,New Zealand,Middle Order Batter,32.25,1.0,1,153.0,-0.1849,0,0,709.91,32.69,152.51,15.32,8.11,0.0,56.1771,0.9231,55.88,2027,H1,Jan-Jun
Matt Bacon,New Zealand,Pace Bowler,32.25,1.0,1,53.0,0.496,0,0,39.61,8.97,104.72,26.36,8.66,0.0,40.8108,0.4346,40.89,2027,H1,Jan-Jun
Matt Henry,New Zealand,Pace Bowler,35.25,0.9167,1,159.6667,-1.2099,0,1,40.77,10.78,113.07,34.63,8.23,0.0,47.77,0.5414,46.36,2027,H1,Jan-Jun
Matthew Boyle,New Zealand,Top Order Batter,25.25,1.0,1,39.0,1.8639,1,0,366.84,32.22,150.75,0.0,0.0,0.0,45.5723,0.9162,45.7,2027,H1,Jan-Jun
Matthew Fisher,New Zealand,Pace Bowler,26.25,1.0,1,34.0,1.1706,1,0,36.66,10.77,111.45,24.49,8.05,0.0,42.0565,0.2408,42.06,2027,H1,Jan-Jun
Max Chu,New Zealand,Wicketkeeper,28.25,1.0,1,41.0,1.7809,1,0,369.42,32.36,148.69,0.0,0.0,0.0,45.1794,0.6397,45.36,2027,H1,Jan-Jun
Michael Bracewell,New Zealand,Batting All-Rounder,36.25,0.5833,1,135.3333,0.2842,0,0,458.96,34.02,152.38,20.65,7.98,0.0,58.6838,0.2054,49.88,2027,H1,Jan-Jun
Michael Rae,New Zealand,Pace Bowler,32.25,1.0,1,56.0,0.3883,0,0,32.8,10.06,101.84,25.04,8.82,0.0,39.8177,0.3331,39.93,2027,H1,Jan-Jun
Mitchell Hay,New Zealand,Wicketkeeper,31.25,1.0,1,72.0,1.6301,1,0,598.28,35.53,153.57,0.0,0.0,0.0,48.1145,0.5903,48.05,2027,H1,Jan-Jun
Mitchell Santner,New Zealand,Spin Bowler,35.25,0.875,1,243.0,-1.1739,0,1,491.05,29.99,137.35,35.15,7.38,0.0,61.8923,0.9501,58.5,2027,H1,Jan-Jun
Muhammad Abbas,New Zealand,Middle Order Batter,26.25,1.0,1,22.0,0.4289,0,0,35.17,13.92,112.08,0.0,0.0,0.0,29.4816,0.0933,30.02,2027,H1,Jan-Jun
Nathan Smith,New Zealand,Pace Bowler,28.25,1.0,1,80.0,1.0242,1,0,193.97,25.94,148.65,35.62,7.89,0.0,62.091,0.9462,62.35,2027,H1,Jan-Jun
Nicholas Kelly,New Zealand,Top Order Batter,31.25,1.0,1,54.0,1.5429,1,0,469.48,28.88,138.0,0.0,0.0,0.0,41.9084,0.8755,42.11,2027,H1,Jan-Jun
Rachin Ravindra,New Zealand,Batting All-Rounder,27.25,1.0,1,101.0,1.1799,1,0,906.96,38.98,161.3,25.13,7.93,0.0,66.2334,0.9469,67.03,2027,H1,Jan-Jun
Rhys Mariu,New Zealand,Middle Order Batter,25.25,1.0,1,53.0,1.561,1,0,466.24,30.95,142.03,0.0,0.0,0.0,43.5232,0.834,43.82,2027,H1,Jan-Jun
Rohit Gulati,New Zealand,Middle Order Batter,25.25,1.0,1,30.0,1.37,1,0,216.06,25.88,133.34,0.0,0.0,0.0,39.0042,0.521,39.06,2027,H1,Jan-Jun
Simon Johnston,New Zealand,Top Order Batter,24.25,1.0,1,34.0,1.7344,1,0,266.6,32.74,146.81,0.0,0.0,0.0,44.576,0.8179,44.68,2027,H1,Jan-Jun
Simon Keene,New Zealand,Pace Bowler,25.25,1.0,1,34.0,1.3555,1,0,48.25,14.42,110.38,22.26,8.34,0.0,41.9211,0.3058,41.97,2027,H1,Jan-Jun
Tim Pringle,New Zealand,Spin Bowler,23.25,1.0,1,49.0,2.0348,1,0,323.77,33.07,158.76,28.23,7.52,0.0,63.445,0.978,62.52,2027,H1,Jan-Jun
Tim Robinson,New Zealand,Middle Order Batter,24.25,1.0,1,64.0,1.8791,1,0,727.63,38.08,160.25,0.0,0.0,0.0,50.9045,0.9442,50.74,2027,H1,Jan-Jun
Tim Seifert,New Zealand,Wicketkeeper,32.25,1.0,1,200.0,-0.0866,0,0,974.66,36.1,154.82,0.0,0.0,0.0,49.7922,0.9511,49.98,2027,H1,Jan-Jun
Tim Southee,New Zealand,Pace Bowler,38.25,0.0,0,220.0,-3.6596,0,1,1.16,4.67,100.36,3.63,9.47,0.0,25.9837,0.0212,26.66,2027,H1,Jan-Jun
Tom Blundell,New Zealand,Wicketkeeper,36.25,0.8214,1,80.0,-0.1062,0,0,232.53,23.44,123.25,0.0,0.0,0.0,35.9711,0.0332,36.08,2027,H1,Jan-Jun
Tom Latham,New Zealand,Wicketkeeper,35.25,0.9643,1,137.4286,-0.706,0,1,324.2,24.71,124.25,0.0,0.0,0.0,36.9377,0.0894,37.03,2027,H1,Jan-Jun
Trent Boult,New Zealand,Pace Bowler,38.25,0.15,1,169.2,-3.7224,0,1,4.12,6.61,100.74,5.42,9.4,0.0,27.7334,0.0303,27.94,2027,H1,Jan-Jun
Will ORourke,New Zealand,Pace Bowler,26.25,1.0,1,62.0,1.0569,1,0,70.82,16.31,125.5,40.68,7.7,0.0,55.9048,0.8862,55.9,2027,H1,Jan-Jun
Will Young,New Zealand,Top Order Batter,35.25,0.9583,1,122.3333,0.3727,0,0,485.27,30.04,129.72,0.0,0.0,0.0,40.5604,0.8648,40.22,2027,H1,Jan-Jun
Zak Foulkes,New Zealand,Bowling All-Rounder,25.25,1.0,1,56.0,2.7363,1,0,497.77,37.16,160.48,29.1,7.67,0.0,66.2665,0.0316,67.08,2027,H1,Jan-Jun
Zak Gibson,New Zealand,Pace Bowler,25.25,1.0,1,28.0,1.4501,1,0,36.12,11.65,110.08,21.63,8.44,0.0,40.4685,0.2291,40.54,2027,H1,Jan-Jun
Aamir Jamal,Pakistan,Bowling All-Rounder,31.25,1.0,1,88.0,-1.391,0,1,186.7,23.3,133.68,9.04,8.97,0.0,43.5119,0.0112,43.8,2027,H1,Jan-Jun
Abbas Afridi,Pakistan,Pace Bowler,26.25,1.0,1,82.0,-1.7444,0,1,50.67,10.05,134.14,20.93,8.34,0.0,44.862,0.6761,44.84,2027,H1,Jan-Jun
Abdul Faseeh,Pakistan,Top Order Batter,24.25,1.0,1,14.0,-0.0047,0,0,10.43,10.2,130.91,0.0,0.0,0.0,32.1947,0.2249,32.63,2027,H1,Jan-Jun
Abdul Faseeh Jr,Pakistan,Top Order Batter,24.25,1.0,1,15.0,1.0261,1,0,48.13,13.28,132.42,0.0,0.0,0.0,33.75,0.1197,34.0,2027,H1,Jan-Jun
Abdul Samad,Pakistan,Middle Order Batter,25.25,1.0,1,92.0,-0.621,0,1,612.0,30.37,142.91,0.0,0.0,0.0,43.9726,0.8562,44.17,2027,H1,Jan-Jun
Abdullah Fazal,Pakistan,Middle Order Batter,28.25,1.0,1,48.0,0.4397,0,0,302.17,30.23,123.65,0.0,0.0,0.0,38.7151,0.7672,38.8,2027,H1,Jan-Jun
Abdullah Shafique,Pakistan,Top Order Batter,27.25,1.0,1,122.0,-2.3273,0,1,950.98,38.44,143.71,0.0,0.0,0.0,48.1215,0.9537,48.02,2027,H1,Jan-Jun
Abrar Ahmed,Pakistan,Spin Bowler,28.25,1.0,1,102.0,-5.5395,0,1,122.88,17.32,129.53,40.23,7.32,0.0,57.1754,0.9582,56.78,2027,H1,Jan-Jun
Ahmed Daniyal,Pakistan,Pace Bowler,30.25,1.0,1,64.0,-1.319,0,1,106.21,16.8,147.91,26.19,7.72,0.0,53.4082,0.6619,53.31,2027,H1,Jan-Jun
Akif Javed,Pakistan,Pace Bowler,32.25,1.0,1,81.0,-2.4335,0,1,82.05,13.21,121.34,27.22,9.18,0.0,46.4686,0.4435,46.48,2027,H1,Jan-Jun
Ali Raza,Pakistan,Pace Bowler,21.25,1.0,1,37.0,1.9702,1,0,117.31,19.54,150.02,34.17,7.6,0.0,59.1533,0.6169,59.52,2027,H1,Jan-Jun
Ali Usman,Pakistan,Spin Bowler,36.25,0.55,1,71.2,-2.4045,0,1,49.34,11.68,115.13,18.03,7.74,0.0,39.8736,0.0388,38.88,2027,H1,Jan-Jun
Arafat Minhas,Pakistan,Bowling All-Rounder,23.25,1.0,1,56.0,0.7105,1,0,392.7,34.35,159.92,20.55,6.92,0.0,60.47,0.0293,59.57,2027,H1,Jan-Jun
Asif Afridi,Pakistan,Spin Bowler,40.25,0.0,0,74.0,-3.7192,0,1,17.54,9.97,104.83,7.76,8.23,0.0,31.3396,0.0835,31.73,2027,H1,Jan-Jun
Awais Zafar,Pakistan,Middle Order Batter,32.25,1.0,1,71.0,-0.1196,0,0,406.07,29.93,136.75,0.0,0.0,0.0,41.8089,0.6528,42.08,2027,H1,Jan-Jun
Azam Khan,Pakistan,Middle Order Batter,28.25,1.0,1,115.0,-1.3978,0,1,844.12,31.23,166.31,0.0,0.0,0.0,50.1476,0.8939,49.92,2027,H1,Jan-Jun
Azan Awais,Pakistan,Top Order Batter,23.25,1.0,1,44.0,1.4657,1,0,404.14,39.66,137.94,0.0,0.0,0.0,45.5519,0.7931,45.7,2027,H1,Jan-Jun
Babar Azam,Pakistan,Top Order Batter,32.25,1.0,1,305.0,-4.002,0,1,1481.68,44.21,130.28,0.0,0.0,0.0,48.9389,0.9813,49.0,2027,H1,Jan-Jun
Faheem Ashraf,Pakistan,Bowling All-Rounder,33.25,1.0,1,164.0,-5.63,0,1,611.42,26.46,139.97,39.66,8.28,0.0,63.763,0.0119,62.9,2027,H1,Jan-Jun
Faisal Akram,Pakistan,Spin Bowler,24.25,1.0,1,55.0,-0.8802,0,1,58.5,11.3,120.26,24.16,7.54,0.0,44.1939,0.436,44.14,2027,H1,Jan-Jun
Fakhar Zaman,Pakistan,Top Order Batter,37.25,0.0,0,250.0,-3.7993,0,1,372.17,30.57,136.09,0.0,0.0,0.0,41.7857,0.0562,42.39,2027,H1,Jan-Jun
Ghazi Ghori,Pakistan,Wicketkeeper,23.25,1.0,1,39.0,1.5715,1,0,288.02,35.21,142.98,0.0,0.0,0.0,44.6907,0.4622,44.87,2027,H1,Jan-Jun
Haris Rauf,Pakistan,Pace Bowler,33.25,1.0,1,186.0,-5.3646,0,1,94.24,11.47,114.06,50.5,9.06,0.0,56.6649,0.4475,56.39,2027,H1,Jan-Jun
Hasan Ali,Pakistan,Pace Bowler,32.25,1.0,1,195.0,-6.3549,0,1,345.06,12.06,136.12,53.21,8.46,0.0,64.0616,0.9257,66.23,2027,H1,Jan-Jun
Haseebullah Khan,Pakistan,Wicketkeeper,23.25,1.0,1,59.0,0.7097,1,0,451.15,32.99,140.62,0.0,0.0,0.0,43.8976,0.681,43.98,2027,H1,Jan-Jun
Hassan Nawaz,Pakistan,Middle Order Batter,23.25,1.0,1,47.0,2.7233,1,0,588.08,45.91,163.14,0.0,0.0,0.0,53.9003,0.9499,53.94,2027,H1,Jan-Jun
Hussain Talat,Pakistan,Batting All-Rounder,31.25,1.0,1,126.0,-2.7353,0,1,671.03,27.54,133.42,16.23,8.47,0.0,50.4306,0.5803,50.43,2027,H1,Jan-Jun
Iftikhar Ahmed,Pakistan,Batting All-Rounder,36.25,0.0,0,220.0,-5.7398,0,1,349.17,30.73,135.39,7.02,8.25,0.0,46.1382,0.009,44.95,2027,H1,Jan-Jun
Imad Wasim,Pakistan,Bowling All-Rounder,38.25,0.0,0,300.0,-14.1405,0,1,197.69,22.63,123.52,11.57,7.83,0.0,42.6603,0.0049,41.89,2027,H1,Jan-Jun
Imam-ul-Haq,Pakistan,Top Order Batter,31.25,1.0,1,153.0,-2.0171,0,1,674.75,35.26,124.17,0.0,0.0,0.0,41.8198,0.8363,42.08,2027,H1,Jan-Jun
Irfan Khan,Pakistan,Top Order Batter,25.25,1.0,1,73.0,1.185,1,0,628.03,41.21,151.96,0.0,0.0,0.0,49.8929,0.9619,49.94,2027,H1,Jan-Jun
Jahandad Khan,Pakistan,Bowling All-Rounder,24.25,1.0,1,52.0,1.3953,1,0,323.92,34.38,152.44,17.04,7.92,0.0,56.4936,0.0111,56.4,2027,H1,Jan-Jun
Kamran Ghulam,Pakistan,Top Order Batter,31.25,1.0,1,101.0,0.1517,0,0,592.04,32.73,128.51,0.0,0.0,0.0,41.6,0.6114,41.62,2027,H1,Jan-Jun
Kashif Ali,Pakistan,Pace Bowler,25.25,1.0,1,49.0,-0.4077,0,0,105.84,14.67,136.74,20.1,8.42,0.0,46.8067,0.527,46.68,2027,H1,Jan-Jun
Khawaja Nafay,Pakistan,Wicketkeeper,25.25,1.0,1,61.0,1.7416,1,0,746.31,44.37,167.59,0.0,0.0,0.0,54.8274,0.8714,54.76,2027,H1,Jan-Jun
Khurram Shahzad,Pakistan,Pace Bowler,32.25,1.0,1,77.0,-1.5299,0,1,100.62,13.82,122.62,26.52,8.18,0.0,46.8497,0.4522,46.68,2027,H1,Jan-Jun
Khushdil Shah,Pakistan,Batting All-Rounder,32.25,1.0,1,155.0,-4.2287,0,1,957.02,33.31,157.53,27.98,7.89,0.0,65.0559,0.7721,67.0,2027,H1,Jan-Jun
Maaz Sadaqat,Pakistan,Batting All-Rounder,22.25,1.0,1,42.0,2.134,1,0,457.56,44.3,171.87,13.09,7.1,0.0,62.8496,0.8849,62.23,2027,H1,Jan-Jun
Mir Hamza,Pakistan,Pace Bowler,34.25,1.0,1,67.0,-1.4398,0,1,31.38,7.48,106.49,20.46,8.5,0.0,37.5386,0.2064,37.54,2027,H1,Jan-Jun
Mohammad Abbas,Pakistan,Pace Bowler,37.25,0.625,1,55.0,-1.1655,0,1,26.59,6.89,92.57,11.58,8.96,0.0,29.4609,0.0102,30.05,2027,H1,Jan-Jun
Mohammad Ali,Pakistan,Pace Bowler,33.25,1.0,1,83.0,-1.8843,0,1,99.16,11.96,132.8,30.0,8.2,0.0,50.2512,0.5314,50.31,2027,H1,Jan-Jun
Mohammad Amir,Pakistan,Pace Bowler,35.25,0.75,1,249.2,-10.3315,0,1,30.18,7.94,108.08,40.81,8.25,0.0,48.9003,0.3222,46.63,2027,H1,Jan-Jun
Mohammad Faiq,Pakistan,Middle Order Batter,24.25,1.0,1,38.0,1.9892,1,0,323.45,34.44,151.59,0.0,0.0,0.0,46.414,0.4423,46.49,2027,H1,Jan-Jun
Mohammad Haris,Pakistan,Wicketkeeper,26.25,1.0,1,105.0,0.4973,0,0,763.56,31.95,154.92,0.0,0.0,0.0,47.6534,0.7969,47.78,2027,H1,Jan-Jun
Mohammad Hasnain,Pakistan,Pace Bowler,27.25,1.0,1,138.0,-3.9654,0,1,81.15,10.06,132.98,43.46,8.46,0.0,56.641,0.4944,56.4,2027,H1,Jan-Jun
Mohammad Huraira,Pakistan,Middle Order Batter,25.25,1.0,1,68.0,1.4568,1,0,685.96,39.16,145.47,0.0,0.0,0.0,47.9206,0.8695,48.01,2027,H1,Jan-Jun
Mohammad Nawaz,Pakistan,Bowling All-Rounder,33.25,1.0,1,224.0,-7.9443,0,1,841.45,24.25,129.78,44.49,7.94,0.0,64.11,0.0185,66.31,2027,H1,Jan-Jun
Mohammad Rizwan,Pakistan,Wicketkeeper,35.25,0.7917,1,247.6667,-3.8979,0,1,1116.41,43.12,129.86,0.0,0.0,0.0,47.292,0.5113,45.84,2027,H1,Jan-Jun
Mohammad Wasim,Pakistan,Pace Bowler,26.25,1.0,1,96.0,-2.8649,0,1,78.46,12.33,137.86,37.23,7.72,0.0,55.3744,0.6159,55.36,2027,H1,Jan-Jun
Mubasir Khan,Pakistan,Bowling All-Rounder,25.25,1.0,1,76.0,0.1503,0,0,382.03,30.8,143.66,19.66,7.89,0.0,54.869,0.007,54.72,2027,H1,Jan-Jun
Naseem Shah,Pakistan,Pace Bowler,24.25,1.0,1,112.0,-3.2703,0,1,77.51,10.79,123.39,39.1,8.0,0.0,52.5751,0.6657,52.77,2027,H1,Jan-Jun
Noman Ali,Pakistan,Spin Bowler,41.25,0.0,0,45.0,-0.9245,0,1,8.02,6.36,85.11,4.92,7.8,0.0,24.2848,0.0925,24.31,2027,H1,Jan-Jun
Omair Yousuf,Pakistan,Top Order Batter,29.25,1.0,1,78.0,0.3171,0,0,572.74,33.86,139.7,0.0,0.0,0.0,44.3954,0.9141,44.42,2027,H1,Jan-Jun
Qasim Akram,Pakistan,Batting All-Rounder,24.25,1.0,1,83.0,0.4116,0,0,271.28,26.56,140.94,12.04,7.78,0.0,48.382,0.7211,48.3,2027,H1,Jan-Jun
Saad Masood,Pakistan,Top Order Batter,25.25,1.0,1,39.0,2.1277,1,0,361.56,38.86,147.07,0.0,0.0,0.0,47.1298,0.8065,47.19,2027,H1,Jan-Jun
Sahibzada Farhan,Pakistan,Wicketkeeper,31.25,1.0,1,182.0,-0.6465,0,1,1289.32,40.01,150.81,0.0,0.0,0.0,51.3182,0.7952,51.33,2027,H1,Jan-Jun
Saim Ayub,Pakistan,Batting All-Rounder,25.25,1.0,1,113.0,-1.6086,0,1,1102.72,38.68,163.14,20.3,7.57,0.0,64.6769,0.8456,67.03,2027,H1,Jan-Jun
Sajid Khan,Pakistan,Spin Bowler,34.25,0.9375,1,81.0,-2.5628,0,1,80.79,11.63,116.49,28.55,7.52,0.0,45.8923,0.5801,44.99,2027,H1,Jan-Jun
Salman Ali Agha,Pakistan,Batting All-Rounder,33.25,1.0,1,164.0,-5.2223,0,1,1540.05,34.55,131.57,19.4,8.24,0.0,57.0385,0.7292,57.0,2027,H1,Jan-Jun
Salman Mirza,Pakistan,Pace Bowler,30.25,1.0,1,53.0,-0.3366,0,0,86.61,11.83,136.63,24.21,8.15,0.0,47.9418,0.3876,47.85,2027,H1,Jan-Jun
Sarfaraz Ahmed,Pakistan,Wicketkeeper,40.25,0.0,0,270.0,-3.4778,0,1,71.85,18.5,117.44,0.0,0.0,0.0,32.415,0.0058,32.77,2027,H1,Jan-Jun
Saud Shakeel,Pakistan,Top Order Batter,32.25,1.0,1,104.0,0.0249,0,0,580.83,31.28,122.19,0.0,0.0,0.0,39.6597,0.7461,39.72,2027,H1,Jan-Jun
Shadab Khan,Pakistan,Bowling All-Rounder,29.25,1.0,1,230.0,-9.2801,0,1,1124.79,28.51,144.62,53.41,7.81,0.0,74.5564,0.0252,69.75,2027,H1,Jan-Jun
Shaheen Afridi,Pakistan,Pace Bowler,27.25,1.0,1,185.0,-6.3658,0,1,106.82,11.92,123.6,65.08,7.71,0.0,66.9766,0.9268,66.53,2027,H1,Jan-Jun
Shahzaib Khan,Pakistan,Top Order Batter,25.25,1.0,1,42.0,1.912,1,0,333.12,35.94,151.79,0.0,0.0,0.0,47.0264,0.6691,47.05,2027,H1,Jan-Jun
Shamyl Hussain,Pakistan,Middle Order Batter,22.25,1.0,1,41.0,2.6612,1,0,426.36,41.54,155.02,0.0,0.0,0.0,50.039,0.755,49.92,2027,H1,Jan-Jun
Shan Masood,Pakistan,Top Order Batter,37.25,0.0,0,111.0,-1.0017,0,1,158.48,26.63,127.61,0.0,0.0,0.0,37.8341,0.0204,38.4,2027,H1,Jan-Jun
Sufiyan Muqeem,Pakistan,Spin Bowler,26.25,1.0,1,64.0,-0.0545,0,0,124.47,17.02,145.47,37.19,6.88,0.0,59.0795,0.9142,59.63,2027,H1,Jan-Jun
Tayyab Tahir,Pakistan,Top Order Batter,33.25,1.0,1,119.0,0.0052,0,0,729.91,30.97,127.67,0.23,8.87,0.0,42.0189,0.4213,42.18,2027,H1,Jan-Jun
Ubaid Shah,Pakistan,Pace Bowler,22.25,1.0,1,44.0,0.4997,0,0,92.71,12.5,147.28,28.56,7.52,0.0,52.9936,0.561,53.1,2027,H1,Jan-Jun
Usama Mir,Pakistan,Spin Bowler,31.25,1.0,1,92.0,-2.3497,0,1,176.22,19.55,138.0,31.94,7.66,0.0,55.5125,0.884,55.39,2027,H1,Jan-Jun
Usman Khan,Pakistan,Wicketkeeper,31.25,1.0,1,135.0,-1.0472,0,1,847.39,32.52,149.12,0.0,0.0,0.0,46.8542,0.6824,46.87,2027,H1,Jan-Jun
Usman Tariq,Pakistan,Spin Bowler,28.25,1.0,1,56.0,0.3567,0,0,106.81,14.93,131.75,31.24,7.61,0.0,51.9065,0.8801,52.1,2027,H1,Jan-Jun
Yasir Khan,Pakistan,Middle Order Batter,24.25,1.0,1,48.0,1.9169,1,0,465.04,40.68,159.62,0.0,0.0,0.0,50.8618,0.8529,50.74,2027,H1,Jan-Jun
Zahid Mahmood,Pakistan,Pace Bowler,39.25,0.25,1,71.2857,-2.0237,0,1,24.49,9.8,114.02,11.69,8.66,0.0,35.312,0.011,34.89,2027,H1,Jan-Jun
Zaman Khan,Pakistan,Pace Bowler,25.25,1.0,1,81.0,-1.551,0,1,97.87,13.51,144.62,38.12,7.92,0.0,57.765,0.3254,57.75,2027,H1,Jan-Jun
Aiden Markram,South Africa,Top Order Batter,32.25,1.0,1,200.0,-4.6359,0,1,1223.89,36.83,147.39,22.13,7.61,0.0,61.9101,0.9636,62.48,2027,H1,Jan-Jun
Alfred Mothoa,South Africa,Pace Bowler,25.25,1.0,1,37.0,1.813,1,0,85.02,13.45,142.9,27.23,7.6,0.0,51.6237,0.2782,51.63,2027,H1,Jan-Jun
Andile Phehlukwayo,South Africa,Bowling All-Rounder,31.25,1.0,1,175.0,-5.8101,0,1,579.94,23.79,135.26,38.89,8.78,0.0,61.1644,0.0114,60.71,2027,H1,Jan-Jun
Andile Simelane,South Africa,Bowling All-Rounder,23.25,1.0,1,53.0,0.5069,1,0,266.63,29.14,169.47,21.07,7.2,0.0,60.4867,0.0283,59.57,2027,H1,Jan-Jun
Anrich Nortje,South Africa,Pace Bowler,33.25,1.0,1,125.0,-3.3832,0,1,43.33,10.48,116.32,41.96,8.41,0.0,52.235,0.4633,52.36,2027,H1,Jan-Jun
Beyers Swanepoel,South Africa,Pace Bowler,26.25,1.0,1,49.0,1.1181,1,0,136.18,16.75,151.55,31.89,7.52,0.0,57.3587,0.6727,57.76,2027,H1,Jan-Jun
Bjorn Fortuin,South Africa,Spin Bowler,32.25,1.0,1,122.0,-3.8407,0,1,106.7,12.94,124.43,41.25,7.41,0.0,54.9532,0.8952,54.73,2027,H1,Jan-Jun
Clyde Fortuin,South Africa,Wicketkeeper,31.25,1.0,1,97.0,-0.143,0,0,432.07,27.7,132.41,0.0,0.0,0.0,40.1413,0.3245,40.16,2027,H1,Jan-Jun
Codi Yusuf,South Africa,Pace Bowler,25.25,1.0,1,46.0,0.9504,1,0,70.19,11.25,127.6,25.16,8.42,0.0,46.1498,0.185,46.0,2027,H1,Jan-Jun
Connor Esterhuizen,South Africa,Wicketkeeper,22.25,1.0,1,38.0,4.7417,1,0,489.73,51.22,179.58,0.0,0.0,0.0,59.0926,0.4106,59.77,2027,H1,Jan-Jun
Corbin Bosch,South Africa,Bowling All-Rounder,32.25,1.0,1,108.0,-0.3171,0,0,853.75,38.72,164.65,29.22,7.71,0.0,68.9277,0.0105,68.32,2027,H1,Jan-Jun
Dane Paterson,South Africa,Pace Bowler,36.25,0.0,0,98.0,-3.2199,0,1,12.61,7.81,106.92,10.51,8.67,0.0,32.3769,0.0198,32.41,2027,H1,Jan-Jun
Dane Piedt,South Africa,Spin Bowler,37.25,0.0,0,72.0,-2.2129,0,1,17.43,9.65,112.63,8.96,7.85,0.0,33.6562,0.1029,33.57,2027,H1,Jan-Jun
Daniel Smith,South Africa,Wicketkeeper,26.25,1.0,1,55.0,3.2974,1,0,512.8,43.44,160.98,0.0,0.0,0.0,52.3015,0.3091,52.35,2027,H1,Jan-Jun
David Bedingham,South Africa,Middle Order Batter,33.25,1.0,1,85.0,0.8091,1,0,639.18,39.73,158.55,0.0,0.0,0.0,50.8417,0.8581,50.74,2027,H1,Jan-Jun
David Miller,South Africa,Middle Order Batter,38.25,0.0,0,275.0,-5.4725,0,1,288.99,35.32,148.73,0.0,0.0,0.0,45.993,0.0577,45.05,2027,H1,Jan-Jun
Dayyaan Galiem,South Africa,Bowling All-Rounder,29.25,1.0,1,65.0,-0.3724,0,0,376.11,26.71,143.69,16.35,8.06,0.0,51.5947,0.0074,51.67,2027,H1,Jan-Jun
Delano Potgieter,South Africa,Bowling All-Rounder,30.25,1.0,1,68.0,0.8641,1,0,495.95,34.74,162.6,25.04,7.78,0.0,63.6759,0.0138,63.01,2027,H1,Jan-Jun
Dewald Brevis,South Africa,Middle Order Batter,24.25,1.0,1,115.0,3.1095,1,0,1367.48,44.46,167.08,9.19,8.79,0.0,62.2923,0.9012,61.95,2027,H1,Jan-Jun
Dian Forrester,South Africa,Batting All-Rounder,27.25,1.0,1,41.0,4.222,1,0,702.89,43.28,157.35,9.63,7.55,0.0,58.1256,0.7047,57.8,2027,H1,Jan-Jun
Donovan Ferreira,South Africa,Batting All-Rounder,29.25,1.0,1,103.0,-0.8932,0,1,794.14,35.74,164.8,18.5,8.4,0.0,61.8573,0.6626,61.88,2027,H1,Jan-Jun
Eathan Bosch,South Africa,Pace Bowler,29.25,1.0,1,86.0,-2.1321,0,1,83.03,11.76,138.3,34.69,7.77,0.0,53.9208,0.6513,53.93,2027,H1,Jan-Jun
Gavin Kaplan,South Africa,Middle Order Batter,24.25,1.0,1,44.0,4.2073,1,0,525.82,44.13,166.49,0.0,0.0,0.0,53.7976,0.8231,53.62,2027,H1,Jan-Jun
George Linde,South Africa,Bowling All-Rounder,35.25,0.5833,1,132.3333,-4.6307,0,1,349.98,25.22,139.06,32.38,7.32,0.0,58.6533,0.024,49.78,2027,H1,Jan-Jun
Gerald Coetzee,South Africa,Pace Bowler,26.25,1.0,1,92.0,-1.4403,0,1,69.56,11.27,132.72,40.2,8.45,0.0,55.2527,0.5704,55.36,2027,H1,Jan-Jun
Gideon Peters,South Africa,Pace Bowler,25.25,1.0,1,44.0,1.223,1,0,87.99,12.24,137.29,27.89,8.07,0.0,50.2086,0.2901,49.93,2027,H1,Jan-Jun
Heinrich Klaasen,South Africa,Wicketkeeper,36.25,0.0,0,225.0,-3.319,0,1,372.7,42.67,170.91,0.0,0.0,0.0,53.7546,0.0796,48.49,2027,H1,Jan-Jun
Jason Smith,South Africa,Batting All-Rounder,32.25,1.0,1,88.0,0.5575,1,0,565.38,37.11,149.94,17.38,8.28,0.0,57.7944,0.6299,57.78,2027,H1,Jan-Jun
Jordan Hermann,South Africa,Top Order Batter,25.25,1.0,1,53.0,4.3332,1,0,649.38,50.83,167.32,0.0,0.0,0.0,56.7754,0.9673,56.91,2027,H1,Jan-Jun
Junaid Dawood,South Africa,Spin Bowler,25.25,1.0,1,39.0,1.4422,1,0,79.27,12.77,131.33,25.95,7.76,0.0,48.1077,0.3432,47.86,2027,H1,Jan-Jun
Junior Dala,South Africa,Pace Bowler,37.25,0.1875,1,96.5,-3.7511,0,1,21.68,9.67,118.78,14.06,9.09,0.0,37.4775,0.0147,36.4,2027,H1,Jan-Jun
Kagiso Rabada,South Africa,Pace Bowler,32.25,1.0,1,205.0,-6.8845,0,1,84.23,10.49,130.87,71.39,7.61,0.0,71.3585,0.9254,66.77,2027,H1,Jan-Jun
Keshav Maharaj,South Africa,Spin Bowler,37.25,0.0,0,152.0,-5.6275,0,1,70.55,18.2,131.5,16.19,7.05,0.0,45.0735,0.2427,43.8,2027,H1,Jan-Jun
Kwena Maphaka,South Africa,Pace Bowler,21.25,1.0,1,64.0,0.5585,1,0,128.71,17.42,147.9,36.9,7.81,0.0,59.3623,0.7573,59.52,2027,H1,Jan-Jun
Kyle Simmonds,South Africa,Spin Bowler,28.25,1.0,1,58.0,0.0644,0,0,132.19,15.95,140.81,34.12,7.0,0.0,56.0337,0.8887,55.92,2027,H1,Jan-Jun
Kyle Verreynne,South Africa,Wicketkeeper,29.25,1.0,1,95.0,0.2038,0,0,547.03,36.42,141.1,0.0,0.0,0.0,45.538,0.4571,45.55,2027,H1,Jan-Jun
Lesego Senokwane,South Africa,Top Order Batter,28.25,1.0,1,58.0,1.9391,1,0,456.44,37.26,148.23,0.0,0.0,0.0,47.1127,0.8029,47.19,2027,H1,Jan-Jun
Lesiba Ngoepe,South Africa,Top Order Batter,31.25,1.0,1,58.0,1.363,1,0,369.8,32.33,145.31,0.0,0.0,0.0,44.4293,0.7,44.42,2027,H1,Jan-Jun
Lhuan-dre Pretorius,South Africa,Wicketkeeper,21.25,1.0,1,57.0,5.6486,1,0,959.34,53.5,194.71,0.0,0.0,0.0,64.7216,0.9046,67.55,2027,H1,Jan-Jun
Lizaad Williams,South Africa,Pace Bowler,33.25,1.0,1,101.0,-2.386,0,1,47.04,8.79,113.91,35.3,8.61,0.0,47.5379,0.2676,47.35,2027,H1,Jan-Jun
Lungi Ngidi,South Africa,Pace Bowler,31.25,1.0,1,147.0,-3.4826,0,1,90.01,12.78,129.98,56.32,7.87,0.0,63.9415,0.8241,66.32,2027,H1,Jan-Jun
Lutho Sipamla,South Africa,Pace Bowler,29.25,1.0,1,89.0,-1.9532,0,1,61.16,11.69,130.47,33.47,7.85,0.0,51.4438,0.475,51.36,2027,H1,Jan-Jun
Marco Jansen,South Africa,Bowling All-Rounder,27.25,1.0,1,142.0,-4.419,0,1,576.13,31.35,148.27,46.2,8.02,0.0,70.7503,0.0155,68.37,2027,H1,Jan-Jun
Matthew Boast,South Africa,Pace Bowler,26.25,1.0,1,41.0,1.1296,1,0,82.55,12.65,136.27,25.45,7.89,0.0,48.8611,0.2576,48.83,2027,H1,Jan-Jun
Matthew Breetzke,South Africa,Top Order Batter,28.25,1.0,1,112.0,1.4141,1,0,793.34,39.02,151.84,0.0,0.0,0.0,49.6083,0.9216,49.5,2027,H1,Jan-Jun
Meeka-eel Prince,South Africa,Wicketkeeper,22.25,1.0,1,48.0,3.4728,1,0,414.55,43.78,167.05,0.0,0.0,0.0,53.4402,0.4401,53.69,2027,H1,Jan-Jun
Mihlali Mpongwana,South Africa,Pace Bowler,27.25,1.0,1,62.0,-0.2137,0,0,81.87,13.04,138.46,31.57,7.96,0.0,52.7104,0.6138,52.77,2027,H1,Jan-Jun
Nandre Burger,South Africa,Pace Bowler,32.25,1.0,1,73.0,-0.4825,0,0,66.45,12.79,134.82,35.69,7.87,0.0,53.9816,0.5287,53.93,2027,H1,Jan-Jun
Nqaba Peter,South Africa,Spin Bowler,26.25,1.0,1,61.0,0.7718,1,0,135.33,18.26,153.6,39.44,6.86,0.0,62.5402,0.9547,62.18,2027,H1,Jan-Jun
Nqobani Mokoena,South Africa,Pace Bowler,21.25,1.0,1,39.0,5.4474,1,0,186.7,21.6,141.6,35.17,7.89,0.0,58.7283,0.7565,57.84,2027,H1,Jan-Jun
Ottneil Baartman,South Africa,Pace Bowler,34.25,0.95,1,82.2,-1.7211,0,1,54.25,10.94,128.3,35.52,7.68,0.0,51.8066,0.4498,50.02,2027,H1,Jan-Jun
Patrick Kruger,South Africa,Bowling All-Rounder,31.25,1.0,1,78.0,-0.0171,0,0,419.83,31.96,149.93,24.06,8.16,0.0,59.0531,0.0049,59.54,2027,H1,Jan-Jun
Prenelan Subrayen,South Africa,Spin Bowler,33.25,1.0,1,81.0,-1.4844,0,1,192.93,21.23,135.32,42.48,6.94,0.0,61.3724,0.8621,62.12,2027,H1,Jan-Jun
Quinton de Kock,South Africa,Wicketkeeper,34.25,0.875,1,258.0,-4.7413,0,1,740.01,36.09,153.74,0.0,0.0,0.0,48.8042,0.7496,47.33,2027,H1,Jan-Jun
Rassie van der Dussen,South Africa,Middle Order Batter,38.25,0.0,0,190.0,-3.4925,0,1,282.75,40.3,135.86,0.0,0.0,0.0,44.9388,0.0665,44.64,2027,H1,Jan-Jun
Reeza Hendricks,South Africa,Top Order Batter,38.25,0.0,0,184.0,-3.3506,0,1,253.43,30.34,139.78,0.0,0.0,0.0,42.1333,0.0621,42.61,2027,H1,Jan-Jun
Rubin Hermann,South Africa,Wicketkeeper,27.25,1.0,1,71.0,2.9463,1,0,874.12,52.23,176.26,0.0,0.0,0.0,59.9523,0.6138,59.74,2027,H1,Jan-Jun
Ryan Rickelton,South Africa,Wicketkeeper,31.25,1.0,1,131.0,-0.1004,0,0,1061.18,48.12,170.32,0.0,0.0,0.0,57.7735,0.6771,57.89,2027,H1,Jan-Jun
Senuran Muthusamy,South Africa,Bowling All-Rounder,32.25,1.0,1,101.0,-1.1974,0,1,430.09,28.72,134.33,26.95,8.15,0.0,56.0422,0.0077,55.89,2027,H1,Jan-Jun
Shaun von Berg,South Africa,Spin Bowler,40.25,0.0,0,87.0,-2.6026,0,1,26.71,15.0,115.72,10.51,7.55,0.0,37.1774,0.0843,36.4,2027,H1,Jan-Jun
Simon Harmer,South Africa,Spin Bowler,38.25,0.0,0,108.0,-3.8085,0,1,58.75,16.26,125.4,14.0,7.08,0.0,41.8327,0.1223,41.25,2027,H1,Jan-Jun
Sinethemba Qeshile,South Africa,Wicketkeeper,27.25,1.0,1,77.0,0.9855,1,0,529.38,35.19,148.71,0.0,0.0,0.0,46.7082,0.7075,46.88,2027,H1,Jan-Jun
Tabraiz Shamsi,South Africa,Spin Bowler,37.25,0.4583,1,188.3333,-6.4223,0,1,82.99,13.31,123.01,43.96,7.26,0.0,56.1781,0.3817,48.1,2027,H1,Jan-Jun
Temba Bavuma,South Africa,Top Order Batter,37.25,0.4375,1,107.0,-0.8742,0,1,235.74,26.9,124.06,0.0,0.0,0.0,37.3993,0.0206,38.0,2027,H1,Jan-Jun
Tony de Zorzi,South Africa,Top Order Batter,30.25,1.0,1,86.0,0.6683,1,0,543.42,35.68,155.45,0.0,0.0,0.0,48.4053,0.8566,48.34,2027,H1,Jan-Jun
Tristan Stubbs,South Africa,Middle Order Batter,26.25,1.0,1,115.0,2.0421,1,0,1117.81,50.39,176.46,8.65,8.41,0.0,65.4663,0.8782,67.39,2027,H1,Jan-Jun
Tshepo Moreki,South Africa,Pace Bowler,32.25,1.0,1,71.0,-1.016,0,1,72.9,11.26,127.23,31.3,8.23,0.0,49.3797,0.2635,49.14,2027,H1,Jan-Jun
Wiaan Mulder,South Africa,Batting All-Rounder,29.25,1.0,1,126.0,-1.8822,0,1,784.12,39.38,163.0,33.57,7.17,0.0,71.0322,0.825,68.24,2027,H1,Jan-Jun
A Dananjaya,Sri Lanka,Spin Bowler,28.25,1.0,1,65.0,0.2211,0,0,108.78,6.25,80.92,22.93,9.39,0.0,32.89,0.1864,32.5,2027,H1,Jan-Jun
Wanuja Sahan,Sri Lanka,Middle Order Batter,25.25,1.0,1,51.0,0.4929,0,0,210.53,20.01,139.28,0.0,0.0,0.0,30.1994,0.7318,30.31,2027,H1,Jan-Jun
Ashian Daniel,Sri Lanka,Spin Bowler,26.25,1.0,1,59.0,-1.5075,0,1,45.08,5.22,130.42,12.56,8.72,0.0,37.779,0.3894,37.78,2027,H1,Jan-Jun
Asitha Fernando,Sri Lanka,Pace Bowler,31.25,1.0,1,59.0,0.1024,0,0,100.77,9.55,75.57,25.8,7.84,0.0,34.7059,0.3017,34.03,2027,H1,Jan-Jun
Avishka Fernando,Sri Lanka,Top Order Batter,29.25,1.0,1,50.0,0.4543,0,0,157.96,17.84,141.2,0.0,0.0,0.0,37.6586,0.7112,37.78,2027,H1,Jan-Jun
Bhanuka Rajapaksa,Sri Lanka,Middle Order Batter,35.25,0.9583,1,53.3333,-0.3592,0,0,307.82,21.94,114.11,0.0,0.0,0.0,33.6707,0.1803,33.98,2027,H1,Jan-Jun
Binura Fernando,Sri Lanka,Pace Bowler,32.25,1.0,1,59.0,-0.0578,0,0,140.65,10.55,73.48,25.43,9.8,0.0,34.1649,0.3607,33.52,2027,H1,Jan-Jun
Chamika Karunaratne,Sri Lanka,Bowling All-Rounder,31.25,1.0,1,78.0,-3.4557,0,1,464.9,14.74,129.08,17.13,9.12,0.0,44.5885,0.0132,44.54,2027,H1,Jan-Jun
Chamindu Wickramasinghe,Sri Lanka,Bowling All-Rounder,25.25,1.0,1,36.0,-0.0012,0,0,126.04,13.16,162.68,7.45,7.22,0.0,45.5876,0.0074,45.7,2027,H1,Jan-Jun
Chamindu Wijesinghe,Sri Lanka,Batting All-Rounder,25.25,1.0,1,43.0,-0.5596,0,1,109.51,18.98,143.65,7.63,6.46,0.0,43.7854,0.4013,43.95,2027,H1,Jan-Jun
Sahan Arachchige,Sri Lanka,Middle Order Batter,30.25,1.0,1,78.0,-0.6559,0,1,810.8,42.57,156.67,0.0,0.0,0.0,51.995,0.9645,52.0,2027,H1,Jan-Jun
Dasun Shanaka,Sri Lanka,Batting All-Rounder,36.25,0.8214,1,48.0,-0.6268,0,1,659.57,12.5,113.37,9.25,10.39,0.0,46.586,0.9204,35.8,2027,H1,Jan-Jun
Dhananjaya Lakshan,Sri Lanka,Bowling All-Rounder,29.25,1.0,1,73.0,-2.4328,0,1,394.46,28.35,127.39,21.02,8.51,0.0,51.0525,0.0092,51.08,2027,H1,Jan-Jun
Dhananjaya de Silva,Sri Lanka,Batting All-Rounder,36.25,0.7917,1,52.6667,-1.1941,0,1,342.08,17.54,116.01,8.79,7.97,0.0,38.142,0.0212,37.14,2027,H1,Jan-Jun
Dilshan Madushanka,Sri Lanka,Pace Bowler,26.25,1.0,1,73.0,-0.6967,0,1,132.8,2.57,103.24,26.37,8.11,0.0,38.6085,0.509,38.69,2027,H1,Jan-Jun
Sachindu Colombage,Sri Lanka,Spin Bowler,26.25,1.0,1,66.0,1.328,1,0,25.91,3.65,113.75,15.13,6.89,0.0,35.3111,0.3725,35.32,2027,H1,Jan-Jun
Dinesh Chandimal,Sri Lanka,Wicketkeeper,37.25,0.6786,1,63.5714,1.1167,1,0,474.37,24.48,134.26,0.0,0.0,0.0,39.527,0.0506,40.19,2027,H1,Jan-Jun
Dulaj Samuditha,Sri Lanka,Bowling All-Rounder,25.25,1.0,1,42.0,-0.9467,0,1,129.16,19.89,117.7,5.33,7.51,0.0,36.9521,0.0038,37.05,2027,H1,Jan-Jun
Dulnith Sigera,Sri Lanka,Batting All-Rounder,20.25,1.0,1,42.0,-1.5247,0,1,124.61,17.9,136.58,7.31,8.59,0.0,41.1672,0.1958,41.21,2027,H1,Jan-Jun
Dunith Wellalage,Sri Lanka,Bowling All-Rounder,24.25,1.0,1,43.0,-1.366,0,1,143.39,8.93,123.66,7.88,7.06,0.0,35.851,0.0103,35.95,2027,H1,Jan-Jun
Dushan Hemantha,Sri Lanka,Bowling All-Rounder,32.25,1.0,1,58.0,-2.3672,0,1,453.91,19.29,114.1,9.47,8.71,0.0,38.9126,0.012,38.91,2027,H1,Jan-Jun
Dushmantha Chameera,Sri Lanka,Pace Bowler,35.25,1.0,1,60.0,1.9658,1,0,152.73,11.92,68.33,52.49,9.89,0.0,47.9141,0.9637,48.03,2027,H1,Jan-Jun
Eshan Malinga,Sri Lanka,Pace Bowler,25.25,1.0,1,39.0,3.8500,1,0,245.17,18.43,125.21,22.76,7.14,21.4,78.8173,0.6850,79.21,2027,H1,Jan-Jun
Garuka Sanketh,Sri Lanka,Pace Bowler,25.25,1.0,1,37.0,0.3614,0,0,51.33,6.99,123.77,15.01,7.01,0.0,38.685,0.5558,38.62,2027,H1,Jan-Jun
Isitha Wijesundera,Sri Lanka,Pace Bowler,30.25,1.0,1,37.0,0.192,0,0,60.73,5.04,105.98,0.0,0.0,0.0,25.0429,0.1109,25.83,2027,H1,Jan-Jun
Janishka Perera,Sri Lanka,Top Order Batter,26.25,1.0,1,38.0,-0.5993,0,1,133.45,11.96,118.84,0.0,0.0,0.0,30.5732,0.1587,31.23,2027,H1,Jan-Jun
Janith Liyanage,Sri Lanka,Batting All-Rounder,31.25,1.0,1,62.0,-0.1418,0,0,518.33,27.32,125.26,15.96,7.63,0.0,48.1236,0.6711,47.98,2027,H1,Jan-Jun
Jeffrey Vandersay,Sri Lanka,Spin Bowler,37.25,0.25,1,49.0,-0.4163,0,0,26.62,4.78,100.65,8.97,8.55,0.0,29.1678,0.0893,29.7,2027,H1,Jan-Jun
Kamil Mishara,Sri Lanka,Top Order Batter,26.25,1.0,1,60.0,-0.6104,0,1,519.38,32.4,142.82,0.0,0.0,0.0,44.3855,0.9692,44.42,2027,H1,Jan-Jun
Kamindu Mendis,Sri Lanka,Batting All-Rounder,28.25,1.0,1,80.0,0.8297,1,0,753.89,43.97,151.7,39.92,8.14,0.0,73.2332,0.9372,68.19,2027,H1,Jan-Jun
Kasun Rajitha,Sri Lanka,Pace Bowler,34.25,1.0,1,56.0,0.8787,1,0,124.54,11.77,83.23,21.5,7.39,0.0,35.0871,0.2845,34.75,2027,H1,Jan-Jun
Kavija Gamage,Sri Lanka,Spin Bowler,20.25,1.0,1,65.0,-0.5785,0,1,61.72,9.65,116.26,16.83,7.94,0.0,38.7484,0.7841,38.69,2027,H1,Jan-Jun
Keshara Nuwantha,Sri Lanka,Bowling All-Rounder,25.25,1.0,1,44.0,0.5893,1,0,175.24,18.68,150.9,0.0,0.0,0.0,40.1401,0.0119,40.17,2027,H1,Jan-Jun
Kusal Mendis,Sri Lanka,Wicketkeeper,32.25,1.0,1,116.0,-7.5955,0,1,857.63,34.59,125.88,0.0,0.0,0.0,42.5371,0.9032,42.72,2027,H1,Jan-Jun
Kusal Perera,Sri Lanka,Wicketkeeper,37.25,0.35,0,67.2,-1.5804,0,1,273.06,20.9,145.17,0.0,0.0,0.0,39.9923,0.0152,40.45,2027,H1,Jan-Jun
Lahiru Kumara,Sri Lanka,Pace Bowler,30.25,1.0,1,60.0,-0.5065,0,1,142.53,11.16,128.33,9.98,7.19,0.0,38.7482,0.4774,38.69,2027,H1,Jan-Jun
Lahiru Udara,Sri Lanka,Top Order Batter,33.25,1.0,1,70.0,-1.3091,0,1,462.66,24.04,133.66,0.0,0.0,0.0,39.2005,0.0417,39.33,2027,H1,Jan-Jun
Lasith Croospulle,Sri Lanka,Top Order Batter,28.25,1.0,1,75.0,-0.4165,0,0,184.93,18.74,154.04,0.0,0.0,0.0,40.8804,0.8389,40.97,2027,H1,Jan-Jun
M Shiraz,Sri Lanka,Pace Bowler,32.25,1.0,1,62.0,-0.5763,0,1,33.65,8.66,110.86,14.91,6.83,0.0,36.4006,0.3395,36.44,2027,H1,Jan-Jun
Maheesh Theekshana,Sri Lanka,Spin Bowler,26.25,1.0,1,68.0,-1.1885,0,1,179.27,5.87,114.53,23.47,9.74,0.0,40.5731,0.3473,40.63,2027,H1,Jan-Jun
Mateesha Pathirana,Sri Lanka,Pace Bowler,24.25,1.0,0,37.0,-0.4757,0,0,33.72,9.8,111.74,7.19,8.56,0.0,32.4733,0.071,32.59,2027,H1,Jan-Jun
Milan Rathnayake,Sri Lanka,Bowling All-Rounder,30.25,1.0,1,78.0,-2.0313,0,1,614.29,19.15,142.92,16.49,9.79,0.0,49.2289,0.0116,49.11,2027,H1,Jan-Jun
Nipun Dhananjaya,Sri Lanka,Middle Order Batter,26.25,1.0,1,78.0,0.4466,0,0,367.96,34.84,141.9,0.0,0.0,0.0,44.5762,0.4095,44.68,2027,H1,Jan-Jun
Niroshan Dickwella,Sri Lanka,Wicketkeeper,34.25,0.9375,1,79.0,-1.8595,0,1,397.78,32.98,130.64,0.0,0.0,0.0,41.5373,0.2094,40.96,2027,H1,Jan-Jun
Nishan Madushka,Sri Lanka,Wicketkeeper,27.25,1.0,1,67.0,-1.1655,0,1,365.98,16.4,130.49,0.0,0.0,0.0,35.4587,0.1995,35.63,2027,H1,Jan-Jun
Nishan Peiris,Sri Lanka,Pace Bowler,27.25,1.0,1,70.0,-0.4704,0,0,100.95,8.54,69.06,0.0,0.0,0.0,18.3367,0.0527,19.07,2027,H1,Jan-Jun
Nuwan Thushara,Sri Lanka,Pace Bowler,31.25,1.0,1,72.0,-1.8645,0,1,47.8,3.15,101.16,23.74,9.13,0.0,36.493,0.2206,36.49,2027,H1,Jan-Jun
Nuwanidu Fernando,Sri Lanka,Top Order Batter,28.25,1.0,1,62.0,0.0617,0,0,244.68,11.57,122.3,23.04,9.7,0.0,44.3055,0.3001,44.28,2027,H1,Jan-Jun
Oshada Fernando,Sri Lanka,Top Order Batter,35.25,0.9167,1,63.6667,-0.9261,0,1,358.14,17.93,128.93,0.0,0.0,0.0,35.6404,0.1673,35.31,2027,H1,Jan-Jun
Pasindu Sooriyabandara,Sri Lanka,Top Order Batter,24.25,1.0,1,44.0,0.4625,0,0,86.1,20.81,139.92,0.0,0.0,0.0,38.2139,0.4387,37.33,2027,H1,Jan-Jun
Pathum Nissanka,Sri Lanka,Top Order Batter,29.25,1.0,1,113.0,-4.3377,0,1,1101.96,57.28,159.07,0.0,0.0,0.0,58.7227,0.9905,58.29,2027,H1,Jan-Jun
Pavan Rathnayake,Sri Lanka,Middle Order Batter,25.25,1.0,1,111.0,0.2704,0,0,280.41,10.67,121.36,0.0,0.0,0.0,42.0675,0.3912,42.66,2027,H1,Jan-Jun
Pramod Madushan,Sri Lanka,Pace Bowler,30.25,1.0,1,47.0,0.6265,1,0,33.96,7.61,81.5,22.71,6.72,0.0,33.767,0.2167,33.23,2027,H1,Jan-Jun
Ramesh Mendis,Sri Lanka,Bowling All-Rounder,32.25,1.0,1,63.0,-1.052,0,1,439.4,22.87,112.69,11.15,8.5,0.0,40.774,0.0083,40.86,2027,H1,Jan-Jun
Ravindu Fernando,Sri Lanka,Batting All-Rounder,25.25,1.0,1,41.0,-0.3921,0,0,148.59,15.75,116.41,7.09,8.24,0.0,36.009,0.0217,36.1,2027,H1,Jan-Jun
Ravindu Rasantha,Sri Lanka,Top Order Batter,26.25,1.0,1,75.0,-0.12,0,0,454.97,16.59,136.27,0.0,0.0,0.0,37.0768,0.7337,37.19,2027,H1,Jan-Jun
Sadeera Samarawickrama,Sri Lanka,Wicketkeeper,30.25,1.0,1,83.0,-1.6624,0,1,571.31,31.15,117.64,0.0,0.0,0.0,38.5859,0.2957,38.62,2027,H1,Jan-Jun
Sahan Kosala,Sri Lanka,Middle Order Batter,26.25,1.0,1,78.0,-0.9011,0,1,519.43,21.9,117.22,0.0,0.0,0.0,35.0122,0.6454,35.2,2027,H1,Jan-Jun
Sohan de Livera,Sri Lanka,Top Order Batter,27.25,1.0,1,40.0,0.0305,0,0,178.77,14.68,133.71,0.0,0.0,0.0,34.9509,0.2524,35.05,2027,H1,Jan-Jun
Sonal Dinusha,Sri Lanka,Batting All-Rounder,26.25,1.0,1,60.0,-3.5342,0,1,414.87,16.51,127.91,9.26,9.36,0.0,40.5895,0.2344,40.62,2027,H1,Jan-Jun
Tharindu Ratnayake,Sri Lanka,Bowling All-Rounder,31.25,1.0,1,85.0,0.7446,1,0,862.22,29.75,110.85,17.65,8.16,0.0,47.7063,0.0196,47.71,2027,H1,Jan-Jun
Traveen Mathew,Sri Lanka,Spin Bowler,26.25,1.0,1,56.0,-0.3721,0,0,56.9,1.64,67.86,29.6,7.14,0.0,32.2402,0.6305,31.54,2027,H1,Jan-Jun
V Viyaskanth,Sri Lanka,Spin Bowler,26.25,1.0,1,57.0,0.3392,0,0,43.44,7.89,84.51,36.16,7.06,0.0,41.5908,0.9801,41.64,2027,H1,Jan-Jun
Vigneshwaran Akash,Sri Lanka,Spin Bowler,20.25,1.0,1,38.0,0.0297,0,0,56.99,12.19,112.49,12.08,8.55,0.0,36.1659,0.2284,36.21,2027,H1,Jan-Jun
Vimath Dinsara,Sri Lanka,Top Order Batter,21.25,1.0,1,50.0,-0.6986,0,1,132.77,19.04,128.84,0.0,0.0,0.0,35.3005,0.4115,35.51,2027,H1,Jan-Jun
Sineth Jayawardena,Sri Lanka,Top Order Batter,30.25,1.0,1,64.0,1.8496,1,0,542.76,38.61,143.52,0.0,0.0,0.0,46.8398,0.411,46.84,2027,H1,Jan-Jun
Vishad Randika,Sri Lanka,Top Order Batter,30.25,1.0,1,64.0,1.8496,1,0,542.76,38.61,143.52,0.0,0.0,0.0,46.8398,0.411,46.84,2027,H1,Jan-Jun
Vishen Halambage,Sri Lanka,Top Order Batter,22.25,1.0,1,44.0,-0.0245,0,0,152.15,20.07,142.18,0.0,0.0,0.0,38.6543,0.4634,38.74,2027,H1,Jan-Jun
Vishwa Fernando,Sri Lanka,Pace Bowler,35.25,0.9375,1,54.0,-0.4102,0,0,98.37,8.67,70.14,18.14,7.61,0.0,29.184,0.2137,29.62,2027,H1,Jan-Jun
Wanindu Hasaranga,Sri Lanka,Bowling All-Rounder,30.25,1.0,1,100.0,0.6604,1,0,1267.1,46.73,125.77,27.23,8.13,0.0,63.4443,0.924,62.12,2027,H1,Jan-Jun
A Phillip,West Indies,Top Order Batter,26.25,1.0,1,41.0,1.7336,1,0,329.76,35.74,150.16,0.0,0.0,0.0,46.5869,0.5497,46.74,2027,H1,Jan-Jun
Ackeem Auguste,West Indies,Middle Order Batter,24.25,1.0,1,59.0,3.2035,1,0,605.11,49.16,172.04,0.0,0.0,0.0,57.0697,0.9006,56.81,2027,H1,Jan-Jun
Akeal Hosein,West Indies,Spin Bowler,34.25,0.9167,1,198.6667,-5.6308,0,1,245.89,22.04,135.24,59.38,6.8,0.0,70.8266,0.9739,66.92,2027,H1,Jan-Jun
Alick Athanaze,West Indies,Top Order Batter,28.25,1.0,1,72.0,1.3106,1,0,569.98,35.22,147.78,0.0,0.0,0.0,46.6445,0.7911,46.74,2027,H1,Jan-Jun
Alzarri Joseph,West Indies,Pace Bowler,31.25,1.0,1,180.0,-5.5718,0,1,81.41,10.38,121.67,62.1,8.17,0.0,64.2324,0.8812,66.45,2027,H1,Jan-Jun
Amari Goodridge,West Indies,Pace Bowler,22.25,1.0,1,35.0,4.5821,1,0,108.63,12.99,150.34,32.55,7.66,0.0,55.9725,0.2895,55.88,2027,H1,Jan-Jun
Amir Jangoo,West Indies,Wicketkeeper,30.25,1.0,1,76.0,2.8956,1,0,767.22,46.98,166.78,0.0,0.0,0.0,55.6523,0.5904,55.41,2027,H1,Jan-Jun
Andre Fletcher,West Indies,Wicketkeeper,39.25,0.0,0,260.0,-5.1031,0,1,265.4,27.45,138.4,0.0,0.0,0.0,40.8329,0.0078,41.0,2027,H1,Jan-Jun
Brandon King,West Indies,Top Order Batter,32.25,1.0,1,155.0,-2.2666,0,1,895.14,35.84,150.71,0.0,0.0,0.0,48.545,0.962,48.61,2027,H1,Jan-Jun
Carlon Tuckett,West Indies,Pace Bowler,23.25,1.0,1,36.0,5.4784,1,0,130.59,15.47,151.59,44.07,7.59,0.0,63.3371,0.3335,62.12,2027,H1,Jan-Jun
Evin Lewis,West Indies,Top Order Batter,36.25,0.4375,1,209.0,-3.6268,0,1,601.82,32.02,150.91,0.0,0.0,0.0,46.2845,0.1718,45.02,2027,H1,Jan-Jun
Fabian Allen,West Indies,Bowling All-Rounder,32.25,1.0,1,160.0,-4.9385,0,1,638.63,25.27,153.18,38.17,8.13,0.0,65.5591,0.0168,67.01,2027,H1,Jan-Jun
Giovonte Depeiza,West Indies,Top Order Batter,21.25,1.0,1,37.0,3.2421,1,0,333.86,36.43,158.92,0.0,0.0,0.0,48.7666,0.8497,49.0,2027,H1,Jan-Jun
Gudakesh Motie,West Indies,Spin Bowler,31.25,1.0,1,140.0,-3.2721,0,1,139.78,17.36,140.31,54.79,6.74,0.0,67.5044,0.9578,67.23,2027,H1,Jan-Jun
Hayden Walsh Jr,West Indies,Spin Bowler,34.25,0.9375,1,117.0,-3.2567,0,1,63.05,10.78,117.31,34.76,8.0,0.0,48.89,0.3594,48.03,2027,H1,Jan-Jun
Jason Holder,West Indies,Bowling All-Rounder,35.25,0.75,1,242.2,-7.9999,0,1,678.37,27.44,142.21,41.9,8.36,0.0,65.9904,0.0079,57.02,2027,H1,Jan-Jun
Jayden Seales,West Indies,Pace Bowler,25.25,1.0,1,86.0,-0.9554,0,1,65.19,10.47,129.59,41.96,7.65,0.0,55.3809,0.5961,55.36,2027,H1,Jan-Jun
Jediah Blades,West Indies,Pace Bowler,22.25,1.0,1,38.0,5.5864,1,0,176.47,21.96,164.44,34.84,7.36,0.0,63.7871,0.8012,63.32,2027,H1,Jan-Jun
Jewel Andrew,West Indies,Wicketkeeper,20.25,1.0,1,41.0,5.436,1,0,649.76,51.75,187.15,0.0,0.0,0.0,61.4512,0.6947,62.14,2027,H1,Jan-Jun
Johann Jeremiah,West Indies,Top Order Batter,21.25,1.0,1,32.0,5.1937,1,0,498.16,54.29,180.96,0.0,0.0,0.0,60.5225,0.9559,59.82,2027,H1,Jan-Jun
Johann Layne,West Indies,Pace Bowler,24.25,1.0,1,45.0,6.686,1,0,164.63,17.26,155.45,51.65,7.63,0.0,68.9459,0.8173,67.3,2027,H1,Jan-Jun
John Campbell,West Indies,Top Order Batter,33.25,1.0,1,100.0,-0.4203,0,0,518.78,31.04,140.4,0.0,0.0,0.0,43.3658,0.8726,43.52,2027,H1,Jan-Jun
Johnson Charles,West Indies,Wicketkeeper,38.25,0.0,0,260.0,-5.5181,0,1,309.99,29.48,152.46,0.0,0.0,0.0,44.7834,0.0192,44.6,2027,H1,Jan-Jun
Jomel Warrican,West Indies,Spin Bowler,35.25,0.7917,1,80.6667,-1.6154,0,1,56.57,10.8,123.54,30.51,7.19,0.0,48.1915,0.4765,46.54,2027,H1,Jan-Jun
Joshua Da Silva,West Indies,Wicketkeeper,29.25,1.0,1,83.0,0.6613,1,0,460.94,30.32,133.47,0.0,0.0,0.0,41.4049,0.3832,41.49,2027,H1,Jan-Jun
Justin Greaves,West Indies,Batting All-Rounder,31.25,1.0,1,92.0,0.7026,1,0,666.9,39.01,158.88,20.01,7.88,0.0,62.2432,0.739,62.18,2027,H1,Jan-Jun
Kavem Hodge,West Indies,Batting All-Rounder,34.25,1.0,1,84.0,0.8229,1,0,613.07,33.45,146.71,17.23,8.36,0.0,55.83,0.5096,55.87,2027,H1,Jan-Jun
Keacy Carty,West Indies,Middle Order Batter,30.25,1.0,1,79.0,2.0741,1,0,706.52,43.3,160.62,0.0,0.0,0.0,52.7898,0.7872,52.68,2027,H1,Jan-Jun
Kelvin Pittman,West Indies,Pace Bowler,20.25,1.0,1,38.0,5.6867,1,0,113.22,13.03,146.52,44.68,7.83,0.0,61.5609,0.4394,62.06,2027,H1,Jan-Jun
Kemar Paul,West Indies,Bowling All-Rounder,28.25,1.0,1,125.0,-2.8838,0,1,496.56,25.57,146.67,32.78,8.28,0.0,60.8944,0.0088,59.94,2027,H1,Jan-Jun
Kemar Roach,West Indies,Pace Bowler,39.25,0.0,0,91.0,-2.1615,0,1,11.1,7.42,99.83,9.63,8.5,0.0,30.2455,0.0196,30.72,2027,H1,Jan-Jun
Kevlon Anderson,West Indies,Top Order Batter,20.25,1.0,1,62.0,2.7518,1,0,512.45,42.12,165.36,0.0,0.0,0.0,52.7868,0.9754,52.76,2027,H1,Jan-Jun
Kirk McKenzie,West Indies,Top Order Batter,26.25,1.0,1,67.0,1.8536,1,0,562.72,36.73,158.92,0.0,0.0,0.0,49.6035,0.8398,49.5,2027,H1,Jan-Jun
Kraigg Brathwaite,West Indies,Top Order Batter,34.25,1.0,1,88.0,-0.4167,0,0,277.42,21.87,113.69,0.0,0.0,0.0,33.4567,0.1615,33.69,2027,H1,Jan-Jun
Kyle Mayers,West Indies,Bowling All-Rounder,34.25,0.9375,1,184.0,-5.3893,0,1,730.82,31.95,143.87,25.92,9.08,0.0,59.5188,0.0114,57.39,2027,H1,Jan-Jun
Marlon Samuels,West Indies,Batting All-Rounder,46.25,0.0,0,315.0,-13.621,0,1,0.0,17.82,112.1,0.0,9.17,0.0,31.3908,0.0018,31.86,2027,H1,Jan-Jun
Matthew Forde,West Indies,Bowling All-Rounder,25.25,1.0,1,72.0,0.9098,1,0,481.95,37.67,162.78,28.5,7.74,0.0,66.5672,0.0183,67.08,2027,H1,Jan-Jun
Mavendra Dindyal,West Indies,Middle Order Batter,25.25,1.0,1,52.0,3.2258,1,0,488.45,40.11,159.71,0.0,0.0,0.0,50.7518,0.7499,50.74,2027,H1,Jan-Jun
Mbeki Joseph,West Indies,Pace Bowler,24.25,1.0,1,39.0,2.3728,1,0,127.99,15.48,150.66,30.67,7.45,0.0,56.053,0.4692,55.9,2027,H1,Jan-Jun
Mikyle Louis,West Indies,Middle Order Batter,25.25,1.0,1,51.0,3.2497,1,0,528.05,42.79,152.76,0.0,0.0,0.0,50.3161,0.7282,50.45,2027,H1,Jan-Jun
Nathan Edward,West Indies,Pace Bowler,26.25,1.0,1,44.0,1.9326,1,0,125.68,16.93,139.86,30.21,8.1,0.0,53.7979,0.383,53.63,2027,H1,Jan-Jun
Naveen Bidaisee,West Indies,Middle Order Batter,25.25,1.0,1,42.0,3.2931,1,0,430.59,42.13,163.41,0.0,0.0,0.0,52.1023,0.7296,52.01,2027,H1,Jan-Jun
Nicholas Pooran,West Indies,Wicketkeeper,31.25,1.0,1,295.0,-3.6378,0,1,1540.64,40.78,175.53,0.0,0.0,0.0,57.8114,0.8942,58.53,2027,H1,Jan-Jun
Obed McCoy,West Indies,Pace Bowler,30.25,1.0,1,101.0,-1.9366,0,1,63.83,10.33,129.01,41.01,8.19,0.0,54.5693,0.5842,54.35,2027,H1,Jan-Jun
Odean Smith,West Indies,Bowling All-Rounder,31.25,1.0,1,118.0,-3.7938,0,1,434.6,24.59,157.72,35.57,9.05,0.0,64.0974,0.0101,67.03,2027,H1,Jan-Jun
Ramon Simmonds,West Indies,Pace Bowler,24.25,1.0,1,46.0,2.2807,1,0,140.38,16.69,150.98,30.64,7.84,0.0,56.4831,0.2914,56.42,2027,H1,Jan-Jun
Renico Smith,West Indies,Middle Order Batter,25.25,1.0,1,41.0,3.5166,1,0,312.67,34.3,155.22,0.0,0.0,0.0,47.1248,0.3734,47.19,2027,H1,Jan-Jun
Rivaldo Clarke,West Indies,Wicketkeeper,21.25,1.0,1,49.0,3.9494,1,0,569.13,46.72,179.69,0.0,0.0,0.0,57.7564,0.5335,57.91,2027,H1,Jan-Jun
Romario Shepherd,West Indies,Bowling All-Rounder,32.25,1.0,1,174.0,-5.1974,0,1,701.86,30.43,160.66,46.21,8.71,0.0,73.397,0.0118,68.38,2027,H1,Jan-Jun
Roston Chase,West Indies,Batting All-Rounder,35.25,0.375,1,163.0,-4.3009,0,1,482.99,32.62,134.42,16.9,8.05,0.0,52.3173,0.0269,47.8,2027,H1,Jan-Jun
Rovman Powell,West Indies,Middle Order Batter,33.25,1.0,1,215.0,-3.0588,0,1,1059.38,33.41,159.12,0.0,0.0,0.0,50.0399,0.8919,49.92,2027,H1,Jan-Jun
Shai Hope,West Indies,Wicketkeeper,33.25,1.0,1,164.0,-1.5342,0,1,879.69,34.96,136.25,0.0,0.0,0.0,45.0121,0.4886,45.2,2027,H1,Jan-Jun
Shamar Joseph,West Indies,Pace Bowler,27.25,1.0,1,53.0,0.627,1,0,60.21,9.12,130.04,30.07,7.81,0.0,48.6302,0.4714,48.45,2027,H1,Jan-Jun
Shamyl Springer,West Indies,Batting All-Rounder,23.25,1.0,1,55.0,2.7541,1,0,536.01,43.58,159.57,16.68,7.89,0.0,61.8461,0.8451,61.85,2027,H1,Jan-Jun
Shaqkere Parris,West Indies,Middle Order Batter,24.25,1.0,1,45.0,3.5507,1,0,564.17,46.19,176.0,0.0,0.0,0.0,56.7421,0.854,56.45,2027,H1,Jan-Jun
Sherfane Rutherford,West Indies,Middle Order Batter,29.25,1.0,1,174.0,-1.4096,0,1,962.05,38.13,167.42,0.0,0.0,0.0,53.2405,0.8558,53.23,2027,H1,Jan-Jun
Shimron Hetmyer,West Indies,Middle Order Batter,30.25,1.0,1,193.0,-2.5007,0,1,854.07,33.78,155.67,0.0,0.0,0.0,48.7623,0.8753,48.71,2027,H1,Jan-Jun
Tagenarine Chanderpaul,West Indies,Middle Order Batter,31.25,1.0,1,52.0,0.597,1,0,130.29,17.96,108.08,0.0,0.0,0.0,30.3568,0.2201,30.96,2027,H1,Jan-Jun
Tevin Imlach,West Indies,Wicketkeeper,30.25,1.0,1,58.0,2.0347,1,0,440.97,35.62,150.05,0.0,0.0,0.0,46.8742,0.417,47.08,2027,H1,Jan-Jun
Trevon Hinds,West Indies,Top Order Batter,26.25,1.0,1,42.0,3.6106,1,0,417.36,40.65,161.64,0.0,0.0,0.0,51.1417,0.8798,51.06,2027,H1,Jan-Jun
Voight Lawes,West Indies,Pace Bowler,26.25,1.0,1,37.0,2.1935,1,0,108.59,14.55,148.14,27.11,7.4,0.0,53.2295,0.471,53.32,2027,H1,Jan-Jun
Zishan Motara,West Indies,Pace Bowler,23.25,1.0,1,33.0,5.4592,1,0,121.43,17.21,156.27,35.96,6.96,0.0,60.827,0.5462,59.81,2027,H1,Jan-Jun
Ainsley Ndlovu,Zimbabwe,Top Order Batter,28.25,1.0,1,48.0,-0.2541,0,0,436.1,21.79,128.29,0.0,0.0,0.0,37.1326,0.853,37.27,2027,H1,Jan-Jun
Antum Naqvi,Zimbabwe,Batting All-Rounder,19.25,1.0,1,53.0,1.1854,1,0,1039.25,48.07,187.62,18.86,7.24,0.0,72.5284,0.916,68.26,2027,H1,Jan-Jun
Ben Curran,Zimbabwe,Top Order Batter,31.25,1.0,1,58.0,0.6625,1,0,638.45,32.38,141.7,0.0,0.0,0.0,44.5124,0.8996,44.68,2027,H1,Jan-Jun
Blessing Muzarabani,Zimbabwe,Pace Bowler,31.25,1.0,1,98.0,-4.3807,0,1,91.74,11.16,113.59,31.1,8.37,0.0,46.2795,0.8205,46.2,2027,H1,Jan-Jun
Brad Evans,Zimbabwe,Pace Bowler,30.25,1.0,1,72.0,-3.3226,0,1,376.09,19.71,140.75,23.05,8.95,0.0,51.8165,0.9485,51.65,2027,H1,Jan-Jun
Brandon Mavuta,Zimbabwe,Spin Bowler,30.25,1.0,1,59.0,-1.9702,0,1,243.42,15.99,137.0,21.48,7.4,0.0,48.7467,0.9534,48.55,2027,H1,Jan-Jun
Brendan Taylor,Zimbabwe,Wicketkeeper,41.25,0.0,0,92.0,-3.3095,0,1,20.94,16.03,106.47,0.0,0.0,0.0,28.9636,0.019,29.63,2027,H1,Jan-Jun
Brian Bennett,Zimbabwe,Batting All-Rounder,23.25,1.0,1,71.0,0.0177,0,0,1157.61,38.73,171.49,24.53,7.48,0.0,68.9674,0.6587,68.26,2027,H1,Jan-Jun
Brian Mudzinganyama,Zimbabwe,Middle Order Batter,26.25,1.0,1,44.0,1.1695,1,0,380.0,24.09,139.95,0.0,0.0,0.0,40.3331,0.599,40.48,2027,H1,Jan-Jun
Charlton Tshuma,Zimbabwe,Pace Bowler,27.25,1.0,1,31.0,-0.0503,0,0,24.08,5.45,98.32,14.1,7.96,0.0,31.7385,0.0906,31.72,2027,H1,Jan-Jun
Clive Chitumba,Zimbabwe,Wicketkeeper,28.25,1.0,1,32.0,1.1621,1,0,275.62,27.57,145.78,0.0,0.0,0.0,42.5255,0.3297,42.72,2027,H1,Jan-Jun
Clive Madande,Zimbabwe,Wicketkeeper,26.25,1.0,1,74.0,0.3928,0,0,829.64,30.28,148.88,0.0,0.0,0.0,45.9419,0.8139,45.95,2027,H1,Jan-Jun
Craig Ervine,Zimbabwe,Middle Order Batter,41.25,0.0,0,69.0,-1.6218,0,1,56.42,21.85,109.59,0.0,0.0,0.0,31.8469,0.0236,32.15,2027,H1,Jan-Jun
Dion Myers,Zimbabwe,Batting All-Rounder,25.25,1.0,1,68.0,0.5765,1,0,777.14,36.08,162.04,20.62,7.62,0.0,62.6233,0.8631,62.2,2027,H1,Jan-Jun
Ernest Masuku,Zimbabwe,Pace Bowler,29.25,1.0,1,47.0,-1.4373,0,1,44.42,4.09,98.21,16.24,8.22,0.0,32.3694,0.0669,32.39,2027,H1,Jan-Jun
Faraz Akram,Zimbabwe,Bowling All-Rounder,29.25,1.0,1,61.0,-0.4809,0,0,448.45,30.4,149.88,21.8,8.02,0.0,57.4059,0.0075,57.8,2027,H1,Jan-Jun
Graeme Cremer,Zimbabwe,Spin Bowler,40.25,0.0,0,105.0,-3.011,0,1,34.06,16.02,100.42,4.1,7.04,0.0,30.9524,0.0313,31.54,2027,H1,Jan-Jun
Innocent Kaia,Zimbabwe,Top Order Batter,35.25,0.8214,1,64.0,-1.6456,0,1,184.76,19.2,128.83,0.0,0.0,0.0,35.5213,0.1247,35.7,2027,H1,Jan-Jun
John Campbell,Zimbabwe,Middle Order Batter,33.25,1.0,1,73.0,-1.523,0,1,378.59,24.8,140.32,0.0,0.0,0.0,40.6642,0.8411,40.79,2027,H1,Jan-Jun
Joylord Gumbie,Zimbabwe,Wicketkeeper,31.25,1.0,1,52.0,-0.3911,0,0,293.53,22.66,124.42,0.0,0.0,0.0,36.1422,0.1259,36.32,2027,H1,Jan-Jun
Kian Blignaut,Zimbabwe,Pace Bowler,19.25,1.0,1,28.0,0.4958,0,0,29.98,6.98,100.34,13.3,7.78,0.0,32.3663,0.0684,32.33,2027,H1,Jan-Jun
Kundai Matigimu,Zimbabwe,Pace Bowler,30.25,1.0,1,41.0,-0.7799,0,1,31.96,7.85,86.84,13.33,8.14,0.0,29.6596,0.0481,29.94,2027,H1,Jan-Jun
Luke Jongwe,Zimbabwe,Bowling All-Rounder,31.25,1.0,1,89.0,-5.1966,0,1,298.28,16.63,131.35,20.71,9.2,0.0,47.1185,0.0188,47.03,2027,H1,Jan-Jun
Milton Shumba,Zimbabwe,Middle Order Batter,26.25,1.0,1,61.0,0.6314,1,0,534.18,27.32,141.87,0.0,0.0,0.0,42.4032,0.869,42.58,2027,H1,Jan-Jun
Nathaniel Mayavo,Zimbabwe,Wicketkeeper,30.25,1.0,1,47.0,0.1353,0,0,307.35,22.58,133.37,0.0,0.0,0.0,38.1185,0.1295,38.25,2027,H1,Jan-Jun
Newman Nyamhuri,Zimbabwe,Pace Bowler,21.25,1.0,1,37.0,-0.3207,0,0,21.12,6.42,92.65,16.23,8.05,0.0,31.9445,0.0478,32.02,2027,H1,Jan-Jun
Nick Welch,Zimbabwe,Top Order Batter,29.25,1.0,1,68.0,0.3692,0,0,787.15,35.27,158.63,0.0,0.0,0.0,49.7318,0.9629,49.78,2027,H1,Jan-Jun
Panashe Taruvinga,Zimbabwe,Middle Order Batter,25.25,1.0,1,42.0,1.083,1,0,346.09,24.7,139.67,0.0,0.0,0.0,40.3824,0.631,40.48,2027,H1,Jan-Jun
Prince Masvaure,Zimbabwe,Middle Order Batter,37.25,0.0,0,47.0,-0.7991,0,1,66.91,17.75,118.47,0.0,0.0,0.0,32.356,0.0233,32.77,2027,H1,Jan-Jun
Richard Ngarava,Zimbabwe,Pace Bowler,29.25,1.0,1,96.0,-3.7105,0,1,78.33,9.06,120.7,37.15,7.78,0.0,50.3848,0.865,50.47,2027,H1,Jan-Jun
Richmond Mutumbami,Zimbabwe,Wicketkeeper,36.25,0.7917,1,60.6667,-0.7787,0,1,140.89,18.08,124.5,0.0,0.0,0.0,34.0313,0.0147,34.74,2027,H1,Jan-Jun
Ryan Burl,Zimbabwe,Batting All-Rounder,33.25,1.0,1,113.0,-4.2405,0,1,646.71,25.12,136.34,26.14,8.44,0.0,55.3909,0.6384,55.35,2027,H1,Jan-Jun
Sean Williams,Zimbabwe,Batting All-Rounder,41.25,0.0,0,81.0,-3.8006,0,1,79.89,22.97,131.63,3.23,7.94,0.0,39.7316,0.0047,39.84,2027,H1,Jan-Jun
Sikandar Raza,Zimbabwe,Batting All-Rounder,41.25,0.0,0,136.0,-5.2566,0,1,388.91,32.98,153.98,12.74,7.86,0.0,54.2681,0.0309,48.77,2027,H1,Jan-Jun
Tadiwanashe Marumani,Zimbabwe,Wicketkeeper,25.25,1.0,1,74.0,1.1231,1,0,949.51,34.71,166.96,0.0,0.0,0.0,51.8736,0.9117,52.07,2027,H1,Jan-Jun
Tafadzwa Tsiga,Zimbabwe,Wicketkeeper,27.25,1.0,1,39.0,1.6812,1,0,354.28,29.49,138.6,0.0,0.0,0.0,41.8914,0.1329,42.11,2027,H1,Jan-Jun
Takudzwanashe Kaitano,Zimbabwe,Top Order Batter,33.25,1.0,1,56.0,-0.0939,0,0,394.37,22.52,130.91,0.0,0.0,0.0,37.8354,0.7452,37.97,2027,H1,Jan-Jun
Tanaka Chivanga,Zimbabwe,Pace Bowler,31.25,1.0,1,52.0,-1.7525,0,1,22.61,4.41,80.11,14.23,9.53,0.0,27.1381,0.0295,27.45,2027,H1,Jan-Jun
Tapiwa Mufudza,Zimbabwe,Spin Bowler,29.25,1.0,1,36.0,0.833,1,0,239.8,20.05,131.1,15.89,7.82,0.0,45.8254,0.8644,45.8,2027,H1,Jan-Jun
Tashinga Musekiwa,Zimbabwe,Batting All-Rounder,26.25,1.0,1,41.0,1.6975,1,0,454.65,38.52,163.63,9.35,8.38,0.0,56.6638,0.5526,56.41,2027,H1,Jan-Jun
Tendekai Gwandu,Zimbabwe,Pace Bowler,26.25,1.0,1,38.0,-0.2618,0,0,25.43,5.99,93.06,13.95,8.36,0.0,30.6166,0.0669,30.91,2027,H1,Jan-Jun
Tinotenda Maposa,Zimbabwe,Pace Bowler,30.25,1.0,1,46.0,-0.6329,0,1,30.76,7.09,97.18,18.43,8.1,0.0,34.3644,0.0506,34.11,2027,H1,Jan-Jun
Tony Munyonga,Zimbabwe,Batting All-Rounder,31.25,1.0,1,54.0,-0.1083,0,0,355.84,26.14,141.79,13.57,8.48,0.0,49.3443,0.3628,49.28,2027,H1,Jan-Jun
Victor Nyauchi,Zimbabwe,Pace Bowler,35.25,0.375,1,52.0,-2.4468,0,1,8.32,4.49,82.76,7.15,8.85,0.0,24.062,0.0092,24.13,2027,H1,Jan-Jun
Vincent Masekesa,Zimbabwe,Batting All-Rounder,25.25,1.0,1,34.0,2.1751,1,0,339.65,33.54,159.77,9.6,8.12,0.0,53.8546,0.4302,53.93,2027,H1,Jan-Jun
Wellington Masakadza,Zimbabwe,Spin Bowler,34.25,0.875,1,99.0,-4.6965,0,1,205.17,13.15,113.45,28.02,7.73,0.0,45.8335,0.8149,44.35,2027,H1,Jan-Jun
Wessly Madhevere,Zimbabwe,Batting All-Rounder,26.25,1.0,1,88.0,-1.4508,0,1,717.69,31.58,149.17,18.07,8.01,0.0,56.5541,0.5636,56.4,2027,H1,Jan-Jun
William Mashinge,Zimbabwe,Batting All-Rounder,30.25,1.0,1,49.0,0.3719,0,0,350.13,23.56,140.4,12.09,8.45,0.0,47.3172,0.574,47.43,2027,H1,Jan-Jun
A M Ghazanfar,Afghanistan,Spin Bowler,21.75,1.0,1,59.0,0.2611,0,0,125.09,16.84,129.12,40.56,8.16,0.0,58.6096,0.7144,57.91,2027,H2,Jul-Dec
Abdul Malik,Afghanistan,Middle Order Batter,30.75,1.0,1,72.0,0.113,0,0,947.7,34.41,142.35,0.0,0.0,0.0,46.7955,0.8986,46.84,2027,H2,Jul-Dec
Abdul Rahman,Afghanistan,Pace Bowler,28.75,1.0,1,61.0,-0.187,0,0,87.13,13.95,131.06,29.9,8.52,0.0,51.7766,0.7755,51.71,2027,H2,Jul-Dec
Azizullah Mia Khil,Afghanistan,Top Order Batter,26.75,1.0,1,52.0,1.5864,1,0,544.71,36.24,141.01,0.0,0.0,0.0,45.8648,0.8161,45.95,2027,H2,Jul-Dec
Azmatullah Omarzai,Afghanistan,Bowling All-Rounder,27.75,1.0,1,106.0,-0.2253,0,0,1416.99,33.84,153.62,40.17,8.55,0.0,74.033,0.0176,68.37,2027,H2,Jul-Dec
Bahir Shah,Afghanistan,Top Order Batter,26.75,1.0,1,61.0,1.6629,1,0,768.36,47.45,154.19,0.0,0.0,0.0,53.5578,0.911,53.73,2027,H2,Jul-Dec
Bashir Ahmad,Afghanistan,Bowling All-Rounder,27.75,1.0,1,58.0,0.8182,1,0,545.79,29.0,138.49,24.91,8.93,0.0,57.4453,0.0226,57.79,2027,H2,Jul-Dec
Bilal Sami,Afghanistan,Pace Bowler,26.75,1.0,1,57.0,0.183,0,0,82.07,12.5,118.53,30.05,9.21,0.0,48.4119,0.5935,48.34,2027,H2,Jul-Dec
Darwish Rasooli,Afghanistan,Top Order Batter,28.75,1.0,1,92.0,0.5099,1,0,1362.09,36.22,149.59,0.0,0.0,0.0,50.3856,0.9805,50.47,2027,H2,Jul-Dec
Faisal Khan Ahmadzai,Afghanistan,Pace Bowler,27.75,1.0,1,49.0,0.4318,0,0,84.56,12.95,119.85,27.43,9.03,0.0,47.4304,0.7257,47.35,2027,H2,Jul-Dec
Fareed Ahmad,Afghanistan,Pace Bowler,32.75,1.0,1,75.0,-0.8811,0,1,83.24,11.44,114.36,29.96,9.56,0.0,46.9971,0.724,46.89,2027,H2,Jul-Dec
Faridoon Dawoodzai,Afghanistan,Pace Bowler,27.75,1.0,1,54.0,0.438,0,0,90.12,14.46,116.78,30.27,9.29,0.0,48.8698,0.6698,49.01,2027,H2,Jul-Dec
Fazalhaq Farooqi,Afghanistan,Pace Bowler,26.75,1.0,1,100.0,-1.822,0,1,101.1,12.21,125.91,40.24,8.67,0.0,55.854,0.8576,55.89,2027,H2,Jul-Dec
Gulbadin Naib,Afghanistan,Batting All-Rounder,36.75,0.0833,1,83.6667,-1.7571,0,1,285.19,25.03,122.45,7.33,10.16,0.0,41.494,0.0143,41.01,2027,H2,Jul-Dec
Hashmatullah Shahidi,Afghanistan,Top Order Batter,32.75,1.0,1,49.0,0.2726,0,0,407.67,32.5,118.72,0.0,0.0,0.0,39.1393,0.5417,39.22,2027,H2,Jul-Dec
Ibrahim Zadran,Afghanistan,Top Order Batter,25.75,1.0,1,101.0,0.6468,1,0,1528.82,45.6,144.07,0.0,0.0,0.0,53.0964,0.9679,53.16,2027,H2,Jul-Dec
Ikram Ali Khil,Afghanistan,Wicketkeeper,25.75,1.0,1,68.0,0.4632,0,0,701.83,33.94,142.68,0.0,0.0,0.0,45.9073,0.7951,46.0,2027,H2,Jul-Dec
Karim Janat,Afghanistan,Bowling All-Rounder,28.75,1.0,1,110.0,-0.6727,0,1,1138.24,33.08,148.5,43.12,8.77,0.0,73.3471,0.0183,68.32,2027,H2,Jul-Dec
Khatir Stanikzai,Afghanistan,Top Order Batter,28.75,1.0,1,65.0,1.6788,1,0,676.79,39.84,139.92,0.0,0.0,0.0,47.3518,0.7972,47.51,2027,H2,Jul-Dec
Mohammad Ishaq,Afghanistan,Wicketkeeper,25.75,1.0,1,60.0,1.6437,1,0,699.4,38.85,150.46,0.0,0.0,0.0,49.3978,0.668,49.36,2027,H2,Jul-Dec
Mohammad Nabi,Afghanistan,Bowling All-Rounder,42.75,0.0,0,165.0,-4.6677,0,1,296.78,25.12,134.59,9.94,8.91,0.0,45.9359,0.0046,44.95,2027,H2,Jul-Dec
Mohammad Saleem,Afghanistan,Pace Bowler,25.75,1.0,1,53.0,0.7139,1,0,105.99,17.01,124.62,30.71,8.99,0.0,51.8821,0.8725,52.1,2027,H2,Jul-Dec
Mujeeb Ur Rahman,Afghanistan,Spin Bowler,26.75,1.0,1,105.0,-1.6436,0,1,143.25,18.18,137.87,43.89,7.52,0.0,63.129,0.8392,62.05,2027,H2,Jul-Dec
Munir Ahmad Kakar,Afghanistan,Wicketkeeper,28.75,1.0,1,63.0,1.085,1,0,621.42,36.79,140.54,0.0,0.0,0.0,46.2068,0.7268,46.39,2027,H2,Jul-Dec
Najibullah Zadran,Afghanistan,Wicketkeeper,33.75,1.0,1,105.0,0.1429,0,0,1183.26,33.64,142.42,0.0,0.0,0.0,47.2902,0.8168,47.49,2027,H2,Jul-Dec
Nangeyalia Kharote,Afghanistan,Spin Bowler,23.75,1.0,1,56.0,0.757,1,0,452.29,29.27,147.87,37.81,7.47,0.0,66.9338,0.9572,69.18,2027,H2,Jul-Dec
Naveed Zadran,Afghanistan,Pace Bowler,26.75,1.0,1,60.0,0.2856,0,0,94.55,15.19,117.5,31.88,9.26,0.0,50.2212,0.7853,50.39,2027,H2,Jul-Dec
Naveen-ul-Haq,Afghanistan,Pace Bowler,27.75,1.0,1,106.0,-1.6287,0,1,122.02,15.25,130.31,42.41,8.54,0.0,59.2464,0.9108,59.58,2027,H2,Jul-Dec
Nazifullah Amiri,Afghanistan,Middle Order Batter,24.75,1.0,1,48.0,1.7685,1,0,576.45,39.07,152.76,0.0,0.0,0.0,49.5906,0.891,49.48,2027,H2,Jul-Dec
Noor Ahmad,Afghanistan,Spin Bowler,22.75,1.0,1,92.0,-0.1641,0,0,179.53,19.68,135.85,52.56,7.89,0.0,68.136,0.9416,66.71,2027,H2,Jul-Dec
Qais Ahmad,Afghanistan,Spin Bowler,26.75,1.0,1,82.0,-0.4247,0,0,137.52,16.64,127.15,40.62,9.12,0.0,57.9751,0.8217,57.91,2027,H2,Jul-Dec
Rahmanullah Gurbaz,Afghanistan,Wicketkeeper,25.75,1.0,1,118.0,0.5803,1,0,2089.44,44.37,168.09,0.0,0.0,0.0,59.7685,0.9697,60.52,2027,H2,Jul-Dec
Rahmat Shah,Afghanistan,Top Order Batter,34.75,1.0,1,57.0,0.8401,1,0,687.93,38.79,130.89,0.0,0.0,0.0,45.0101,0.8473,45.21,2027,H2,Jul-Dec
Rashid Khan,Afghanistan,Spin Bowler,28.75,1.0,1,199.0,-2.9602,0,1,461.08,22.44,145.18,55.79,7.8,0.0,73.9497,0.9571,68.08,2027,H2,Jul-Dec
Riaz Hassan,Afghanistan,Middle Order Batter,27.75,1.0,1,68.0,1.0325,1,0,721.15,38.38,137.54,0.0,0.0,0.0,46.4396,0.884,46.63,2027,H2,Jul-Dec
Rohullah Arab,Afghanistan,Pace Bowler,25.75,1.0,1,51.0,0.3158,0,0,77.18,11.85,115.74,27.49,9.37,0.0,46.0708,0.6048,46.0,2027,H2,Jul-Dec
Sediqullah Atal,Afghanistan,Top Order Batter,25.75,1.0,1,75.0,2.5862,1,0,1536.48,53.13,161.39,0.0,0.0,0.0,59.6781,0.9831,59.73,2027,H2,Jul-Dec
Shahidullah Kamal,Afghanistan,Middle Order Batter,31.75,1.0,1,86.0,0.9346,1,0,889.95,37.3,128.01,0.0,0.0,0.0,44.4837,0.902,44.69,2027,H2,Jul-Dec
Sharafuddin Ashraf,Afghanistan,Batting All-Rounder,31.75,1.0,1,72.0,0.3228,0,0,584.21,30.95,132.1,25.35,9.48,0.0,57.0087,0.8898,56.79,2027,H2,Jul-Dec
Wafiullah Tarakhil,Afghanistan,Top Order Batter,23.75,1.0,1,67.0,2.35,1,0,950.85,47.53,169.35,0.0,0.0,0.0,57.5275,0.984,57.95,2027,H2,Jul-Dec
Wahidullah Zadran,Afghanistan,Top Order Batter,23.75,1.0,1,50.0,2.3664,1,0,801.27,47.94,169.08,0.0,0.0,0.0,57.1349,0.9788,56.96,2027,H2,Jul-Dec
Zia-Ur-Rehman Abdul Malik,Afghanistan,Spin Bowler,26.75,1.0,1,55.0,0.0996,0,0,157.84,16.67,133.91,36.36,8.04,0.0,57.3721,0.766,57.76,2027,H2,Jul-Dec
Zubaid Akbari,Afghanistan,Middle Order Batter,24.75,1.0,1,71.0,2.3588,1,0,947.89,46.83,153.26,0.0,0.0,0.0,53.7053,0.9476,53.66,2027,H2,Jul-Dec
Aaron Hardie,Australia,Bowling All-Rounder,28.75,1.0,1,114.0,0.0569,0,0,357.67,31.02,153.43,7.35,8.74,0.0,51.0079,0.0176,51.11,2027,H2,Jul-Dec
Adam Zampa,Australia,Spin Bowler,35.75,0.875,1,192.0,-0.9363,0,1,10.68,7.47,97.95,16.88,8.44,0.0,34.5331,0.664,33.99,2027,H2,Jul-Dec
Alex Carey,Australia,Wicketkeeper,35.75,0.85,1,131.6,-0.0803,0,0,223.59,29.47,137.69,0.0,0.0,0.0,41.6466,0.0941,41.75,2027,H2,Jul-Dec
Ashton Agar,Australia,Spin Bowler,33.75,1.0,1,114.0,-2.5906,0,1,0.33,4.22,72.65,2.06,9.44,0.0,19.1718,0.021,19.94,2027,H2,Jul-Dec
Beau Webster,Australia,Bowling All-Rounder,33.75,1.0,1,114.0,1.238,1,0,369.93,40.15,146.71,9.8,8.72,0.0,54.2519,0.0131,54.35,2027,H2,Jul-Dec
Ben Dwarshuis,Australia,Pace Bowler,32.75,1.0,1,99.0,-0.475,0,0,24.98,13.66,122.27,10.5,9.13,0.0,38.4617,0.8611,38.43,2027,H2,Jul-Dec
Ben Kellaway,Australia,Batting All-Rounder,22.75,1.0,1,39.0,2.6313,1,0,151.41,32.57,158.38,6.56,8.7,0.0,51.5628,0.5798,51.68,2027,H2,Jul-Dec
Ben Manenti,Australia,Bowling All-Rounder,30.75,1.0,1,69.0,-0.4378,0,0,109.39,20.75,124.56,6.45,8.94,0.0,39.5577,0.0113,39.65,2027,H2,Jul-Dec
Billy Stanlake,Australia,Pace Bowler,32.75,1.0,1,64.0,-1.7067,0,1,0.09,1.0,60.64,0.21,10.54,0.0,14.1336,0.0084,14.68,2027,H2,Jul-Dec
Brendan Doggett,Australia,Pace Bowler,32.75,1.0,1,64.0,-1.3174,0,1,2.89,2.89,72.78,6.05,9.2,0.0,21.0211,0.0307,21.7,2027,H2,Jul-Dec
Cameron Gannon,Australia,Pace Bowler,36.75,0.125,1,41.0,-1.3033,0,1,0.59,1.37,49.33,1.22,10.54,0.0,12.337,0.0028,7.43,2027,H2,Jul-Dec
Cameron Green,Australia,Batting All-Rounder,28.75,1.0,1,114.0,-0.7316,0,1,229.85,33.92,165.51,5.76,7.7,0.0,53.6614,0.0251,53.65,2027,H2,Jul-Dec
Campbell Kellaway,Australia,Top Order Batter,25.75,1.0,1,59.0,1.1715,1,0,214.6,33.45,154.1,0.0,0.0,0.0,46.6884,0.9519,46.74,2027,H2,Jul-Dec
Cooper Connolly,Australia,Batting All-Rounder,23.75,1.0,1,69.0,-0.1967,0,0,295.8,29.81,168.11,7.45,7.47,0.0,53.9764,0.833,53.97,2027,H2,Jul-Dec
Corey Rocchiccioli,Australia,Spin Bowler,30.75,1.0,1,59.0,-0.398,0,0,4.99,5.48,87.34,7.31,8.65,0.0,26.0042,0.5498,26.59,2027,H2,Jul-Dec
Fergus O'Neill,Australia,Pace Bowler,26.75,1.0,1,54.0,-0.1415,0,0,5.98,5.98,83.8,7.52,9.07,0.0,25.4407,0.1598,26.24,2027,H2,Jul-Dec
Glenn Maxwell,Australia,Batting All-Rounder,39.75,0.0,0,280.0,-1.6008,0,1,137.57,33.53,156.33,1.76,8.91,0.0,48.6625,0.0113,46.44,2027,H2,Jul-Dec
Harry Nielsen,Australia,Wicketkeeper,31.75,1.0,1,94.0,-0.3452,0,0,181.47,26.19,126.38,0.0,0.0,0.0,37.8218,0.3102,37.9,2027,H2,Jul-Dec
Henry Hunt,Australia,Top Order Batter,29.75,1.0,1,59.0,0.0857,0,0,122.69,30.05,134.75,0.0,0.0,0.0,40.8815,0.8954,41.14,2027,H2,Jul-Dec
Henry Thornton,Australia,Pace Bowler,31.75,1.0,1,74.0,-0.9972,0,1,5.28,5.28,81.08,4.08,10.14,0.0,22.4623,0.0303,22.95,2027,H2,Jul-Dec
Jack Edwards,Australia,Batting All-Rounder,27.75,1.0,1,84.0,-0.0389,0,0,213.2,29.9,142.39,5.99,8.17,0.0,47.0521,0.6376,47.04,2027,H2,Jul-Dec
Jake Fraser-McGurk,Australia,Top Order Batter,25.75,1.0,1,89.0,-1.1408,0,1,156.06,22.53,155.16,0.0,0.0,0.0,42.7817,0.9161,43.05,2027,H2,Jul-Dec
Jake Lehmann,Australia,Middle Order Batter,34.75,1.0,1,79.0,-0.689,0,1,65.75,21.25,109.95,0.0,0.0,0.0,32.0268,0.3139,32.43,2027,H2,Jul-Dec
Jake Weatherald,Australia,Top Order Batter,33.75,1.0,1,164.0,-1.4736,0,1,283.05,27.3,133.68,0.0,0.0,0.0,40.1653,0.8185,40.33,2027,H2,Jul-Dec
Jason Behrendorff,Australia,Pace Bowler,37.75,0.4643,1,126.2857,-1.5558,0,1,1.43,3.29,69.87,4.04,9.62,0.0,19.31,0.0092,19.88,2027,H2,Jul-Dec
Jason Sangha,Australia,Middle Order Batter,28.75,1.0,1,89.0,-0.8228,0,1,158.04,23.8,136.77,0.0,0.0,0.0,39.1797,0.7435,39.21,2027,H2,Jul-Dec
Jhye Richardson,Australia,Pace Bowler,30.75,1.0,1,114.0,-1.2043,0,1,2.54,4.98,82.03,6.57,8.59,0.0,24.2358,0.142,25.31,2027,H2,Jul-Dec
Joel Davies,Australia,Middle Order Batter,23.75,1.0,1,32.0,1.6709,1,0,142.75,29.65,154.77,0.0,0.0,0.0,45.2299,0.7269,45.37,2027,H2,Jul-Dec
Jordan Buckingham,Australia,Pace Bowler,26.75,1.0,1,44.0,0.0019,0,0,10.19,10.19,93.65,5.68,9.21,0.0,28.0932,0.2223,28.91,2027,H2,Jul-Dec
Josh Hazlewood,Australia,Pace Bowler,36.75,0.65,1,138.8,-0.0129,0,0,3.64,8.31,88.08,15.41,8.79,0.0,31.7288,0.1126,31.36,2027,H2,Jul-Dec
Josh Inglis,Australia,Wicketkeeper,32.75,1.0,1,164.0,0.9603,1,0,547.09,34.81,148.97,0.0,0.0,0.0,47.1157,0.8993,47.23,2027,H2,Jul-Dec
Josh Philippe,Australia,Wicketkeeper,30.75,1.0,1,154.0,-1.2467,0,1,234.29,24.08,140.89,0.0,0.0,0.0,40.4378,0.4954,40.69,2027,H2,Jul-Dec
Lance Morris,Australia,Pace Bowler,29.75,1.0,1,49.0,-0.863,0,1,0.45,0.45,49.96,5.44,9.03,0.0,14.7696,0.0259,12.68,2027,H2,Jul-Dec
Liam Hatcher,Australia,Pace Bowler,30.75,1.0,1,69.0,-0.8792,0,1,5.91,5.91,82.44,4.63,9.87,0.0,23.3454,0.0343,24.07,2027,H2,Jul-Dec
Liam Scott,Australia,Batting All-Rounder,26.75,1.0,1,69.0,1.8581,1,0,338.86,37.35,142.18,7.88,8.9,0.0,51.0172,0.8097,51.11,2027,H2,Jul-Dec
Mackenzie Harvey,Australia,Wicketkeeper,26.75,1.0,1,89.0,-0.8832,0,1,108.66,19.88,124.29,0.0,0.0,0.0,34.8411,0.1149,34.99,2027,H2,Jul-Dec
Mahli Beardman,Australia,Pace Bowler,21.75,1.0,1,29.0,0.6064,1,0,7.63,7.63,109.06,5.45,7.92,0.0,30.7117,0.3612,31.15,2027,H2,Jul-Dec
Marcus Stoinis,Australia,Batting All-Rounder,38.75,0.0,0,280.0,-1.9301,0,1,82.35,22.81,125.23,1.35,9.75,0.0,37.3435,0.0021,37.25,2027,H2,Jul-Dec
Marnus Labuschagne,Australia,Top Order Batter,33.75,1.0,1,134.0,-0.6708,0,1,151.58,24.94,117.31,0.0,0.0,0.0,35.2668,0.5525,35.54,2027,H2,Jul-Dec
Matthew Gilkes,Australia,Wicketkeeper,28.75,1.0,1,104.0,-0.842,0,1,178.67,23.96,127.97,0.0,0.0,0.0,37.3573,0.249,37.45,2027,H2,Jul-Dec
Matthew Kuhnemann,Australia,Spin Bowler,30.75,1.0,1,69.0,0.1065,0,0,6.11,7.75,101.44,8.8,8.41,0.0,30.8403,0.7179,31.19,2027,H2,Jul-Dec
Matthew Renshaw,Australia,Middle Order Batter,31.75,1.0,1,164.0,-0.3812,0,0,312.9,32.31,134.25,0.0,9.9,0.0,42.7338,0.55,42.85,2027,H2,Jul-Dec
Matthew Short,Australia,Batting All-Rounder,31.75,1.0,1,184.0,-2.1208,0,1,334.88,26.7,134.03,3.93,9.78,0.0,42.9613,0.1961,43.19,2027,H2,Jul-Dec
Matthew Wade,Australia,Wicketkeeper,39.75,0.0417,1,250.3333,-2.8062,0,1,0.38,12.9,104.75,0.0,0.0,0.0,27.6436,0.0102,28.61,2027,H2,Jul-Dec
Michael Neser,Australia,Bowling All-Rounder,37.75,0.0833,1,115.6667,-0.2891,0,0,60.05,29.3,138.77,3.11,8.54,0.0,43.8345,0.0022,43.69,2027,H2,Jul-Dec
Mitchell Marsh,Australia,Bowling All-Rounder,35.75,0.8929,1,192.2857,-0.2303,0,0,515.57,37.54,156.02,4.61,8.68,0.0,52.9156,0.0276,50.56,2027,H2,Jul-Dec
Mitchell Owen,Australia,Batting All-Rounder,26.75,1.0,1,74.0,1.3378,1,0,421.76,37.03,184.89,4.76,8.25,0.0,58.9933,0.9218,59.61,2027,H2,Jul-Dec
Mitchell Starc,Australia,Pace Bowler,37.75,0.3125,1,164.0,-1.3683,0,1,1.4,4.07,90.99,6.32,9.47,0.0,25.5759,0.0387,25.88,2027,H2,Jul-Dec
Mitchell Stoinis,Australia,Batting All-Rounder,38.75,0.05,1,280.4,-1.9301,0,1,97.26,23.73,130.26,1.58,9.37,0.0,39.0314,0.0025,38.93,2027,H2,Jul-Dec
Nathan Ellis,Australia,Pace Bowler,32.75,1.0,1,114.0,-0.9057,0,1,6.5,9.07,104.88,10.48,8.91,0.0,32.9245,0.558,33.1,2027,H2,Jul-Dec
Nathan Lyon,Australia,Spin Bowler,39.75,0.0,0,40.0,-0.8548,0,1,0.18,0.6,63.19,0.45,8.48,0.0,15.0461,0.0058,15.36,2027,H2,Jul-Dec
Nathan McAndrew,Australia,Bowling All-Rounder,32.75,1.0,1,99.0,-0.432,0,0,137.14,21.89,119.71,8.26,9.41,0.0,39.9212,0.0108,40.05,2027,H2,Jul-Dec
Nathan McSweeney,Australia,Middle Order Batter,28.75,1.0,1,79.0,-0.2544,0,0,136.78,23.95,131.07,0.0,0.0,0.0,37.9047,0.7834,37.97,2027,H2,Jul-Dec
Nikhil Chaudhary,Australia,Batting All-Rounder,31.75,1.0,1,84.0,0.8368,1,0,342.27,31.71,160.06,8.63,8.71,0.0,53.403,0.8457,53.33,2027,H2,Jul-Dec
Oliver Peake,Australia,Middle Order Batter,21.75,1.0,1,26.0,2.4338,1,0,116.68,34.36,174.12,0.0,0.0,0.0,51.1314,0.9085,51.12,2027,H2,Jul-Dec
Pat Cummins,Australia,Pace Bowler,34.75,1.0,1,114.0,-1.4021,0,1,22.63,9.19,94.82,7.41,9.49,0.0,28.9562,0.4231,29.64,2027,H2,Jul-Dec
Riley Meredith,Australia,Pace Bowler,31.75,1.0,1,114.0,-1.2877,0,1,1.06,3.38,66.5,4.71,10.34,0.0,18.8615,0.0235,19.61,2027,H2,Jul-Dec
Sam Elliott,Australia,Pace Bowler,25.75,1.0,1,36.0,-0.1524,0,0,12.17,9.69,87.41,4.55,9.54,0.0,25.8425,0.1443,26.66,2027,H2,Jul-Dec
Sam Konstas,Australia,Top Order Batter,21.75,1.0,1,46.0,2.6206,1,0,447.21,35.69,185.97,0.0,0.0,0.0,55.2977,0.9794,55.49,2027,H2,Jul-Dec
Scott Boland,Australia,Pace Bowler,38.75,0.0625,1,35.5,-0.9798,0,1,0.34,0.93,54.95,0.66,10.12,0.0,13.1653,0.0053,14.25,2027,H2,Jul-Dec
Sean Abbott,Australia,Bowling All-Rounder,35.75,0.7083,1,179.6667,-1.8323,0,1,122.67,17.5,124.0,8.13,9.42,0.0,39.1594,0.0109,38.79,2027,H2,Jul-Dec
Spencer Johnson,Australia,Pace Bowler,31.75,1.0,1,69.0,-0.5233,0,1,7.69,6.61,83.77,7.59,10.12,0.0,25.5297,0.2931,26.39,2027,H2,Jul-Dec
Steven Smith,Australia,Top Order Batter,38.75,0.0625,1,180.5,-0.982,0,1,71.37,24.06,124.68,0.0,0.0,0.0,36.3205,0.0293,36.37,2027,H2,Jul-Dec
Tanveer Sangha,Australia,Spin Bowler,25.75,1.0,1,74.0,-0.4902,0,0,3.94,5.46,82.39,9.75,8.82,0.0,26.2405,0.6479,26.84,2027,H2,Jul-Dec
Tim David,Australia,Middle Order Batter,31.75,1.0,1,154.0,-0.1106,0,0,367.08,31.92,161.9,0.0,0.0,0.0,48.3506,0.9321,48.32,2027,H2,Jul-Dec
Todd Murphy,Australia,Spin Bowler,26.75,1.0,1,34.0,-1.0761,0,1,1.29,1.29,65.61,2.53,8.3,0.0,17.0478,0.0319,17.59,2027,H2,Jul-Dec
Travis Head,Australia,Top Order Batter,33.75,1.0,1,194.0,-0.27,0,0,602.77,38.82,180.16,0.0,0.0,0.0,55.646,0.9941,55.47,2027,H2,Jul-Dec
Will Sutherland,Australia,Bowling All-Rounder,27.75,1.0,1,104.0,-0.099,0,0,228.12,31.01,148.19,9.02,7.98,0.0,50.5395,0.0174,50.52,2027,H2,Jul-Dec
Xavier Bartlett,Australia,Pace Bowler,28.75,1.0,1,64.0,-0.4806,0,0,13.55,11.18,116.6,8.54,8.43,0.0,35.3083,0.6075,35.39,2027,H2,Jul-Dec
A. G. Saqlain,Bangladesh,Bowling All-Rounder,25.75,1.0,1,32.0,1.5243,1,0,181.88,28.06,143.74,16.87,8.39,0.0,52.6718,0.0117,52.79,2027,H2,Jul-Dec
Abdul Gaffar Saqlain,Bangladesh,Bowling All-Rounder,25.75,1.0,1,32.0,1.5243,1,0,179.92,27.76,142.19,16.69,8.48,0.0,52.0928,0.0115,52.12,2027,H2,Jul-Dec
Afif Hossain,Bangladesh,Batting All-Rounder,27.75,1.0,1,146.0,-2.0747,0,1,279.26,19.41,130.13,8.94,9.08,0.0,42.2293,0.3416,42.3,2027,H2,Jul-Dec
Akbar Ali,Bangladesh,Wicketkeeper,26.75,1.0,1,48.0,1.424,1,0,509.67,33.52,158.33,0.0,0.0,0.0,48.5989,0.5972,48.65,2027,H2,Jul-Dec
Amite Hasan,Bangladesh,Middle Order Batter,26.75,1.0,1,45.0,1.6032,1,0,345.31,29.77,138.83,0.0,0.0,0.0,42.399,0.7024,42.6,2027,H2,Jul-Dec
Anamul Haque,Bangladesh,Wicketkeeper,34.75,1.0,1,157.0,-1.296,0,1,258.98,19.1,115.02,0.0,0.0,0.0,32.9918,0.0629,33.38,2027,H2,Jul-Dec
Ebadat Hossain,Bangladesh,Pace Bowler,33.75,1.0,1,59.0,0.4398,0,0,23.25,10.95,98.99,18.28,9.36,0.0,36.6724,0.2395,36.69,2027,H2,Jul-Dec
Hasan Mahmud,Bangladesh,Pace Bowler,28.75,1.0,1,97.0,-0.667,0,1,90.77,13.79,123.6,42.93,8.01,0.0,57.5466,0.9142,57.86,2027,H2,Jul-Dec
Hasan Murad,Bangladesh,Spin Bowler,25.75,1.0,1,52.0,1.4761,1,0,70.02,16.2,115.1,30.17,7.93,0.0,49.2933,0.7808,49.16,2027,H2,Jul-Dec
Jaker Ali,Bangladesh,Wicketkeeper,29.75,1.0,1,81.0,1.2723,1,0,631.77,33.85,144.8,0.0,0.0,0.0,46.1182,0.749,46.2,2027,H2,Jul-Dec
Jishan Alam,Bangladesh,Top Order Batter,25.75,1.0,1,45.0,1.6795,1,0,401.94,31.57,144.33,0.0,0.0,0.0,44.4494,0.8357,44.69,2027,H2,Jul-Dec
Khaled Ahmed,Bangladesh,Pace Bowler,34.75,1.0,1,85.0,0.4571,0,0,41.74,13.41,108.29,30.06,8.95,0.0,46.4009,0.6712,46.34,2027,H2,Jul-Dec
Litton Das,Bangladesh,Wicketkeeper,32.75,1.0,1,224.0,-0.81,0,1,703.13,31.62,144.89,0.0,0.0,0.0,45.5605,0.7879,45.72,2027,H2,Jul-Dec
Mahedi Hasan,Bangladesh,Batting All-Rounder,32.75,1.0,1,167.0,0.0353,0,0,658.98,31.43,150.82,38.88,7.87,0.0,69.5313,0.8776,68.26,2027,H2,Jul-Dec
Mahidul Islam Ankon,Bangladesh,Wicketkeeper,26.75,1.0,1,59.0,1.7718,1,0,426.11,34.26,145.34,0.0,0.0,0.0,45.7244,0.7633,45.9,2027,H2,Jul-Dec
Mahmudul Hasan Joy,Bangladesh,Middle Order Batter,26.75,1.0,1,86.0,0.2224,0,0,407.83,27.8,128.77,0.0,0.0,0.0,39.6617,0.8535,39.75,2027,H2,Jul-Dec
Mahmudullah,Bangladesh,Batting All-Rounder,41.75,0.0,0,250.0,-5.119,0,1,0.0,21.06,134.75,0.0,8.74,0.0,37.9733,0.0022,37.84,2027,H2,Jul-Dec
Mehidy Hasan Miraz,Bangladesh,Bowling All-Rounder,29.75,1.0,1,182.0,-0.4125,0,0,606.58,30.48,133.27,40.05,7.85,0.0,65.8016,0.0246,67.8,2027,H2,Jul-Dec
Mohammad Naim,Bangladesh,Top Order Batter,27.75,1.0,1,122.0,-1.1598,0,1,368.34,24.11,133.87,0.0,0.0,0.0,39.3271,0.8564,39.39,2027,H2,Jul-Dec
Mohammad Saifuddin,Bangladesh,Bowling All-Rounder,30.75,1.0,1,125.0,-0.5889,0,1,415.09,24.17,142.01,35.27,8.46,0.0,61.9958,0.0205,61.85,2027,H2,Jul-Dec
Mominul Haque,Bangladesh,Top Order Batter,35.75,0.85,1,109.6,-0.4437,0,0,233.54,23.61,120.4,0.0,0.0,0.0,35.7326,0.1479,35.84,2027,H2,Jul-Dec
Mosaddek Hossain,Bangladesh,Batting All-Rounder,31.75,1.0,1,151.0,-1.0736,0,1,400.78,23.93,129.18,14.29,8.6,0.0,47.1597,0.6191,47.16,2027,H2,Jul-Dec
Musfik Hasan,Bangladesh,Pace Bowler,23.75,1.0,1,38.0,1.3273,1,0,42.25,12.75,122.41,25.36,7.72,0.0,46.9119,0.5444,46.88,2027,H2,Jul-Dec
Mushfiqur Rahim,Bangladesh,Wicketkeeper,40.75,0.0357,1,190.2857,-1.6022,0,1,65.9,24.52,124.7,0.0,0.0,0.0,36.4738,0.0072,36.53,2027,H2,Jul-Dec
Mustafizur Rahman,Bangladesh,Pace Bowler,31.75,1.0,1,219.0,-1.4401,0,1,60.57,11.42,100.85,42.03,8.86,0.0,50.8654,0.7849,50.83,2027,H2,Jul-Dec
Nahid Rana,Bangladesh,Pace Bowler,24.75,1.0,1,78.0,0.6137,1,0,46.11,13.33,125.03,48.02,7.37,0.0,60.5922,0.9195,59.62,2027,H2,Jul-Dec
Najmul Hossain Apu,Bangladesh,Spin Bowler,28.75,1.0,1,41.0,1.293,1,0,55.7,12.75,112.27,24.57,8.12,0.0,44.1675,0.3705,44.14,2027,H2,Jul-Dec
Najmul Hossain Shanto,Bangladesh,Middle Order Batter,28.75,1.0,1,132.0,-0.2388,0,0,725.75,33.91,137.54,0.0,0.0,0.0,44.8363,0.923,45.0,2027,H2,Jul-Dec
Nasum Ahmed,Bangladesh,Spin Bowler,33.75,1.0,1,153.0,-1.324,0,1,59.43,11.2,99.2,36.18,7.93,0.0,47.3224,0.7807,47.29,2027,H2,Jul-Dec
Nasum Ahmed Jr,Bangladesh,Spin Bowler,22.75,1.0,1,33.0,1.0085,1,0,56.18,12.44,120.83,22.33,7.46,0.0,44.8558,0.6655,44.84,2027,H2,Jul-Dec
Nayeem Hasan,Bangladesh,Spin Bowler,26.75,1.0,1,65.0,-0.6,0,1,56.72,13.69,107.85,26.44,7.58,0.0,44.7243,0.7332,44.73,2027,H2,Jul-Dec
Nurul Hasan,Bangladesh,Wicketkeeper,34.75,1.0,1,162.0,0.0764,0,0,429.42,24.55,126.97,0.0,0.0,0.0,38.1565,0.3316,38.32,2027,H2,Jul-Dec
Parvez Hossain Emon,Bangladesh,Wicketkeeper,25.75,1.0,1,79.0,1.3541,1,0,752.64,39.3,163.82,0.0,0.0,0.0,52.6874,0.8773,52.83,2027,H2,Jul-Dec
Pritom Kumar,Bangladesh,Wicketkeeper,23.75,1.0,1,42.0,1.8842,1,0,424.45,33.52,152.12,0.0,0.0,0.0,46.951,0.452,47.09,2027,H2,Jul-Dec
Rejaur Rahman Raja,Bangladesh,Pace Bowler,26.75,1.0,1,47.0,1.2786,1,0,56.59,12.99,114.83,27.52,8.25,0.0,46.4576,0.4153,46.48,2027,H2,Jul-Dec
Ripon Mondol,Bangladesh,Pace Bowler,24.75,1.0,1,43.0,1.2736,1,0,46.93,13.93,122.67,30.1,7.77,0.0,50.0726,0.6103,49.94,2027,H2,Jul-Dec
Rishad Hossain,Bangladesh,Spin Bowler,24.75,1.0,1,105.0,1.8401,1,0,639.99,33.94,174.62,45.27,7.61,0.0,79.3157,0.9852,69.17,2027,H2,Jul-Dec
Saif Hassan,Bangladesh,Top Order Batter,28.75,1.0,1,96.0,1.1672,1,0,591.25,30.46,142.47,0.0,0.0,0.0,44.2453,0.961,44.3,2027,H2,Jul-Dec
Shadman Islam,Bangladesh,Top Order Batter,31.75,1.0,1,78.0,0.6824,1,0,353.97,28.79,120.47,0.0,0.0,0.0,38.0107,0.7903,38.13,2027,H2,Jul-Dec
Shahadat Hossain,Bangladesh,Middle Order Batter,25.75,1.0,1,51.0,1.697,1,0,389.87,33.66,143.85,0.0,0.0,0.0,45.061,0.876,45.21,2027,H2,Jul-Dec
Shakib Al Hasan,Bangladesh,Batting All-Rounder,40.75,0.0,0,310.0,-8.1687,0,1,0.0,19.46,126.34,0.0,8.72,0.0,35.5378,0.0013,35.75,2027,H2,Jul-Dec
Shamim Hossain,Bangladesh,Batting All-Rounder,26.75,1.0,1,90.0,1.7462,1,0,692.92,37.69,164.47,18.91,7.94,0.0,63.6433,0.8992,63.02,2027,H2,Jul-Dec
Shoriful Islam,Bangladesh,Pace Bowler,26.75,1.0,1,118.0,-1.0289,0,1,74.26,14.45,119.56,39.83,8.1,0.0,55.0684,0.824,55.38,2027,H2,Jul-Dec
Soumya Sarkar,Bangladesh,Batting All-Rounder,34.75,0.8125,1,191.0,-1.854,0,1,370.45,22.54,137.74,11.33,8.69,0.0,46.7641,0.2563,45.43,2027,H2,Jul-Dec
Taijul Islam,Bangladesh,Spin Bowler,35.75,0.7083,1,112.6667,-3.1901,0,1,32.67,9.91,87.28,19.03,8.1,0.0,34.4168,0.0463,34.13,2027,H2,Jul-Dec
Tanvir Islam,Bangladesh,Spin Bowler,30.75,1.0,1,86.0,0.2649,0,0,74.49,14.5,107.97,42.87,7.58,0.0,54.3697,0.9206,54.38,2027,H2,Jul-Dec
Tanzid Hasan,Bangladesh,Top Order Batter,26.75,1.0,1,96.0,0.865,1,0,774.26,35.09,146.47,0.0,0.0,0.0,47.395,0.9648,47.51,2027,H2,Jul-Dec
Tanzim Hasan Sakib,Bangladesh,Pace Bowler,24.75,1.0,1,88.0,0.2146,0,0,110.07,20.93,148.51,37.57,8.0,0.0,62.6823,0.9204,61.95,2027,H2,Jul-Dec
Taskin Ahmed,Bangladesh,Pace Bowler,32.75,1.0,1,162.0,-0.8099,0,1,75.95,12.71,112.55,44.17,8.21,0.0,55.3159,0.8313,55.35,2027,H2,Jul-Dec
Towhid Hridoy,Bangladesh,Top Order Batter,26.75,1.0,1,119.0,1.2181,1,0,958.92,37.03,156.18,2.38,8.03,0.0,53.0796,0.9679,53.2,2027,H2,Jul-Dec
Yasir Ali Chowdhury,Bangladesh,Middle Order Batter,31.75,1.0,1,97.0,0.2857,0,0,403.18,26.8,130.04,0.0,0.0,0.0,39.5657,0.8597,39.61,2027,H2,Jul-Dec
Zakir Hasan,Bangladesh,Middle Order Batter,29.75,1.0,1,75.0,0.2371,0,0,369.36,25.64,122.97,0.0,0.0,0.0,37.473,0.7648,37.67,2027,H2,Jul-Dec
Adil Rashid,England,Spin Bowler,39.75,0.0,0,310.0,-2.4712,0,1,14.85,8.44,90.84,7.6,8.23,0.0,38.1368,0.9525,47.99,2027,H2,Jul-Dec
Alex Horton,England,Wicketkeeper,24.75,1.0,1,31.0,1.5789,1,0,301.05,30.36,142.87,0.0,0.0,0.0,43.3638,0.4474,43.52,2027,H2,Jul-Dec
Aneurin Donald,England,Top Order Batter,30.75,1.0,1,40.0,1.3941,1,0,376.07,28.23,130.8,0.0,0.0,0.0,40.1642,0.6694,40.33,2027,H2,Jul-Dec
Archie Vaughan,England,Batting All-Rounder,22.75,1.0,1,38.0,1.6592,1,0,428.94,32.55,160.37,13.79,7.42,0.0,57.275,0.7851,56.81,2027,H2,Jul-Dec
Ben Duckett,England,Top Order Batter,32.75,1.0,1,178.0,0.0295,0,0,832.34,28.47,143.63,0.0,0.0,0.0,44.5573,0.9707,44.69,2027,H2,Jul-Dec
Ben Foakes,England,Wicketkeeper,34.75,1.0,1,117.0,-0.026,0,0,258.97,25.57,121.71,0.0,0.0,0.0,36.8137,0.1986,36.95,2027,H2,Jul-Dec
Ben Geddes,England,Top Order Batter,25.75,1.0,1,50.0,1.5171,1,0,508.34,33.62,156.06,0.0,0.0,0.0,48.1287,0.9298,48.02,2027,H2,Jul-Dec
Brydon Carse,England,Pace Bowler,32.75,1.0,1,96.0,-1.578,0,1,109.17,16.98,132.73,45.11,9.67,0.0,61.6775,0.894,61.78,2027,H2,Jul-Dec
Chris Jordan,England,Pace Bowler,38.75,0.0,0,290.0,-1.3062,0,1,86.95,16.09,130.33,8.84,10.44,0.0,40.174,0.0298,39.68,2027,H2,Jul-Dec
Chris Woakes,England,Bowling All-Rounder,38.75,0.0,0,162.0,-2.2158,0,1,23.2,18.16,123.77,3.7,8.64,0.0,36.6771,0.0017,36.5,2027,H2,Jul-Dec
Dan Lawrence,England,Batting All-Rounder,30.75,1.0,1,133.0,0.1571,0,0,768.04,31.07,142.16,6.22,8.27,0.0,49.3168,0.6783,49.13,2027,H2,Jul-Dec
Dan Mousley,England,Batting All-Rounder,26.75,1.0,1,96.0,1.2956,1,0,749.46,35.49,154.7,22.9,8.22,0.0,63.0519,0.8239,62.19,2027,H2,Jul-Dec
Emilio Gay,England,Middle Order Batter,30.75,1.0,1,88.0,0.3313,0,0,669.58,32.46,147.29,0.0,0.0,0.0,46.2875,0.9441,46.35,2027,H2,Jul-Dec
Farhan Ahmed,England,Spin Bowler,20.75,1.0,1,32.0,1.6927,1,0,64.53,14.59,128.42,25.36,7.39,0.0,49.0689,0.737,49.15,2027,H2,Jul-Dec
George Bell,England,Wicketkeeper,24.75,1.0,1,48.0,1.3427,1,0,452.8,31.59,150.37,0.0,0.0,0.0,45.9564,0.7271,46.17,2027,H2,Jul-Dec
George Hill,England,Batting All-Rounder,28.75,1.0,1,75.0,1.3489,1,0,592.62,30.64,148.81,18.37,8.27,0.0,56.9218,0.8301,56.81,2027,H2,Jul-Dec
George Thomas,England,Top Order Batter,25.75,1.0,1,57.0,0.9642,1,0,510.96,29.52,144.34,0.0,0.0,0.0,44.0604,0.9534,44.18,2027,H2,Jul-Dec
Gus Atkinson,England,Pace Bowler,29.75,1.0,1,91.0,-0.7545,0,1,66.72,14.49,138.55,48.13,7.86,0.0,64.0,0.8968,66.33,2027,H2,Jul-Dec
Harry Brook,England,Middle Order Batter,28.75,1.0,1,118.0,0.0425,0,0,782.99,36.26,146.33,1.14,8.89,0.0,49.1695,0.8284,49.15,2027,H2,Jul-Dec
Henry Crocombe,England,Pace Bowler,25.75,1.0,1,42.0,1.0613,1,0,44.01,13.07,115.44,26.66,8.38,0.0,46.0667,0.4208,46.0,2027,H2,Jul-Dec
Jack Carson,England,Spin Bowler,26.75,1.0,1,52.0,0.8131,1,0,72.73,16.46,120.12,31.56,8.18,0.0,51.2309,0.8224,51.37,2027,H2,Jul-Dec
Jack Haynes,England,Top Order Batter,26.75,1.0,1,87.0,0.7935,1,0,683.09,32.58,156.79,0.0,0.0,0.0,48.476,0.98,48.61,2027,H2,Jul-Dec
Jack Leach,England,Spin Bowler,36.75,0.45,1,117.0,-3.0806,0,1,6.28,11.19,103.93,6.37,8.54,0.0,31.238,0.1059,31.72,2027,H2,Jul-Dec
Jacob Bethell,England,Batting All-Rounder,23.75,1.0,1,83.0,1.7171,1,0,875.04,42.11,176.63,21.39,8.04,0.0,69.8939,0.9359,68.21,2027,H2,Jul-Dec
James Anderson,England,Pace Bowler,45.75,0.0,0,44.0,-0.2803,0,0,0.0,0.0,0.0,0.0,8.9,0.0,0.5098,0.0025,0.54,2027,H2,Jul-Dec
James Coles,England,Batting All-Rounder,23.75,1.0,1,45.0,1.9435,1,0,487.43,34.48,164.03,18.82,7.6,0.0,61.7594,0.7847,62.21,2027,H2,Jul-Dec
James Rew,England,Wicketkeeper,23.75,1.0,1,59.0,1.3442,1,0,707.0,37.16,164.44,0.0,0.0,0.0,51.903,0.7875,52.15,2027,H2,Jul-Dec
Jamie Overton,England,Bowling All-Rounder,33.75,1.0,1,139.0,-0.8828,0,1,418.23,22.61,139.77,33.35,9.49,0.0,59.6636,0.0152,59.57,2027,H2,Jul-Dec
Jamie Smith,England,Wicketkeeper,26.75,1.0,1,77.0,1.6322,1,0,763.6,40.63,164.62,0.0,0.0,0.0,53.381,0.7231,53.42,2027,H2,Jul-Dec
Joe Root,England,Batting All-Rounder,36.75,0.65,1,70.8,-0.2888,0,0,227.46,28.29,128.25,1.46,8.3,0.0,40.8021,0.011,41.07,2027,H2,Jul-Dec
Jofra Archer,England,Pace Bowler,32.75,1.0,1,108.0,-0.9242,0,1,44.38,14.69,118.86,31.08,9.29,0.0,49.7229,0.7329,49.78,2027,H2,Jul-Dec
Jonny Bairstow,England,Wicketkeeper,38.75,0.0,0,185.0,-0.9841,0,1,89.2,23.69,132.15,0.0,0.0,0.0,37.8964,0.0081,38.14,2027,H2,Jul-Dec
Jordan Cox,England,Wicketkeeper,26.75,1.0,1,103.0,1.6457,1,0,923.12,37.8,156.83,0.0,0.0,0.0,51.1467,0.8271,51.18,2027,H2,Jul-Dec
Jos Buttler,England,Wicketkeeper,36.75,0.4167,1,245.3333,-0.9772,0,1,438.09,32.58,146.05,0.0,0.0,0.0,45.3118,0.9231,44.95,2027,H2,Jul-Dec
Josh Hull,England,Pace Bowler,23.75,1.0,1,43.0,1.6136,1,0,50.5,15.39,139.9,32.75,7.55,0.0,55.9772,0.7113,55.9,2027,H2,Jul-Dec
Josh Tongue,England,Pace Bowler,29.75,1.0,1,65.0,-0.131,0,0,34.33,16.22,115.54,22.62,8.73,0.0,44.8447,0.5209,44.84,2027,H2,Jul-Dec
Liam Dawson,England,Bowling All-Rounder,37.75,0.25,1,228.2,-1.7665,0,1,253.39,25.92,127.17,11.82,8.01,0.0,45.7007,0.0044,44.87,2027,H2,Jul-Dec
Liam Livingstone,England,Batting All-Rounder,34.75,1.0,1,219.0,-1.325,0,1,900.04,30.57,154.22,20.43,9.23,0.0,60.0494,0.7509,59.87,2027,H2,Jul-Dec
Luc Benkenstein,England,Batting All-Rounder,22.75,1.0,1,36.0,1.9507,1,0,394.24,33.02,160.23,16.16,7.6,0.0,58.5899,0.8203,57.8,2027,H2,Jul-Dec
Luke Wood,England,Pace Bowler,31.75,1.0,1,146.0,-0.8336,0,1,68.86,11.24,119.62,34.19,9.57,0.0,50.4265,0.7962,50.54,2027,H2,Jul-Dec
Mark Wood,England,Pace Bowler,37.75,0.0,0,91.0,-1.0975,0,1,6.68,11.26,113.92,6.74,9.66,0.0,33.4726,0.0439,33.5,2027,H2,Jul-Dec
Matthew Fisher,England,Pace Bowler,30.75,1.0,1,75.0,-0.1627,0,0,57.14,19.33,122.59,28.95,8.32,0.0,51.2618,0.7726,51.37,2027,H2,Jul-Dec
Matthew Potts,England,Pace Bowler,28.75,1.0,1,82.0,-0.9343,0,1,109.04,19.47,134.06,33.27,8.17,0.0,56.488,0.8868,56.41,2027,H2,Jul-Dec
Ollie Pope,England,Top Order Batter,29.75,1.0,1,105.0,-0.3969,0,0,322.45,25.06,127.17,0.0,8.43,0.0,38.8472,0.4747,39.0,2027,H2,Jul-Dec
Ollie Robinson,England,Pace Bowler,28.75,1.0,1,65.0,-0.344,0,0,51.64,16.51,118.99,25.9,8.47,0.0,47.6734,0.6161,47.58,2027,H2,Jul-Dec
Olly Stone,England,Pace Bowler,33.75,1.0,1,86.0,-0.6313,0,1,36.09,18.24,108.34,25.35,9.67,0.0,45.3561,0.5424,45.37,2027,H2,Jul-Dec
Phil Salt,England,Wicketkeeper,31.75,1.0,1,204.0,-0.7439,0,1,1038.97,34.19,166.15,0.0,0.0,0.0,52.2744,0.9553,52.41,2027,H2,Jul-Dec
Reece Topley,England,Pace Bowler,33.75,1.0,1,118.0,-0.2871,0,0,51.55,17.53,114.05,32.86,9.27,0.0,50.7177,0.7953,50.83,2027,H2,Jul-Dec
Rehan Ahmed,England,Spin Bowler,22.75,1.0,1,90.0,0.6019,1,0,444.36,27.6,157.51,43.61,7.37,0.0,71.7363,0.9853,69.19,2027,H2,Jul-Dec
Rocky Flintoff,England,Middle Order Batter,21.75,1.0,1,32.0,1.9777,1,0,347.46,35.43,148.44,0.0,0.0,0.0,46.5806,0.887,46.63,2027,H2,Jul-Dec
Sam Cook,England,Pace Bowler,29.75,1.0,1,85.0,-0.4917,0,0,54.21,17.33,124.04,33.88,7.66,0.0,53.7909,0.8461,53.67,2027,H2,Jul-Dec
Sam Curran,England,Bowling All-Rounder,29.75,1.0,1,227.0,-1.3161,0,1,738.3,26.27,137.76,29.3,8.98,0.0,59.3818,0.0154,60.04,2027,H2,Jul-Dec
Saqib Mahmood,England,Pace Bowler,30.75,1.0,1,93.0,0.4241,0,0,56.35,18.1,116.43,33.85,8.96,0.0,52.0823,0.8117,52.09,2027,H2,Jul-Dec
Shoaib Bashir,England,Spin Bowler,23.75,1.0,1,61.0,-0.8332,0,1,44.42,13.61,124.96,29.6,7.17,0.0,50.3403,0.8402,50.55,2027,H2,Jul-Dec
Sonny Baker,England,Pace Bowler,22.75,1.0,1,51.0,1.2902,1,0,59.99,17.71,135.25,33.35,7.64,0.0,56.1332,0.8909,55.9,2027,H2,Jul-Dec
Tom Banton,England,Wicketkeeper,29.75,1.0,1,136.0,0.3394,0,0,902.92,34.32,164.47,0.0,0.0,0.0,51.512,0.9375,51.42,2027,H2,Jul-Dec
Tom Hartley,England,Spin Bowler,28.75,1.0,1,68.0,-2.6271,0,1,40.94,14.45,122.22,16.2,7.89,0.0,42.2705,0.7135,42.33,2027,H2,Jul-Dec
Tom Rew,England,Wicketkeeper,22.75,1.0,1,34.0,1.6948,1,0,329.79,33.86,148.05,0.0,0.0,0.0,45.8691,0.6102,46.0,2027,H2,Jul-Dec
Will Jacks,England,Batting All-Rounder,28.75,1.0,1,153.0,-1.133,0,1,951.44,28.85,158.14,17.4,8.91,0.0,58.8104,0.7896,57.78,2027,H2,Jul-Dec
Zak Crawley,England,Top Order Batter,29.75,1.0,1,100.0,0.301,0,0,469.31,28.97,139.52,0.0,0.0,0.0,42.661,0.9347,42.85,2027,H2,Jul-Dec
Abhishek Sharma,India,Top Order Batter,27.75,1.0,1,134.0,-1.0461,0,1,513.19,31.12,135.74,0.0,0.0,0.0,42.7443,0.9386,42.85,2027,H2,Jul-Dec
Akash Deep,India,Pace Bowler,30.75,1.0,1,59.0,0.2085,0,0,34.19,10.25,99.67,4.42,7.15,0.0,29.2983,0.3883,29.88,2027,H2,Jul-Dec
Akshat Raghuwanshi,India,Top Order Batter,22.75,1.0,1,38.0,-1.1288,0,1,78.21,16.42,159.93,0.0,0.0,0.0,41.3747,0.6375,41.62,2027,H2,Jul-Dec
Aman Mokhade,India,Middle Order Batter,25.75,1.0,1,78.0,-0.5901,0,1,166.42,23.81,139.44,0.0,0.0,0.0,39.8009,0.7717,39.9,2027,H2,Jul-Dec
Angkrish Raghuwanshi,India,Wicketkeeper,25.75,1.0,1,29.0,-2.521,0,1,105.61,15.41,156.71,0.0,0.0,0.0,40.3849,0.236,40.66,2027,H2,Jul-Dec
Anshul Kamboj,India,Pace Bowler,26.75,1.0,1,73.0,-1.0825,0,1,11.27,6.88,92.94,0.11,9.09,0.0,23.6215,0.0257,24.54,2027,H2,Jul-Dec
Arshdeep Singh,India,Pace Bowler,28.75,1.0,1,164.0,-0.3774,0,0,109.76,6.54,81.35,20.07,7.72,0.0,32.8142,0.4184,32.5,2027,H2,Jul-Dec
Atharva Taide,India,Top Order Batter,25.75,1.0,1,22.0,-1.1721,0,1,82.0,16.47,161.4,0.0,0.0,0.0,41.7301,0.6313,41.89,2027,H2,Jul-Dec
Auqib Nabi,India,Bowling All-Rounder,26.75,1.0,1,26.0,-0.435,0,0,109.8,24.68,123.11,4.0,7.34,0.0,39.6571,0.0089,39.79,2027,H2,Jul-Dec
Avesh Khan,India,Pace Bowler,30.75,1.0,1,144.0,-0.4319,0,0,50.48,14.75,79.22,11.07,6.96,0.0,30.2665,0.1898,30.72,2027,H2,Jul-Dec
Axar Patel,India,Bowling All-Rounder,33.75,1.0,1,234.0,-0.3129,0,0,368.43,17.31,114.26,6.1,7.62,0.0,36.9707,0.0168,37.0,2027,H2,Jul-Dec
Ayush Mhatre,India,Top Order Batter,20.75,1.0,1,33.0,-3.5146,0,1,523.09,13.47,225.37,0.0,0.0,0.0,56.2143,0.9712,55.97,2027,H2,Jul-Dec
Brijesh Sharma,India,Pace Bowler,25.75,1.0,1,72.0,1.4587,1,0,65.39,41.59,49.78,23.71,9.6,0.0,40.0351,0.6911,40.13,2027,H2,Jul-Dec
Devdutt Padikkal,India,Top Order Batter,27.75,1.0,1,61.0,-0.148,0,0,138.12,17.85,159.61,0.0,0.0,0.0,42.0143,0.7124,42.16,2027,H2,Jul-Dec
Dhruv Jurel,India,Wicketkeeper,26.75,1.0,1,45.0,0.2749,0,0,99.96,35.22,156.87,0.0,0.0,0.0,47.573,0.6575,47.55,2027,H2,Jul-Dec
Digvesh Rathi,India,Spin Bowler,27.75,1.0,1,54.0,-0.4432,0,0,34.56,2.52,123.15,10.63,9.82,0.0,34.6086,0.3544,34.68,2027,H2,Jul-Dec
Gurnoor Brar,India,Pace Bowler,26.75,1.0,1,47.0,1.0542,1,0,16.17,12.55,137.54,12.23,6.68,0.0,43.0085,0.7342,43.06,2027,H2,Jul-Dec
Hardik Pandya,India,Batting All-Rounder,33.75,1.0,1,314.0,-2.4222,0,1,134.78,14.55,136.46,2.84,9.23,0.0,37.9366,0.0568,38.08,2027,H2,Jul-Dec
Harsh Dubey,India,Bowling All-Rounder,25.75,1.0,1,81.0,0.5519,1,0,298.73,30.56,124.33,12.11,8.8,0.0,46.8876,0.0197,47.01,2027,H2,Jul-Dec
Harshit Rana,India,Pace Bowler,24.75,1.0,1,57.0,0.9683,1,0,22.33,9.54,115.48,35.23,9.65,0.0,49.3188,0.7836,49.15,2027,H2,Jul-Dec
Ishan Kishan,India,Wicketkeeper,29.75,1.0,1,184.0,-0.093,0,0,669.71,19.78,139.99,0.0,0.0,0.0,40.0832,0.5612,40.32,2027,H2,Jul-Dec
Jasprit Bumrah,India,Pace Bowler,33.75,1.0,1,234.0,-0.5424,0,1,61.76,7.82,70.44,72.12,7.53,0.0,60.1227,0.9531,59.79,2027,H2,Jul-Dec
Jitesh Sharma,India,Wicketkeeper,33.75,1.0,1,114.0,-1.2451,0,1,240.88,24.11,112.49,0.0,0.0,0.0,34.1875,0.0862,34.33,2027,H2,Jul-Dec
KL Rahul,India,Wicketkeeper,35.75,0.8929,1,272.2857,0.6889,1,0,374.71,38.57,148.01,0.0,0.0,0.0,47.7097,0.6906,45.91,2027,H2,Jul-Dec
KS Bharat,India,Wicketkeeper,33.75,1.0,1,36.0,-0.8691,0,1,78.98,13.95,127.31,0.0,0.0,0.0,33.2671,0.031,33.62,2027,H2,Jul-Dec
Kartik Sharma,India,Wicketkeeper,22.75,1.0,1,44.0,0.6468,1,0,75.73,45.21,121.26,0.0,0.0,0.0,43.2339,0.4214,43.4,2027,H2,Jul-Dec
Khaleel Ahmed,India,Pace Bowler,29.75,1.0,1,56.0,-0.1598,0,0,8.44,18.7,117.2,4.1,8.78,0.0,35.5687,0.1704,35.67,2027,H2,Jul-Dec
Kuldeep Yadav,India,Spin Bowler,32.75,1.0,1,194.0,3.496,1,0,0.0,7.12,122.21,63.46,7.7,0.0,66.1919,0.9649,66.63,2027,H2,Jul-Dec
Kumar Kushagra,India,Wicketkeeper,22.75,1.0,1,43.0,-1.6401,0,1,79.27,18.23,122.38,0.0,0.0,0.0,33.7268,0.0408,34.06,2027,H2,Jul-Dec
Manav Suthar,India,Spin Bowler,25.75,1.0,1,24.0,1.0889,1,0,18.38,15.52,106.74,11.53,8.35,0.0,36.4181,0.467,36.44,2027,H2,Jul-Dec
Mangesh Yadav,India,Pace Bowler,24.75,1.0,1,72.0,0.1741,0,0,46.88,15.37,99.97,13.35,7.39,0.0,36.2259,0.4686,36.27,2027,H2,Jul-Dec
Mayank Yadav,India,Pace Bowler,25.75,1.0,1,34.0,0.8293,1,0,6.35,5.82,99.02,16.81,7.79,0.0,34.2725,0.1653,34.05,2027,H2,Jul-Dec
Mohammed Shami,India,Pace Bowler,37.75,0.3125,1,184.0,-0.0391,0,0,1.04,6.49,84.12,11.98,9.14,0.0,28.1831,0.0324,28.58,2027,H2,Jul-Dec
Mohammed Siraj,India,Pace Bowler,33.75,1.0,1,194.0,1.0389,1,0,13.35,4.1,117.62,38.45,9.89,0.0,49.5716,0.8919,49.57,2027,H2,Jul-Dec
Mukesh Kumar,India,Pace Bowler,33.75,1.0,1,76.0,-2.0445,0,1,27.27,4.28,105.13,4.5,9.95,0.0,27.7574,0.1163,28.38,2027,H2,Jul-Dec
Nithish Kumar Reddy,India,Batting All-Rounder,24.75,1.0,1,746.0,-3.183,0,1,7.91,23.31,144.55,0.0,0.0,0.0,40.2403,0.4384,40.44,2027,H2,Jul-Dec
Prabhsimran Singh,India,Wicketkeeper,27.75,1.0,1,84.0,-0.1166,0,0,198.1,34.99,140.89,0.0,0.0,0.0,44.2706,0.6429,44.44,2027,H2,Jul-Dec
Prashant Veer,India,Bowling All-Rounder,25.75,1.0,1,44.0,0.7999,1,0,64.94,34.81,150.69,0.0,0.0,0.0,45.9448,0.0152,45.95,2027,H2,Jul-Dec
Prasidh Krishna,India,Pace Bowler,31.75,1.0,1,114.0,2.1223,1,0,19.49,10.71,85.07,28.09,10.6,0.0,38.8343,0.4983,39.0,2027,H2,Jul-Dec
Prince Yadav,India,Pace Bowler,26.75,1.0,1,74.0,1.4899,1,0,2.14,14.76,130.34,14.01,7.78,0.0,42.8464,0.7828,42.92,2027,H2,Jul-Dec
Priyansh Arya,India,Top Order Batter,26.75,1.0,1,69.0,-0.3519,0,0,611.96,34.31,199.84,1.24,13.05,0.0,59.2505,0.889,59.73,2027,H2,Jul-Dec
Rajat Patidar,India,Middle Order Batter,33.75,1.0,1,27.0,-0.8666,0,1,49.95,18.92,121.1,0.0,0.0,0.0,33.5991,0.1149,33.93,2027,H2,Jul-Dec
Ramandeep Singh,India,Batting All-Rounder,30.75,1.0,1,70.0,0.4274,0,0,182.19,39.08,162.69,0.0,0.0,0.0,50.5223,0.9508,50.45,2027,H2,Jul-Dec
Ravi Bishnoi,India,Spin Bowler,27.75,1.0,1,144.0,0.7192,1,0,42.07,22.38,92.41,12.84,9.21,0.0,36.3731,0.6999,36.44,2027,H2,Jul-Dec
Rinku Singh,India,Middle Order Batter,30.75,1.0,1,144.0,-0.1732,0,0,268.74,31.88,179.8,0.0,0.0,0.0,51.9794,0.9674,52.08,2027,H2,Jul-Dec
Rishabh Pant,India,Wicketkeeper,29.75,1.0,1,234.0,-0.0922,0,0,589.84,42.66,132.06,0.0,0.0,0.0,46.3541,0.6479,46.54,2027,H2,Jul-Dec
Riyan Parag,India,Batting All-Rounder,25.75,1.0,1,144.0,-1.6051,0,1,255.17,24.47,137.48,0.0,0.0,0.0,39.8918,0.3734,40.13,2027,H2,Jul-Dec
Sai Sudharsan,India,Top Order Batter,25.75,1.0,1,52.0,-2.2145,0,1,71.97,17.13,112.15,0.0,0.0,0.0,31.0421,0.2425,31.6,2027,H2,Jul-Dec
Sakib Hussain,India,Pace Bowler,22.75,1.0,1,20.0,-1.0797,0,1,31.11,8.96,89.67,5.62,9.16,0.0,26.8102,0.1408,27.47,2027,H2,Jul-Dec
Salil Arora,India,Wicketkeeper,24.75,1.0,1,62.0,-0.0849,0,0,189.38,27.39,142.68,0.0,0.0,0.0,41.8874,0.517,42.14,2027,H2,Jul-Dec
Sanju Samson,India,Wicketkeeper,32.75,1.0,1,234.0,0.3517,0,0,338.79,40.15,155.79,0.0,0.0,0.0,49.8871,0.7997,49.98,2027,H2,Jul-Dec
Sarfaraz Khan,India,Middle Order Batter,29.75,1.0,1,38.0,-0.8484,0,1,72.2,34.26,126.67,0.0,0.0,0.0,40.4556,0.4914,40.7,2027,H2,Jul-Dec
Sarthak Ranjan,India,Middle Order Batter,24.75,1.0,1,22.0,0.1947,0,0,108.41,29.24,133.03,0.0,0.0,0.0,40.1619,0.582,40.33,2027,H2,Jul-Dec
Shardul Thakur,India,Bowling All-Rounder,35.75,0.85,1,171.6,-0.5712,0,1,243.28,22.27,111.13,12.92,10.56,0.0,40.9515,0.0165,40.27,2027,H2,Jul-Dec
Shivam Dube,India,Batting All-Rounder,34.75,1.0,1,184.0,1.0385,1,0,193.61,43.0,140.48,0.0,0.0,0.0,47.0649,0.868,47.18,2027,H2,Jul-Dec
Shreyas Iyer,India,Middle Order Batter,32.75,1.0,1,194.0,-0.4469,0,0,744.46,19.31,145.77,0.0,0.0,0.0,41.4322,0.8428,41.62,2027,H2,Jul-Dec
Shubman Gill,India,Top Order Batter,28.75,1.0,1,154.0,-2.0093,0,1,382.73,37.83,141.16,0.0,0.0,0.0,45.9524,0.9588,45.95,2027,H2,Jul-Dec
Suryakumar Yadav,India,Middle Order Batter,37.75,0.0,0,300.0,-0.7683,0,1,211.98,26.02,164.41,0.0,0.0,0.0,46.2711,0.0473,45.02,2027,H2,Jul-Dec
Suryansh Shedge,India,Batting All-Rounder,23.75,1.0,1,30.0,-0.081,0,0,66.85,42.34,123.76,0.0,0.0,0.0,42.7195,0.2401,42.85,2027,H2,Jul-Dec
Tejasvi Dahiya,India,Wicketkeeper,23.75,1.0,1,33.0,-0.261,0,0,102.66,41.3,145.92,0.0,0.0,0.0,47.3603,0.7121,47.55,2027,H2,Jul-Dec
Tilak Varma,India,Middle Order Batter,24.75,1.0,1,136.0,0.6118,1,0,345.66,42.48,129.28,0.0,0.0,0.0,44.8883,0.9152,45.0,2027,H2,Jul-Dec
Tushar Deshpande,India,Pace Bowler,32.75,1.0,1,63.0,1.157,1,0,5.91,15.89,116.21,8.94,6.96,0.0,37.5167,0.7192,37.56,2027,H2,Jul-Dec
Vaibhav Suryavanshi,India,Top Order Batter,16.75,1.0,1,48.0,1.4098,1,0,235.44,17.0,217.67,0.0,0.0,0.0,54.8632,0.9757,54.8,2027,H2,Jul-Dec
Varun Chakravarthy,India,Spin Bowler,36.75,0.7083,1,159.6667,-0.7789,0,1,87.41,6.42,105.02,11.15,7.86,0.0,32.8671,0.3591,32.77,2027,H2,Jul-Dec
Washington Sundar,India,Bowling All-Rounder,27.75,1.0,1,164.0,1.6614,1,0,432.72,28.2,138.91,8.78,8.67,0.0,47.8377,0.014,47.74,2027,H2,Jul-Dec
Yash Thakur,India,Pace Bowler,27.75,1.0,1,26.0,0.6618,1,0,0.0,13.37,125.7,12.21,7.15,0.0,40.4703,0.6408,40.54,2027,H2,Jul-Dec
Yashasvi Jaiswal,India,Top Order Batter,25.75,1.0,1,114.0,-1.196,0,1,530.78,30.93,135.08,0.0,0.0,0.0,42.5861,0.9014,42.71,2027,H2,Jul-Dec
Adam Leckey,Ireland,Pace Bowler,22.75,1.0,1,34.0,1.5556,1,0,51.51,15.71,127.22,23.7,7.33,0.0,48.2477,0.6688,48.17,2027,H2,Jul-Dec
Andrew Balbirnie,Ireland,Top Order Batter,36.75,0.45,1,216.0,-1.5368,0,1,362.29,28.36,129.51,0.0,0.0,0.0,39.8815,0.053,40.62,2027,H2,Jul-Dec
Andy McBrine,Ireland,Bowling All-Rounder,34.75,1.0,1,133.0,0.2661,0,0,464.03,26.83,122.48,32.94,8.54,0.0,57.4643,0.0156,57.72,2027,H2,Jul-Dec
Barry McCarthy,Ireland,Pace Bowler,34.75,1.0,1,136.0,-1.1615,0,1,85.58,17.46,122.82,41.98,8.33,0.0,58.0755,0.874,57.84,2027,H2,Jul-Dec
Ben Calitz,Ireland,Middle Order Batter,26.75,1.0,1,52.0,1.7128,1,0,535.56,36.75,155.32,0.0,0.0,0.0,49.1855,0.8884,49.14,2027,H2,Jul-Dec
Ben White,Ireland,Spin Bowler,28.75,1.0,1,85.0,-0.2689,0,0,67.75,16.92,117.13,37.33,7.6,0.0,54.1197,0.9657,54.0,2027,H2,Jul-Dec
Cade Carmichael,Ireland,Middle Order Batter,25.75,1.0,1,62.0,1.8287,1,0,581.79,37.14,148.59,0.0,0.0,0.0,47.9867,0.9072,48.01,2027,H2,Jul-Dec
Chris de Freitas,Ireland,Top Order Batter,26.75,1.0,1,39.0,1.464,1,0,278.02,29.63,143.37,0.0,0.0,0.0,43.1361,0.7358,43.34,2027,H2,Jul-Dec
Cian Carmichael,Ireland,Middle Order Batter,25.75,1.0,1,32.0,1.7146,1,0,228.91,32.28,149.02,0.0,0.0,0.0,45.1872,0.6977,45.37,2027,H2,Jul-Dec
Craig Young,Ireland,Pace Bowler,35.75,0.8125,1,112.0,-0.605,0,1,40.61,11.33,105.67,29.53,9.4,0.0,44.6828,0.2241,44.32,2027,H2,Jul-Dec
Curtis Campher,Ireland,Bowling All-Rounder,28.75,1.0,1,152.0,-0.185,0,0,688.46,35.21,146.85,36.16,8.24,0.0,68.4934,0.0208,68.28,2027,H2,Jul-Dec
Fionn Hand,Ireland,Pace Bowler,29.75,1.0,1,103.0,-0.18,0,0,72.72,13.77,123.41,38.84,7.92,0.0,55.154,0.8773,55.37,2027,H2,Jul-Dec
Gareth Delany,Ireland,Batting All-Rounder,30.75,1.0,1,126.0,-0.242,0,0,564.77,29.26,149.56,22.17,8.15,0.0,58.6699,0.8996,57.77,2027,H2,Jul-Dec
Gavin Hoey,Ireland,Spin Bowler,24.75,1.0,1,66.0,1.7968,1,0,250.93,31.42,161.15,34.94,7.13,0.0,68.4818,0.9819,69.24,2027,H2,Jul-Dec
Gavin Roulston,Ireland,Middle Order Batter,24.75,1.0,1,42.0,2.2199,1,0,345.5,38.19,153.86,0.0,0.0,0.0,48.7723,0.7875,48.99,2027,H2,Jul-Dec
George Dockrell,Ireland,Batting All-Rounder,34.75,1.0,1,178.0,-0.9186,0,1,445.0,23.87,119.51,17.07,8.58,0.0,46.7136,0.5188,46.68,2027,H2,Jul-Dec
Graham Hume,Ireland,Pace Bowler,36.75,0.125,1,113.0,-0.8702,0,1,22.12,14.2,117.82,15.32,8.5,0.0,40.5085,0.0695,39.32,2027,H2,Jul-Dec
Harry Tector,Ireland,Middle Order Batter,27.75,1.0,1,171.0,0.5617,1,0,1025.21,38.85,147.52,1.96,8.43,0.0,51.7075,0.9052,51.69,2027,H2,Jul-Dec
Jai Moondra,Ireland,Pace Bowler,24.75,1.0,1,41.0,1.2794,1,0,48.48,14.39,125.99,26.13,7.43,0.0,48.8304,0.6357,49.01,2027,H2,Jul-Dec
Jake Egan,Ireland,Top Order Batter,23.75,1.0,1,38.0,2.0547,1,0,388.93,38.89,163.27,0.0,0.0,0.0,51.247,0.9534,51.37,2027,H2,Jul-Dec
James West,Ireland,Top Order Batter,24.75,1.0,1,40.0,1.9257,1,0,365.63,36.56,158.24,0.0,0.0,0.0,49.2159,0.9113,49.15,2027,H2,Jul-Dec
Jordan Neill,Ireland,Pace Bowler,25.75,1.0,1,55.0,0.7448,1,0,50.22,11.35,113.46,27.97,8.1,0.0,45.8291,0.6044,45.8,2027,H2,Jul-Dec
Josh Little,Ireland,Pace Bowler,27.75,1.0,1,118.0,-0.6058,0,1,56.53,19.23,125.84,39.7,7.9,0.0,58.106,0.8986,57.87,2027,H2,Jul-Dec
Liam McCarthy,Ireland,Pace Bowler,28.75,1.0,1,61.0,0.9,1,0,62.53,14.2,119.12,33.54,7.99,0.0,51.3209,0.8193,51.37,2027,H2,Jul-Dec
Lorcan Tucker,Ireland,Wicketkeeper,31.75,1.0,1,126.0,0.6262,1,0,746.52,32.41,145.37,0.0,0.0,0.0,46.0923,0.8721,46.2,2027,H2,Jul-Dec
Luke Murray,Ireland,Wicketkeeper,24.75,1.0,1,35.0,2.0995,1,0,321.19,34.88,149.91,0.0,0.0,0.0,46.6221,0.6465,46.78,2027,H2,Jul-Dec
Mark Adair,Ireland,Bowling All-Rounder,31.75,1.0,1,179.0,-2.7203,0,1,368.84,21.48,130.04,32.03,9.45,0.0,56.2055,0.0146,55.87,2027,H2,Jul-Dec
Matt Hollard,Ireland,Batting All-Rounder,24.75,1.0,1,43.0,2.2392,1,0,264.54,31.75,145.8,17.37,8.29,0.0,55.0335,0.7677,55.42,2027,H2,Jul-Dec
Matthew Foster,Ireland,Pace Bowler,27.75,1.0,1,52.0,0.9301,1,0,57.39,13.17,118.28,30.63,7.87,0.0,49.1337,0.6853,49.16,2027,H2,Jul-Dec
Matthew Humphreys,Ireland,Spin Bowler,24.75,1.0,1,69.0,0.3361,0,0,74.66,14.39,118.55,35.3,7.53,0.0,52.414,0.8895,52.37,2027,H2,Jul-Dec
Morgan Topping,Ireland,Middle Order Batter,23.75,1.0,1,46.0,1.9243,1,0,463.49,37.61,167.5,0.0,0.0,0.0,51.9593,0.9394,52.08,2027,H2,Jul-Dec
Neil Rock,Ireland,Wicketkeeper,26.75,1.0,1,75.0,1.1088,1,0,447.41,34.26,155.11,0.0,0.0,0.0,47.9541,0.8007,48.06,2027,H2,Jul-Dec
Paul Stirling,Ireland,Top Order Batter,36.75,0.5417,1,367.3333,-3.9428,0,1,612.14,26.29,137.4,3.26,9.01,0.0,44.2081,0.0758,44.02,2027,H2,Jul-Dec
Peter Moor,Ireland,Wicketkeeper,36.75,0.7083,1,113.6667,-0.7194,0,1,128.7,21.21,124.61,0.0,0.0,0.0,35.4578,0.0115,35.84,2027,H2,Jul-Dec
Reuben Wilson,Ireland,Pace Bowler,22.75,1.0,1,45.0,2.0247,1,0,143.5,27.43,158.7,28.83,7.18,0.0,62.688,0.8984,62.5,2027,H2,Jul-Dec
Ross Adair,Ireland,Top Order Batter,32.75,1.0,1,90.0,1.0886,1,0,756.28,36.29,154.58,0.0,0.0,0.0,49.5655,0.9792,49.5,2027,H2,Jul-Dec
Sam Topping,Ireland,Top Order Batter,24.75,1.0,1,48.0,2.1039,1,0,435.47,36.24,151.48,0.0,0.0,0.0,47.8294,0.9476,47.75,2027,H2,Jul-Dec
Scott Macbeth,Ireland,Pace Bowler,26.75,1.0,1,36.0,1.3168,1,0,51.97,15.46,115.01,22.69,7.99,0.0,44.7131,0.4904,44.73,2027,H2,Jul-Dec
Seamus Lynch,Ireland,Wicketkeeper,25.75,1.0,1,45.0,1.9137,1,0,386.61,34.09,147.7,0.0,0.0,0.0,46.0578,0.6631,46.2,2027,H2,Jul-Dec
Sebastian Dijkstra,Ireland,Top Order Batter,23.75,1.0,1,31.0,1.7423,1,0,263.53,32.99,153.0,0.0,0.0,0.0,46.436,0.8096,46.63,2027,H2,Jul-Dec
Stephen Doheny,Ireland,Wicketkeeper,27.75,1.0,1,62.0,1.3805,1,0,567.34,36.5,160.59,0.0,0.0,0.0,50.3631,0.8231,50.52,2027,H2,Jul-Dec
Theo van Woerkom,Ireland,Pace Bowler,31.75,1.0,1,68.0,0.3037,0,0,52.27,12.55,111.7,25.75,8.76,0.0,44.4841,0.6638,44.54,2027,H2,Jul-Dec
Tim Tector,Ireland,Top Order Batter,24.75,1.0,1,55.0,1.835,1,0,480.65,33.19,146.36,0.0,0.0,0.0,45.7382,0.9274,45.9,2027,H2,Jul-Dec
Tom Mayes,Ireland,Pace Bowler,25.75,1.0,1,50.0,1.4192,1,0,65.54,15.08,122.05,30.55,7.82,0.0,50.6527,0.8289,50.79,2027,H2,Jul-Dec
Adam Milne,New Zealand,Pace Bowler,35.75,0.5625,1,212.5,-2.7416,0,1,28.59,13.96,113.47,20.73,8.98,0.0,42.4345,0.0344,41.03,2027,H2,Jul-Dec
Adithya Ashok,New Zealand,Spin Bowler,24.75,1.0,1,48.0,0.5063,1,0,60.37,13.08,120.99,27.98,7.4,0.0,48.3405,0.8949,48.34,2027,H2,Jul-Dec
Ajaz Patel,New Zealand,Spin Bowler,38.75,0.3214,1,91.2857,-2.1014,0,1,4.38,6.53,83.82,5.95,8.4,0.0,24.8898,0.1213,25.35,2027,H2,Jul-Dec
Ben Lister,New Zealand,Pace Bowler,31.75,1.0,1,93.0,0.2451,0,0,59.73,14.98,109.22,39.21,9.12,0.0,52.3622,0.7059,52.36,2027,H2,Jul-Dec
Ben Sears,New Zealand,Pace Bowler,29.75,1.0,1,88.0,0.6785,1,0,50.46,15.67,124.44,47.35,7.62,0.0,60.8757,0.9193,59.61,2027,H2,Jul-Dec
Benjamin Jacobs,New Zealand,Middle Order Batter,25.75,1.0,1,39.0,1.7755,1,0,301.59,31.1,142.95,0.0,0.0,0.0,43.6511,0.6478,43.82,2027,H2,Jul-Dec
Bharat Popli,New Zealand,Middle Order Batter,35.75,0.85,1,78.6,0.6414,1,0,400.41,28.36,129.21,0.0,0.0,0.0,39.9378,0.5145,40.45,2027,H2,Jul-Dec
Blair Tickner,New Zealand,Pace Bowler,33.75,1.0,1,118.0,-1.5152,0,1,37.11,12.75,114.64,28.16,8.79,0.0,46.5115,0.7139,46.48,2027,H2,Jul-Dec
Cole McConchie,New Zealand,Batting All-Rounder,31.75,1.0,1,105.0,0.317,0,0,496.81,28.83,135.05,17.78,8.08,0.0,52.6258,0.8794,52.78,2027,H2,Jul-Dec
Curtis Heaphy,New Zealand,Batting All-Rounder,25.75,1.0,1,48.0,2.177,1,0,442.49,32.42,147.44,18.63,8.3,0.0,56.9199,0.7989,56.81,2027,H2,Jul-Dec
Dane Cleaver,New Zealand,Wicketkeeper,34.75,1.0,1,92.0,0.3728,0,0,409.55,28.78,136.56,0.0,0.0,0.0,41.7452,0.5084,41.91,2027,H2,Jul-Dec
Daryl Foxcroft,New Zealand,Batting All-Rounder,28.75,1.0,1,75.0,2.694,1,0,616.19,37.58,151.5,20.17,8.26,0.0,61.1226,0.7,61.12,2027,H2,Jul-Dec
Daryl Mitchell,New Zealand,Batting All-Rounder,36.75,0.3125,1,180.0,-2.055,0,1,256.05,26.85,128.62,5.0,9.66,0.0,42.1885,0.0096,42.5,2027,H2,Jul-Dec
Devon Conway,New Zealand,Wicketkeeper,36.75,0.7083,1,193.6667,-1.1313,0,1,565.22,34.44,141.1,0.0,0.0,0.0,45.2992,0.1063,44.68,2027,H2,Jul-Dec
Finn Allen,New Zealand,Top Order Batter,28.75,1.0,1,184.0,-0.609,0,1,1016.74,36.51,175.28,0.0,0.0,0.0,55.0623,0.9951,55.45,2027,H2,Jul-Dec
Fraser Sheat,New Zealand,Pace Bowler,25.75,1.0,1,49.0,1.0563,1,0,58.16,13.32,117.51,28.56,7.9,0.0,47.8449,0.6567,47.85,2027,H2,Jul-Dec
Glenn Phillips,New Zealand,Batting All-Rounder,31.75,1.0,1,224.0,-1.0925,0,1,940.49,33.75,164.83,22.92,8.32,0.0,65.2662,0.8777,67.18,2027,H2,Jul-Dec
Henry Nicholls,New Zealand,Top Order Batter,36.75,0.4167,1,97.3333,-0.8467,0,1,107.08,17.7,110.65,0.0,0.0,0.0,31.0296,0.0159,31.85,2027,H2,Jul-Dec
Ish Sodhi,New Zealand,Spin Bowler,34.75,0.625,1,198.0,-2.8392,0,1,32.36,9.74,91.17,16.34,8.59,0.0,33.5881,0.0645,33.38,2027,H2,Jul-Dec
Jacob Cumming,New Zealand,Top Order Batter,25.75,1.0,1,45.0,1.6302,1,0,435.36,31.57,146.27,0.0,0.0,0.0,44.9861,0.8604,45.21,2027,H2,Jul-Dec
Jacob Duffy,New Zealand,Pace Bowler,32.75,1.0,1,92.0,0.6264,1,0,58.64,13.94,116.68,47.82,8.19,0.0,58.6827,0.8087,57.85,2027,H2,Jul-Dec
Jayden Lennox,New Zealand,Pace Bowler,25.75,1.0,1,35.0,1.422,1,0,38.41,12.31,113.7,23.72,8.19,0.0,43.7731,0.3151,43.82,2027,H2,Jul-Dec
Jesse Tashkoff,New Zealand,Batting All-Rounder,28.75,1.0,1,53.0,1.9317,1,0,499.05,33.26,156.83,22.2,7.71,0.0,61.6401,0.8405,62.2,2027,H2,Jul-Dec
Jimmy Neesham,New Zealand,Bowling All-Rounder,36.75,0.5417,1,232.3333,-1.7576,0,1,293.74,24.36,144.34,14.94,9.01,0.0,50.6091,0.0081,47.14,2027,H2,Jul-Dec
Josh Clarkson,New Zealand,Batting All-Rounder,30.75,1.0,1,79.0,1.7479,1,0,596.94,30.92,145.45,20.24,8.63,0.0,57.2705,0.7353,56.8,2027,H2,Jul-Dec
Katene Clarke,New Zealand,Middle Order Batter,26.75,1.0,1,51.0,1.3911,1,0,448.67,31.75,148.92,0.0,0.0,0.0,45.6803,0.8606,45.72,2027,H2,Jul-Dec
Kristian Clarke,New Zealand,Bowling All-Rounder,25.75,1.0,1,45.0,2.0148,1,0,374.21,28.4,139.41,20.15,8.5,0.0,54.2822,0.0194,54.36,2027,H2,Jul-Dec
Kyle Jamieson,New Zealand,Pace Bowler,32.75,1.0,1,108.0,-0.7898,0,1,65.41,12.34,120.12,33.82,8.41,0.0,50.9391,0.8387,50.83,2027,H2,Jul-Dec
Lachlan Stackpole,New Zealand,Middle Order Batter,24.75,1.0,1,36.0,1.5963,1,0,282.69,29.48,143.59,0.0,0.0,0.0,43.1455,0.6939,43.34,2027,H2,Jul-Dec
Lockie Ferguson,New Zealand,Pace Bowler,36.75,0.4167,1,142.3333,-1.4912,0,1,20.2,11.68,109.59,17.38,9.54,0.0,38.7327,0.0341,37.52,2027,H2,Jul-Dec
Mark Chapman,New Zealand,Middle Order Batter,32.75,1.0,1,157.0,-0.1849,0,0,650.72,30.43,141.61,13.89,8.82,0.0,52.7958,0.8719,52.79,2027,H2,Jul-Dec
Matt Bacon,New Zealand,Pace Bowler,32.75,1.0,1,57.0,0.496,0,0,41.56,9.35,108.51,27.13,8.5,0.0,43.4182,0.5347,43.38,2027,H2,Jul-Dec
Matt Henry,New Zealand,Pace Bowler,35.75,0.75,1,161.0,-1.2099,0,1,32.69,10.11,106.61,27.34,8.89,0.0,43.2829,0.0745,41.82,2027,H2,Jul-Dec
Matthew Boyle,New Zealand,Top Order Batter,25.75,1.0,1,43.0,1.8639,1,0,361.07,31.62,144.81,0.0,0.0,0.0,44.4422,0.9013,44.43,2027,H2,Jul-Dec
Matthew Fisher,New Zealand,Pace Bowler,26.75,1.0,1,38.0,1.1706,1,0,38.81,11.3,115.64,25.91,7.84,0.0,45.1579,0.4141,45.22,2027,H2,Jul-Dec
Max Chu,New Zealand,Wicketkeeper,28.75,1.0,1,45.0,1.7809,1,0,369.95,32.3,145.77,0.0,0.0,0.0,44.9293,0.6095,45.0,2027,H2,Jul-Dec
Michael Bracewell,New Zealand,Batting All-Rounder,36.75,0.4167,1,135.3333,0.2842,0,0,379.71,34.16,152.28,17.02,8.07,0.0,57.5635,0.0907,49.97,2027,H2,Jul-Dec
Michael Rae,New Zealand,Pace Bowler,32.75,1.0,1,60.0,0.3883,0,0,34.7,10.67,107.01,25.96,8.55,0.0,42.8715,0.4148,42.92,2027,H2,Jul-Dec
Mitchell Hay,New Zealand,Wicketkeeper,31.75,1.0,1,76.0,1.6301,1,0,580.96,34.35,146.33,0.0,0.0,0.0,46.4742,0.5642,46.67,2027,H2,Jul-Dec
Mitchell Santner,New Zealand,Spin Bowler,35.75,0.625,1,243.0,-1.1739,0,1,356.36,27.5,125.82,25.53,8.07,0.0,54.0249,0.3216,48.57,2027,H2,Jul-Dec
Muhammad Abbas,New Zealand,Middle Order Batter,26.75,1.0,1,26.0,0.4289,0,0,37.95,14.24,115.52,0.0,0.0,0.0,30.632,0.1122,31.34,2027,H2,Jul-Dec
Nathan Smith,New Zealand,Pace Bowler,28.75,1.0,1,84.0,1.0242,1,0,195.68,25.96,147.04,35.13,8.05,0.0,63.0649,0.9508,62.35,2027,H2,Jul-Dec
Nicholas Kelly,New Zealand,Top Order Batter,31.75,1.0,1,58.0,1.5429,1,0,526.94,31.9,151.2,0.0,0.0,0.0,46.4908,0.9226,46.63,2027,H2,Jul-Dec
Rachin Ravindra,New Zealand,Batting All-Rounder,27.75,1.0,1,105.0,1.1799,1,0,948.68,40.9,168.15,26.11,7.69,0.0,70.5674,0.9572,68.2,2027,H2,Jul-Dec
Rhys Mariu,New Zealand,Middle Order Batter,25.75,1.0,1,57.0,1.561,1,0,505.23,33.24,150.79,0.0,0.0,0.0,46.8153,0.8645,46.84,2027,H2,Jul-Dec
Rohit Gulati,New Zealand,Middle Order Batter,25.75,1.0,1,34.0,1.37,1,0,239.32,28.3,143.84,0.0,0.0,0.0,42.6341,0.6175,42.75,2027,H2,Jul-Dec
Simon Johnston,New Zealand,Top Order Batter,24.75,1.0,1,38.0,1.7344,1,0,278.85,34.05,149.79,0.0,0.0,0.0,46.1589,0.8482,46.35,2027,H2,Jul-Dec
Simon Keene,New Zealand,Pace Bowler,25.75,1.0,1,38.0,1.3555,1,0,48.82,14.53,108.47,22.26,8.56,0.0,42.5478,0.331,42.57,2027,H2,Jul-Dec
Tim Pringle,New Zealand,Spin Bowler,23.75,1.0,1,53.0,2.0348,1,0,353.29,35.29,167.69,30.07,7.23,0.0,68.8814,0.9848,69.18,2027,H2,Jul-Dec
Tim Robinson,New Zealand,Middle Order Batter,24.75,1.0,1,68.0,1.8791,1,0,769.31,39.8,165.77,0.0,0.0,0.0,53.3534,0.9537,53.35,2027,H2,Jul-Dec
Tim Seifert,New Zealand,Wicketkeeper,32.75,1.0,1,204.0,-0.0866,0,0,947.63,35.79,152.91,0.0,0.0,0.0,49.6308,0.9321,49.81,2027,H2,Jul-Dec
Tim Southee,New Zealand,Pace Bowler,38.75,0.0,0,220.0,-3.6596,0,1,0.38,4.23,96.28,2.68,10.07,0.0,24.6498,0.0138,25.63,2027,H2,Jul-Dec
Tom Blundell,New Zealand,Wicketkeeper,36.75,0.75,1,82.2857,-0.1062,0,0,210.63,23.05,121.61,0.0,0.0,0.0,35.7239,0.015,35.9,2027,H2,Jul-Dec
Tom Latham,New Zealand,Wicketkeeper,35.75,0.8929,1,140.2857,-0.706,0,1,268.13,22.7,114.92,0.0,0.0,0.0,34.3023,0.0348,34.67,2027,H2,Jul-Dec
Trent Boult,New Zealand,Pace Bowler,38.75,0.05,1,168.4,-3.7224,0,1,3.1,7.1,109.45,3.85,8.85,0.0,29.4831,0.0213,30.38,2027,H2,Jul-Dec
Will ORourke,New Zealand,Pace Bowler,26.75,1.0,1,66.0,1.0569,1,0,70.14,16.09,121.1,39.22,8.08,0.0,55.6501,0.8693,55.38,2027,H2,Jul-Dec
Will Young,New Zealand,Top Order Batter,35.75,0.875,1,125.0,0.3727,0,0,451.26,30.0,128.99,0.0,0.0,0.0,40.6464,0.7546,39.83,2027,H2,Jul-Dec
Zak Foulkes,New Zealand,Bowling All-Rounder,25.75,1.0,1,60.0,2.7363,1,0,472.64,35.03,148.25,27.27,8.41,0.0,62.9904,0.0208,62.27,2027,H2,Jul-Dec
Zak Gibson,New Zealand,Pace Bowler,25.75,1.0,1,32.0,1.4501,1,0,36.96,11.85,109.02,21.87,8.62,0.0,41.4285,0.2319,41.47,2027,H2,Jul-Dec
Aamir Jamal,Pakistan,Bowling All-Rounder,31.75,1.0,1,92.0,-1.391,0,1,179.54,24.59,140.6,8.76,8.53,0.0,46.1082,0.0119,46.14,2027,H2,Jul-Dec
Abbas Afridi,Pakistan,Pace Bowler,26.75,1.0,1,86.0,-1.7444,0,1,49.19,10.63,141.33,20.18,7.97,0.0,47.367,0.7287,47.35,2027,H2,Jul-Dec
Abdul Faseeh,Pakistan,Top Order Batter,24.75,1.0,1,18.0,-0.0047,0,0,9.79,9.68,124.35,0.0,0.0,0.0,30.8441,0.2851,31.48,2027,H2,Jul-Dec
Abdul Faseeh Jr,Pakistan,Top Order Batter,24.75,1.0,1,19.0,1.0261,1,0,54.53,14.71,143.98,0.0,0.0,0.0,37.1512,0.4167,37.27,2027,H2,Jul-Dec
Abdul Samad,Pakistan,Middle Order Batter,25.75,1.0,1,96.0,-0.621,0,1,627.07,32.99,153.79,0.0,0.0,0.0,47.7805,0.8828,47.74,2027,H2,Jul-Dec
Abdullah Fazal,Pakistan,Middle Order Batter,28.75,1.0,1,52.0,0.4397,0,0,305.95,31.92,129.77,0.0,0.0,0.0,41.0464,0.8183,41.23,2027,H2,Jul-Dec
Abdullah Shafique,Pakistan,Top Order Batter,27.75,1.0,1,126.0,-2.3273,0,1,842.06,37.77,140.44,0.0,0.0,0.0,47.2493,0.9366,47.45,2027,H2,Jul-Dec
Abrar Ahmed,Pakistan,Spin Bowler,28.75,1.0,1,106.0,-5.5395,0,1,111.96,16.95,126.33,34.12,7.55,0.0,54.5106,0.95,54.39,2027,H2,Jul-Dec
Ahmed Daniyal,Pakistan,Pace Bowler,30.75,1.0,1,68.0,-1.319,0,1,97.25,16.2,139.83,22.61,8.31,0.0,50.4973,0.5661,50.46,2027,H2,Jul-Dec
Akif Javed,Pakistan,Pace Bowler,32.75,1.0,1,85.0,-2.4335,0,1,79.58,13.9,125.36,25.28,9.04,0.0,47.7624,0.5245,47.58,2027,H2,Jul-Dec
Ali Raza,Pakistan,Pace Bowler,21.75,1.0,1,41.0,1.9702,1,0,127.97,21.31,160.04,35.96,7.29,0.0,64.7087,0.8237,68.79,2027,H2,Jul-Dec
Ali Usman,Pakistan,Spin Bowler,36.75,0.45,1,72.0,-2.4045,0,1,43.96,12.27,119.84,15.39,7.47,0.0,40.6182,0.0561,39.27,2027,H2,Jul-Dec
Arafat Minhas,Pakistan,Bowling All-Rounder,23.75,1.0,1,60.0,0.7105,1,0,397.02,35.72,163.68,20.24,6.87,0.0,62.8579,0.0357,62.22,2027,H2,Jul-Dec
Asif Afridi,Pakistan,Spin Bowler,40.75,0.0,0,74.0,-3.7192,0,1,16.06,10.22,107.14,7.03,8.03,0.0,32.1161,0.0826,32.34,2027,H2,Jul-Dec
Awais Zafar,Pakistan,Middle Order Batter,32.75,1.0,1,75.0,-0.1196,0,0,333.9,26.82,121.09,0.0,0.0,0.0,37.3701,0.5397,37.45,2027,H2,Jul-Dec
Azam Khan,Pakistan,Middle Order Batter,28.75,1.0,1,119.0,-1.3978,0,1,773.09,31.24,164.75,0.0,0.0,0.0,50.0413,0.8955,49.92,2027,H2,Jul-Dec
Azan Awais,Pakistan,Top Order Batter,23.75,1.0,1,48.0,1.4657,1,0,401.55,40.65,138.82,0.0,0.0,0.0,46.5161,0.8969,46.63,2027,H2,Jul-Dec
Babar Azam,Pakistan,Top Order Batter,32.75,1.0,1,309.0,-4.002,0,1,1416.38,45.73,135.09,0.0,0.0,0.0,50.7952,0.9844,50.75,2027,H2,Jul-Dec
Faheem Ashraf,Pakistan,Bowling All-Rounder,33.75,1.0,1,168.0,-5.63,0,1,551.58,25.94,136.75,34.7,8.53,0.0,61.5755,0.0107,61.83,2027,H2,Jul-Dec
Faisal Akram,Pakistan,Spin Bowler,24.75,1.0,1,59.0,-0.8802,0,1,58.73,11.77,124.1,23.15,7.45,0.0,45.8102,0.5098,45.74,2027,H2,Jul-Dec
Fakhar Zaman,Pakistan,Top Order Batter,37.75,0.0,0,250.0,-3.7993,0,1,351.21,31.62,140.02,0.0,0.0,0.0,43.3509,0.0903,43.29,2027,H2,Jul-Dec
Ghazi Ghori,Pakistan,Wicketkeeper,23.75,1.0,1,43.0,1.5715,1,0,301.93,37.97,150.54,0.0,0.0,0.0,47.818,0.6051,47.78,2027,H2,Jul-Dec
Haris Rauf,Pakistan,Pace Bowler,33.75,1.0,1,190.0,-5.3646,0,1,87.18,11.44,112.02,44.1,9.38,0.0,54.4999,0.4436,54.36,2027,H2,Jul-Dec
Hasan Ali,Pakistan,Pace Bowler,32.75,1.0,1,199.0,-6.3549,0,1,298.71,11.3,127.46,44.5,9.19,0.0,58.8052,0.9145,57.83,2027,H2,Jul-Dec
Haseebullah Khan,Pakistan,Wicketkeeper,23.75,1.0,1,63.0,0.7097,1,0,491.53,36.76,155.54,0.0,0.0,0.0,49.0962,0.8724,49.19,2027,H2,Jul-Dec
Hassan Nawaz,Pakistan,Middle Order Batter,23.75,1.0,1,51.0,2.7233,1,0,669.3,53.06,183.78,0.0,0.0,0.0,61.8155,0.966,62.45,2027,H2,Jul-Dec
Hussain Talat,Pakistan,Batting All-Rounder,31.75,1.0,1,130.0,-2.7353,0,1,598.97,26.54,128.29,14.13,8.88,0.0,48.3982,0.4139,48.29,2027,H2,Jul-Dec
Iftikhar Ahmed,Pakistan,Batting All-Rounder,36.75,0.0,0,220.0,-5.7398,0,1,315.49,30.62,134.47,6.34,8.38,0.0,46.0398,0.0087,44.97,2027,H2,Jul-Dec
Imad Wasim,Pakistan,Bowling All-Rounder,38.75,0.0,0,300.0,-14.1405,0,1,152.6,22.86,126.77,9.72,7.71,0.0,43.0709,0.0049,42.22,2027,H2,Jul-Dec
Imam-ul-Haq,Pakistan,Top Order Batter,31.75,1.0,1,157.0,-2.0171,0,1,568.41,33.07,116.28,0.0,0.0,0.0,39.3231,0.6764,39.4,2027,H2,Jul-Dec
Irfan Khan,Pakistan,Top Order Batter,25.75,1.0,1,77.0,1.185,1,0,609.59,42.01,151.33,0.0,0.0,0.0,50.4451,0.9651,50.47,2027,H2,Jul-Dec
Jahandad Khan,Pakistan,Bowling All-Rounder,24.75,1.0,1,56.0,1.3953,1,0,326.39,35.51,153.62,16.41,7.98,0.0,57.8546,0.0115,57.8,2027,H2,Jul-Dec
Kamran Ghulam,Pakistan,Top Order Batter,31.75,1.0,1,105.0,0.1517,0,0,551.67,32.27,125.45,0.0,0.0,0.0,41.0081,0.6415,41.23,2027,H2,Jul-Dec
Kashif Ali,Pakistan,Pace Bowler,25.75,1.0,1,53.0,-0.4077,0,0,109.54,15.7,143.6,19.81,8.11,0.0,49.6563,0.61,49.78,2027,H2,Jul-Dec
Khawaja Nafay,Pakistan,Wicketkeeper,25.75,1.0,1,65.0,1.7416,1,0,692.89,42.69,158.21,0.0,0.0,0.0,52.4812,0.7689,52.42,2027,H2,Jul-Dec
Khurram Shahzad,Pakistan,Pace Bowler,32.75,1.0,1,81.0,-1.5299,0,1,98.61,14.45,126.27,25.01,8.1,0.0,48.2708,0.4832,48.17,2027,H2,Jul-Dec
Khushdil Shah,Pakistan,Batting All-Rounder,32.75,1.0,1,159.0,-4.2287,0,1,797.04,30.02,140.9,22.52,8.9,0.0,57.8137,0.6552,57.78,2027,H2,Jul-Dec
Maaz Sadaqat,Pakistan,Batting All-Rounder,22.75,1.0,1,46.0,2.134,1,0,463.1,45.76,174.36,13.0,7.13,0.0,64.9008,0.8899,67.09,2027,H2,Jul-Dec
Mir Hamza,Pakistan,Pace Bowler,34.75,1.0,1,71.0,-1.4398,0,1,30.35,7.65,109.62,19.03,8.49,0.0,38.4451,0.2097,38.54,2027,H2,Jul-Dec
Mohammad Abbas,Pakistan,Pace Bowler,37.75,0.5417,1,56.3333,-1.1655,0,1,23.76,7.1,95.8,9.94,8.95,0.0,29.946,0.0124,30.55,2027,H2,Jul-Dec
Mohammad Ali,Pakistan,Pace Bowler,33.75,1.0,1,87.0,-1.8843,0,1,91.65,11.69,129.69,26.64,8.59,0.0,48.8162,0.4863,49.01,2027,H2,Jul-Dec
Mohammad Amir,Pakistan,Pace Bowler,35.75,0.65,1,250.8,-10.3315,0,1,21.33,7.51,102.94,28.79,8.85,0.0,42.3192,0.052,40.59,2027,H2,Jul-Dec
Mohammad Faiq,Pakistan,Middle Order Batter,24.75,1.0,1,42.0,1.9892,1,0,343.1,37.52,162.11,0.0,0.0,0.0,50.347,0.7135,50.45,2027,H2,Jul-Dec
Mohammad Haris,Pakistan,Wicketkeeper,26.75,1.0,1,109.0,0.4973,0,0,749.81,32.68,155.98,0.0,0.0,0.0,48.5477,0.8014,48.65,2027,H2,Jul-Dec
Mohammad Hasnain,Pakistan,Pace Bowler,27.75,1.0,1,142.0,-3.9654,0,1,78.36,10.5,137.37,40.55,8.25,0.0,57.9629,0.4886,57.86,2027,H2,Jul-Dec
Mohammad Huraira,Pakistan,Middle Order Batter,25.75,1.0,1,72.0,1.4568,1,0,642.68,37.84,138.46,0.0,0.0,0.0,46.1952,0.8387,46.35,2027,H2,Jul-Dec
Mohammad Nawaz,Pakistan,Bowling All-Rounder,33.75,1.0,1,228.0,-7.9443,0,1,758.51,24.21,129.9,39.86,8.02,0.0,63.1263,0.0184,61.91,2027,H2,Jul-Dec
Mohammad Rizwan,Pakistan,Wicketkeeper,35.75,0.7083,1,249.6667,-3.8979,0,1,887.32,40.52,122.02,0.0,0.0,0.0,44.3157,0.1014,43.86,2027,H2,Jul-Dec
Mohammad Wasim,Pakistan,Pace Bowler,26.75,1.0,1,100.0,-2.8649,0,1,71.07,11.8,130.16,31.75,8.26,0.0,51.8485,0.4779,52.09,2027,H2,Jul-Dec
Mubasir Khan,Pakistan,Bowling All-Rounder,25.75,1.0,1,80.0,0.1503,0,0,373.85,31.07,143.27,18.61,8.01,0.0,55.3443,0.0063,55.42,2027,H2,Jul-Dec
Naseem Shah,Pakistan,Pace Bowler,24.75,1.0,1,116.0,-3.2703,0,1,77.56,11.64,131.28,37.73,7.61,0.0,55.5931,0.7196,55.36,2027,H2,Jul-Dec
Noman Ali,Pakistan,Spin Bowler,41.75,0.0,0,45.0,-0.9245,0,1,7.66,6.41,85.76,4.66,7.77,0.0,24.7081,0.0924,25.26,2027,H2,Jul-Dec
Omair Yousuf,Pakistan,Top Order Batter,29.75,1.0,1,82.0,0.3171,0,0,521.85,32.37,132.41,0.0,0.0,0.0,42.488,0.8434,42.62,2027,H2,Jul-Dec
Qasim Akram,Pakistan,Batting All-Rounder,24.75,1.0,1,87.0,0.4116,0,0,282.13,28.83,151.73,12.64,7.31,0.0,52.9275,0.8961,52.79,2027,H2,Jul-Dec
Saad Masood,Pakistan,Top Order Batter,25.75,1.0,1,43.0,2.1277,1,0,378.45,41.55,153.75,0.0,0.0,0.0,50.0702,0.8867,49.94,2027,H2,Jul-Dec
Sahibzada Farhan,Pakistan,Wicketkeeper,31.75,1.0,1,186.0,-0.6465,0,1,1226.06,40.36,150.33,0.0,0.0,0.0,51.6102,0.7934,51.75,2027,H2,Jul-Dec
Saim Ayub,Pakistan,Batting All-Rounder,25.75,1.0,1,117.0,-1.6086,0,1,1083.77,40.01,167.53,19.78,7.41,0.0,67.0481,0.8637,68.2,2027,H2,Jul-Dec
Sajid Khan,Pakistan,Spin Bowler,34.75,0.8125,1,83.0,-2.5628,0,1,72.01,12.28,123.01,25.14,7.16,0.0,47.0034,0.6028,45.59,2027,H2,Jul-Dec
Salman Ali Agha,Pakistan,Batting All-Rounder,33.75,1.0,1,168.0,-5.2223,0,1,1376.9,33.53,126.82,17.05,8.61,0.0,54.8083,0.6952,54.68,2027,H2,Jul-Dec
Salman Mirza,Pakistan,Pace Bowler,30.75,1.0,1,57.0,-0.3366,0,0,88.31,12.42,141.63,23.53,8.03,0.0,50.0825,0.4566,49.93,2027,H2,Jul-Dec
Sarfaraz Ahmed,Pakistan,Wicketkeeper,40.75,0.0,0,270.0,-3.4778,0,1,44.04,17.57,114.12,0.0,0.0,0.0,31.5473,0.0058,32.11,2027,H2,Jul-Dec
Saud Shakeel,Pakistan,Top Order Batter,32.75,1.0,1,108.0,0.0249,0,0,557.19,31.6,122.62,0.0,0.0,0.0,40.1573,0.679,40.33,2027,H2,Jul-Dec
Shadab Khan,Pakistan,Bowling All-Rounder,29.75,1.0,1,234.0,-9.2801,0,1,1094.76,30.54,154.64,51.06,7.37,0.0,78.4611,0.0318,70.58,2027,H2,Jul-Dec
Shaheen Afridi,Pakistan,Pace Bowler,27.75,1.0,1,189.0,-6.3658,0,1,102.08,12.45,128.67,61.09,7.48,0.0,68.6011,0.9414,66.59,2027,H2,Jul-Dec
Shahzaib Khan,Pakistan,Top Order Batter,25.75,1.0,1,46.0,1.912,1,0,318.75,35.46,147.04,0.0,0.0,0.0,46.1894,0.6448,46.35,2027,H2,Jul-Dec
Shamyl Hussain,Pakistan,Middle Order Batter,22.75,1.0,1,45.0,2.6612,1,0,454.6,45.18,164.9,0.0,0.0,0.0,54.0958,0.9114,53.98,2027,H2,Jul-Dec
Shan Masood,Pakistan,Top Order Batter,37.75,0.0,0,111.0,-1.0017,0,1,144.12,26.2,125.85,0.0,0.0,0.0,37.588,0.0227,37.81,2027,H2,Jul-Dec
Sufiyan Muqeem,Pakistan,Spin Bowler,26.75,1.0,1,68.0,-0.0545,0,0,133.24,18.81,158.81,38.8,6.42,0.0,65.4391,0.8983,68.64,2027,H2,Jul-Dec
Tayyab Tahir,Pakistan,Top Order Batter,33.75,1.0,1,123.0,0.0052,0,0,774.82,34.62,141.43,0.25,8.11,0.0,47.1314,0.7591,47.19,2027,H2,Jul-Dec
Ubaid Shah,Pakistan,Pace Bowler,22.75,1.0,1,48.0,0.4997,0,0,92.28,12.62,146.22,27.39,7.73,0.0,53.4355,0.7102,53.61,2027,H2,Jul-Dec
Usama Mir,Pakistan,Spin Bowler,31.75,1.0,1,96.0,-2.3497,0,1,153.7,18.07,127.25,27.11,8.34,0.0,51.1048,0.6098,51.13,2027,H2,Jul-Dec
Usman Khan,Pakistan,Wicketkeeper,31.75,1.0,1,139.0,-1.0472,0,1,814.11,33.63,152.84,0.0,0.0,0.0,48.4038,0.6647,48.36,2027,H2,Jul-Dec
Usman Tariq,Pakistan,Spin Bowler,28.75,1.0,1,60.0,0.3567,0,0,109.41,15.69,136.28,31.13,7.49,0.0,54.5771,0.9284,54.39,2027,H2,Jul-Dec
Yasir Khan,Pakistan,Middle Order Batter,24.75,1.0,1,52.0,1.9169,1,0,461.51,41.29,159.43,0.0,0.0,0.0,51.4999,0.8613,51.35,2027,H2,Jul-Dec
Zahid Mahmood,Pakistan,Pace Bowler,39.75,0.1786,1,71.2857,-2.0237,0,1,19.12,9.04,104.93,8.57,9.71,0.0,31.7444,0.0119,31.9,2027,H2,Jul-Dec
Zaman Khan,Pakistan,Pace Bowler,25.75,1.0,1,85.0,-1.551,0,1,92.15,13.19,139.9,34.36,8.29,0.0,56.0397,0.3211,55.89,2027,H2,Jul-Dec
Aiden Markram,South Africa,Top Order Batter,32.75,1.0,1,204.0,-4.6359,0,1,1148.97,37.72,149.86,20.53,7.54,0.0,62.9072,0.9663,62.46,2027,H2,Jul-Dec
Alfred Mothoa,South Africa,Pace Bowler,25.75,1.0,1,41.0,1.813,1,0,81.93,12.96,135.19,25.45,8.23,0.0,49.869,0.2199,49.94,2027,H2,Jul-Dec
Andile Phehlukwayo,South Africa,Bowling All-Rounder,31.75,1.0,1,179.0,-5.8101,0,1,533.58,23.98,136.45,35.3,8.77,0.0,61.0305,0.0112,60.71,2027,H2,Jul-Dec
Andile Simelane,South Africa,Bowling All-Rounder,23.75,1.0,1,57.0,0.5069,1,0,266.12,29.78,171.9,20.45,7.22,0.0,62.1139,0.0389,62.27,2027,H2,Jul-Dec
Anrich Nortje,South Africa,Pace Bowler,33.75,1.0,1,129.0,-3.3832,0,1,41.72,10.82,119.23,38.88,8.4,0.0,52.9724,0.5616,53.13,2027,H2,Jul-Dec
Beyers Swanepoel,South Africa,Pace Bowler,26.75,1.0,1,53.0,1.1181,1,0,142.99,17.87,159.9,32.96,7.27,0.0,61.7943,0.8293,62.37,2027,H2,Jul-Dec
Bjorn Fortuin,South Africa,Spin Bowler,32.75,1.0,1,126.0,-3.8407,0,1,104.03,13.42,130.83,39.55,7.1,0.0,57.3962,0.8949,57.75,2027,H2,Jul-Dec
Clyde Fortuin,South Africa,Wicketkeeper,31.75,1.0,1,101.0,-0.143,0,0,390.18,26.85,127.47,0.0,0.0,0.0,38.9734,0.2159,39.09,2027,H2,Jul-Dec
Codi Yusuf,South Africa,Pace Bowler,25.75,1.0,1,50.0,0.9504,1,0,77.54,12.62,141.19,27.17,7.78,0.0,52.1383,0.5607,52.09,2027,H2,Jul-Dec
Connor Esterhuizen,South Africa,Wicketkeeper,22.75,1.0,1,42.0,4.7417,1,0,531.01,54.11,184.18,0.0,0.0,0.0,61.8391,0.4359,62.62,2027,H2,Jul-Dec
Corbin Bosch,South Africa,Bowling All-Rounder,32.75,1.0,1,112.0,-0.3171,0,0,747.33,35.05,146.7,24.57,8.74,0.0,61.9459,0.0059,62.19,2027,H2,Jul-Dec
Dane Paterson,South Africa,Pace Bowler,36.75,0.0,0,98.0,-3.2199,0,1,11.53,7.61,104.93,9.22,9.09,0.0,31.678,0.0189,31.75,2027,H2,Jul-Dec
Dane Piedt,South Africa,Spin Bowler,37.75,0.0,0,72.0,-2.2129,0,1,16.38,9.62,112.7,8.25,7.94,0.0,33.84,0.1154,33.75,2027,H2,Jul-Dec
Daniel Smith,South Africa,Wicketkeeper,26.75,1.0,1,59.0,3.2974,1,0,572.65,49.0,177.8,0.0,0.0,0.0,58.712,0.3214,57.96,2027,H2,Jul-Dec
David Bedingham,South Africa,Middle Order Batter,33.75,1.0,1,89.0,0.8091,1,0,601.67,39.0,154.05,0.0,0.0,0.0,49.9318,0.8382,49.92,2027,H2,Jul-Dec
David Miller,South Africa,Middle Order Batter,38.75,0.0,0,275.0,-5.4725,0,1,247.92,35.61,151.21,0.0,0.0,0.0,46.9382,0.0601,45.31,2027,H2,Jul-Dec
Dayyaan Galiem,South Africa,Bowling All-Rounder,29.75,1.0,1,69.0,-0.3724,0,0,394.52,29.45,157.11,17.0,7.45,0.0,57.1233,0.0107,56.81,2027,H2,Jul-Dec
Delano Potgieter,South Africa,Bowling All-Rounder,30.75,1.0,1,72.0,0.8641,1,0,475.0,34.29,159.08,23.85,8.07,0.0,63.2743,0.0131,62.21,2027,H2,Jul-Dec
Dewald Brevis,South Africa,Middle Order Batter,24.75,1.0,1,119.0,3.1095,1,0,1508.54,49.42,182.04,10.26,8.14,0.0,69.4727,0.9325,69.09,2027,H2,Jul-Dec
Dian Forrester,South Africa,Batting All-Rounder,27.75,1.0,1,45.0,4.222,1,0,692.38,41.08,146.4,9.46,8.2,0.0,55.4785,0.6191,55.37,2027,H2,Jul-Dec
Donovan Ferreira,South Africa,Batting All-Rounder,29.75,1.0,1,107.0,-0.8932,0,1,851.94,40.1,183.22,19.41,7.62,0.0,69.5391,0.7569,68.26,2027,H2,Jul-Dec
Eathan Bosch,South Africa,Pace Bowler,29.75,1.0,1,90.0,-2.1321,0,1,79.83,11.86,139.33,32.05,7.83,0.0,54.1993,0.6205,54.36,2027,H2,Jul-Dec
Gavin Kaplan,South Africa,Middle Order Batter,24.75,1.0,1,48.0,4.2073,1,0,596.11,49.52,181.63,0.0,0.0,0.0,59.8229,0.8869,59.64,2027,H2,Jul-Dec
George Linde,South Africa,Bowling All-Rounder,35.75,0.4167,1,132.3333,-4.6307,0,1,262.26,24.44,134.54,24.06,7.65,0.0,53.8197,0.0069,48.71,2027,H2,Jul-Dec
Gerald Coetzee,South Africa,Pace Bowler,26.75,1.0,1,96.0,-1.4403,0,1,72.32,12.43,145.24,41.63,7.81,0.0,61.0982,0.6527,60.89,2027,H2,Jul-Dec
Gideon Peters,South Africa,Pace Bowler,25.75,1.0,1,48.0,1.223,1,0,95.96,13.42,148.59,29.52,7.63,0.0,55.489,0.6077,55.36,2027,H2,Jul-Dec
Heinrich Klaasen,South Africa,Wicketkeeper,36.75,0.0,0,225.0,-3.319,0,1,342.7,42.97,171.82,0.0,0.0,0.0,54.4665,0.0792,48.86,2027,H2,Jul-Dec
Jason Smith,South Africa,Batting All-Rounder,32.75,1.0,1,92.0,0.5575,1,0,523.29,35.92,142.8,15.84,8.81,0.0,55.7383,0.6167,55.4,2027,H2,Jul-Dec
Jordan Hermann,South Africa,Top Order Batter,25.75,1.0,1,57.0,4.3332,1,0,692.17,54.43,174.85,0.0,0.0,0.0,60.4095,0.9695,59.75,2027,H2,Jul-Dec
Junaid Dawood,South Africa,Spin Bowler,25.75,1.0,1,43.0,1.4422,1,0,88.01,14.25,144.37,27.8,7.26,0.0,53.9637,0.6776,54.01,2027,H2,Jul-Dec
Junior Dala,South Africa,Pace Bowler,37.75,0.0625,1,95.5,-3.7511,0,1,16.57,9.98,122.22,10.15,9.05,0.0,36.9091,0.0258,36.14,2027,H2,Jul-Dec
Kagiso Rabada,South Africa,Pace Bowler,32.75,1.0,1,209.0,-6.8845,0,1,72.92,9.86,122.45,59.66,8.29,0.0,65.1844,0.8052,66.47,2027,H2,Jul-Dec
Keshav Maharaj,South Africa,Spin Bowler,37.75,0.0,0,152.0,-5.6275,0,1,61.52,17.31,124.76,13.9,7.47,0.0,42.7469,0.2149,41.83,2027,H2,Jul-Dec
Kwena Maphaka,South Africa,Pace Bowler,21.75,1.0,1,68.0,0.5585,1,0,140.71,19.32,160.99,38.63,7.33,0.0,65.7341,0.9044,68.76,2027,H2,Jul-Dec
Kyle Simmonds,South Africa,Spin Bowler,28.75,1.0,1,62.0,0.0644,0,0,132.74,16.33,143.93,33.65,6.96,0.0,58.1554,0.8919,57.77,2027,H2,Jul-Dec
Kyle Verreynne,South Africa,Wicketkeeper,29.75,1.0,1,99.0,0.2038,0,0,568.37,40.15,154.19,0.0,0.0,0.0,50.2719,0.5693,50.35,2027,H2,Jul-Dec
Lesego Senokwane,South Africa,Top Order Batter,28.75,1.0,1,62.0,1.9391,1,0,488.97,41.12,161.25,0.0,0.0,0.0,51.9293,0.9237,52.15,2027,H2,Jul-Dec
Lesiba Ngoepe,South Africa,Top Order Batter,31.75,1.0,1,62.0,1.363,1,0,339.75,30.46,135.69,0.0,0.0,0.0,41.9363,0.5146,42.14,2027,H2,Jul-Dec
Lhuan-dre Pretorius,South Africa,Wicketkeeper,21.75,1.0,1,61.0,5.6486,1,0,996.5,54.83,193.44,0.0,0.0,0.0,65.6459,0.9027,67.55,2027,H2,Jul-Dec
Lizaad Williams,South Africa,Pace Bowler,33.75,1.0,1,105.0,-2.386,0,1,44.49,8.77,113.39,31.79,8.88,0.0,46.8479,0.2594,46.68,2027,H2,Jul-Dec
Lungi Ngidi,South Africa,Pace Bowler,31.75,1.0,1,151.0,-3.4826,0,1,83.89,12.71,127.82,50.88,8.16,0.0,62.5161,0.7881,61.87,2027,H2,Jul-Dec
Lutho Sipamla,South Africa,Pace Bowler,29.75,1.0,1,93.0,-1.9532,0,1,60.42,12.28,135.8,31.71,7.69,0.0,53.3523,0.5048,53.3,2027,H2,Jul-Dec
Marco Jansen,South Africa,Bowling All-Rounder,27.75,1.0,1,146.0,-4.419,0,1,587.33,34.36,161.29,45.83,7.44,0.0,76.712,0.0243,69.09,2027,H2,Jul-Dec
Matthew Boast,South Africa,Pace Bowler,26.75,1.0,1,45.0,1.1296,1,0,88.91,13.68,145.31,26.59,7.56,0.0,53.2009,0.4396,53.1,2027,H2,Jul-Dec
Matthew Breetzke,South Africa,Top Order Batter,28.75,1.0,1,116.0,1.4141,1,0,833.38,42.34,162.82,0.0,0.0,0.0,53.8264,0.9591,54.06,2027,H2,Jul-Dec
Meeka-eel Prince,South Africa,Wicketkeeper,22.75,1.0,1,52.0,3.4728,1,0,444.76,47.4,175.66,0.0,0.0,0.0,57.2479,0.4541,56.96,2027,H2,Jul-Dec
Mihlali Mpongwana,South Africa,Pace Bowler,27.75,1.0,1,66.0,-0.2137,0,0,82.75,13.75,146.5,32.07,7.66,0.0,56.5342,0.6808,56.41,2027,H2,Jul-Dec
Nandre Burger,South Africa,Pace Bowler,32.75,1.0,1,77.0,-0.4825,0,0,57.57,11.76,122.4,30.56,8.89,0.0,49.2696,0.3403,49.15,2027,H2,Jul-Dec
Nqaba Peter,South Africa,Spin Bowler,26.75,1.0,1,65.0,0.7718,1,0,136.53,18.92,157.07,39.27,6.84,0.0,65.2213,0.9554,68.23,2027,H2,Jul-Dec
Nqobani Mokoena,South Africa,Pace Bowler,21.75,1.0,1,43.0,5.4474,1,0,213.96,24.14,152.57,40.25,7.52,0.0,66.7123,0.8245,68.87,2027,H2,Jul-Dec
Ottneil Baartman,South Africa,Pace Bowler,34.75,0.85,1,84.6,-1.7211,0,1,47.25,10.76,126.33,29.82,8.03,0.0,49.5132,0.313,47.91,2027,H2,Jul-Dec
Patrick Kruger,South Africa,Bowling All-Rounder,31.75,1.0,1,82.0,-0.0171,0,0,411.55,32.61,151.51,23.25,8.18,0.0,60.4231,0.0043,59.9,2027,H2,Jul-Dec
Prenelan Subrayen,South Africa,Spin Bowler,33.75,1.0,1,85.0,-1.4844,0,1,166.74,19.13,121.18,35.81,7.83,0.0,55.2167,0.8026,55.39,2027,H2,Jul-Dec
Quinton de Kock,South Africa,Wicketkeeper,34.75,0.625,1,258.0,-4.7413,0,1,480.87,34.85,148.93,0.0,0.0,0.0,46.9083,0.15,45.32,2027,H2,Jul-Dec
Rassie van der Dussen,South Africa,Middle Order Batter,38.75,0.0,0,190.0,-3.4925,0,1,258.8,41.65,140.39,0.0,0.0,0.0,46.7661,0.0838,45.06,2027,H2,Jul-Dec
Reeza Hendricks,South Africa,Top Order Batter,38.75,0.0,0,184.0,-3.3506,0,1,226.02,30.54,141.35,0.0,0.0,0.0,42.8513,0.0642,42.96,2027,H2,Jul-Dec
Rubin Hermann,South Africa,Wicketkeeper,27.75,1.0,1,75.0,2.9463,1,0,801.47,48.66,161.11,0.0,0.0,0.0,55.6332,0.4297,55.46,2027,H2,Jul-Dec
Ryan Rickelton,South Africa,Wicketkeeper,31.75,1.0,1,135.0,-0.1004,0,0,911.49,43.43,152.96,0.0,0.0,0.0,52.2911,0.5953,52.41,2027,H2,Jul-Dec
Senuran Muthusamy,South Africa,Bowling All-Rounder,32.75,1.0,1,105.0,-1.1974,0,1,433.59,30.46,142.13,26.87,7.82,0.0,59.7702,0.0109,59.92,2027,H2,Jul-Dec
Shaun von Berg,South Africa,Spin Bowler,40.75,0.0,0,87.0,-2.6026,0,1,25.15,15.47,119.37,10.03,7.36,0.0,38.6194,0.1312,37.54,2027,H2,Jul-Dec
Simon Harmer,South Africa,Spin Bowler,38.75,0.0,0,108.0,-3.8085,0,1,51.24,15.1,117.05,12.07,7.64,0.0,39.1298,0.0762,38.21,2027,H2,Jul-Dec
Sinethemba Qeshile,South Africa,Wicketkeeper,27.75,1.0,1,81.0,0.9855,1,0,517.27,36.03,150.05,0.0,0.0,0.0,47.7003,0.7129,47.78,2027,H2,Jul-Dec
Tabraiz Shamsi,South Africa,Spin Bowler,37.75,0.375,1,189.0,-6.4223,0,1,65.9,12.6,116.23,34.24,7.73,0.0,50.5734,0.2221,45.56,2027,H2,Jul-Dec
Temba Bavuma,South Africa,Top Order Batter,37.75,0.3125,1,107.0,-0.8742,0,1,177.82,26.2,120.69,0.0,0.0,0.0,36.555,0.0159,36.63,2027,H2,Jul-Dec
Tony de Zorzi,South Africa,Top Order Batter,30.75,1.0,1,90.0,0.6683,1,0,503.59,34.89,150.68,0.0,0.0,0.0,47.383,0.8408,47.51,2027,H2,Jul-Dec
Tristan Stubbs,South Africa,Middle Order Batter,26.75,1.0,1,119.0,2.0421,1,0,1145.36,53.19,182.67,9.02,8.2,0.0,69.0947,0.8792,69.07,2027,H2,Jul-Dec
Tshepo Moreki,South Africa,Pace Bowler,32.75,1.0,1,75.0,-1.016,0,1,70.97,11.29,126.82,28.9,8.47,0.0,49.2704,0.2661,49.15,2027,H2,Jul-Dec
Wiaan Mulder,South Africa,Batting All-Rounder,29.75,1.0,1,130.0,-1.8822,0,1,688.97,36.38,149.62,28.66,7.91,0.0,65.3789,0.6976,68.26,2027,H2,Jul-Dec
A Dananjaya,Sri Lanka,Spin Bowler,28.75,1.0,1,69.0,0.2211,0,0,114.61,6.47,83.45,23.59,9.2,0.0,34.9314,0.3287,34.17,2027,H2,Jul-Dec
Sahan Arachchige,Sri Lanka,Middle Order Batter,25.75,1.0,1,55.0,0.4929,0,0,216.17,21.25,144.58,0.0,0.0,0.0,40.1713,0.7868,40.36,2027,H2,Jul-Dec
Ashian Daniel,Sri Lanka,Spin Bowler,26.75,1.0,1,63.0,-1.5075,0,1,38.86,5.04,136.52,11.63,8.54,0.0,30.2932,0.2399,30.42,2027,H2,Jul-Dec
Asitha Fernando,Sri Lanka,Pace Bowler,31.75,1.0,1,63.0,0.1024,0,0,89.98,8.99,67.37,24.44,8.53,0.0,32.8192,0.1937,32.37,2027,H2,Jul-Dec
Avishka Fernando,Sri Lanka,Top Order Batter,29.75,1.0,1,54.0,0.4543,0,0,163.65,18.54,146.19,0.0,0.0,0.0,39.3775,0.7909,39.47,2027,H2,Jul-Dec
Bhanuka Rajapaksa,Sri Lanka,Middle Order Batter,35.75,0.875,1,56.0,-0.3592,0,0,297.75,22.78,118.36,0.0,0.0,0.0,35.1875,0.2163,35.47,2027,H2,Jul-Dec
Binura Fernando,Sri Lanka,Pace Bowler,32.75,1.0,1,63.0,-0.0578,0,0,144.48,10.82,68.75,24.88,10.18,0.0,33.9157,0.3616,33.22,2027,H2,Jul-Dec
Chamika Karunaratne,Sri Lanka,Bowling All-Rounder,31.75,1.0,1,82.0,-3.4557,0,1,400.88,12.53,123.27,16.04,9.6,0.0,42.5254,0.0145,42.57,2027,H2,Jul-Dec
Chamindu Wickramasinghe,Sri Lanka,Bowling All-Rounder,25.75,1.0,1,40.0,-0.0012,0,0,126.88,12.8,165.64,7.41,7.17,0.0,46.7935,0.0096,46.82,2027,H2,Jul-Dec
Chamindu Wijesinghe,Sri Lanka,Batting All-Rounder,25.75,1.0,1,47.0,-0.5596,0,1,93.59,17.56,132.29,6.6,6.91,0.0,40.6565,0.2766,40.8,2027,H2,Jul-Dec
Charith Asalanka,Sri Lanka,Middle Order Batter,30.75,1.0,1,82.0,-0.6559,0,1,738.55,40.0,148.55,0.0,0.0,0.0,49.5175,0.9529,49.48,2027,H2,Jul-Dec
Dasun Shanaka,Sri Lanka,Batting All-Rounder,36.75,0.75,1,50.2857,-0.6268,0,1,693.01,12.03,119.56,9.21,9.84,0.0,48.5713,0.9229,39.47,2027,H2,Jul-Dec
Dhananjaya Lakshan,Sri Lanka,Bowling All-Rounder,29.75,1.0,1,77.0,-2.4328,0,1,339.05,27.87,123.42,19.94,8.85,0.0,50.2494,0.0085,50.33,2027,H2,Jul-Dec
Dhananjaya de Silva,Sri Lanka,Batting All-Rounder,36.75,0.7083,1,54.6667,-1.1941,0,1,334.05,17.89,122.12,8.28,7.48,0.0,40.0766,0.0285,39.62,2027,H2,Jul-Dec
Dilshan Madushanka,Sri Lanka,Pace Bowler,26.75,1.0,1,77.0,-0.6967,0,1,120.96,1.92,99.13,24.9,8.46,0.0,37.6599,0.4818,37.77,2027,H2,Jul-Dec
Sachindu Colombage,Sri Lanka,Spin Bowler,26.75,1.0,1,70.0,1.328,1,0,27.23,3.51,120.39,16.08,6.5,0.0,38.2142,0.4417,38.29,2027,H2,Jul-Dec
Dinesh Chandimal,Sri Lanka,Wicketkeeper,37.75,0.6071,1,65.2857,1.1167,1,0,463.84,26.0,139.03,0.0,0.0,0.0,41.4599,0.0338,41.95,2027,H2,Jul-Dec
Dulaj Samuditha,Sri Lanka,Bowling All-Rounder,25.75,1.0,1,46.0,-0.9467,0,1,117.48,20.57,114.95,4.78,7.43,0.0,36.8034,0.0043,36.84,2027,H2,Jul-Dec
Dulnith Sigera,Sri Lanka,Batting All-Rounder,20.75,1.0,1,46.0,-1.5247,0,1,112.24,17.47,133.12,6.4,8.93,0.0,40.2469,0.1732,40.3,2027,H2,Jul-Dec
Dunith Wellalage,Sri Lanka,Bowling All-Rounder,24.75,1.0,1,47.0,-1.366,0,1,131.82,8.43,124.03,7.65,6.89,0.0,36.2463,0.5165,36.29,2027,H2,Jul-Dec
Dushan Hemantha,Sri Lanka,Bowling All-Rounder,32.75,1.0,1,62.0,-2.3672,0,1,457.93,19.21,118.82,9.5,8.37,0.0,40.6907,0.0107,40.8,2027,H2,Jul-Dec
Dushmantha Chameera,Sri Lanka,Pace Bowler,35.75,1.0,1,64.0,1.9658,1,0,161.19,12.59,66.39,54.71,10.0,0.0,50.9432,0.9725,50.82,2027,H2,Jul-Dec
Eshan Malinga,Sri Lanka,Pace Bowler,25.75,1.0,1,43.0,-1.4532,0,1,45.41,4.06,110.26,4.76,8.38,0.0,29.3097,0.1066,29.88,2027,H2,Jul-Dec
Garuka Sanketh,Sri Lanka,Pace Bowler,25.75,1.0,1,41.0,0.3614,0,0,50.45,6.74,122.59,14.3,7.08,0.0,38.7451,0.5814,38.82,2027,H2,Jul-Dec
Isitha Wijesundera,Sri Lanka,Pace Bowler,30.75,1.0,1,41.0,0.192,0,0,57.84,5.08,106.49,0.0,0.0,0.0,25.3827,0.1281,26.56,2027,H2,Jul-Dec
Janishka Perera,Sri Lanka,Top Order Batter,26.75,1.0,1,42.0,-0.5993,0,1,133.02,12.03,122.26,0.0,0.0,0.0,31.6289,0.1696,32.2,2027,H2,Jul-Dec
Janith Liyanage,Sri Lanka,Batting All-Rounder,31.75,1.0,1,66.0,-0.1418,0,0,458.89,24.85,112.73,14.38,8.38,0.0,44.1389,0.3331,44.14,2027,H2,Jul-Dec
Jeffrey Vandersay,Sri Lanka,Spin Bowler,37.75,0.0833,1,47.6667,-0.4163,0,0,19.41,4.93,103.39,6.77,8.37,0.0,29.1573,0.1182,30.02,2027,H2,Jul-Dec
Kamil Mishara,Sri Lanka,Top Order Batter,26.75,1.0,1,64.0,-0.6104,0,1,537.69,34.61,153.53,0.0,0.0,0.0,48.0218,0.9757,48.02,2027,H2,Jul-Dec
Kamindu Mendis,Sri Lanka,Batting All-Rounder,28.75,1.0,1,84.0,0.8297,1,0,716.19,45.23,154.26,41.64,8.06,0.0,76.9822,0.9354,68.2,2027,H2,Jul-Dec
Kasun Rajitha,Sri Lanka,Pace Bowler,34.75,1.0,1,60.0,0.8787,1,0,124.89,12.31,82.45,21.15,7.42,0.0,35.8853,0.4358,35.86,2027,H2,Jul-Dec
Kavija Gamage,Sri Lanka,Spin Bowler,20.75,1.0,1,69.0,-0.5785,0,1,62.82,10.08,120.75,16.89,7.66,0.0,40.8821,0.8785,40.97,2027,H2,Jul-Dec
Keshara Nuwantha,Sri Lanka,Bowling All-Rounder,25.75,1.0,1,48.0,0.5893,1,0,161.21,17.44,140.65,0.0,0.0,0.0,37.746,0.0192,37.81,2027,H2,Jul-Dec
Kusal Mendis,Sri Lanka,Wicketkeeper,32.75,1.0,1,120.0,-7.5955,0,1,672.92,33.38,125.24,0.0,0.0,0.0,41.7536,0.8517,41.91,2027,H2,Jul-Dec
Kusal Perera,Sri Lanka,Wicketkeeper,37.75,0.25,0,67.2,-1.5804,0,1,217.78,19.05,141.18,0.0,0.0,0.0,38.6281,0.0135,38.99,2027,H2,Jul-Dec
Lahiru Kumara,Sri Lanka,Pace Bowler,30.75,1.0,1,64.0,-0.5065,0,1,140.3,10.77,125.47,7.86,7.54,0.0,37.3635,0.4417,37.35,2027,H2,Jul-Dec
Lahiru Udara,Sri Lanka,Top Order Batter,33.75,1.0,1,74.0,-1.3091,0,1,415.05,23.65,130.47,0.0,0.0,0.0,38.5587,0.0275,38.63,2027,H2,Jul-Dec
Lasith Croospulle,Sri Lanka,Top Order Batter,28.75,1.0,1,79.0,-0.4165,0,0,179.1,17.66,152.98,0.0,0.0,0.0,40.6107,0.8321,40.8,2027,H2,Jul-Dec
M Shiraz,Sri Lanka,Pace Bowler,32.75,1.0,1,66.0,-0.5763,0,1,27.64,8.51,109.23,13.01,7.09,0.0,35.6263,0.3443,35.65,2027,H2,Jul-Dec
Maheesh Theekshana,Sri Lanka,Spin Bowler,26.75,1.0,1,72.0,-1.1885,0,1,181.55,5.53,114.82,22.1,10.17,0.0,40.7445,0.3574,40.84,2027,H2,Jul-Dec
Mateesha Pathirana,Sri Lanka,Pace Bowler,24.75,1.0,0,41.0,-0.4757,0,0,31.06,10.65,117.31,6.68,8.32,0.0,34.305,0.0966,34.43,2027,H2,Jul-Dec
Milan Rathnayake,Sri Lanka,Bowling All-Rounder,30.75,1.0,1,82.0,-2.0313,0,1,623.72,19.45,149.99,16.61,9.61,0.0,51.9779,0.0139,52.11,2027,H2,Jul-Dec
Nipun Dhananjaya,Sri Lanka,Middle Order Batter,26.75,1.0,1,82.0,0.4466,0,0,331.1,32.57,132.17,0.0,0.0,0.0,41.8936,0.465,42.14,2027,H2,Jul-Dec
Niroshan Dickwella,Sri Lanka,Wicketkeeper,34.75,0.8125,1,81.0,-1.8595,0,1,311.82,32.46,127.39,0.0,0.0,0.0,40.7343,0.0563,40.9,2027,H2,Jul-Dec
Nishan Madushka,Sri Lanka,Wicketkeeper,27.75,1.0,1,71.0,-1.1655,0,1,355.54,15.39,131.54,0.0,0.0,0.0,35.614,0.2138,35.86,2027,H2,Jul-Dec
Nishan Peiris,Sri Lanka,Pace Bowler,27.75,1.0,1,74.0,-0.4704,0,0,103.08,8.41,64.5,0.0,0.0,0.0,17.445,0.0535,17.85,2027,H2,Jul-Dec
Nuwan Thushara,Sri Lanka,Pace Bowler,31.75,1.0,1,76.0,-1.8645,0,1,43.43,2.54,99.93,21.82,9.53,0.0,35.8685,0.1894,35.86,2027,H2,Jul-Dec
Nuwanidu Fernando,Sri Lanka,Top Order Batter,28.75,1.0,1,66.0,0.0617,0,0,261.98,12.61,130.45,23.27,9.47,0.0,47.7965,0.3518,47.59,2027,H2,Jul-Dec
Oshada Fernando,Sri Lanka,Top Order Batter,35.75,0.75,1,65.0,-0.9261,0,1,291.21,16.0,118.49,0.0,0.0,0.0,32.741,0.0411,33.16,2027,H2,Jul-Dec
Pasindu Sooriyabandara,Sri Lanka,Top Order Batter,24.75,1.0,1,48.0,0.4625,0,0,73.41,21.89,141.95,0.0,0.0,0.0,39.3619,0.7838,39.39,2027,H2,Jul-Dec
Pathum Nissanka,Sri Lanka,Top Order Batter,29.75,1.0,1,117.0,-4.3377,0,1,968.87,57.02,159.24,0.0,0.0,0.0,58.7843,0.9911,58.33,2027,H2,Jul-Dec
Pavan Rathnayake,Sri Lanka,Middle Order Batter,25.75,1.0,1,115.0,0.2704,0,0,291.34,11.31,124.82,0.0,0.0,0.0,32.444,0.3985,32.82,2027,H2,Jul-Dec
Pramod Madushan,Sri Lanka,Pace Bowler,30.75,1.0,1,51.0,0.6265,1,0,31.82,7.33,76.82,23.03,6.78,0.0,33.7956,0.2978,33.1,2027,H2,Jul-Dec
Ramesh Mendis,Sri Lanka,Bowling All-Rounder,32.75,1.0,1,67.0,-1.052,0,1,435.24,21.96,109.9,10.26,8.69,0.0,40.0005,0.0085,40.11,2027,H2,Jul-Dec
Ravindu Fernando,Sri Lanka,Batting All-Rounder,25.75,1.0,1,45.0,-0.3921,0,0,155.37,17.13,125.81,7.42,7.6,0.0,39.525,0.1645,39.65,2027,H2,Jul-Dec
Ravindu Rasantha,Sri Lanka,Top Order Batter,26.75,1.0,1,79.0,-0.12,0,0,487.53,16.55,143.26,0.0,0.0,0.0,39.0512,0.7886,39.17,2027,H2,Jul-Dec
Sadeera Samarawickrama,Sri Lanka,Wicketkeeper,30.75,1.0,1,87.0,-1.6624,0,1,495.19,28.52,107.43,0.0,0.0,0.0,35.4827,0.1462,35.66,2027,H2,Jul-Dec
Sahan Kosala,Sri Lanka,Middle Order Batter,26.75,1.0,1,82.0,-0.9011,0,1,528.48,21.96,121.04,0.0,0.0,0.0,36.2259,0.7105,36.41,2027,H2,Jul-Dec
Sohan de Livera,Sri Lanka,Top Order Batter,27.75,1.0,1,44.0,0.0305,0,0,166.14,13.68,123.79,0.0,0.0,0.0,32.6712,0.1461,33.02,2027,H2,Jul-Dec
Sonal Dinusha,Sri Lanka,Batting All-Rounder,26.75,1.0,1,64.0,-3.5342,0,1,411.97,16.53,136.3,8.95,8.82,0.0,43.0347,0.3319,43.06,2027,H2,Jul-Dec
Tharindu Ratnayake,Sri Lanka,Bowling All-Rounder,31.75,1.0,1,89.0,0.7446,1,0,913.23,31.58,116.31,18.45,7.7,0.0,51.2883,0.5212,51.31,2027,H2,Jul-Dec
Traveen Mathew,Sri Lanka,Spin Bowler,26.75,1.0,1,60.0,-0.3721,0,0,57.33,1.28,68.59,32.65,6.49,0.0,35.3962,0.7481,34.81,2027,H2,Jul-Dec
V Viyaskanth,Sri Lanka,Spin Bowler,26.75,1.0,1,61.0,0.3392,0,0,39.82,7.78,81.53,37.19,7.01,0.0,42.939,0.9854,42.96,2027,H2,Jul-Dec
Vigneshwaran Akash,Sri Lanka,Spin Bowler,20.75,1.0,1,42.0,0.0297,0,0,53.21,11.9,105.9,11.41,9.16,0.0,34.802,0.2064,34.8,2027,H2,Jul-Dec
Vimath Dinsara,Sri Lanka,Top Order Batter,21.75,1.0,1,54.0,-0.6986,0,1,114.84,20.16,131.5,0.0,0.0,0.0,36.5573,0.4964,36.76,2027,H2,Jul-Dec
Sineth Jayawardena,Sri Lanka,Top Order Batter,30.75,1.0,1,68.0,1.8496,1,0,501.12,35.62,127.94,0.0,0.0,0.0,42.6089,0.4302,42.75,2027,H2,Jul-Dec
Vishad Randika,Sri Lanka,Top Order Batter,30.75,1.0,1,68.0,1.8496,1,0,501.12,35.62,127.94,0.0,0.0,0.0,42.6089,0.4302,42.75,2027,H2,Jul-Dec
Vishen Halambage,Sri Lanka,Top Order Batter,22.75,1.0,1,48.0,-0.0245,0,0,147.84,20.83,145.09,0.0,0.0,0.0,39.9123,0.7136,40.13,2027,H2,Jul-Dec
Vishwa Fernando,Sri Lanka,Pace Bowler,35.75,0.8125,1,56.0,-0.4102,0,0,92.0,8.62,66.24,16.15,7.67,0.0,27.9692,0.1015,28.17,2027,H2,Jul-Dec
Wanindu Hasaranga,Sri Lanka,Bowling All-Rounder,30.25,1.0,1,100.0,4.8500,1,0,1567.1,52.73,135.77,35.23,7.13,21.5,88.4443,0.9540,89.12,2027,H1,Jan-Jun
A Phillip,West Indies,Top Order Batter,26.75,1.0,1,45.0,1.7336,1,0,320.05,35.62,147.6,0.0,0.0,0.0,46.3753,0.542,46.5,2027,H2,Jul-Dec
Ackeem Auguste,West Indies,Middle Order Batter,24.75,1.0,1,63.0,3.2035,1,0,611.72,50.26,172.82,0.0,0.0,0.0,58.1922,0.9046,57.85,2027,H2,Jul-Dec
Akeal Hosein,West Indies,Spin Bowler,34.75,0.75,1,200.0,-5.6308,0,1,189.98,21.22,129.39,45.69,7.14,0.0,63.6291,0.971,55.26,2027,H2,Jul-Dec
Alick Athanaze,West Indies,Top Order Batter,28.75,1.0,1,76.0,1.3106,1,0,576.82,36.87,152.66,0.0,0.0,0.0,48.7733,0.8302,49.0,2027,H2,Jul-Dec
Alzarri Joseph,West Indies,Pace Bowler,31.75,1.0,1,184.0,-5.5718,0,1,77.28,10.73,125.9,57.96,8.05,0.0,65.3734,0.8942,66.4,2027,H2,Jul-Dec
Amari Goodridge,West Indies,Pace Bowler,22.75,1.0,1,39.0,4.5821,1,0,113.86,13.4,152.46,33.96,7.83,0.0,58.8482,0.3251,57.94,2027,H2,Jul-Dec
Amir Jangoo,West Indies,Wicketkeeper,30.75,1.0,1,80.0,2.8956,1,0,740.25,46.27,161.64,0.0,0.0,0.0,54.6883,0.5456,54.79,2027,H2,Jul-Dec
Andre Fletcher,West Indies,Wicketkeeper,39.75,0.0,0,260.0,-5.1031,0,1,239.79,29.16,147.54,0.0,0.0,0.0,43.7654,0.0129,43.7,2027,H2,Jul-Dec
Brandon King,West Indies,Top Order Batter,32.75,1.0,1,159.0,-2.2666,0,1,811.89,35.71,150.17,0.0,0.0,0.0,48.559,0.9567,48.61,2027,H2,Jul-Dec
Carlon Tuckett,West Indies,Pace Bowler,23.75,1.0,1,40.0,5.4784,1,0,131.95,15.33,147.09,44.39,8.09,0.0,64.2372,0.3153,66.99,2027,H2,Jul-Dec
Evin Lewis,West Indies,Top Order Batter,36.75,0.3125,1,209.0,-3.6268,0,1,481.42,33.42,157.81,0.0,0.0,0.0,48.3568,0.1805,46.28,2027,H2,Jul-Dec
Fabian Allen,West Indies,Bowling All-Rounder,32.75,1.0,1,164.0,-4.9385,0,1,594.03,25.91,157.45,36.01,7.98,0.0,67.1447,0.0188,68.08,2027,H2,Jul-Dec
Giovonte Depeiza,West Indies,Top Order Batter,21.75,1.0,1,41.0,3.2421,1,0,362.54,39.96,169.85,0.0,0.0,0.0,53.005,0.9427,53.16,2027,H2,Jul-Dec
Gudakesh Motie,West Indies,Spin Bowler,31.75,1.0,1,144.0,-3.2721,0,1,125.2,16.56,133.52,48.48,7.15,0.0,64.2183,0.9634,66.87,2027,H2,Jul-Dec
Hayden Walsh Jr,West Indies,Spin Bowler,34.75,0.8125,1,119.0,-3.2567,0,1,54.45,11.07,119.92,29.28,7.9,0.0,47.9578,0.3232,46.49,2027,H2,Jul-Dec
Jason Holder,West Indies,Bowling All-Rounder,35.75,0.65,1,243.8,-7.9999,0,1,546.24,27.08,140.52,34.32,8.53,0.0,62.5906,0.005,53.29,2027,H2,Jul-Dec
Jayden Seales,West Indies,Pace Bowler,25.75,1.0,1,90.0,-0.9554,0,1,69.85,11.43,141.92,43.36,7.13,0.0,61.1592,0.7335,60.86,2027,H2,Jul-Dec
Jediah Blades,West Indies,Pace Bowler,22.75,1.0,1,42.0,5.5864,1,0,184.41,22.74,165.65,36.12,7.58,0.0,66.6578,0.7462,68.87,2027,H2,Jul-Dec
Jewel Andrew,West Indies,Wicketkeeper,20.75,1.0,1,45.0,5.436,1,0,690.44,54.45,190.67,0.0,0.0,0.0,63.9108,0.7109,67.53,2027,H2,Jul-Dec
Johann Jeremiah,West Indies,Top Order Batter,21.75,1.0,1,36.0,5.1937,1,0,497.09,53.65,173.23,0.0,0.0,0.0,59.1411,0.9548,59.8,2027,H2,Jul-Dec
Johann Layne,West Indies,Pace Bowler,24.75,1.0,1,49.0,6.686,1,0,170.55,17.54,156.06,53.45,7.89,0.0,72.3052,0.8716,68.27,2027,H2,Jul-Dec
John Campbell,West Indies,Top Order Batter,33.75,1.0,1,104.0,-0.4203,0,0,458.11,29.8,134.28,0.0,0.0,0.0,41.7663,0.8087,41.91,2027,H2,Jul-Dec
Johnson Charles,West Indies,Wicketkeeper,38.75,0.0,0,260.0,-5.5181,0,1,256.28,28.48,148.36,0.0,0.0,0.0,43.7537,0.0151,43.7,2027,H2,Jul-Dec
Jomel Warrican,West Indies,Spin Bowler,35.75,0.7083,1,82.6667,-1.6154,0,1,47.97,10.4,119.79,25.81,7.51,0.0,45.8102,0.3135,43.7,2027,H2,Jul-Dec
Joshua Da Silva,West Indies,Wicketkeeper,29.75,1.0,1,87.0,0.6613,1,0,489.41,33.95,147.84,0.0,0.0,0.0,46.3688,0.6241,46.54,2027,H2,Jul-Dec
Justin Greaves,West Indies,Batting All-Rounder,31.75,1.0,1,96.0,0.7026,1,0,584.91,35.54,143.06,17.28,8.89,0.0,56.6531,0.6118,56.44,2027,H2,Jul-Dec
Kavem Hodge,West Indies,Batting All-Rounder,34.75,1.0,1,88.0,0.8229,1,0,617.23,34.91,151.16,16.9,8.26,0.0,58.2395,0.5139,57.78,2027,H2,Jul-Dec
Keacy Carty,West Indies,Middle Order Batter,30.75,1.0,1,83.0,2.0741,1,0,674.85,42.59,155.41,0.0,0.0,0.0,51.7676,0.7188,51.69,2027,H2,Jul-Dec
Kelvin Pittman,West Indies,Pace Bowler,20.75,1.0,1,42.0,5.6867,1,0,119.32,13.5,148.96,47.16,7.97,0.0,65.5393,0.4577,66.93,2027,H2,Jul-Dec
Kemar Paul,West Indies,Bowling All-Rounder,28.75,1.0,1,129.0,-2.8838,0,1,497.55,27.84,159.28,33.11,7.7,0.0,66.3724,0.0138,68.34,2027,H2,Jul-Dec
Kemar Roach,West Indies,Pace Bowler,39.75,0.0,0,91.0,-2.1615,0,1,10.92,7.88,106.78,9.37,8.22,0.0,32.4483,0.0251,32.53,2027,H2,Jul-Dec
Kevlon Anderson,West Indies,Top Order Batter,20.75,1.0,1,66.0,2.7518,1,0,523.52,43.41,168.04,0.0,0.0,0.0,54.3714,0.9769,54.45,2027,H2,Jul-Dec
Kirk McKenzie,West Indies,Top Order Batter,26.75,1.0,1,71.0,1.8536,1,0,578.37,39.0,166.51,0.0,0.0,0.0,52.6131,0.9093,52.83,2027,H2,Jul-Dec
Kraigg Brathwaite,West Indies,Top Order Batter,34.75,1.0,1,92.0,-0.4167,0,0,261.33,22.73,118.49,0.0,0.0,0.0,35.081,0.3109,35.27,2027,H2,Jul-Dec
Kyle Mayers,West Indies,Bowling All-Rounder,34.75,0.8125,1,186.0,-5.3893,0,1,596.61,32.79,148.13,22.5,8.89,0.0,59.7615,0.0102,54.44,2027,H2,Jul-Dec
Marlon Samuels,West Indies,Batting All-Rounder,46.75,0.0,0,315.0,-13.621,0,1,0.0,16.64,107.74,0.0,9.55,0.0,30.2479,0.0018,31.19,2027,H2,Jul-Dec
Matthew Forde,West Indies,Bowling All-Rounder,25.75,1.0,1,76.0,0.9098,1,0,512.01,41.14,175.22,29.49,7.31,0.0,72.8248,0.0361,68.37,2027,H2,Jul-Dec
Mavendra Dindyal,West Indies,Middle Order Batter,25.75,1.0,1,56.0,3.2258,1,0,486.86,40.31,157.5,0.0,0.0,0.0,50.7997,0.7468,50.74,2027,H2,Jul-Dec
Mbeki Joseph,West Indies,Pace Bowler,24.75,1.0,1,43.0,2.3728,1,0,131.85,15.82,149.89,29.94,7.74,0.0,56.9689,0.4272,56.77,2027,H2,Jul-Dec
Mikyle Louis,West Indies,Middle Order Batter,25.75,1.0,1,55.0,3.2497,1,0,558.42,45.76,159.94,0.0,0.0,0.0,53.5426,0.8272,53.66,2027,H2,Jul-Dec
Nathan Edward,West Indies,Pace Bowler,26.75,1.0,1,48.0,1.9326,1,0,142.91,19.16,155.62,32.94,7.47,0.0,61.2458,0.7252,60.94,2027,H2,Jul-Dec
Naveen Bidaisee,West Indies,Middle Order Batter,25.75,1.0,1,46.0,3.2931,1,0,427.47,42.17,159.98,0.0,0.0,0.0,51.8305,0.706,51.69,2027,H2,Jul-Dec
Nicholas Pooran,West Indies,Wicketkeeper,31.75,1.0,1,299.0,-3.6378,0,1,1359.66,39.63,169.9,0.0,0.0,0.0,56.1049,0.8693,55.97,2027,H2,Jul-Dec
Obed McCoy,West Indies,Pace Bowler,30.75,1.0,1,105.0,-1.9366,0,1,62.68,10.75,133.45,39.34,8.08,0.0,56.4927,0.6278,56.38,2027,H2,Jul-Dec
Odean Smith,West Indies,Bowling All-Rounder,31.75,1.0,1,122.0,-3.7938,0,1,392.7,24.62,156.93,32.41,9.17,0.0,63.6318,0.01,62.99,2027,H2,Jul-Dec
Ramon Simmonds,West Indies,Pace Bowler,24.75,1.0,1,50.0,2.2807,1,0,145.91,17.13,152.68,30.24,7.99,0.0,58.212,0.476,57.76,2027,H2,Jul-Dec
Renico Smith,West Indies,Middle Order Batter,25.75,1.0,1,45.0,3.5166,1,0,331.31,36.47,160.8,0.0,0.0,0.0,49.6392,0.5254,49.76,2027,H2,Jul-Dec
Rivaldo Clarke,West Indies,Wicketkeeper,21.75,1.0,1,53.0,3.9494,1,0,579.45,46.82,175.65,0.0,0.0,0.0,57.4691,0.5485,57.96,2027,H2,Jul-Dec
Romario Shepherd,West Indies,Bowling All-Rounder,32.75,1.0,1,178.0,-5.1974,0,1,603.19,28.67,151.45,40.13,9.31,0.0,68.8924,0.0121,68.38,2027,H2,Jul-Dec
Roston Chase,West Indies,Batting All-Rounder,35.75,0.125,1,161.0,-4.3009,0,1,319.17,34.09,140.28,11.42,7.79,0.0,51.5988,0.03,47.41,2027,H2,Jul-Dec
Rovman Powell,West Indies,Middle Order Batter,33.75,1.0,1,219.0,-3.0588,0,1,949.89,33.34,158.46,0.0,0.0,0.0,49.9789,0.8909,49.92,2027,H2,Jul-Dec
Shai Hope,West Indies,Wicketkeeper,33.75,1.0,1,168.0,-1.5342,0,1,874.37,37.83,146.79,0.0,0.0,0.0,48.7797,0.6531,49.03,2027,H2,Jul-Dec
Shamar Joseph,West Indies,Pace Bowler,27.75,1.0,1,57.0,0.627,1,0,63.04,9.55,135.15,30.22,7.67,0.0,51.3934,0.473,51.36,2027,H2,Jul-Dec
Shamyl Springer,West Indies,Batting All-Rounder,23.75,1.0,1,59.0,2.7541,1,0,619.27,51.2,183.65,18.7,7.01,0.0,72.6802,0.9461,68.26,2027,H2,Jul-Dec
Shaqkere Parris,West Indies,Middle Order Batter,24.75,1.0,1,49.0,3.5507,1,0,593.41,48.94,182.77,0.0,0.0,0.0,59.8565,0.8909,59.64,2027,H2,Jul-Dec
Sherfane Rutherford,West Indies,Middle Order Batter,29.75,1.0,1,178.0,-1.4096,0,1,902.34,39.01,170.08,0.0,0.0,0.0,54.4489,0.8905,54.37,2027,H2,Jul-Dec
Shimron Hetmyer,West Indies,Middle Order Batter,30.75,1.0,1,197.0,-2.5007,0,1,779.22,34.43,158.7,0.0,0.0,0.0,49.8774,0.907,49.92,2027,H2,Jul-Dec
Tagenarine Chanderpaul,West Indies,Middle Order Batter,31.75,1.0,1,56.0,0.597,1,0,135.02,19.77,117.92,0.0,0.0,0.0,33.477,0.2606,33.76,2027,H2,Jul-Dec
Tevin Imlach,West Indies,Wicketkeeper,30.75,1.0,1,62.0,2.0347,1,0,428.51,35.21,146.18,0.0,0.0,0.0,46.2618,0.4145,46.39,2027,H2,Jul-Dec
Trevon Hinds,West Indies,Top Order Batter,26.75,1.0,1,46.0,3.6106,1,0,427.55,41.93,162.57,0.0,0.0,0.0,52.3169,0.8983,52.43,2027,H2,Jul-Dec
Voight Lawes,West Indies,Pace Bowler,26.75,1.0,1,41.0,2.1935,1,0,105.09,14.0,139.76,25.27,8.08,0.0,51.2643,0.3247,51.37,2027,H2,Jul-Dec
Zishan Motara,West Indies,Pace Bowler,23.75,1.0,1,37.0,5.4592,1,0,130.8,18.21,162.42,38.5,6.91,0.0,65.672,0.5917,68.8,2027,H2,Jul-Dec
Ainsley Ndlovu,Zimbabwe,Top Order Batter,28.75,1.0,1,52.0,-0.2541,0,0,440.38,22.5,133.25,0.0,0.0,0.0,38.8389,0.8938,39.0,2027,H2,Jul-Dec
Antum Naqvi,Zimbabwe,Batting All-Rounder,19.75,1.0,1,57.0,1.1854,1,0,1041.35,49.66,190.37,18.36,7.25,0.0,74.7024,0.9158,68.26,2027,H2,Jul-Dec
Ben Curran,Zimbabwe,Top Order Batter,31.75,1.0,1,62.0,0.6625,1,0,636.66,33.82,145.53,0.0,0.0,0.0,46.2846,0.9025,46.35,2027,H2,Jul-Dec
Blessing Muzarabani,Zimbabwe,Pace Bowler,31.75,1.0,1,102.0,-4.3807,0,1,82.85,11.29,115.17,27.53,8.42,0.0,45.9696,0.8223,45.98,2027,H2,Jul-Dec
Brad Evans,Zimbabwe,Pace Bowler,30.75,1.0,1,76.0,-3.3226,0,1,372.82,21.06,150.8,22.09,8.47,0.0,55.2412,0.9509,55.39,2027,H2,Jul-Dec
Brandon Mavuta,Zimbabwe,Spin Bowler,30.75,1.0,1,63.0,-1.9702,0,1,209.18,14.67,126.56,18.37,8.05,0.0,45.0365,0.8331,45.05,2027,H2,Jul-Dec
Brendan Taylor,Zimbabwe,Wicketkeeper,41.75,0.0,0,92.0,-3.3095,0,1,6.96,14.97,102.74,0.0,0.0,0.0,27.9695,0.0171,28.9,2027,H2,Jul-Dec
Brian Bennett,Zimbabwe,Batting All-Rounder,23.75,1.0,1,75.0,0.0177,0,0,1134.91,39.65,173.51,24.29,7.49,0.0,70.927,0.6688,68.27,2027,H2,Jul-Dec
Brian Mudzinganyama,Zimbabwe,Middle Order Batter,26.75,1.0,1,48.0,1.1695,1,0,398.69,26.31,150.36,0.0,0.0,0.0,43.8689,0.8193,43.98,2027,H2,Jul-Dec
Charlton Tshuma,Zimbabwe,Pace Bowler,27.75,1.0,1,35.0,-0.0503,0,0,22.96,5.26,95.62,12.99,8.39,0.0,31.0738,0.0687,31.34,2027,H2,Jul-Dec
Clive Chitumba,Zimbabwe,Wicketkeeper,28.75,1.0,1,36.0,1.1621,1,0,259.45,27.03,140.84,0.0,0.0,0.0,41.5755,0.2835,41.76,2027,H2,Jul-Dec
Clive Madande,Zimbabwe,Wicketkeeper,26.75,1.0,1,78.0,0.3928,0,0,816.04,30.95,150.46,0.0,0.0,0.0,46.9134,0.7683,47.08,2027,H2,Jul-Dec
Craig Ervine,Zimbabwe,Middle Order Batter,41.75,0.0,0,69.0,-1.6218,0,1,45.23,22.23,112.38,0.0,0.0,0.0,32.8531,0.0232,33.17,2027,H2,Jul-Dec
Dion Myers,Zimbabwe,Batting All-Rounder,25.75,1.0,1,72.0,0.5765,1,0,744.51,35.73,158.72,19.88,7.86,0.0,62.3949,0.8533,62.2,2027,H2,Jul-Dec
Ernest Masuku,Zimbabwe,Pace Bowler,29.75,1.0,1,51.0,-1.4373,0,1,44.21,4.08,99.43,14.55,8.31,0.0,32.4557,0.1168,32.46,2027,H2,Jul-Dec
Faraz Akram,Zimbabwe,Bowling All-Rounder,29.75,1.0,1,65.0,-0.4809,0,0,434.66,30.97,150.15,20.49,8.11,0.0,58.0624,0.0072,57.8,2027,H2,Jul-Dec
Graeme Cremer,Zimbabwe,Spin Bowler,40.75,0.0,0,105.0,-3.011,0,1,28.3,17.09,105.72,3.59,6.67,0.0,32.7815,0.0445,32.9,2027,H2,Jul-Dec
Innocent Kaia,Zimbabwe,Top Order Batter,35.75,0.75,1,66.2857,-1.6456,0,1,132.21,17.85,122.46,0.0,0.0,0.0,33.7773,0.0346,34.43,2027,H2,Jul-Dec
John Campbell,Zimbabwe,Middle Order Batter,33.75,1.0,1,77.0,-1.523,0,1,315.8,23.3,133.44,0.0,0.0,0.0,38.7697,0.8054,38.82,2027,H2,Jul-Dec
Joylord Gumbie,Zimbabwe,Wicketkeeper,31.75,1.0,1,56.0,-0.3911,0,0,262.4,22.43,122.95,0.0,0.0,0.0,35.9624,0.1102,36.22,2027,H2,Jul-Dec
Kian Blignaut,Zimbabwe,Pace Bowler,19.75,1.0,1,32.0,0.4958,0,0,30.59,7.19,101.47,12.88,7.9,0.0,33.1437,0.0654,33.18,2027,H2,Jul-Dec
Kundai Matigimu,Zimbabwe,Pace Bowler,30.75,1.0,1,45.0,-0.7799,0,1,31.56,8.0,87.13,11.96,8.35,0.0,29.643,0.0395,30.0,2027,H2,Jul-Dec
Luke Jongwe,Zimbabwe,Bowling All-Rounder,31.75,1.0,1,93.0,-5.1966,0,1,261.88,16.59,131.51,17.13,9.29,0.0,46.0394,0.0159,45.98,2027,H2,Jul-Dec
Milton Shumba,Zimbabwe,Middle Order Batter,26.75,1.0,1,65.0,0.6314,1,0,537.74,28.5,146.6,0.0,0.0,0.0,44.2773,0.9064,44.43,2027,H2,Jul-Dec
Nathaniel Mayavo,Zimbabwe,Wicketkeeper,30.75,1.0,1,51.0,0.1353,0,0,300.27,23.19,136.8,0.0,0.0,0.0,39.4232,0.3442,39.47,2027,H2,Jul-Dec
Newman Nyamhuri,Zimbabwe,Pace Bowler,21.75,1.0,1,41.0,-0.3207,0,0,22.15,6.98,99.22,16.3,7.7,0.0,34.5231,0.1227,34.23,2027,H2,Jul-Dec
Nick Welch,Zimbabwe,Top Order Batter,29.75,1.0,1,72.0,0.3692,0,0,764.06,35.68,158.91,0.0,0.0,0.0,50.3276,0.9671,50.47,2027,H2,Jul-Dec
Panashe Taruvinga,Zimbabwe,Middle Order Batter,25.75,1.0,1,46.0,1.083,1,0,348.59,25.62,142.76,0.0,0.0,0.0,41.7767,0.6465,42.11,2027,H2,Jul-Dec
Prince Masvaure,Zimbabwe,Middle Order Batter,37.75,0.0,0,47.0,-0.7991,0,1,58.86,17.39,117.73,0.0,0.0,0.0,32.3284,0.0231,32.77,2027,H2,Jul-Dec
Richard Ngarava,Zimbabwe,Pace Bowler,29.75,1.0,1,100.0,-3.7105,0,1,73.9,9.67,128.39,35.53,7.41,0.0,53.0429,0.8887,53.1,2027,H2,Jul-Dec
Richmond Mutumbami,Zimbabwe,Wicketkeeper,36.75,0.7083,1,62.6667,-0.7787,0,1,101.81,17.39,119.76,0.0,0.0,0.0,32.9157,0.0078,33.42,2027,H2,Jul-Dec
Ryan Burl,Zimbabwe,Batting All-Rounder,33.75,1.0,1,117.0,-4.2405,0,1,600.84,25.48,137.02,23.34,8.52,0.0,55.221,0.6376,55.37,2027,H2,Jul-Dec
Sean Williams,Zimbabwe,Batting All-Rounder,41.75,0.0,0,81.0,-3.8006,0,1,55.09,20.32,118.15,2.53,8.96,0.0,35.5942,0.002,35.42,2027,H2,Jul-Dec
Sikandar Raza,Zimbabwe,Batting All-Rounder,41.75,0.0,0,136.0,-5.2566,0,1,362.75,33.11,153.69,11.76,7.98,0.0,54.4951,0.0306,48.77,2027,H2,Jul-Dec
Tadiwanashe Marumani,Zimbabwe,Wicketkeeper,25.75,1.0,1,78.0,1.1231,1,0,895.35,33.92,160.53,0.0,0.0,0.0,50.4713,0.8658,50.52,2027,H2,Jul-Dec
Tafadzwa Tsiga,Zimbabwe,Wicketkeeper,27.75,1.0,1,43.0,1.6812,1,0,365.89,31.65,145.72,0.0,0.0,0.0,44.6699,0.2868,44.89,2027,H2,Jul-Dec
Takudzwanashe Kaitano,Zimbabwe,Top Order Batter,33.75,1.0,1,60.0,-0.0939,0,0,364.39,21.97,127.53,0.0,0.0,0.0,37.1372,0.704,37.26,2027,H2,Jul-Dec
Tanaka Chivanga,Zimbabwe,Pace Bowler,31.75,1.0,1,56.0,-1.7525,0,1,21.7,4.45,80.98,12.36,9.71,0.0,26.9312,0.0332,27.52,2027,H2,Jul-Dec
Tapiwa Mufudza,Zimbabwe,Spin Bowler,29.75,1.0,1,40.0,0.833,1,0,246.45,21.14,136.34,15.94,7.68,0.0,48.384,0.8858,48.29,2027,H2,Jul-Dec
Tashinga Musekiwa,Zimbabwe,Batting All-Rounder,26.75,1.0,1,45.0,1.6975,1,0,457.16,40.51,168.34,9.28,8.29,0.0,59.2466,0.6285,59.58,2027,H2,Jul-Dec
Tendekai Gwandu,Zimbabwe,Pace Bowler,26.75,1.0,1,42.0,-0.2618,0,0,25.48,6.12,94.95,13.32,8.38,0.0,31.4333,0.0672,31.67,2027,H2,Jul-Dec
Tinotenda Maposa,Zimbabwe,Pace Bowler,30.75,1.0,1,50.0,-0.6329,0,1,29.29,6.88,93.15,16.27,8.69,0.0,32.9206,0.0697,32.91,2027,H2,Jul-Dec
Tony Munyonga,Zimbabwe,Batting All-Rounder,31.75,1.0,1,58.0,-0.1083,0,0,340.16,26.54,142.31,12.96,8.58,0.0,50.0679,0.5004,49.97,2027,H2,Jul-Dec
Victor Nyauchi,Zimbabwe,Pace Bowler,35.75,0.125,1,50.0,-2.4468,0,1,5.09,4.6,85.36,4.19,8.84,0.0,23.4494,0.0064,23.83,2027,H2,Jul-Dec
Vincent Masekesa,Zimbabwe,Batting All-Rounder,25.75,1.0,1,38.0,2.1751,1,0,338.1,34.43,160.35,9.43,8.26,0.0,54.9866,0.3844,55.37,2027,H2,Jul-Dec
Wellington Masakadza,Zimbabwe,Spin Bowler,34.75,0.625,1,99.0,-4.6965,0,1,150.77,13.52,116.65,20.63,7.57,0.0,43.6372,0.3034,41.89,2027,H2,Jul-Dec
Wessly Madhevere,Zimbabwe,Batting All-Rounder,26.75,1.0,1,92.0,-1.4508,0,1,653.2,31.24,145.64,16.55,8.32,0.0,55.5947,0.5716,55.42,2027,H2,Jul-Dec
William Mashinge,Zimbabwe,Batting All-Rounder,30.75,1.0,1,53.0,0.3719,0,0,344.26,24.24,142.75,11.84,8.44,0.0,48.744,0.6243,48.69,2027,H2,Jul-Dec
A M Ghazanfar,Afghanistan,Spin Bowler,22.25,1.0,1,63.0,0.2611,0,0,135.08,18.13,136.86,42.52,7.82,0.0,59.886,0.8026,59.79,2028,H1,Jan-Jun
Abdul Malik,Afghanistan,Middle Order Batter,31.25,1.0,1,76.0,0.113,0,0,905.91,33.34,137.41,0.0,0.0,0.0,44.3296,0.8874,44.43,2028,H1,Jan-Jun
Abdul Rahman,Afghanistan,Pace Bowler,29.25,1.0,1,65.0,-0.187,0,0,86.76,13.9,129.19,28.87,8.74,0.0,49.1129,0.7354,49.16,2028,H1,Jan-Jun
Azizullah Mia Khil,Afghanistan,Top Order Batter,27.25,1.0,1,56.0,1.5864,1,0,589.39,39.36,150.35,0.0,0.0,0.0,48.2745,0.8452,48.33,2028,H1,Jan-Jun
Azmatullah Omarzai,Afghanistan,Bowling All-Rounder,28.25,1.0,1,110.0,-0.2253,0,0,1502.18,36.22,163.29,41.92,8.11,0.0,75.9669,0.0269,69.05,2028,H1,Jan-Jun
Bahir Shah,Afghanistan,Top Order Batter,27.25,1.0,1,65.0,1.6629,1,0,760.85,47.21,150.96,0.0,0.0,0.0,51.734,0.8911,51.76,2028,H1,Jan-Jun
Bashir Ahmad,Afghanistan,Bowling All-Rounder,28.25,1.0,1,62.0,0.8182,1,0,585.28,31.0,146.38,26.09,8.52,0.0,59.0486,0.0254,59.93,2028,H1,Jan-Jun
Bilal Sami,Afghanistan,Pace Bowler,27.25,1.0,1,61.0,0.183,0,0,86.58,13.06,122.58,30.73,8.99,0.0,48.323,0.7018,48.34,2028,H1,Jan-Jun
Darwish Rasooli,Afghanistan,Top Order Batter,29.25,1.0,1,96.0,0.5099,1,0,1382.9,36.97,152.17,0.0,0.0,0.0,50.3245,0.9827,50.47,2028,H1,Jan-Jun
Faisal Khan Ahmadzai,Afghanistan,Pace Bowler,28.25,1.0,1,53.0,0.4318,0,0,85.98,13.05,118.98,27.08,9.18,0.0,45.5621,0.6583,45.56,2028,H1,Jan-Jun
Fareed Ahmad,Afghanistan,Pace Bowler,33.25,1.0,1,79.0,-0.8811,0,1,80.97,11.14,111.52,28.08,9.97,0.0,43.6557,0.6517,43.68,2028,H1,Jan-Jun
Faridoon Dawoodzai,Afghanistan,Pace Bowler,28.25,1.0,1,58.0,0.438,0,0,100.72,16.18,127.81,32.85,8.57,0.0,51.8165,0.8595,51.71,2028,H1,Jan-Jun
Fazalhaq Farooqi,Afghanistan,Pace Bowler,27.25,1.0,1,104.0,-1.822,0,1,95.32,11.52,119.2,36.4,9.26,0.0,50.0386,0.8155,50.02,2028,H1,Jan-Jun
Gulbadin Naib,Afghanistan,Batting All-Rounder,37.25,0.0,0,83.0,-1.7571,0,1,228.04,24.89,121.98,5.78,10.28,0.0,39.3662,0.0096,39.01,2028,H1,Jan-Jun
Hashmatullah Shahidi,Afghanistan,Top Order Batter,33.25,1.0,1,53.0,0.2726,0,0,375.68,30.37,110.36,0.0,0.0,0.0,35.7353,0.3585,35.93,2028,H1,Jan-Jun
Ibrahim Zadran,Afghanistan,Top Order Batter,26.25,1.0,1,105.0,0.6468,1,0,1457.37,44.09,138.08,0.0,0.0,0.0,50.0304,0.9577,49.94,2028,H1,Jan-Jun
Ikram Ali Khil,Afghanistan,Wicketkeeper,26.25,1.0,1,72.0,0.4632,0,0,646.05,31.64,132.19,0.0,0.0,0.0,41.7741,0.5193,41.91,2028,H1,Jan-Jun
Karim Janat,Afghanistan,Bowling All-Rounder,29.25,1.0,1,114.0,-0.6727,0,1,1086.61,31.99,142.7,40.42,9.2,0.0,67.677,0.0161,68.23,2028,H1,Jan-Jun
Khatir Stanikzai,Afghanistan,Top Order Batter,29.25,1.0,1,69.0,1.6788,1,0,714.29,42.2,145.57,0.0,0.0,0.0,48.6398,0.7979,48.61,2028,H1,Jan-Jun
Mohammad Ishaq,Afghanistan,Wicketkeeper,26.25,1.0,1,64.0,1.6437,1,0,678.85,37.71,143.63,0.0,0.0,0.0,46.5135,0.5772,46.67,2028,H1,Jan-Jun
Mohammad Nabi,Afghanistan,Bowling All-Rounder,43.25,0.0,0,165.0,-4.6677,0,1,268.99,24.11,129.31,8.88,9.38,0.0,42.5934,0.0038,42.01,2028,H1,Jan-Jun
Mohammad Saleem,Afghanistan,Pace Bowler,26.25,1.0,1,57.0,0.7139,1,0,108.47,17.43,124.8,30.65,9.05,0.0,50.3713,0.8703,50.55,2028,H1,Jan-Jun
Mujeeb Ur Rahman,Afghanistan,Spin Bowler,27.25,1.0,1,109.0,-1.6436,0,1,143.59,18.57,138.75,42.06,7.57,0.0,60.2961,0.8423,59.79,2028,H1,Jan-Jun
Munir Ahmad Kakar,Afghanistan,Wicketkeeper,29.25,1.0,1,67.0,1.085,1,0,626.71,37.42,141.03,0.0,0.0,0.0,45.6821,0.7299,45.73,2028,H1,Jan-Jun
Najibullah Zadran,Afghanistan,Wicketkeeper,34.25,1.0,1,109.0,0.1429,0,0,1084.21,31.38,131.95,0.0,0.0,0.0,43.0122,0.5491,43.2,2028,H1,Jan-Jun
Nangeyalia Kharote,Afghanistan,Spin Bowler,24.25,1.0,1,60.0,0.757,1,0,428.38,27.68,138.21,35.14,8.08,0.0,60.5091,0.9175,59.83,2028,H1,Jan-Jun
Naveed Zadran,Afghanistan,Pace Bowler,27.25,1.0,1,64.0,0.2856,0,0,98.05,15.78,119.35,31.94,9.2,0.0,49.2303,0.8197,49.16,2028,H1,Jan-Jun
Naveen-ul-Haq,Afghanistan,Pace Bowler,28.25,1.0,1,110.0,-1.6287,0,1,125.81,15.73,134.55,41.99,8.37,0.0,58.0991,0.9069,57.86,2028,H1,Jan-Jun
Nazifullah Amiri,Afghanistan,Middle Order Batter,25.25,1.0,1,52.0,1.7685,1,0,563.05,37.91,145.65,0.0,0.0,0.0,46.6573,0.8698,46.74,2028,H1,Jan-Jun
Noor Ahmad,Afghanistan,Spin Bowler,23.25,1.0,1,96.0,-0.1641,0,0,190.32,20.96,142.54,54.11,7.64,0.0,68.5041,0.9527,67.13,2028,H1,Jan-Jun
Qais Ahmad,Afghanistan,Spin Bowler,27.25,1.0,1,86.0,-0.4247,0,0,139.17,16.86,128.31,40.24,9.14,0.0,56.111,0.8175,55.92,2028,H1,Jan-Jun
Rahmanullah Gurbaz,Afghanistan,Wicketkeeper,26.25,1.0,1,122.0,0.5803,1,0,1866.58,40.22,150.94,0.0,0.0,0.0,52.7372,0.9472,52.83,2028,H1,Jan-Jun
Rahmat Shah,Afghanistan,Top Order Batter,35.25,0.9375,1,59.5,0.8401,1,0,601.72,35.84,119.5,0.0,0.0,0.0,40.3725,0.6464,40.01,2028,H1,Jan-Jun
Rashid Khan,Afghanistan,Spin Bowler,29.25,1.0,1,203.0,-2.9602,0,1,500.51,24.37,158.02,57.61,7.26,0.0,76.0122,0.9644,68.9,2028,H1,Jan-Jun
Riaz Hassan,Afghanistan,Middle Order Batter,28.25,1.0,1,72.0,1.0325,1,0,776.65,41.83,147.85,0.0,0.0,0.0,49.1997,0.9085,49.14,2028,H1,Jan-Jun
Rohullah Arab,Afghanistan,Pace Bowler,26.25,1.0,1,55.0,0.3158,0,0,79.57,12.02,116.35,27.5,9.4,0.0,44.7918,0.5866,44.74,2028,H1,Jan-Jun
Sediqullah Atal,Afghanistan,Top Order Batter,26.25,1.0,1,79.0,2.5862,1,0,1588.89,55.0,164.53,0.0,0.0,0.0,60.0549,0.9833,59.76,2028,H1,Jan-Jun
Shahidullah Kamal,Afghanistan,Middle Order Batter,32.25,1.0,1,90.0,0.9346,1,0,875.77,36.96,125.84,0.0,0.0,0.0,43.0098,0.8616,43.2,2028,H1,Jan-Jun
Sharafuddin Ashraf,Afghanistan,Batting All-Rounder,32.25,1.0,1,76.0,0.3228,0,0,547.5,29.25,123.73,23.39,10.21,0.0,51.6755,0.879,51.71,2028,H1,Jan-Jun
Wafiullah Tarakhil,Afghanistan,Top Order Batter,24.25,1.0,1,71.0,2.35,1,0,904.59,45.34,157.68,0.0,0.0,0.0,52.9814,0.9797,53.16,2028,H1,Jan-Jun
Wahidullah Zadran,Afghanistan,Top Order Batter,24.25,1.0,1,54.0,2.3664,1,0,816.17,48.4,167.65,0.0,0.0,0.0,55.9511,0.9785,56.01,2028,H1,Jan-Jun
Zia-Ur-Rehman Abdul Malik,Afghanistan,Spin Bowler,27.25,1.0,1,59.0,0.0996,0,0,160.57,16.9,134.65,36.18,8.07,0.0,55.6211,0.8062,55.4,2028,H1,Jan-Jun
Zubaid Akbari,Afghanistan,Middle Order Batter,25.25,1.0,1,75.0,2.3588,1,0,994.5,49.16,157.71,0.0,0.0,0.0,54.6274,0.9529,54.37,2028,H1,Jan-Jun
Aaron Hardie,Australia,Bowling All-Rounder,29.25,1.0,1,118.0,0.0569,0,0,347.19,29.98,149.13,6.89,9.08,0.0,48.216,0.0136,48.32,2028,H1,Jan-Jun
Adam Zampa,Australia,Spin Bowler,36.25,0.7917,1,194.0,-0.9363,0,1,8.53,7.28,99.11,15.73,8.32,0.0,33.0888,0.6672,33.1,2028,H1,Jan-Jun
Alex Carey,Australia,Wicketkeeper,36.25,0.75,1,133.2,-0.0803,0,0,196.1,28.86,135.71,0.0,0.0,0.0,40.1313,0.0384,40.69,2028,H1,Jan-Jun
Ashton Agar,Australia,Spin Bowler,34.25,0.9583,1,117.0,-2.5906,0,1,0.0,3.47,77.01,1.55,8.68,0.0,19.3025,0.0129,19.95,2028,H1,Jan-Jun
Beau Webster,Australia,Bowling All-Rounder,34.25,1.0,1,118.0,1.238,1,0,389.61,42.52,154.34,10.36,8.37,0.0,55.9127,0.0117,55.93,2028,H1,Jan-Jun
Ben Dwarshuis,Australia,Pace Bowler,33.25,1.0,1,103.0,-0.475,0,0,24.59,14.18,125.54,10.3,8.97,0.0,38.3065,0.8599,38.31,2028,H1,Jan-Jun
Ben Kellaway,Australia,Batting All-Rounder,23.25,1.0,1,43.0,2.6313,1,0,180.61,37.97,182.14,7.9,7.78,0.0,58.4926,0.8779,57.84,2028,H1,Jan-Jun
Ben Manenti,Australia,Bowling All-Rounder,31.25,1.0,1,73.0,-0.4378,0,0,104.3,19.8,119.28,5.88,9.42,0.0,36.7665,0.0126,36.84,2028,H1,Jan-Jun
Billy Stanlake,Australia,Pace Bowler,33.25,1.0,1,68.0,-1.7067,0,1,0.0,0.6,58.59,0.0,10.67,0.0,13.1499,0.0064,14.36,2028,H1,Jan-Jun
Brendan Doggett,Australia,Pace Bowler,33.25,1.0,1,68.0,-1.3174,0,1,2.23,2.23,68.29,5.43,9.68,0.0,18.8672,0.0342,19.68,2028,H1,Jan-Jun
Cameron Gannon,Australia,Pace Bowler,37.25,0.0,0,40.0,-1.3033,0,1,0.28,0.95,47.32,0.79,11.06,0.0,11.2023,0.0023,6.98,2028,H1,Jan-Jun
Cameron Green,Australia,Batting All-Rounder,29.25,1.0,1,118.0,-0.7316,0,1,210.12,31.9,158.0,5.16,8.08,0.0,49.6683,0.0156,49.75,2028,H1,Jan-Jun
Campbell Kellaway,Australia,Top Order Batter,26.25,1.0,1,63.0,1.1715,1,0,212.15,32.94,150.27,0.0,0.0,0.0,44.7883,0.9408,44.89,2028,H1,Jan-Jun
Cooper Connolly,Australia,Batting All-Rounder,24.25,1.0,1,73.0,-0.1967,0,0,284.12,28.63,164.19,7.1,7.8,0.0,51.1804,0.7838,51.11,2028,H1,Jan-Jun
Corey Rocchiccioli,Australia,Spin Bowler,31.25,1.0,1,63.0,-0.398,0,0,4.3,5.29,84.47,6.76,9.0,0.0,24.2908,0.5126,25.31,2028,H1,Jan-Jun
Fergus O'Neill,Australia,Pace Bowler,27.25,1.0,1,58.0,-0.1415,0,0,5.92,5.92,82.53,7.22,9.3,0.0,24.2909,0.1197,25.32,2028,H1,Jan-Jun
Glenn Maxwell,Australia,Batting All-Rounder,40.25,0.0,0,280.0,-1.6008,0,1,118.36,30.11,141.24,1.45,9.91,0.0,42.801,0.0054,42.91,2028,H1,Jan-Jun
Harry Nielsen,Australia,Wicketkeeper,32.25,1.0,1,98.0,-0.3452,0,0,165.82,24.53,119.26,0.0,0.0,0.0,34.9308,0.1306,35.08,2028,H1,Jan-Jun
Henry Hunt,Australia,Top Order Batter,30.25,1.0,1,63.0,0.0857,0,0,123.41,30.61,137.89,0.0,0.0,0.0,40.996,0.8829,41.23,2028,H1,Jan-Jun
Henry Thornton,Australia,Pace Bowler,32.25,1.0,1,78.0,-0.9972,0,1,4.97,4.97,79.73,3.54,10.4,0.0,21.2202,0.0198,22.05,2028,H1,Jan-Jun
Jack Edwards,Australia,Batting All-Rounder,28.25,1.0,1,88.0,-0.0389,0,0,203.14,28.69,136.39,5.61,8.57,0.0,43.9554,0.4342,44.18,2028,H1,Jan-Jun
Jake Fraser-McGurk,Australia,Top Order Batter,26.25,1.0,1,93.0,-1.1408,0,1,148.36,24.02,167.85,0.0,0.0,0.0,45.2342,0.9549,45.37,2028,H1,Jan-Jun
Jake Lehmann,Australia,Middle Order Batter,35.25,0.9167,1,81.0,-0.689,0,1,53.1,20.38,105.63,0.0,0.0,0.0,30.1458,0.1079,30.83,2028,H1,Jan-Jun
Jake Weatherald,Australia,Top Order Batter,34.25,1.0,1,168.0,-1.4736,0,1,255.63,25.76,129.93,0.0,0.0,0.0,37.9651,0.6752,38.09,2028,H1,Jan-Jun
Jason Behrendorff,Australia,Pace Bowler,38.25,0.3929,1,126.8571,-1.5558,0,1,1.03,3.38,73.06,3.37,9.25,0.0,19.281,0.0092,19.9,2028,H1,Jan-Jun
Jason Sangha,Australia,Middle Order Batter,29.25,1.0,1,93.0,-0.8228,0,1,135.41,21.22,125.12,0.0,0.0,0.0,34.9311,0.4981,35.08,2028,H1,Jan-Jun
Jhye Richardson,Australia,Pace Bowler,31.25,1.0,1,118.0,-1.2043,0,1,1.35,4.27,72.17,5.17,9.77,0.0,20.2779,0.0467,21.25,2028,H1,Jan-Jun
Joel Davies,Australia,Middle Order Batter,24.25,1.0,1,36.0,1.6709,1,0,158.65,31.98,164.09,0.0,0.0,0.0,47.2764,0.7636,47.44,2028,H1,Jan-Jun
Jordan Buckingham,Australia,Pace Bowler,27.25,1.0,1,48.0,0.0019,0,0,10.11,10.11,91.27,5.49,9.5,0.0,26.734,0.3103,27.53,2028,H1,Jan-Jun
Josh Hazlewood,Australia,Pace Bowler,37.25,0.55,1,139.6,-0.0129,0,0,2.35,7.93,83.26,13.13,9.48,0.0,28.2644,0.0599,28.73,2028,H1,Jan-Jun
Josh Inglis,Australia,Wicketkeeper,33.25,1.0,1,168.0,0.9603,1,0,554.81,35.39,151.02,0.0,0.0,0.0,46.9016,0.8984,47.08,2028,H1,Jan-Jun
Josh Philippe,Australia,Wicketkeeper,31.25,1.0,1,158.0,-1.2467,0,1,202.72,22.51,135.14,0.0,0.0,0.0,37.7747,0.3215,37.9,2028,H1,Jan-Jun
Lance Morris,Australia,Pace Bowler,30.25,1.0,1,53.0,-0.863,0,1,0.25,0.25,51.13,5.4,8.96,0.0,14.5415,0.0257,15.12,2028,H1,Jan-Jun
Liam Hatcher,Australia,Pace Bowler,31.25,1.0,1,73.0,-0.8792,0,1,5.9,5.9,82.92,4.17,9.86,0.0,22.6571,0.0374,23.0,2028,H1,Jan-Jun
Liam Scott,Australia,Batting All-Rounder,27.25,1.0,1,73.0,1.8581,1,0,381.76,41.79,155.52,8.54,8.24,0.0,54.9445,0.8364,54.72,2028,H1,Jan-Jun
Mackenzie Harvey,Australia,Wicketkeeper,27.25,1.0,1,93.0,-0.8832,0,1,94.95,19.56,125.02,0.0,0.0,0.0,34.1926,0.0771,34.41,2028,H1,Jan-Jun
Mahli Beardman,Australia,Pace Bowler,22.25,1.0,1,33.0,0.6064,1,0,7.54,7.54,105.74,5.22,8.42,0.0,29.0062,0.2972,29.66,2028,H1,Jan-Jun
Marcus Stoinis,Australia,Batting All-Rounder,39.25,0.0,0,280.0,-1.9301,0,1,74.98,22.09,123.85,1.26,9.8,0.0,35.9611,0.0016,35.97,2028,H1,Jan-Jun
Marnus Labuschagne,Australia,Top Order Batter,34.25,1.0,1,138.0,-0.6708,0,1,135.77,24.12,114.3,0.0,0.0,0.0,33.6146,0.2544,33.94,2028,H1,Jan-Jun
Matthew Gilkes,Australia,Wicketkeeper,29.25,1.0,1,108.0,-0.842,0,1,168.17,23.88,129.62,0.0,0.0,0.0,36.9547,0.2416,37.12,2028,H1,Jan-Jun
Matthew Kuhnemann,Australia,Spin Bowler,31.25,1.0,1,73.0,0.1065,0,0,5.58,8.01,104.67,8.89,8.28,0.0,30.9157,0.7427,31.2,2028,H1,Jan-Jun
Matthew Renshaw,Australia,Middle Order Batter,32.25,1.0,1,168.0,-0.3812,0,0,293.87,31.44,130.79,0.0,10.27,0.0,40.7374,0.5076,41.01,2028,H1,Jan-Jun
Matthew Short,Australia,Batting All-Rounder,32.25,1.0,1,188.0,-2.1208,0,1,323.07,26.7,137.05,3.59,9.59,0.0,42.515,0.1941,42.7,2028,H1,Jan-Jun
Matthew Wade,Australia,Wicketkeeper,40.25,0.0,0,250.0,-2.8062,0,1,0.0,12.48,107.55,0.0,0.0,0.0,27.5907,0.0102,28.5,2028,H1,Jan-Jun
Michael Neser,Australia,Bowling All-Rounder,38.25,0.0,0,115.0,-0.2891,0,0,47.35,28.87,136.21,2.35,8.77,0.0,41.7162,0.0022,42.15,2028,H1,Jan-Jun
Mitchell Marsh,Australia,Bowling All-Rounder,36.25,0.8214,1,194.5714,-0.2303,0,0,429.11,33.26,138.79,3.61,9.84,0.0,45.5272,0.0071,45.04,2028,H1,Jan-Jun
Mitchell Owen,Australia,Batting All-Rounder,27.25,1.0,1,78.0,1.3378,1,0,414.06,35.84,177.38,4.36,8.7,0.0,55.3594,0.9144,55.39,2028,H1,Jan-Jun
Mitchell Starc,Australia,Pace Bowler,38.25,0.1875,1,163.0,-1.3683,0,1,0.43,3.72,91.36,4.93,9.6,0.0,24.1411,0.0266,24.81,2028,H1,Jan-Jun
Mitchell Stoinis,Australia,Batting All-Rounder,39.25,0.0,0,280.0,-1.9301,0,1,77.43,22.81,127.89,1.3,9.49,0.0,37.1707,0.002,37.12,2028,H1,Jan-Jun
Nathan Ellis,Australia,Pace Bowler,33.25,1.0,1,118.0,-0.9057,0,1,5.37,9.09,105.16,9.94,8.95,0.0,31.8308,0.5718,31.98,2028,H1,Jan-Jun
Nathan Lyon,Australia,Spin Bowler,40.25,0.0,0,40.0,-0.8548,0,1,0.06,0.2,59.04,0.42,8.95,0.0,13.5925,0.0054,14.67,2028,H1,Jan-Jun
Nathan McAndrew,Australia,Bowling All-Rounder,33.25,1.0,1,103.0,-0.432,0,0,140.49,22.44,123.1,8.12,9.19,0.0,39.8764,0.01,40.02,2028,H1,Jan-Jun
Nathan McSweeney,Australia,Middle Order Batter,29.25,1.0,1,83.0,-0.2544,0,0,130.21,23.57,131.74,0.0,0.0,0.0,37.1847,0.7859,37.3,2028,H1,Jan-Jun
Nikhil Chaudhary,Australia,Batting All-Rounder,32.25,1.0,1,88.0,0.8368,1,0,328.48,29.82,150.35,7.92,9.38,0.0,48.861,0.6903,48.98,2028,H1,Jan-Jun
Oliver Peake,Australia,Middle Order Batter,22.25,1.0,1,30.0,2.4338,1,0,123.81,35.25,176.28,0.0,0.0,0.0,50.9712,0.9016,51.05,2028,H1,Jan-Jun
Pat Cummins,Australia,Pace Bowler,35.25,0.9375,1,116.5,-1.4021,0,1,19.4,9.03,94.87,6.61,9.5,0.0,27.7564,0.2643,28.45,2028,H1,Jan-Jun
Riley Meredith,Australia,Pace Bowler,32.25,1.0,1,118.0,-1.2877,0,1,0.6,3.53,70.83,4.42,9.6,0.0,19.3499,0.0233,20.29,2028,H1,Jan-Jun
Sam Elliott,Australia,Pace Bowler,26.25,1.0,1,40.0,-0.1524,0,0,13.32,10.22,91.14,4.61,9.19,0.0,26.339,0.2701,27.06,2028,H1,Jan-Jun
Sam Konstas,Australia,Top Order Batter,22.25,1.0,1,50.0,2.6206,1,0,467.84,35.76,184.37,0.0,0.0,0.0,53.9924,0.9814,54.08,2028,H1,Jan-Jun
Scott Boland,Australia,Pace Bowler,39.25,0.0,0,35.0,-0.9798,0,1,0.22,0.74,57.62,0.52,9.63,0.0,13.4145,0.0052,14.25,2028,H1,Jan-Jun
Sean Abbott,Australia,Bowling All-Rounder,36.25,0.625,1,181.0,-1.8323,0,1,106.77,17.7,127.45,7.32,9.11,0.0,38.6197,0.0066,38.14,2028,H1,Jan-Jun
Spencer Johnson,Australia,Pace Bowler,32.25,1.0,1,73.0,-0.5233,0,1,7.71,6.92,87.81,7.76,9.69,0.0,26.0206,0.387,26.6,2028,H1,Jan-Jun
Steven Smith,Australia,Top Order Batter,39.25,0.0,0,180.0,-0.982,0,1,59.63,25.56,134.91,0.0,0.0,0.0,38.3559,0.0437,38.82,2028,H1,Jan-Jun
Tanveer Sangha,Australia,Spin Bowler,26.25,1.0,1,78.0,-0.4902,0,0,3.14,5.53,84.89,10.03,8.54,0.0,26.2899,0.7114,26.97,2028,H1,Jan-Jun
Tim David,Australia,Middle Order Batter,32.25,1.0,1,158.0,-0.1106,0,0,342.25,30.88,157.05,0.0,0.0,0.0,45.9382,0.9277,45.95,2028,H1,Jan-Jun
Todd Murphy,Australia,Spin Bowler,27.25,1.0,1,38.0,-1.0761,0,1,0.71,0.71,59.68,2.16,8.97,0.0,14.836,0.0114,15.63,2028,H1,Jan-Jun
Travis Head,Australia,Top Order Batter,34.25,1.0,1,198.0,-0.27,0,0,561.53,36.5,171.7,0.0,0.0,0.0,51.8024,0.9918,51.76,2028,H1,Jan-Jun
Will Sutherland,Australia,Bowling All-Rounder,28.25,1.0,1,108.0,-0.099,0,0,208.52,28.56,136.71,8.02,8.71,0.0,45.2498,0.0101,45.36,2028,H1,Jan-Jun
Xavier Bartlett,Australia,Pace Bowler,29.25,1.0,1,68.0,-0.4806,0,0,13.46,11.13,115.96,8.03,8.53,0.0,33.9878,0.5964,34.16,2028,H1,Jan-Jun
A. G. Saqlain,Bangladesh,Bowling All-Rounder,26.25,1.0,1,36.0,1.5243,1,0,189.82,28.86,146.49,17.5,8.34,0.0,52.5344,0.0118,52.39,2028,H1,Jan-Jun
Abdul Gaffar Saqlain,Bangladesh,Bowling All-Rounder,26.25,1.0,1,36.0,1.5243,1,0,203.62,30.96,157.15,18.77,7.78,0.0,56.437,0.0176,56.45,2028,H1,Jan-Jun
Afif Hossain,Bangladesh,Batting All-Rounder,28.25,1.0,1,150.0,-2.0747,0,1,265.62,20.2,138.08,8.96,8.62,0.0,43.2772,0.3828,43.28,2028,H1,Jan-Jun
Akbar Ali,Bangladesh,Wicketkeeper,27.25,1.0,1,52.0,1.424,1,0,487.64,31.69,148.51,0.0,0.0,0.0,44.832,0.5285,45.0,2028,H1,Jan-Jun
Amite Hasan,Bangladesh,Middle Order Batter,27.25,1.0,1,49.0,1.6032,1,0,358.73,30.76,141.22,0.0,0.0,0.0,42.514,0.804,42.71,2028,H1,Jan-Jun
Anamul Haque,Bangladesh,Wicketkeeper,35.25,0.9375,1,159.5,-1.296,0,1,232.92,19.3,118.18,0.0,0.0,0.0,33.0519,0.0301,33.21,2028,H1,Jan-Jun
Ebadat Hossain,Bangladesh,Pace Bowler,34.25,1.0,1,63.0,0.4398,0,0,25.23,12.06,106.64,19.03,8.92,0.0,38.108,0.279,38.26,2028,H1,Jan-Jun
Hasan Mahmud,Bangladesh,Pace Bowler,29.25,1.0,1,101.0,-0.667,0,1,89.99,13.55,122.39,41.64,8.16,0.0,54.4336,0.9072,54.37,2028,H1,Jan-Jun
Hasan Murad,Bangladesh,Spin Bowler,26.25,1.0,1,56.0,1.4761,1,0,76.33,17.62,122.35,32.25,7.56,0.0,50.9753,0.9471,51.13,2028,H1,Jan-Jun
Jaker Ali,Bangladesh,Wicketkeeper,30.25,1.0,1,85.0,1.2723,1,0,677.31,36.26,153.64,0.0,0.0,0.0,48.1652,0.7959,48.36,2028,H1,Jan-Jun
Jishan Alam,Bangladesh,Top Order Batter,26.25,1.0,1,49.0,1.6795,1,0,437.71,34.31,154.14,0.0,0.0,0.0,46.8256,0.9179,46.84,2028,H1,Jan-Jun
Khaled Ahmed,Bangladesh,Pace Bowler,35.25,0.9643,1,88.1429,0.4571,0,0,37.39,12.45,98.17,25.85,10.11,0.0,39.8814,0.2694,40.0,2028,H1,Jan-Jun
Litton Das,Bangladesh,Wicketkeeper,33.25,1.0,1,228.0,-0.81,0,1,671.42,31.62,144.34,0.0,0.0,0.0,44.4825,0.7355,44.7,2028,H1,Jan-Jun
Mahedi Hasan,Bangladesh,Batting All-Rounder,33.25,1.0,1,171.0,0.0353,0,0,653.5,31.47,150.13,37.63,8.03,0.0,66.4855,0.8632,68.24,2028,H1,Jan-Jun
Mahidul Islam Ankon,Bangladesh,Wicketkeeper,27.25,1.0,1,63.0,1.7718,1,0,433.08,34.87,145.36,0.0,0.0,0.0,45.1053,0.7476,45.26,2028,H1,Jan-Jun
Mahmudul Hasan Joy,Bangladesh,Middle Order Batter,27.25,1.0,1,90.0,0.2224,0,0,434.4,29.72,137.84,0.0,0.0,0.0,41.6504,0.8545,41.91,2028,H1,Jan-Jun
Mahmudullah,Bangladesh,Batting All-Rounder,42.25,0.0,0,250.0,-5.119,0,1,0.0,20.46,134.35,0.0,8.9,0.0,36.9044,0.0016,36.93,2028,H1,Jan-Jun
Mehidy Hasan Miraz,Bangladesh,Bowling All-Rounder,30.25,1.0,1,186.0,-0.4125,0,0,600.53,30.57,132.14,38.73,7.99,0.0,62.6909,0.0226,61.82,2028,H1,Jan-Jun
Mohammad Naim,Bangladesh,Top Order Batter,28.25,1.0,1,126.0,-1.1598,0,1,363.48,25.44,142.77,0.0,0.0,0.0,40.9769,0.9009,41.22,2028,H1,Jan-Jun
Mohammad Saifuddin,Bangladesh,Bowling All-Rounder,31.25,1.0,1,129.0,-0.5889,0,1,391.19,23.11,135.77,33.05,8.92,0.0,56.9586,0.0173,56.75,2028,H1,Jan-Jun
Mominul Haque,Bangladesh,Top Order Batter,36.25,0.75,1,111.2,-0.4437,0,0,185.19,21.24,108.78,0.0,0.0,0.0,31.551,0.0226,32.04,2028,H1,Jan-Jun
Mosaddek Hossain,Bangladesh,Batting All-Rounder,32.25,1.0,1,155.0,-1.0736,0,1,379.24,23.57,128.17,13.86,8.76,0.0,45.2609,0.4701,45.22,2028,H1,Jan-Jun
Musfik Hasan,Bangladesh,Pace Bowler,24.25,1.0,1,42.0,1.3273,1,0,42.38,12.74,119.09,25.01,8.03,0.0,44.4657,0.5268,44.54,2028,H1,Jan-Jun
Mushfiqur Rahim,Bangladesh,Wicketkeeper,41.25,0.0,0,190.0,-1.6022,0,1,43.24,22.28,113.94,0.0,0.0,0.0,32.5915,0.0057,32.95,2028,H1,Jan-Jun
Mustafizur Rahman,Bangladesh,Pace Bowler,32.25,1.0,1,223.0,-1.4401,0,1,58.07,11.57,102.45,41.31,8.82,0.0,48.9954,0.7362,49.23,2028,H1,Jan-Jun
Nahid Rana,Bangladesh,Pace Bowler,25.25,1.0,1,82.0,0.6137,1,0,44.66,12.77,118.95,45.58,7.81,0.0,55.4431,0.8512,55.37,2028,H1,Jan-Jun
Najmul Hossain Apu,Bangladesh,Spin Bowler,29.25,1.0,1,45.0,1.293,1,0,57.59,13.14,113.76,25.18,8.14,0.0,43.5653,0.3328,43.68,2028,H1,Jan-Jun
Najmul Hossain Shanto,Bangladesh,Middle Order Batter,29.25,1.0,1,136.0,-0.2388,0,0,730.41,35.35,142.56,0.0,0.0,0.0,45.6064,0.9239,45.71,2028,H1,Jan-Jun
Nasum Ahmed,Bangladesh,Spin Bowler,34.25,1.0,1,157.0,-1.324,0,1,51.74,10.32,91.91,32.73,8.58,0.0,41.7293,0.4787,41.76,2028,H1,Jan-Jun
Nasum Ahmed Jr,Bangladesh,Spin Bowler,23.25,1.0,1,37.0,1.0085,1,0,57.78,12.49,121.4,22.68,7.55,0.0,43.8033,0.6397,43.84,2028,H1,Jan-Jun
Nayeem Hasan,Bangladesh,Spin Bowler,27.25,1.0,1,69.0,-0.6,0,1,53.44,13.04,102.62,24.41,8.05,0.0,40.711,0.5406,40.8,2028,H1,Jan-Jun
Nurul Hasan,Bangladesh,Wicketkeeper,35.25,0.95,1,164.8,0.0764,0,0,385.57,23.3,120.24,0.0,0.0,0.0,35.4001,0.0536,35.4,2028,H1,Jan-Jun
Parvez Hossain Emon,Bangladesh,Wicketkeeper,26.25,1.0,1,83.0,1.3541,1,0,753.97,39.27,162.02,0.0,0.0,0.0,51.2931,0.8805,51.42,2028,H1,Jan-Jun
Pritom Kumar,Bangladesh,Wicketkeeper,24.25,1.0,1,46.0,1.8842,1,0,434.38,34.08,152.05,0.0,0.0,0.0,46.2801,0.4491,46.39,2028,H1,Jan-Jun
Rejaur Rahman Raja,Bangladesh,Pace Bowler,27.25,1.0,1,51.0,1.2786,1,0,56.56,12.93,112.21,27.19,8.55,0.0,44.1341,0.5572,44.14,2028,H1,Jan-Jun
Ripon Mondol,Bangladesh,Pace Bowler,25.25,1.0,1,47.0,1.2736,1,0,49.03,14.48,124.6,31.05,7.72,0.0,49.5845,0.5841,49.5,2028,H1,Jan-Jun
Rishad Hossain,Bangladesh,Spin Bowler,25.25,1.0,1,109.0,1.8401,1,0,616.72,32.63,165.82,43.16,8.08,0.0,73.1139,0.9403,69.14,2028,H1,Jan-Jun
Saif Hassan,Bangladesh,Top Order Batter,29.25,1.0,1,100.0,1.1672,1,0,623.12,31.82,148.04,0.0,0.0,0.0,45.2036,0.964,45.37,2028,H1,Jan-Jun
Shadman Islam,Bangladesh,Top Order Batter,32.25,1.0,1,82.0,0.6824,1,0,353.14,29.03,120.35,0.0,0.0,0.0,37.3554,0.7751,37.45,2028,H1,Jan-Jun
Shahadat Hossain,Bangladesh,Middle Order Batter,26.25,1.0,1,55.0,1.697,1,0,405.25,34.99,146.83,0.0,0.0,0.0,45.3789,0.8759,45.52,2028,H1,Jan-Jun
Shakib Al Hasan,Bangladesh,Batting All-Rounder,41.25,0.0,0,310.0,-8.1687,0,1,0.0,19.51,129.8,0.0,8.55,0.0,35.6475,0.0013,35.88,2028,H1,Jan-Jun
Shamim Hossain,Bangladesh,Batting All-Rounder,27.25,1.0,1,94.0,1.7462,1,0,728.53,39.73,171.01,19.72,7.71,0.0,64.7345,0.9247,67.07,2028,H1,Jan-Jun
Shoriful Islam,Bangladesh,Pace Bowler,27.25,1.0,1,122.0,-1.0289,0,1,70.61,13.86,113.75,36.64,8.57,0.0,49.8638,0.69,50.02,2028,H1,Jan-Jun
Soumya Sarkar,Bangladesh,Batting All-Rounder,35.25,0.6875,1,192.0,-1.854,0,1,290.53,21.09,130.05,9.31,9.26,0.0,41.9988,0.0329,41.52,2028,H1,Jan-Jun
Taijul Islam,Bangladesh,Spin Bowler,36.25,0.625,1,114.0,-3.1901,0,1,28.72,10.02,90.17,16.5,7.85,0.0,32.7006,0.0667,32.61,2028,H1,Jan-Jun
Tanvir Islam,Bangladesh,Spin Bowler,31.25,1.0,1,90.0,0.2649,0,0,74.84,14.69,108.45,42.98,7.62,0.0,52.6063,0.9195,52.81,2028,H1,Jan-Jun
Tanzid Hasan,Bangladesh,Top Order Batter,27.25,1.0,1,100.0,0.865,1,0,768.49,35.22,145.82,0.0,0.0,0.0,46.3875,0.9578,46.5,2028,H1,Jan-Jun
Tanzim Hasan Sakib,Bangladesh,Pace Bowler,25.25,1.0,1,92.0,0.2146,0,0,110.51,21.04,148.59,37.24,8.09,0.0,60.5154,0.9148,59.69,2028,H1,Jan-Jun
Taskin Ahmed,Bangladesh,Pace Bowler,33.25,1.0,1,166.0,-0.8099,0,1,70.91,12.2,109.01,41.63,8.6,0.0,50.895,0.8171,50.83,2028,H1,Jan-Jun
Towhid Hridoy,Bangladesh,Top Order Batter,27.25,1.0,1,123.0,1.2181,1,0,1007.44,39.06,163.0,2.4,7.78,0.0,54.4118,0.9731,54.44,2028,H1,Jan-Jun
Yasir Ali Chowdhury,Bangladesh,Middle Order Batter,32.25,1.0,1,101.0,0.2857,0,0,387.82,26.09,126.46,0.0,0.0,0.0,37.7466,0.8182,37.82,2028,H1,Jan-Jun
Zakir Hasan,Bangladesh,Middle Order Batter,30.25,1.0,1,79.0,0.2371,0,0,368.19,25.65,123.29,0.0,0.0,0.0,36.8409,0.7523,36.95,2028,H1,Jan-Jun
Adil Rashid,England,Spin Bowler,40.25,0.0,0,310.0,-2.4712,0,1,14.29,8.76,96.25,7.54,7.76,0.0,28.7835,0.0893,29.65,2028,H1,Jan-Jun
Alex Horton,England,Wicketkeeper,25.25,1.0,1,35.0,1.5789,1,0,330.4,32.94,152.55,0.0,0.0,0.0,45.6559,0.5726,45.73,2028,H1,Jan-Jun
Aneurin Donald,England,Top Order Batter,31.25,1.0,1,44.0,1.3941,1,0,416.56,30.8,141.3,0.0,0.0,0.0,42.728,0.7452,42.85,2028,H1,Jan-Jun
Archie Vaughan,England,Batting All-Rounder,23.25,1.0,1,42.0,1.6592,1,0,458.23,34.31,167.14,14.56,7.23,0.0,58.5005,0.8789,57.8,2028,H1,Jan-Jun
Ben Duckett,England,Top Order Batter,33.25,1.0,1,182.0,0.0295,0,0,846.87,29.01,146.87,0.0,0.0,0.0,44.6584,0.9641,44.88,2028,H1,Jan-Jun
Ben Foakes,England,Wicketkeeper,35.25,0.9583,1,120.0,-0.026,0,0,244.56,25.57,121.09,0.0,0.0,0.0,35.9453,0.0342,35.66,2028,H1,Jan-Jun
Ben Geddes,England,Top Order Batter,26.25,1.0,1,54.0,1.5171,1,0,511.28,33.6,153.73,0.0,0.0,0.0,46.7168,0.9214,46.84,2028,H1,Jan-Jun
Brydon Carse,England,Pace Bowler,33.25,1.0,1,100.0,-1.578,0,1,102.71,16.13,127.85,42.13,10.15,0.0,56.483,0.8759,56.39,2028,H1,Jan-Jun
Chris Jordan,England,Pace Bowler,39.25,0.0,0,290.0,-1.3062,0,1,86.2,16.22,132.82,8.65,10.45,0.0,39.6957,0.0289,39.59,2028,H1,Jan-Jun
Chris Woakes,England,Bowling All-Rounder,39.25,0.0,0,162.0,-2.2158,0,1,19.45,17.57,121.76,3.27,8.82,0.0,34.9629,0.0011,35.13,2028,H1,Jan-Jun
Dan Lawrence,England,Batting All-Rounder,31.25,1.0,1,137.0,0.1571,0,0,756.17,30.61,139.82,5.92,8.48,0.0,47.3087,0.6518,47.44,2028,H1,Jan-Jun
Dan Mousley,England,Batting All-Rounder,27.25,1.0,1,100.0,1.2956,1,0,749.47,35.33,152.36,22.48,8.43,0.0,60.4992,0.7999,59.9,2028,H1,Jan-Jun
Emilio Gay,England,Middle Order Batter,31.25,1.0,1,92.0,0.3313,0,0,652.93,31.66,143.41,0.0,0.0,0.0,44.2366,0.9375,44.3,2028,H1,Jan-Jun
Farhan Ahmed,England,Spin Bowler,21.25,1.0,1,36.0,1.6927,1,0,64.44,14.49,124.87,25.08,7.74,0.0,46.5156,0.673,46.48,2028,H1,Jan-Jun
George Bell,England,Wicketkeeper,25.25,1.0,1,52.0,1.3427,1,0,491.53,33.96,159.92,0.0,0.0,0.0,48.1249,0.7332,48.06,2028,H1,Jan-Jun
George Hill,England,Batting All-Rounder,29.25,1.0,1,79.0,1.3489,1,0,619.44,31.75,153.04,18.91,8.12,0.0,57.1336,0.8415,56.81,2028,H1,Jan-Jun
George Thomas,England,Top Order Batter,26.25,1.0,1,61.0,0.9642,1,0,512.03,29.36,142.52,0.0,0.0,0.0,42.7827,0.9199,43.07,2028,H1,Jan-Jun
Gus Atkinson,England,Pace Bowler,30.25,1.0,1,95.0,-0.7545,0,1,63.8,13.67,132.65,45.02,8.31,0.0,58.3841,0.8609,57.84,2028,H1,Jan-Jun
Harry Brook,England,Middle Order Batter,29.25,1.0,1,122.0,0.0425,0,0,835.3,39.28,157.53,1.15,8.3,0.0,51.9779,0.9394,52.15,2028,H1,Jan-Jun
Henry Crocombe,England,Pace Bowler,26.25,1.0,1,46.0,1.0613,1,0,46.13,13.63,117.5,27.46,8.31,0.0,45.69,0.4315,45.57,2028,H1,Jan-Jun
Jack Carson,England,Spin Bowler,27.25,1.0,1,56.0,0.8131,1,0,72.37,16.29,117.33,30.92,8.49,0.0,48.4827,0.6604,48.62,2028,H1,Jan-Jun
Jack Haynes,England,Top Order Batter,27.25,1.0,1,91.0,0.7935,1,0,676.52,32.16,154.22,0.0,0.0,0.0,46.8333,0.9738,46.84,2028,H1,Jan-Jun
Jack Leach,England,Spin Bowler,37.25,0.35,1,117.0,-3.0806,0,1,3.42,10.83,102.0,4.32,8.71,0.0,28.8133,0.0936,29.7,2028,H1,Jan-Jun
Jacob Bethell,England,Batting All-Rounder,24.25,1.0,1,87.0,1.7171,1,0,876.77,41.84,173.25,20.69,8.29,0.0,66.8201,0.9198,68.24,2028,H1,Jan-Jun
James Anderson,England,Pace Bowler,46.25,0.0,0,44.0,-0.2803,0,0,0.0,0.0,0.0,0.0,9.43,0.0,0.4087,0.0024,0.53,2028,H1,Jan-Jun
James Coles,England,Batting All-Rounder,24.25,1.0,1,49.0,1.9435,1,0,490.87,34.33,161.18,18.69,7.83,0.0,59.359,0.834,59.57,2028,H1,Jan-Jun
James Rew,England,Wicketkeeper,24.25,1.0,1,63.0,1.3442,1,0,654.86,33.91,148.92,0.0,0.0,0.0,46.2365,0.6628,46.39,2028,H1,Jan-Jun
Jamie Overton,England,Bowling All-Rounder,34.25,1.0,1,143.0,-0.8828,0,1,425.54,23.13,142.41,33.16,9.35,0.0,58.4975,0.0126,57.88,2028,H1,Jan-Jun
Jamie Smith,England,Wicketkeeper,27.25,1.0,1,81.0,1.6322,1,0,803.03,42.32,169.16,0.0,0.0,0.0,54.0791,0.7714,54.06,2028,H1,Jan-Jun
Joe Root,England,Batting All-Rounder,37.25,0.55,1,71.6,-0.2888,0,0,206.94,27.84,126.93,1.2,8.43,0.0,39.297,0.0043,39.7,2028,H1,Jan-Jun
Jofra Archer,England,Pace Bowler,33.25,1.0,1,112.0,-0.9242,0,1,45.6,15.36,123.78,31.05,9.07,0.0,49.4262,0.7396,49.5,2028,H1,Jan-Jun
John Turner,England,Pace Bowler,25.25,1.0,1,47.0,1.4003,1,0,54.24,16.07,123.37,29.74,8.2,0.0,49.0909,0.5915,49.16,2028,H1,Jan-Jun
Jonny Bairstow,England,Wicketkeeper,39.25,0.0,0,185.0,-0.9841,0,1,86.48,24.95,139.39,0.0,0.0,0.0,39.1959,0.0083,39.8,2028,H1,Jan-Jun
Jordan Cox,England,Wicketkeeper,27.25,1.0,1,107.0,1.6457,1,0,989.27,40.31,165.68,0.0,0.0,0.0,53.1985,0.8617,53.16,2028,H1,Jan-Jun
Jos Buttler,England,Wicketkeeper,37.25,0.25,1,244.0,-0.9772,0,1,321.28,30.82,138.2,0.0,0.0,0.0,41.762,0.8094,42.19,2028,H1,Jan-Jun
Josh Hull,England,Pace Bowler,24.25,1.0,1,47.0,1.6136,1,0,52.37,15.93,141.03,33.26,7.58,0.0,54.8836,0.7394,54.73,2028,H1,Jan-Jun
Josh Tongue,England,Pace Bowler,30.25,1.0,1,69.0,-0.131,0,0,36.59,17.6,123.18,23.19,8.29,0.0,46.0346,0.6847,45.97,2028,H1,Jan-Jun
Liam Dawson,England,Bowling All-Rounder,38.25,0.15,1,227.4,-1.7665,0,1,212.17,25.93,127.43,9.64,8.06,0.0,43.3118,0.0039,42.56,2028,H1,Jan-Jun
Liam Livingstone,England,Batting All-Rounder,35.25,0.9375,1,221.5,-1.325,0,1,793.69,28.77,144.87,17.84,9.88,0.0,53.9637,0.6709,52.43,2028,H1,Jan-Jun
Luc Benkenstein,England,Batting All-Rounder,23.25,1.0,1,40.0,1.9507,1,0,386.32,31.88,152.45,15.49,8.12,0.0,54.4976,0.7263,54.36,2028,H1,Jan-Jun
Luke Wood,England,Pace Bowler,32.25,1.0,1,150.0,-0.8336,0,1,70.61,11.62,123.66,34.42,9.36,0.0,49.8937,0.7947,50.02,2028,H1,Jan-Jun
Mark Wood,England,Pace Bowler,38.25,0.0,0,91.0,-1.0975,0,1,5.76,10.16,102.47,5.68,10.96,0.0,29.0634,0.0315,29.95,2028,H1,Jan-Jun
Matthew Fisher,England,Pace Bowler,31.25,1.0,1,79.0,-0.1627,0,0,57.29,19.85,123.48,28.3,8.39,0.0,49.6599,0.7623,49.78,2028,H1,Jan-Jun
Matthew Potts,England,Pace Bowler,29.25,1.0,1,86.0,-0.9343,0,1,102.51,18.1,125.85,30.51,8.75,0.0,50.7991,0.8747,50.83,2028,H1,Jan-Jun
Ollie Pope,England,Top Order Batter,30.25,1.0,1,109.0,-0.3969,0,0,324.94,25.82,131.3,0.0,8.17,0.0,39.3173,0.5506,39.4,2028,H1,Jan-Jun
Ollie Robinson,England,Pace Bowler,29.25,1.0,1,69.0,-0.344,0,0,54.28,17.58,125.1,26.41,8.13,0.0,48.2468,0.7389,48.34,2028,H1,Jan-Jun
Olly Stone,England,Pace Bowler,34.25,1.0,1,90.0,-0.6313,0,1,35.85,18.69,108.24,23.95,9.84,0.0,43.3049,0.3975,43.25,2028,H1,Jan-Jun
Phil Salt,England,Wicketkeeper,32.25,1.0,1,208.0,-0.7439,0,1,958.78,32.25,157.17,0.0,0.0,0.0,48.3956,0.8936,48.36,2028,H1,Jan-Jun
Reece Topley,England,Pace Bowler,34.25,1.0,1,122.0,-0.2871,0,0,54.34,18.92,120.89,33.71,8.93,0.0,51.5303,0.8257,51.37,2028,H1,Jan-Jun
Rehan Ahmed,England,Spin Bowler,23.25,1.0,1,94.0,0.6019,1,0,441.33,27.15,153.99,42.19,7.6,0.0,67.648,0.9828,69.07,2028,H1,Jan-Jun
Rocky Flintoff,England,Middle Order Batter,22.25,1.0,1,36.0,1.9777,1,0,362.86,36.66,150.66,0.0,0.0,0.0,46.6687,0.8826,46.74,2028,H1,Jan-Jun
Sam Cook,England,Pace Bowler,30.25,1.0,1,89.0,-0.4917,0,0,49.39,15.99,113.12,29.9,8.54,0.0,46.838,0.6558,46.68,2028,H1,Jan-Jun
Sam Curran,England,Bowling All-Rounder,30.25,1.0,1,231.0,-1.3161,0,1,772.7,27.77,146.53,30.41,8.48,0.0,60.8314,0.0156,60.1,2028,H1,Jan-Jun
Saqib Mahmood,England,Pace Bowler,31.25,1.0,1,97.0,0.4241,0,0,58.4,18.96,118.64,33.81,8.92,0.0,51.1242,0.8298,51.13,2028,H1,Jan-Jun
Shoaib Bashir,England,Spin Bowler,24.25,1.0,1,65.0,-0.8332,0,1,44.22,13.57,124.92,28.62,7.26,0.0,48.1435,0.8128,48.32,2028,H1,Jan-Jun
Sonny Baker,England,Pace Bowler,23.25,1.0,1,55.0,1.2902,1,0,63.12,18.52,138.55,34.49,7.53,0.0,55.9658,0.9046,55.9,2028,H1,Jan-Jun
Tom Banton,England,Wicketkeeper,30.25,1.0,1,140.0,0.3394,0,0,879.7,33.68,160.58,0.0,0.0,0.0,49.3933,0.9262,49.36,2028,H1,Jan-Jun
Tom Hartley,England,Spin Bowler,29.25,1.0,1,72.0,-2.6271,0,1,36.11,13.7,117.78,13.63,8.23,0.0,38.4066,0.5104,38.5,2028,H1,Jan-Jun
Tom Rew,England,Wicketkeeper,23.25,1.0,1,38.0,1.6948,1,0,361.52,36.8,158.16,0.0,0.0,0.0,48.341,0.6744,48.37,2028,H1,Jan-Jun
Will Jacks,England,Batting All-Rounder,29.25,1.0,1,157.0,-1.133,0,1,1009.7,30.93,169.69,18.08,8.33,0.0,61.1985,0.8176,61.09,2028,H1,Jan-Jun
Zak Crawley,England,Top Order Batter,30.25,1.0,1,104.0,0.301,0,0,491.02,30.59,146.92,0.0,0.0,0.0,44.1074,0.9545,44.29,2028,H1,Jan-Jun
Abhishek Sharma,India,Top Order Batter,28.25,1.0,1,138.0,-1.0461,0,1,508.91,31.26,133.92,0.0,0.0,0.0,41.5818,0.9215,41.77,2028,H1,Jan-Jun
Akash Deep,India,Pace Bowler,31.25,1.0,1,63.0,0.2085,0,0,37.55,11.05,106.94,4.52,6.49,0.0,30.7513,0.4783,31.23,2028,H1,Jan-Jun
Akshat Raghuwanshi,India,Top Order Batter,23.25,1.0,1,42.0,-1.1288,0,1,79.48,15.03,162.63,0.0,0.0,0.0,40.6937,0.5856,40.94,2028,H1,Jan-Jun
Aman Mokhade,India,Middle Order Batter,26.25,1.0,1,82.0,-0.5901,0,1,176.22,24.91,148.87,0.0,0.0,0.0,41.5211,0.7922,41.69,2028,H1,Jan-Jun
Angkrish Raghuwanshi,India,Wicketkeeper,26.25,1.0,1,33.0,-2.521,0,1,114.09,13.19,165.66,0.0,0.0,0.0,40.8071,0.2324,41.04,2028,H1,Jan-Jun
Anshul Kamboj,India,Pace Bowler,27.25,1.0,1,77.0,-1.0825,0,1,11.5,6.93,97.01,0.0,8.71,0.0,24.0749,0.0642,25.37,2028,H1,Jan-Jun
Arshdeep Singh,India,Pace Bowler,29.25,1.0,1,168.0,-0.3774,0,0,121.25,6.43,81.83,21.03,7.39,0.0,32.4342,0.3664,32.03,2028,H1,Jan-Jun
Atharva Taide,India,Top Order Batter,26.25,1.0,1,26.0,-1.1721,0,1,76.86,14.66,158.7,0.0,0.0,0.0,39.7017,0.4324,39.79,2028,H1,Jan-Jun
Auqib Nabi,India,Bowling All-Rounder,27.25,1.0,1,30.0,-0.435,0,0,99.87,24.92,123.64,3.73,7.25,0.0,38.8369,0.0097,38.99,2028,H1,Jan-Jun
Avesh Khan,India,Pace Bowler,31.25,1.0,1,148.0,-0.4319,0,0,55.87,16.37,81.46,10.85,6.48,0.0,30.5402,0.2284,31.02,2028,H1,Jan-Jun
Axar Patel,India,Bowling All-Rounder,34.25,1.0,1,238.0,-0.3129,0,0,383.33,17.45,115.42,5.71,7.29,0.0,36.3387,0.0159,36.39,2028,H1,Jan-Jun
Ayush Mhatre,India,Top Order Batter,21.25,1.0,1,37.0,-3.5146,0,1,564.51,7.6,228.96,0.0,0.0,0.0,53.9742,0.9656,54.05,2028,H1,Jan-Jun
Brijesh Sharma,India,Pace Bowler,26.25,1.0,1,76.0,1.4587,1,0,68.66,45.82,51.11,26.0,9.27,0.0,41.8275,0.6957,41.98,2028,H1,Jan-Jun
Devdutt Padikkal,India,Top Order Batter,28.25,1.0,1,65.0,-0.148,0,0,148.63,18.49,175.14,0.0,0.0,0.0,44.8535,0.8734,44.98,2028,H1,Jan-Jun
Dhruv Jurel,India,Wicketkeeper,27.25,1.0,1,49.0,0.2749,0,0,91.4,33.22,147.89,0.0,0.0,0.0,43.9904,0.6918,44.17,2028,H1,Jan-Jun
Digvesh Rathi,India,Spin Bowler,28.25,1.0,1,58.0,-0.4432,0,0,36.08,1.85,124.36,10.9,10.05,0.0,33.8543,0.3703,34.04,2028,H1,Jan-Jun
Gurnoor Brar,India,Pace Bowler,27.25,1.0,1,51.0,1.0542,1,0,16.62,12.29,136.29,12.0,6.73,0.0,41.3889,0.8548,41.48,2028,H1,Jan-Jun
Hardik Pandya,India,Batting All-Rounder,34.25,0.95,1,316.8,-2.4222,0,1,109.37,13.71,134.97,1.85,9.47,0.0,35.873,0.0074,35.47,2028,H1,Jan-Jun
Harsh Dubey,India,Bowling All-Rounder,26.25,1.0,1,85.0,0.5519,1,0,302.79,30.15,121.54,12.28,9.02,0.0,45.0288,0.0189,45.08,2028,H1,Jan-Jun
Harshit Rana,India,Pace Bowler,25.25,1.0,1,61.0,0.9683,1,0,22.46,9.86,114.77,35.99,9.95,0.0,47.9311,0.7854,48.03,2028,H1,Jan-Jun
Ishan Kishan,India,Wicketkeeper,30.25,1.0,1,188.0,-0.093,0,0,710.81,19.69,146.74,0.0,0.0,0.0,40.8929,0.6613,41.12,2028,H1,Jan-Jun
Jasprit Bumrah,India,Pace Bowler,34.25,1.0,1,238.0,-0.5424,0,1,69.88,8.11,73.19,77.33,6.88,0.0,61.08,0.9624,61.33,2028,H1,Jan-Jun
Jitesh Sharma,India,Wicketkeeper,34.25,1.0,1,118.0,-1.2451,0,1,237.48,24.87,116.99,0.0,0.0,0.0,34.7852,0.1147,34.95,2028,H1,Jan-Jun
KL Rahul,India,Wicketkeeper,36.25,0.8214,1,274.5714,0.6889,1,0,334.14,39.39,149.1,0.0,0.0,0.0,47.2087,0.5383,46.0,2028,H1,Jan-Jun
KS Bharat,India,Wicketkeeper,34.25,1.0,1,40.0,-0.8691,0,1,74.95,12.8,122.94,0.0,0.0,0.0,31.2789,0.0346,32.01,2028,H1,Jan-Jun
Kartik Sharma,India,Wicketkeeper,23.25,1.0,1,48.0,0.6468,1,0,82.65,51.09,129.32,0.0,0.0,0.0,46.2776,0.7624,46.39,2028,H1,Jan-Jun
Khaleel Ahmed,India,Pace Bowler,30.25,1.0,1,60.0,-0.1598,0,0,6.66,18.5,111.96,3.41,9.44,0.0,33.0925,0.1217,33.35,2028,H1,Jan-Jun
Kuldeep Yadav,India,Spin Bowler,33.25,1.0,1,198.0,3.496,1,0,0.0,6.56,116.77,62.4,8.1,0.0,61.5026,0.8706,62.15,2028,H1,Jan-Jun
Kumar Kushagra,India,Wicketkeeper,23.25,1.0,1,47.0,-1.6401,0,1,78.03,17.41,122.98,0.0,0.0,0.0,32.9336,0.0401,33.31,2028,H1,Jan-Jun
Manav Suthar,India,Spin Bowler,26.25,1.0,1,28.0,1.0889,1,0,17.88,15.98,106.21,11.87,8.38,0.0,35.6811,0.4577,35.71,2028,H1,Jan-Jun
Mangesh Yadav,India,Pace Bowler,25.25,1.0,1,76.0,0.1741,0,0,46.08,15.25,95.58,12.96,7.72,0.0,33.934,0.2213,33.98,2028,H1,Jan-Jun
Mayank Yadav,India,Pace Bowler,26.25,1.0,1,38.0,0.8293,1,0,4.98,5.67,97.42,17.23,7.9,0.0,33.0307,0.1777,33.01,2028,H1,Jan-Jun
Mohammed Shami,India,Pace Bowler,38.25,0.1875,1,183.0,-0.0391,0,0,0.0,6.31,84.98,10.01,9.2,0.0,26.4428,0.0334,26.7,2028,H1,Jan-Jun
Mohammed Siraj,India,Pace Bowler,34.25,1.0,1,198.0,1.0389,1,0,8.74,4.06,127.11,40.66,9.47,0.0,51.0636,0.9128,51.12,2028,H1,Jan-Jun
Mukesh Kumar,India,Pace Bowler,34.25,0.9375,1,78.5,-2.0445,0,1,26.62,3.23,103.55,3.44,10.33,0.0,25.7939,0.0428,26.72,2028,H1,Jan-Jun
Nithish Kumar Reddy,India,Batting All-Rounder,25.25,1.0,1,750.0,-3.183,0,1,0.0,22.87,142.34,0.0,0.0,0.0,38.8246,0.2167,38.9,2028,H1,Jan-Jun
Prabhsimran Singh,India,Wicketkeeper,28.25,1.0,1,88.0,-0.1166,0,0,199.68,35.05,139.86,0.0,0.0,0.0,43.2398,0.5349,43.4,2028,H1,Jan-Jun
Prashant Veer,India,Bowling All-Rounder,26.25,1.0,1,48.0,0.7999,1,0,58.19,34.99,145.8,0.0,0.0,0.0,44.0606,0.0169,44.17,2028,H1,Jan-Jun
Prasidh Krishna,India,Pace Bowler,32.25,1.0,1,118.0,2.1223,1,0,18.2,11.37,87.17,29.71,10.57,0.0,39.0412,0.6282,39.18,2028,H1,Jan-Jun
Prince Yadav,India,Pace Bowler,27.25,1.0,1,78.0,1.4899,1,0,0.63,13.98,123.5,13.47,8.36,0.0,39.5221,0.6481,39.64,2028,H1,Jan-Jun
Priyansh Arya,India,Top Order Batter,27.25,1.0,1,73.0,-0.3519,0,0,604.7,32.6,188.43,1.25,14.68,0.0,54.8692,0.8621,54.83,2028,H1,Jan-Jun
Rajat Patidar,India,Middle Order Batter,34.25,1.0,1,31.0,-0.8666,0,1,46.19,18.49,122.89,0.0,0.0,0.0,33.1969,0.0984,33.52,2028,H1,Jan-Jun
Ramandeep Singh,India,Batting All-Rounder,31.25,1.0,1,74.0,0.4274,0,0,166.12,36.17,150.55,0.0,0.0,0.0,45.8502,0.7961,45.95,2028,H1,Jan-Jun
Ravi Bishnoi,India,Spin Bowler,28.25,1.0,1,148.0,0.7192,1,0,37.46,22.52,87.07,12.55,9.82,0.0,34.0182,0.5886,34.12,2028,H1,Jan-Jun
Rinku Singh,India,Middle Order Batter,31.25,1.0,1,148.0,-0.1732,0,0,252.33,33.63,189.22,0.0,0.0,0.0,53.6084,0.9662,53.68,2028,H1,Jan-Jun
Rishabh Pant,India,Wicketkeeper,30.25,1.0,1,238.0,-0.0922,0,0,531.53,40.28,119.75,0.0,0.0,0.0,41.7812,0.3419,42.13,2028,H1,Jan-Jun
Riyan Parag,India,Batting All-Rounder,26.25,1.0,1,148.0,-1.6051,0,1,246.85,23.74,139.26,0.0,0.0,0.0,39.2442,0.3157,39.35,2028,H1,Jan-Jun
Sai Sudharsan,India,Top Order Batter,26.25,1.0,1,56.0,-2.2145,0,1,69.98,15.93,110.89,0.0,0.0,0.0,29.7605,0.2383,30.53,2028,H1,Jan-Jun
Sakib Hussain,India,Pace Bowler,23.25,1.0,1,24.0,-1.0797,0,1,32.45,8.61,90.11,5.47,9.29,0.0,26.0446,0.1093,26.71,2028,H1,Jan-Jun
Salil Arora,India,Wicketkeeper,25.25,1.0,1,66.0,-0.0849,0,0,175.77,25.5,134.19,0.0,0.0,0.0,38.5449,0.2891,38.63,2028,H1,Jan-Jun
Sanju Samson,India,Wicketkeeper,33.25,1.0,1,238.0,0.3517,0,0,281.14,38.39,145.42,0.0,0.0,0.0,45.8883,0.7943,45.99,2028,H1,Jan-Jun
Sarfaraz Khan,India,Middle Order Batter,30.25,1.0,1,42.0,-0.8484,0,1,69.42,34.03,125.65,0.0,0.0,0.0,39.3846,0.4813,39.49,2028,H1,Jan-Jun
Sarthak Ranjan,India,Middle Order Batter,25.25,1.0,1,26.0,0.1947,0,0,119.42,31.55,142.0,0.0,0.0,0.0,42.2085,0.6183,42.37,2028,H1,Jan-Jun
Shardul Thakur,India,Bowling All-Rounder,36.25,0.75,1,173.2,-0.5712,0,1,247.67,23.04,115.14,12.29,10.27,0.0,40.7511,0.0147,40.0,2028,H1,Jan-Jun
Shivam Dube,India,Batting All-Rounder,35.25,0.9688,1,187.25,1.0385,1,0,171.47,42.53,135.46,0.0,0.0,0.0,44.8514,0.7399,44.95,2028,H1,Jan-Jun
Shreyas Iyer,India,Middle Order Batter,33.25,1.0,1,198.0,-0.4469,0,0,734.14,17.54,142.65,0.0,0.0,0.0,39.3163,0.8128,39.39,2028,H1,Jan-Jun
Shubman Gill,India,Top Order Batter,29.25,1.0,1,158.0,-2.0093,0,1,340.92,39.02,145.99,0.0,0.0,0.0,46.4242,0.964,46.5,2028,H1,Jan-Jun
Suryakumar Yadav,India,Middle Order Batter,38.25,0.0,0,300.0,-0.7683,0,1,216.07,26.13,169.1,0.0,0.0,0.0,46.4678,0.0481,45.02,2028,H1,Jan-Jun
Suryansh Shedge,India,Batting All-Rounder,24.25,1.0,1,34.0,-0.081,0,0,55.71,39.91,110.7,0.0,0.0,0.0,38.1856,0.1021,38.32,2028,H1,Jan-Jun
Tejasvi Dahiya,India,Wicketkeeper,24.25,1.0,1,37.0,-0.261,0,0,93.56,38.84,134.56,0.0,0.0,0.0,43.1006,0.2499,43.34,2028,H1,Jan-Jun
Tilak Varma,India,Middle Order Batter,25.25,1.0,1,140.0,0.6118,1,0,332.95,41.93,122.93,0.0,0.0,0.0,42.4301,0.8904,42.6,2028,H1,Jan-Jun
Tushar Deshpande,India,Pace Bowler,33.25,1.0,1,67.0,1.157,1,0,4.34,15.41,110.39,8.46,7.46,0.0,34.7445,0.4618,34.78,2028,H1,Jan-Jun
Vaibhav Suryavanshi,India,Top Order Batter,17.25,1.0,1,52.0,1.4098,1,0,263.94,16.55,223.98,0.0,0.0,0.0,55.1224,0.9787,55.47,2028,H1,Jan-Jun
Varun Chakravarthy,India,Spin Bowler,37.25,0.625,1,161.0,-0.7789,0,1,87.19,5.87,106.7,10.08,7.76,0.0,31.6051,0.3472,31.78,2028,H1,Jan-Jun
Washington Sundar,India,Bowling All-Rounder,28.25,1.0,1,168.0,1.6614,1,0,510.08,32.33,157.85,9.8,7.79,0.0,53.2696,0.0232,53.34,2028,H1,Jan-Jun
Yash Thakur,India,Pace Bowler,28.25,1.0,1,30.0,0.6618,1,0,0.0,13.12,122.48,11.86,7.37,0.0,38.3724,0.4841,38.4,2028,H1,Jan-Jun
Yashasvi Jaiswal,India,Top Order Batter,26.25,1.0,1,118.0,-1.196,0,1,486.97,29.23,129.26,0.0,0.0,0.0,39.7813,0.8208,39.8,2028,H1,Jan-Jun
Adam Leckey,Ireland,Pace Bowler,23.25,1.0,1,38.0,1.5556,1,0,51.07,15.55,121.57,23.07,7.77,0.0,45.0577,0.6012,45.05,2028,H1,Jan-Jun
Andrew Balbirnie,Ireland,Top Order Batter,37.25,0.35,1,216.0,-1.5368,0,1,268.5,25.47,116.99,0.0,0.0,0.0,35.096,0.0184,35.69,2028,H1,Jan-Jun
Andy McBrine,Ireland,Bowling All-Rounder,35.25,0.9583,1,136.0,0.2661,0,0,465.43,27.92,127.17,32.89,8.32,0.0,57.0679,0.0131,55.62,2028,H1,Jan-Jun
Barry McCarthy,Ireland,Pace Bowler,35.25,0.875,1,137.0,-1.1615,0,1,72.56,16.46,115.98,34.94,8.99,0.0,50.2928,0.6894,48.32,2028,H1,Jan-Jun
Ben Calitz,Ireland,Middle Order Batter,27.25,1.0,1,56.0,1.7128,1,0,557.63,38.15,158.9,0.0,0.0,0.0,49.5994,0.8836,49.48,2028,H1,Jan-Jun
Ben White,Ireland,Spin Bowler,29.25,1.0,1,89.0,-0.2689,0,0,71.23,17.79,124.41,39.18,7.24,0.0,55.2371,0.9697,55.39,2028,H1,Jan-Jun
Cade Carmichael,Ireland,Middle Order Batter,26.25,1.0,1,66.0,1.8287,1,0,583.57,37.07,146.23,0.0,0.0,0.0,46.5497,0.9021,46.63,2028,H1,Jan-Jun
Chris de Freitas,Ireland,Top Order Batter,27.25,1.0,1,43.0,1.464,1,0,305.72,32.34,153.79,0.0,0.0,0.0,45.634,0.8342,45.72,2028,H1,Jan-Jun
Cian Carmichael,Ireland,Middle Order Batter,26.25,1.0,1,36.0,1.7146,1,0,229.27,32.27,145.45,0.0,0.0,0.0,43.559,0.6443,43.82,2028,H1,Jan-Jun
Craig Young,Ireland,Pace Bowler,36.25,0.6875,1,113.0,-0.605,0,1,36.08,11.31,104.56,25.28,9.71,0.0,40.6151,0.0536,38.98,2028,H1,Jan-Jun
Curtis Campher,Ireland,Bowling All-Rounder,29.25,1.0,1,156.0,-0.185,0,0,722.53,37.74,156.1,37.55,7.83,0.0,70.2277,0.0329,68.32,2028,H1,Jan-Jun
Fionn Hand,Ireland,Pace Bowler,30.25,1.0,1,107.0,-0.18,0,0,74.97,14.21,127.07,39.23,7.79,0.0,54.4391,0.8905,54.36,2028,H1,Jan-Jun
Gareth Delany,Ireland,Batting All-Rounder,31.25,1.0,1,130.0,-0.242,0,0,532.31,28.17,143.22,20.82,8.57,0.0,54.3792,0.8546,54.35,2028,H1,Jan-Jun
Gavin Hoey,Ireland,Spin Bowler,25.25,1.0,1,70.0,1.7968,1,0,235.68,29.51,148.82,32.24,7.84,0.0,61.3653,0.9677,62.6,2028,H1,Jan-Jun
Gavin Roulston,Ireland,Middle Order Batter,25.25,1.0,1,46.0,2.2199,1,0,344.14,38.23,149.47,0.0,0.0,0.0,46.9088,0.7734,47.04,2028,H1,Jan-Jun
George Dockrell,Ireland,Batting All-Rounder,35.25,0.9375,1,180.5,-0.9186,0,1,414.71,24.02,120.6,16.09,8.59,0.0,45.1095,0.3485,44.26,2028,H1,Jan-Jun
Graham Hume,Ireland,Pace Bowler,37.25,0.0,0,112.0,-0.8702,0,1,16.52,13.77,114.56,10.85,8.96,0.0,36.0481,0.059,35.21,2028,H1,Jan-Jun
Harry Tector,Ireland,Middle Order Batter,28.25,1.0,1,175.0,0.5617,1,0,1055.74,40.54,152.87,1.96,8.22,0.0,52.5577,0.8851,52.76,2028,H1,Jan-Jun
Jai Moondra,Ireland,Pace Bowler,25.25,1.0,1,45.0,1.2794,1,0,50.39,14.88,127.37,26.92,7.42,0.0,48.2119,0.6574,48.34,2028,H1,Jan-Jun
Jake Egan,Ireland,Top Order Batter,24.25,1.0,1,42.0,2.0547,1,0,403.05,40.3,165.47,0.0,0.0,0.0,51.2999,0.9514,51.38,2028,H1,Jan-Jun
James West,Ireland,Top Order Batter,25.25,1.0,1,44.0,1.9257,1,0,361.32,36.13,152.71,0.0,0.0,0.0,46.9204,0.881,47.04,2028,H1,Jan-Jun
Jordan Neill,Ireland,Pace Bowler,26.25,1.0,1,59.0,0.7448,1,0,53.42,12.01,118.65,29.25,7.84,0.0,46.4448,0.7025,46.48,2028,H1,Jan-Jun
Josh Little,Ireland,Pace Bowler,28.25,1.0,1,122.0,-0.6058,0,1,54.92,19.14,122.94,37.59,8.15,0.0,54.2749,0.8917,54.37,2028,H1,Jan-Jun
Liam McCarthy,Ireland,Pace Bowler,29.25,1.0,1,65.0,0.9,1,0,67.65,15.29,126.07,35.57,7.62,0.0,52.678,0.871,52.77,2028,H1,Jan-Jun
Lorcan Tucker,Ireland,Wicketkeeper,32.25,1.0,1,130.0,0.6262,1,0,667.13,29.19,130.39,0.0,0.0,0.0,40.5806,0.6398,40.78,2028,H1,Jan-Jun
Luke Murray,Ireland,Wicketkeeper,25.25,1.0,1,39.0,2.0995,1,0,327.52,35.61,148.94,0.0,0.0,0.0,45.8114,0.6335,45.94,2028,H1,Jan-Jun
Mark Adair,Ireland,Bowling All-Rounder,32.25,1.0,1,183.0,-2.7203,0,1,346.68,21.54,131.45,31.1,9.39,0.0,54.2049,0.0145,54.36,2028,H1,Jan-Jun
Matt Hollard,Ireland,Batting All-Rounder,25.25,1.0,1,47.0,2.2392,1,0,285.22,33.97,153.37,18.64,8.0,0.0,56.8221,0.8078,56.81,2028,H1,Jan-Jun
Matthew Foster,Ireland,Pace Bowler,28.25,1.0,1,56.0,0.9301,1,0,55.14,12.61,110.87,28.79,8.49,0.0,44.5883,0.5686,44.54,2028,H1,Jan-Jun
Matthew Humphreys,Ireland,Spin Bowler,25.25,1.0,1,73.0,0.3361,0,0,74.69,14.3,116.89,34.54,7.75,0.0,49.7777,0.8721,50.02,2028,H1,Jan-Jun
Morgan Topping,Ireland,Middle Order Batter,24.25,1.0,1,50.0,1.9243,1,0,475.49,38.4,167.79,0.0,0.0,0.0,51.3572,0.9446,51.36,2028,H1,Jan-Jun
Neil Rock,Ireland,Wicketkeeper,27.25,1.0,1,79.0,1.1088,1,0,419.21,32.39,144.94,0.0,0.0,0.0,44.0902,0.7145,44.17,2028,H1,Jan-Jun
Paul Stirling,Ireland,Top Order Batter,37.25,0.4583,1,368.0,-3.9428,0,1,474.19,23.99,126.27,2.23,9.87,0.0,38.9251,0.017,38.71,2028,H1,Jan-Jun
Peter Moor,Ireland,Wicketkeeper,37.25,0.625,1,115.0,-0.7194,0,1,99.96,20.43,120.4,0.0,0.0,0.0,33.515,0.007,33.97,2028,H1,Jan-Jun
Reuben Wilson,Ireland,Pace Bowler,23.25,1.0,1,49.0,2.0247,1,0,150.57,28.51,162.68,29.99,7.12,0.0,62.7403,0.9541,62.5,2028,H1,Jan-Jun
Ross Adair,Ireland,Top Order Batter,33.25,1.0,1,94.0,1.0886,1,0,738.46,35.47,150.09,0.0,0.0,0.0,47.3077,0.9621,47.45,2028,H1,Jan-Jun
Sam Topping,Ireland,Top Order Batter,25.25,1.0,1,52.0,2.1039,1,0,461.27,38.39,156.73,0.0,0.0,0.0,48.9098,0.9552,49.0,2028,H1,Jan-Jun
Scott Macbeth,Ireland,Pace Bowler,27.25,1.0,1,40.0,1.3168,1,0,52.28,15.49,112.44,22.6,8.25,0.0,42.7004,0.3353,42.7,2028,H1,Jan-Jun
Seamus Lynch,Ireland,Wicketkeeper,26.25,1.0,1,49.0,1.9137,1,0,409.84,36.12,153.23,0.0,0.0,0.0,47.1827,0.7844,47.23,2028,H1,Jan-Jun
Sebastian Dijkstra,Ireland,Top Order Batter,24.25,1.0,1,35.0,1.7423,1,0,268.16,33.57,152.1,0.0,0.0,0.0,45.5855,0.7907,45.71,2028,H1,Jan-Jun
Stephen Doheny,Ireland,Wicketkeeper,28.25,1.0,1,66.0,1.3805,1,0,554.34,35.71,155.06,0.0,0.0,0.0,47.89,0.7992,48.06,2028,H1,Jan-Jun
Theo van Woerkom,Ireland,Pace Bowler,32.25,1.0,1,72.0,0.3037,0,0,52.83,12.59,111.06,25.16,8.99,0.0,42.589,0.5842,42.57,2028,H1,Jan-Jun
Tim Tector,Ireland,Top Order Batter,25.25,1.0,1,59.0,1.835,1,0,511.62,35.25,152.73,0.0,0.0,0.0,47.0866,0.9408,47.19,2028,H1,Jan-Jun
Tom Mayes,Ireland,Pace Bowler,26.25,1.0,1,54.0,1.4192,1,0,70.27,16.12,127.32,32.19,7.58,0.0,51.4648,0.8565,51.37,2028,H1,Jan-Jun
Adam Milne,New Zealand,Pace Bowler,36.25,0.4375,1,212.5,-2.7416,0,1,22.48,12.95,105.15,15.23,9.86,0.0,35.915,0.0207,35.15,2028,H1,Jan-Jun
Adithya Ashok,New Zealand,Spin Bowler,25.25,1.0,1,52.0,0.5063,1,0,63.89,13.44,125.11,28.88,7.26,0.0,48.3389,0.9168,48.34,2028,H1,Jan-Jun
Ajaz Patel,New Zealand,Spin Bowler,39.25,0.25,1,91.2857,-2.1014,0,1,3.09,6.33,82.25,4.56,8.55,0.0,23.0902,0.116,23.5,2028,H1,Jan-Jun
Ben Lister,New Zealand,Pace Bowler,32.25,1.0,1,97.0,0.2451,0,0,62.04,15.56,112.0,39.42,9.04,0.0,51.4502,0.6983,51.37,2028,H1,Jan-Jun
Ben Sears,New Zealand,Pace Bowler,30.25,1.0,1,92.0,0.6785,1,0,48.71,15.16,118.29,44.71,8.12,0.0,55.6269,0.8518,55.36,2028,H1,Jan-Jun
Benjamin Jacobs,New Zealand,Middle Order Batter,26.25,1.0,1,43.0,1.7755,1,0,310.65,31.79,143.57,0.0,0.0,0.0,43.2376,0.6146,43.4,2028,H1,Jan-Jun
Bharat Popli,New Zealand,Middle Order Batter,36.25,0.75,1,80.2,0.6414,1,0,347.66,26.67,121.12,0.0,0.0,0.0,36.6675,0.2679,36.79,2028,H1,Jan-Jun
Blair Tickner,New Zealand,Pace Bowler,34.25,0.9375,1,120.5,-1.5152,0,1,30.53,11.32,102.38,22.7,10.01,0.0,38.7112,0.1965,38.46,2028,H1,Jan-Jun
Cole McConchie,New Zealand,Batting All-Rounder,32.25,1.0,1,109.0,0.317,0,0,465.21,27.23,127.24,16.64,8.67,0.0,48.1252,0.7083,47.98,2028,H1,Jan-Jun
Curtis Heaphy,New Zealand,Batting All-Rounder,26.25,1.0,1,52.0,2.177,1,0,454.87,33.16,148.54,19.1,8.34,0.0,56.1923,0.7946,55.94,2028,H1,Jan-Jun
Dane Cleaver,New Zealand,Wicketkeeper,35.25,0.9375,1,94.5,0.3728,0,0,361.9,26.83,126.92,0.0,0.0,0.0,38.0273,0.1393,37.69,2028,H1,Jan-Jun
Daryl Foxcroft,New Zealand,Batting All-Rounder,29.25,1.0,1,79.0,2.694,1,0,642.95,39.03,155.34,20.93,8.19,0.0,61.3494,0.6559,62.22,2028,H1,Jan-Jun
Daryl Mitchell,New Zealand,Batting All-Rounder,37.25,0.1875,1,179.0,-2.055,0,1,203.76,27.04,129.98,3.85,9.65,0.0,40.8545,0.0043,41.06,2028,H1,Jan-Jun
Devon Conway,New Zealand,Wicketkeeper,37.25,0.625,1,195.0,-1.1313,0,1,438.25,30.09,123.51,0.0,0.0,0.0,38.6856,0.0162,39.07,2028,H1,Jan-Jun
Finn Allen,New Zealand,Top Order Batter,29.25,1.0,1,188.0,-0.609,0,1,952.56,35.09,168.15,0.0,0.0,0.0,51.7656,0.9935,51.76,2028,H1,Jan-Jun
Fraser Sheat,New Zealand,Pace Bowler,26.25,1.0,1,53.0,1.0563,1,0,56.9,12.98,112.24,27.48,8.36,0.0,44.3525,0.5657,44.28,2028,H1,Jan-Jun
Glenn Phillips,New Zealand,Batting All-Rounder,32.25,1.0,1,228.0,-1.0925,0,1,844.65,30.81,150.45,20.22,9.16,0.0,57.4409,0.8038,57.99,2028,H1,Jan-Jun
Henry Nicholls,New Zealand,Top Order Batter,37.25,0.25,1,96.0,-0.8467,0,1,78.11,17.35,110.16,0.0,0.0,0.0,30.1318,0.0161,30.95,2028,H1,Jan-Jun
Ish Sodhi,New Zealand,Spin Bowler,35.25,0.375,1,196.0,-2.8392,0,1,22.39,10.05,94.59,11.81,8.26,0.0,31.0635,0.0518,31.53,2028,H1,Jan-Jun
Jacob Cumming,New Zealand,Top Order Batter,26.25,1.0,1,49.0,1.6302,1,0,463.14,33.36,152.28,0.0,0.0,0.0,46.1652,0.9061,46.35,2028,H1,Jan-Jun
Jacob Duffy,New Zealand,Pace Bowler,33.25,1.0,1,96.0,0.6264,1,0,59.01,13.9,115.73,46.88,8.4,0.0,55.7508,0.7984,55.36,2028,H1,Jan-Jun
Jayden Lennox,New Zealand,Pace Bowler,26.25,1.0,1,39.0,1.422,1,0,41.11,13.1,117.83,25.09,7.98,0.0,44.3701,0.4296,44.28,2028,H1,Jan-Jun
Jesse Tashkoff,New Zealand,Batting All-Rounder,29.25,1.0,1,57.0,1.9317,1,0,483.69,31.93,148.93,21.36,8.23,0.0,57.1565,0.7523,56.81,2028,H1,Jan-Jun
Jimmy Neesham,New Zealand,Bowling All-Rounder,37.25,0.4583,1,233.0,-1.7576,0,1,241.93,23.17,137.49,12.6,9.5,0.0,45.9072,0.0035,44.84,2028,H1,Jan-Jun
Josh Clarkson,New Zealand,Batting All-Rounder,31.25,1.0,1,83.0,1.7479,1,0,594.87,30.57,142.16,19.98,8.9,0.0,54.6885,0.7226,54.75,2028,H1,Jan-Jun
Katene Clarke,New Zealand,Middle Order Batter,27.25,1.0,1,55.0,1.3911,1,0,474.73,33.35,154.77,0.0,0.0,0.0,46.7383,0.8527,46.84,2028,H1,Jan-Jun
Kristian Clarke,New Zealand,Bowling All-Rounder,26.25,1.0,1,49.0,2.0148,1,0,401.0,30.03,146.08,21.46,8.22,0.0,55.6584,0.0198,55.42,2028,H1,Jan-Jun
Kyle Jamieson,New Zealand,Pace Bowler,33.25,1.0,1,112.0,-0.7898,0,1,59.57,11.25,110.55,30.0,9.29,0.0,44.5452,0.6914,44.54,2028,H1,Jan-Jun
Lachlan Stackpole,New Zealand,Middle Order Batter,25.25,1.0,1,40.0,1.5963,1,0,296.96,30.59,146.82,0.0,0.0,0.0,43.4734,0.7183,43.52,2028,H1,Jan-Jun
Lockie Ferguson,New Zealand,Pace Bowler,37.25,0.25,1,141.0,-1.4912,0,1,15.68,11.66,109.31,13.15,9.72,0.0,35.2533,0.0326,34.87,2028,H1,Jan-Jun
Mark Chapman,New Zealand,Middle Order Batter,33.25,1.0,1,161.0,-0.1849,0,0,626.36,29.75,138.08,13.22,9.13,0.0,49.9756,0.8506,49.99,2028,H1,Jan-Jun
Matt Bacon,New Zealand,Pace Bowler,33.25,1.0,1,61.0,0.496,0,0,40.86,9.13,105.38,26.15,8.91,0.0,40.6321,0.4842,40.79,2028,H1,Jan-Jun
Matt Henry,New Zealand,Pace Bowler,36.25,0.5833,1,161.0,-1.2099,0,1,26.69,9.86,104.49,21.96,9.23,0.0,38.3685,0.0274,37.04,2028,H1,Jan-Jun
Matthew Boyle,New Zealand,Top Order Batter,26.25,1.0,1,47.0,1.8639,1,0,370.85,32.38,145.33,0.0,0.0,0.0,44.0187,0.8802,44.17,2028,H1,Jan-Jun
Matthew Fisher,New Zealand,Pace Bowler,27.25,1.0,1,42.0,1.1706,1,0,40.72,11.77,118.97,27.17,7.7,0.0,45.3168,0.4584,45.22,2028,H1,Jan-Jun
Max Chu,New Zealand,Wicketkeeper,29.25,1.0,1,49.0,1.7809,1,0,409.29,35.62,158.04,0.0,0.0,0.0,48.0468,0.796,48.06,2028,H1,Jan-Jun
Michael Bracewell,New Zealand,Batting All-Rounder,37.25,0.25,1,134.0,0.2842,0,0,285.14,32.37,143.67,12.72,8.64,0.0,50.8665,0.0368,47.15,2028,H1,Jan-Jun
Michael Rae,New Zealand,Pace Bowler,33.25,1.0,1,64.0,0.3883,0,0,34.04,10.49,104.24,24.93,8.93,0.0,40.1936,0.3982,40.28,2028,H1,Jan-Jun
Mitchell Hay,New Zealand,Wicketkeeper,32.25,1.0,1,80.0,1.6301,1,0,572.03,33.68,141.47,0.0,0.0,0.0,44.2776,0.5005,44.44,2028,H1,Jan-Jun
Mitchell Santner,New Zealand,Spin Bowler,36.25,0.375,1,241.0,-1.1739,0,1,273.35,28.24,129.05,19.6,7.89,0.0,50.0117,0.2518,46.99,2028,H1,Jan-Jun
Muhammad Abbas,New Zealand,Middle Order Batter,27.25,1.0,1,30.0,0.4289,0,0,37.48,13.37,109.34,0.0,0.0,0.0,28.4131,0.0519,29.25,2028,H1,Jan-Jun
Nathan Smith,New Zealand,Pace Bowler,29.25,1.0,1,88.0,1.0242,1,0,209.34,27.56,154.34,36.76,7.75,0.0,64.2127,0.9594,69.09,2028,H1,Jan-Jun
Nicholas Kelly,New Zealand,Top Order Batter,32.25,1.0,1,62.0,1.5429,1,0,511.14,30.49,143.34,0.0,0.0,0.0,43.3588,0.8678,43.52,2028,H1,Jan-Jun
Rachin Ravindra,New Zealand,Batting All-Rounder,28.25,1.0,1,109.0,1.1799,1,0,909.15,39.32,160.61,24.86,8.13,0.0,65.5384,0.9327,68.21,2028,H1,Jan-Jun
Rhys Mariu,New Zealand,Middle Order Batter,26.25,1.0,1,61.0,1.561,1,0,549.78,35.86,160.9,0.0,0.0,0.0,49.1956,0.8726,49.14,2028,H1,Jan-Jun
Rohit Gulati,New Zealand,Middle Order Batter,26.25,1.0,1,38.0,1.37,1,0,257.76,30.12,151.1,0.0,0.0,0.0,44.1113,0.69,44.29,2028,H1,Jan-Jun
Simon Johnston,New Zealand,Top Order Batter,25.25,1.0,1,42.0,1.7344,1,0,295.79,35.94,155.18,0.0,0.0,0.0,47.182,0.849,47.2,2028,H1,Jan-Jun
Simon Keene,New Zealand,Pace Bowler,26.25,1.0,1,42.0,1.3555,1,0,52.81,15.65,114.13,23.82,8.21,0.0,43.7829,0.4212,43.84,2028,H1,Jan-Jun
Tim Pringle,New Zealand,Spin Bowler,24.25,1.0,1,57.0,2.0348,1,0,364.55,35.66,167.83,30.37,7.33,0.0,67.2135,0.9848,69.18,2028,H1,Jan-Jun
Tim Robinson,New Zealand,Middle Order Batter,25.25,1.0,1,72.0,1.8791,1,0,803.0,41.08,169.44,0.0,0.0,0.0,53.6997,0.9645,53.66,2028,H1,Jan-Jun
Tim Seifert,New Zealand,Wicketkeeper,33.25,1.0,1,208.0,-0.0866,0,0,859.24,33.1,140.86,0.0,0.0,0.0,44.8455,0.8468,45.0,2028,H1,Jan-Jun
Tim Southee,New Zealand,Pace Bowler,39.25,0.0,0,220.0,-3.6596,0,1,0.0,4.06,98.5,1.94,10.05,0.0,24.1509,0.0125,25.22,2028,H1,Jan-Jun
Tom Blundell,New Zealand,Wicketkeeper,37.25,0.6786,1,84.0,-0.1062,0,0,176.41,21.06,111.43,0.0,0.0,0.0,32.0342,0.0054,32.42,2028,H1,Jan-Jun
Tom Latham,New Zealand,Wicketkeeper,36.25,0.8214,1,142.5714,-0.706,0,1,247.13,23.39,119.23,0.0,0.0,0.0,34.7762,0.0365,35.44,2028,H1,Jan-Jun
Trent Boult,New Zealand,Pace Bowler,39.25,0.0,0,168.0,-3.7224,0,1,2.0,6.63,103.28,2.23,9.6,0.0,26.3287,0.0163,27.1,2028,H1,Jan-Jun
Will ORourke,New Zealand,Pace Bowler,27.25,1.0,1,70.0,1.0569,1,0,71.74,16.4,120.8,39.09,8.2,0.0,53.6779,0.8658,53.67,2028,H1,Jan-Jun
Will Young,New Zealand,Top Order Batter,36.25,0.7917,1,127.0,0.3727,0,0,409.28,29.34,125.61,0.0,0.0,0.0,38.7835,0.4149,39.23,2028,H1,Jan-Jun
Zak Foulkes,New Zealand,Bowling All-Rounder,26.25,1.0,1,64.0,2.7363,1,0,540.93,39.83,165.27,30.82,7.64,0.0,68.8532,0.0282,68.34,2028,H1,Jan-Jun
Zak Gibson,New Zealand,Pace Bowler,26.25,1.0,1,36.0,1.4501,1,0,38.89,12.39,111.27,22.77,8.54,0.0,41.3343,0.2462,41.42,2028,H1,Jan-Jun
Aamir Jamal,Pakistan,Bowling All-Rounder,32.25,1.0,1,96.0,-1.391,0,1,158.99,24.11,137.37,7.82,8.73,0.0,43.547,0.0105,43.81,2028,H1,Jan-Jun
Abbas Afridi,Pakistan,Pace Bowler,27.25,1.0,1,90.0,-1.7444,0,1,44.17,10.46,138.63,17.98,8.17,0.0,44.1308,0.6999,44.14,2028,H1,Jan-Jun
Abdul Faseeh,Pakistan,Top Order Batter,25.25,1.0,1,22.0,-0.0047,0,0,10.22,10.24,131.5,0.0,0.0,0.0,32.0228,0.2241,32.52,2028,H1,Jan-Jun
Abdul Faseeh Jr,Pakistan,Top Order Batter,25.25,1.0,1,23.0,1.0261,1,0,54.95,14.52,139.68,0.0,0.0,0.0,35.4573,0.2635,35.66,2028,H1,Jan-Jun
Abdul Samad,Pakistan,Middle Order Batter,26.25,1.0,1,100.0,-0.621,0,1,591.35,33.06,152.67,0.0,0.0,0.0,46.5478,0.8726,46.63,2028,H1,Jan-Jun
Abdullah Fazal,Pakistan,Middle Order Batter,29.25,1.0,1,56.0,0.4397,0,0,307.38,33.45,135.21,0.0,0.0,0.0,42.0031,0.8334,42.18,2028,H1,Jan-Jun
Abdullah Shafique,Pakistan,Top Order Batter,28.25,1.0,1,130.0,-2.3273,0,1,737.67,37.05,137.04,0.0,0.0,0.0,45.0354,0.9111,45.21,2028,H1,Jan-Jun
Abrar Ahmed,Pakistan,Spin Bowler,29.25,1.0,1,110.0,-5.5395,0,1,99.05,16.18,120.19,27.62,7.99,0.0,47.5011,0.8993,47.35,2028,H1,Jan-Jun
Ahmed Daniyal,Pakistan,Pace Bowler,31.25,1.0,1,72.0,-1.319,0,1,94.7,16.6,140.64,20.65,8.41,0.0,48.2743,0.5177,48.17,2028,H1,Jan-Jun
Akif Javed,Pakistan,Pace Bowler,33.25,1.0,1,89.0,-2.4335,0,1,72.21,13.71,121.53,21.83,9.49,0.0,43.4621,0.386,43.38,2028,H1,Jan-Jun
Ali Raza,Pakistan,Pace Bowler,22.25,1.0,1,45.0,1.9702,1,0,132.7,22.1,162.52,36.05,7.35,0.0,63.5324,0.8311,62.41,2028,H1,Jan-Jun
Ali Usman,Pakistan,Spin Bowler,37.25,0.35,1,72.0,-2.4045,0,1,33.35,11.13,107.82,11.1,8.34,0.0,33.9565,0.0252,33.92,2028,H1,Jan-Jun
Arafat Minhas,Pakistan,Bowling All-Rounder,24.25,1.0,1,64.0,0.7105,1,0,384.13,35.52,160.27,19.1,7.12,0.0,59.6515,0.0343,59.92,2028,H1,Jan-Jun
Asif Afridi,Pakistan,Spin Bowler,41.25,0.0,0,74.0,-3.7192,0,1,14.12,10.17,106.43,6.09,8.07,0.0,30.6481,0.0992,31.39,2028,H1,Jan-Jun
Awais Zafar,Pakistan,Middle Order Batter,33.25,1.0,1,79.0,-0.1196,0,0,325.06,28.57,127.53,0.0,0.0,0.0,38.661,0.5214,38.74,2028,H1,Jan-Jun
Azam Khan,Pakistan,Middle Order Batter,29.25,1.0,1,123.0,-1.3978,0,1,745.55,33.07,172.79,0.0,0.0,0.0,51.402,0.9382,51.36,2028,H1,Jan-Jun
Azan Awais,Pakistan,Top Order Batter,24.25,1.0,1,52.0,1.4657,1,0,414.16,43.2,144.97,0.0,0.0,0.0,47.9176,0.9002,48.02,2028,H1,Jan-Jun
Babar Azam,Pakistan,Top Order Batter,33.25,1.0,1,313.0,-4.002,0,1,1256.9,44.2,130.87,0.0,0.0,0.0,47.8731,0.9736,48.02,2028,H1,Jan-Jun
Faheem Ashraf,Pakistan,Bowling All-Rounder,34.25,0.9167,1,170.0,-5.63,0,1,452.77,24.49,128.67,27.55,9.13,0.0,53.1402,0.0069,50.64,2028,H1,Jan-Jun
Faisal Akram,Pakistan,Spin Bowler,25.25,1.0,1,63.0,-0.8802,0,1,62.86,13.06,136.51,23.58,6.9,0.0,47.9602,0.5974,47.86,2028,H1,Jan-Jun
Fakhar Zaman,Pakistan,Top Order Batter,38.25,0.0,0,250.0,-3.7993,0,1,330.3,32.86,144.7,0.0,0.0,0.0,43.9245,0.0745,43.87,2028,H1,Jan-Jun
Ghazi Ghori,Pakistan,Wicketkeeper,24.25,1.0,1,47.0,1.5715,1,0,310.3,40.09,155.37,0.0,0.0,0.0,48.7419,0.6207,48.76,2028,H1,Jan-Jun
Haris Rauf,Pakistan,Pace Bowler,34.25,0.875,1,191.0,-5.3646,0,1,78.89,12.13,117.04,37.71,9.13,0.0,50.4538,0.3774,48.5,2028,H1,Jan-Jun
Hasan Ali,Pakistan,Pace Bowler,33.25,1.0,1,203.0,-6.3549,0,1,274.72,11.31,127.48,39.33,9.35,0.0,53.8689,0.9052,53.96,2028,H1,Jan-Jun
Haseebullah Khan,Pakistan,Wicketkeeper,24.25,1.0,1,67.0,0.7097,1,0,461.05,35.24,148.08,0.0,0.0,0.0,45.9149,0.8008,46.0,2028,H1,Jan-Jun
Hassan Nawaz,Pakistan,Middle Order Batter,24.25,1.0,1,55.0,2.7233,1,0,671.14,53.97,182.51,0.0,0.0,0.0,60.6937,0.964,59.64,2028,H1,Jan-Jun
Hussain Talat,Pakistan,Batting All-Rounder,32.25,1.0,1,134.0,-2.7353,0,1,579.92,27.86,134.42,13.28,8.56,0.0,48.503,0.3876,48.58,2028,H1,Jan-Jun
Iftikhar Ahmed,Pakistan,Batting All-Rounder,37.25,0.0,0,220.0,-5.7398,0,1,272.11,29.36,128.58,5.46,8.83,0.0,42.5868,0.0068,42.77,2028,H1,Jan-Jun
Imad Wasim,Pakistan,Bowling All-Rounder,39.25,0.0,0,300.0,-14.1405,0,1,94.35,20.63,116.3,6.97,8.49,0.0,37.133,0.0038,36.49,2028,H1,Jan-Jun
Imam-ul-Haq,Pakistan,Top Order Batter,32.25,1.0,1,161.0,-2.0171,0,1,549.57,35.99,126.37,0.0,0.0,0.0,41.7513,0.8031,41.91,2028,H1,Jan-Jun
Irfan Khan,Pakistan,Top Order Batter,26.25,1.0,1,81.0,1.185,1,0,569.65,41.19,145.1,0.0,0.0,0.0,47.723,0.9306,47.75,2028,H1,Jan-Jun
Jahandad Khan,Pakistan,Bowling All-Rounder,25.25,1.0,1,60.0,1.3953,1,0,329.02,36.63,154.88,15.8,8.03,0.0,56.7149,0.0132,56.45,2028,H1,Jan-Jun
Kamran Ghulam,Pakistan,Top Order Batter,32.25,1.0,1,109.0,0.1517,0,0,526.33,32.61,125.53,0.0,0.0,0.0,40.2961,0.6037,40.65,2028,H1,Jan-Jun
Kashif Ali,Pakistan,Pace Bowler,26.25,1.0,1,57.0,-0.4077,0,0,104.95,15.53,139.59,18.03,8.43,0.0,46.3017,0.5512,46.2,2028,H1,Jan-Jun
Khawaja Nafay,Pakistan,Wicketkeeper,26.25,1.0,1,69.0,1.7416,1,0,716.68,45.71,166.36,0.0,0.0,0.0,54.4026,0.8579,54.45,2028,H1,Jan-Jun
Khurram Shahzad,Pakistan,Pace Bowler,33.25,1.0,1,85.0,-1.5299,0,1,90.74,14.19,122.24,22.06,8.54,0.0,44.1387,0.4565,44.14,2028,H1,Jan-Jun
Khushdil Shah,Pakistan,Batting All-Rounder,33.25,1.0,1,163.0,-4.2287,0,1,813.83,33.32,155.16,22.08,8.15,0.0,60.4431,0.6948,59.89,2028,H1,Jan-Jun
Maaz Sadaqat,Pakistan,Batting All-Rounder,23.25,1.0,1,50.0,2.134,1,0,479.96,48.36,181.12,13.23,7.0,0.0,65.9475,0.9265,67.09,2028,H1,Jan-Jun
Mir Hamza,Pakistan,Pace Bowler,35.25,0.9583,1,74.0,-1.4398,0,1,25.16,6.89,99.51,15.13,9.62,0.0,32.533,0.0338,32.38,2028,H1,Jan-Jun
Mohammad Abbas,Pakistan,Pace Bowler,38.25,0.4583,1,57.0,-1.1655,0,1,21.14,7.35,99.66,8.46,8.89,0.0,29.294,0.0206,30.06,2028,H1,Jan-Jun
Mohammad Ali,Pakistan,Pace Bowler,34.25,0.9583,1,90.0,-1.8843,0,1,78.71,10.92,121.06,21.93,9.43,0.0,42.4534,0.2208,42.27,2028,H1,Jan-Jun
Mohammad Amir,Pakistan,Pace Bowler,36.25,0.55,1,251.6,-10.3315,0,1,14.22,7.14,98.4,19.23,9.46,0.0,34.5525,0.0154,34.12,2028,H1,Jan-Jun
Mohammad Faiq,Pakistan,Middle Order Batter,25.25,1.0,1,46.0,1.9892,1,0,345.12,38.72,164.35,0.0,0.0,0.0,50.3133,0.7525,50.46,2028,H1,Jan-Jun
Mohammad Haris,Pakistan,Wicketkeeper,27.25,1.0,1,113.0,0.4973,0,0,721.64,32.74,153.96,0.0,0.0,0.0,47.1251,0.7599,47.23,2028,H1,Jan-Jun
Mohammad Hasnain,Pakistan,Pace Bowler,28.25,1.0,1,146.0,-3.9654,0,1,70.85,10.3,133.32,35.21,8.55,0.0,52.0894,0.4796,52.09,2028,H1,Jan-Jun
Mohammad Huraira,Pakistan,Middle Order Batter,26.25,1.0,1,76.0,1.4568,1,0,650.13,39.45,142.26,0.0,0.0,0.0,46.7433,0.8303,46.84,2028,H1,Jan-Jun
Mohammad Nawaz,Pakistan,Bowling All-Rounder,34.25,0.95,1,230.8,-7.9443,0,1,676.57,24.86,133.77,35.32,7.87,0.0,59.4722,0.0142,57.92,2028,H1,Jan-Jun
Mohammad Rizwan,Pakistan,Wicketkeeper,36.25,0.625,1,251.0,-3.8979,0,1,756.56,41.46,124.84,0.0,0.0,0.0,44.014,0.0519,43.88,2028,H1,Jan-Jun
Mohammad Wasim,Pakistan,Pace Bowler,27.25,1.0,1,104.0,-2.8649,0,1,74.04,13.0,141.45,30.89,7.69,0.0,52.7152,0.6514,52.77,2028,H1,Jan-Jun
Mubasir Khan,Pakistan,Bowling All-Rounder,26.25,1.0,1,84.0,0.1503,0,0,394.34,33.76,153.98,18.96,7.55,0.0,57.5033,0.0076,57.8,2028,H1,Jan-Jun
Naseem Shah,Pakistan,Pace Bowler,25.25,1.0,1,120.0,-3.2703,0,1,70.64,11.45,127.44,32.96,7.93,0.0,50.1587,0.6336,50.01,2028,H1,Jan-Jun
Noman Ali,Pakistan,Spin Bowler,42.25,0.0,0,45.0,-0.9245,0,1,7.14,6.32,84.48,4.31,7.92,0.0,23.5862,0.0726,24.25,2028,H1,Jan-Jun
Omair Yousuf,Pakistan,Top Order Batter,30.25,1.0,1,86.0,0.3171,0,0,522.18,33.98,137.84,0.0,0.0,0.0,43.4394,0.8735,43.52,2028,H1,Jan-Jun
Qasim Akram,Pakistan,Batting All-Rounder,25.25,1.0,1,91.0,0.4116,0,0,266.6,28.45,148.47,12.06,7.56,0.0,50.3486,0.8362,50.52,2028,H1,Jan-Jun
Saad Masood,Pakistan,Top Order Batter,26.25,1.0,1,47.0,2.1277,1,0,375.07,42.02,152.2,0.0,0.0,0.0,48.9437,0.8555,49.0,2028,H1,Jan-Jun
Sahibzada Farhan,Pakistan,Wicketkeeper,32.25,1.0,1,190.0,-0.6465,0,1,1093.0,38.21,140.68,0.0,0.0,0.0,47.3577,0.6655,47.54,2028,H1,Jan-Jun
Saim Ayub,Pakistan,Batting All-Rounder,26.25,1.0,1,121.0,-1.6086,0,1,1011.45,39.34,163.58,18.29,7.64,0.0,63.134,0.8445,62.17,2028,H1,Jan-Jun
Sajid Khan,Pakistan,Spin Bowler,35.25,0.6875,1,84.0,-2.5628,0,1,57.53,11.8,118.16,19.78,7.49,0.0,41.3282,0.1769,40.06,2028,H1,Jan-Jun
Salman Ali Agha,Pakistan,Batting All-Rounder,34.25,0.95,1,170.8,-5.2223,0,1,1339.59,36.69,137.84,16.29,7.98,0.0,56.5005,0.6688,54.88,2028,H1,Jan-Jun
Salman Mirza,Pakistan,Pace Bowler,31.25,1.0,1,61.0,-0.3366,0,0,87.55,12.67,142.7,22.2,8.14,0.0,48.1856,0.4199,48.17,2028,H1,Jan-Jun
Sarfaraz Ahmed,Pakistan,Wicketkeeper,41.25,0.0,0,270.0,-3.4778,0,1,22.36,16.47,109.4,0.0,0.0,0.0,29.4787,0.0067,30.48,2028,H1,Jan-Jun
Saud Shakeel,Pakistan,Top Order Batter,33.25,1.0,1,112.0,0.0249,0,0,525.45,31.41,121.1,0.0,0.0,0.0,38.9065,0.58,39.01,2028,H1,Jan-Jun
Shadab Khan,Pakistan,Bowling All-Rounder,30.25,1.0,1,238.0,-9.2801,0,1,1012.73,31.32,158.26,46.21,7.26,0.0,74.0849,0.0307,69.72,2028,H1,Jan-Jun
Shaheen Afridi,Pakistan,Pace Bowler,28.25,1.0,1,193.0,-6.3658,0,1,94.41,12.66,130.42,55.32,7.46,0.0,63.3162,0.9375,62.06,2028,H1,Jan-Jun
Shahzaib Khan,Pakistan,Top Order Batter,26.25,1.0,1,50.0,1.912,1,0,332.16,38.04,155.07,0.0,0.0,0.0,48.0182,0.8021,48.02,2028,H1,Jan-Jun
Shamyl Hussain,Pakistan,Middle Order Batter,23.25,1.0,1,49.0,2.6612,1,0,468.67,47.46,169.61,0.0,0.0,0.0,54.9462,0.931,54.75,2028,H1,Jan-Jun
Shan Masood,Pakistan,Top Order Batter,38.25,0.0,0,111.0,-1.0017,0,1,124.21,24.57,118.27,0.0,0.0,0.0,34.599,0.0119,35.3,2028,H1,Jan-Jun
Sufiyan Muqeem,Pakistan,Spin Bowler,27.25,1.0,1,72.0,-0.0545,0,0,121.64,17.7,147.79,34.5,7.02,0.0,58.01,0.9285,57.99,2028,H1,Jan-Jun
Tayyab Tahir,Pakistan,Top Order Batter,34.25,1.0,1,127.0,0.0052,0,0,704.83,33.19,134.39,0.23,8.63,0.0,43.8288,0.4585,43.98,2028,H1,Jan-Jun
Ubaid Shah,Pakistan,Pace Bowler,23.25,1.0,1,52.0,0.4997,0,0,100.8,13.98,159.33,28.82,7.23,0.0,56.046,0.8554,55.88,2028,H1,Jan-Jun
Usama Mir,Pakistan,Spin Bowler,32.25,1.0,1,100.0,-2.3497,0,1,160.07,19.98,140.38,27.35,7.58,0.0,53.3771,0.8884,53.31,2028,H1,Jan-Jun
Usman Khan,Pakistan,Wicketkeeper,32.25,1.0,1,143.0,-1.0472,0,1,753.08,33.6,151.35,0.0,0.0,0.0,46.9634,0.5883,47.08,2028,H1,Jan-Jun
Usman Tariq,Pakistan,Spin Bowler,29.25,1.0,1,64.0,0.3567,0,0,118.2,17.37,148.63,32.71,7.0,0.0,57.1183,0.9572,56.79,2028,H1,Jan-Jun
Yasir Khan,Pakistan,Middle Order Batter,25.25,1.0,1,56.0,1.9169,1,0,464.03,42.41,161.32,0.0,0.0,0.0,51.341,0.8746,51.36,2028,H1,Jan-Jun
Zahid Mahmood,Pakistan,Pace Bowler,40.25,0.1071,1,70.7143,-2.0237,0,1,16.21,9.19,106.49,6.76,9.89,0.0,30.3427,0.0129,31.15,2028,H1,Jan-Jun
Zaman Khan,Pakistan,Pace Bowler,26.25,1.0,1,89.0,-1.551,0,1,89.85,13.34,140.14,31.96,8.38,0.0,53.0141,0.3061,53.1,2028,H1,Jan-Jun
Aiden Markram,South Africa,Top Order Batter,33.25,1.0,1,208.0,-4.6359,0,1,1037.48,37.37,147.41,18.29,7.72,0.0,58.9897,0.9519,59.65,2028,H1,Jan-Jun
Alfred Mothoa,South Africa,Pace Bowler,26.25,1.0,1,45.0,1.813,1,0,89.58,14.16,145.29,27.03,7.83,0.0,51.9223,0.2459,52.09,2028,H1,Jan-Jun
Andile Phehlukwayo,South Africa,Bowling All-Rounder,32.25,1.0,1,183.0,-5.8101,0,1,477.39,23.69,134.9,31.09,8.95,0.0,56.2,0.0093,55.88,2028,H1,Jan-Jun
Andile Simelane,South Africa,Bowling All-Rounder,24.25,1.0,1,61.0,0.5069,1,0,252.81,28.94,165.9,18.92,7.61,0.0,57.895,0.0188,57.8,2028,H1,Jan-Jun
Anrich Nortje,South Africa,Pace Bowler,34.25,0.95,1,131.8,-3.3832,0,1,38.42,11.05,120.98,34.38,8.48,0.0,49.1494,0.4035,48.79,2028,H1,Jan-Jun
Beyers Swanepoel,South Africa,Pace Bowler,27.25,1.0,1,57.0,1.1181,1,0,140.91,17.87,158.31,31.98,7.48,0.0,58.9448,0.7192,58.83,2028,H1,Jan-Jun
Bjorn Fortuin,South Africa,Spin Bowler,33.25,1.0,1,130.0,-3.8407,0,1,85.36,11.76,116.25,31.8,8.06,0.0,47.2414,0.6313,47.29,2028,H1,Jan-Jun
Clyde Fortuin,South Africa,Wicketkeeper,32.25,1.0,1,105.0,-0.143,0,0,395.23,29.28,138.05,0.0,0.0,0.0,41.4162,0.3691,41.64,2028,H1,Jan-Jun
Codi Yusuf,South Africa,Pace Bowler,26.25,1.0,1,54.0,0.9504,1,0,75.9,12.53,138.41,26.0,8.1,0.0,49.1983,0.4003,49.15,2028,H1,Jan-Jun
Connor Esterhuizen,South Africa,Wicketkeeper,23.25,1.0,1,46.0,4.7417,1,0,597.04,58.92,196.99,0.0,0.0,0.0,65.3577,0.4293,67.54,2028,H1,Jan-Jun
Corbin Bosch,South Africa,Bowling All-Rounder,33.25,1.0,1,116.0,-0.3171,0,0,757.32,36.71,151.3,23.87,8.55,0.0,61.4987,0.0059,62.2,2028,H1,Jan-Jun
Dane Paterson,South Africa,Pace Bowler,37.25,0.0,0,98.0,-3.2199,0,1,11.85,8.36,116.13,9.04,8.45,0.0,33.5897,0.0253,33.69,2028,H1,Jan-Jun
Dane Piedt,South Africa,Spin Bowler,38.25,0.0,0,72.0,-2.2129,0,1,16.81,10.49,123.43,8.26,7.32,0.0,35.7972,0.2181,35.21,2028,H1,Jan-Jun
Daniel Smith,South Africa,Wicketkeeper,27.25,1.0,1,63.0,3.2974,1,0,567.38,49.0,174.34,0.0,0.0,0.0,56.8302,0.2905,56.91,2028,H1,Jan-Jun
David Bedingham,South Africa,Middle Order Batter,34.25,1.0,1,93.0,0.8091,1,0,583.25,39.43,154.17,0.0,0.0,0.0,49.1086,0.7804,49.14,2028,H1,Jan-Jun
David Miller,South Africa,Middle Order Batter,39.25,0.0,0,275.0,-5.4725,0,1,204.23,35.6,152.39,0.0,0.0,0.0,46.1672,0.0557,45.02,2028,H1,Jan-Jun
Dayyaan Galiem,South Africa,Bowling All-Rounder,30.25,1.0,1,73.0,-0.3724,0,0,364.37,28.59,151.3,15.56,7.82,0.0,53.1175,0.0094,53.12,2028,H1,Jan-Jun
Delano Potgieter,South Africa,Bowling All-Rounder,31.25,1.0,1,76.0,0.8641,1,0,473.46,35.2,161.94,23.63,8.05,0.0,62.3537,0.0121,62.21,2028,H1,Jan-Jun
Dewald Brevis,South Africa,Middle Order Batter,25.25,1.0,1,123.0,3.1095,1,0,1503.95,49.62,179.31,10.34,8.34,0.0,67.3603,0.9129,69.12,2028,H1,Jan-Jun
Dian Forrester,South Africa,Batting All-Rounder,28.25,1.0,1,49.0,4.222,1,0,764.68,43.87,153.4,10.42,7.9,0.0,57.5072,0.7822,57.8,2028,H1,Jan-Jun
Donovan Ferreira,South Africa,Batting All-Rounder,30.25,1.0,1,111.0,-0.8932,0,1,784.06,38.59,174.79,17.44,8.06,0.0,64.0302,0.7513,67.05,2028,H1,Jan-Jun
Eathan Bosch,South Africa,Pace Bowler,30.25,1.0,1,94.0,-2.1321,0,1,73.2,11.41,133.89,28.05,8.3,0.0,48.8584,0.4599,49.01,2028,H1,Jan-Jun
Gavin Kaplan,South Africa,Middle Order Batter,25.25,1.0,1,52.0,4.2073,1,0,580.32,47.77,170.7,0.0,0.0,0.0,55.6449,0.8691,55.4,2028,H1,Jan-Jun
George Linde,South Africa,Bowling All-Rounder,36.25,0.25,1,131.0,-4.6307,0,1,185.3,23.34,128.28,16.83,8.1,0.0,46.3066,0.0039,44.05,2028,H1,Jan-Jun
Gerald Coetzee,South Africa,Pace Bowler,27.25,1.0,1,100.0,-1.4403,0,1,66.96,12.21,141.74,38.38,8.09,0.0,56.3644,0.599,56.4,2028,H1,Jan-Jun
Gideon Peters,South Africa,Pace Bowler,26.25,1.0,1,52.0,1.223,1,0,94.42,13.26,145.18,28.23,7.99,0.0,52.195,0.497,52.09,2028,H1,Jan-Jun
Heinrich Klaasen,South Africa,Wicketkeeper,37.25,0.0,0,225.0,-3.319,0,1,306.54,42.41,169.27,0.0,0.0,0.0,52.5685,0.0697,48.3,2028,H1,Jan-Jun
Jason Smith,South Africa,Batting All-Rounder,33.25,1.0,1,96.0,0.5575,1,0,521.79,37.43,146.53,15.53,8.7,0.0,55.5121,0.6165,55.4,2028,H1,Jan-Jun
Jordan Hermann,South Africa,Top Order Batter,26.25,1.0,1,61.0,4.3332,1,0,689.07,54.36,170.89,0.0,0.0,0.0,58.3683,0.959,57.96,2028,H1,Jan-Jun
Junaid Dawood,South Africa,Spin Bowler,26.25,1.0,1,47.0,1.4422,1,0,94.34,15.35,153.32,28.79,7.01,0.0,55.2558,0.7349,55.4,2028,H1,Jan-Jun
Junior Dala,South Africa,Pace Bowler,38.25,0.0,0,95.0,-3.7511,0,1,12.84,9.77,119.42,7.23,9.51,0.0,33.6515,0.0272,33.81,2028,H1,Jan-Jun
Kagiso Rabada,South Africa,Pace Bowler,33.25,1.0,1,213.0,-6.8845,0,1,66.41,9.79,121.08,52.18,8.56,0.0,58.2617,0.7377,57.86,2028,H1,Jan-Jun
Keshav Maharaj,South Africa,Spin Bowler,38.25,0.0,0,152.0,-5.6275,0,1,58.25,17.98,129.31,12.9,7.25,0.0,42.3485,0.2146,41.64,2028,H1,Jan-Jun
Kwena Maphaka,South Africa,Pace Bowler,22.25,1.0,1,72.0,0.5585,1,0,142.75,19.86,162.66,37.55,7.4,0.0,63.5836,0.9003,63.19,2028,H1,Jan-Jun
Kyle Simmonds,South Africa,Spin Bowler,29.25,1.0,1,66.0,0.0644,0,0,125.19,15.71,138.13,31.15,7.37,0.0,53.3392,0.8697,53.36,2028,H1,Jan-Jun
Kyle Verreynne,South Africa,Wicketkeeper,30.25,1.0,1,103.0,0.2038,0,0,531.89,39.88,151.89,0.0,0.0,0.0,48.6117,0.5392,48.64,2028,H1,Jan-Jun
Lesego Senokwane,South Africa,Top Order Batter,29.25,1.0,1,66.0,1.9391,1,0,503.91,43.61,168.69,0.0,0.0,0.0,53.4913,0.9299,53.74,2028,H1,Jan-Jun
Lesiba Ngoepe,South Africa,Top Order Batter,32.25,1.0,1,66.0,1.363,1,0,359.15,32.98,145.74,0.0,0.0,0.0,44.2837,0.6859,44.43,2028,H1,Jan-Jun
Lhuan-dre Pretorius,South Africa,Wicketkeeper,22.25,1.0,1,65.0,5.6486,1,0,1038.33,55.44,193.54,0.0,0.0,0.0,64.7665,0.9031,67.55,2028,H1,Jan-Jun
Lizaad Williams,South Africa,Pace Bowler,34.25,0.95,1,107.8,-2.386,0,1,41.32,8.89,114.61,28.04,9.02,0.0,43.5355,0.1335,42.81,2028,H1,Jan-Jun
Lungi Ngidi,South Africa,Pace Bowler,32.25,1.0,1,155.0,-3.4826,0,1,75.3,12.19,121.25,44.14,8.77,0.0,54.862,0.6509,54.72,2028,H1,Jan-Jun
Lutho Sipamla,South Africa,Pace Bowler,30.25,1.0,1,97.0,-1.9532,0,1,54.06,11.68,128.03,27.01,8.34,0.0,47.0613,0.3302,47.03,2028,H1,Jan-Jun
Marco Jansen,South Africa,Bowling All-Rounder,28.25,1.0,1,150.0,-4.419,0,1,554.24,34.96,162.91,41.92,7.44,0.0,72.6089,0.0216,68.37,2028,H1,Jan-Jun
Matthew Boast,South Africa,Pace Bowler,27.25,1.0,1,49.0,1.1296,1,0,85.31,13.16,138.1,24.77,8.12,0.0,48.7258,0.4219,48.62,2028,H1,Jan-Jun
Matthew Breetzke,South Africa,Top Order Batter,29.25,1.0,1,120.0,1.4141,1,0,799.7,41.95,159.45,0.0,0.0,0.0,51.8312,0.942,51.76,2028,H1,Jan-Jun
Meeka-eel Prince,South Africa,Wicketkeeper,23.25,1.0,1,56.0,3.4728,1,0,440.92,47.39,170.92,0.0,0.0,0.0,55.118,0.4232,55.48,2028,H1,Jan-Jun
Mihlali Mpongwana,South Africa,Pace Bowler,28.25,1.0,1,70.0,-0.2137,0,0,73.56,12.76,136.35,28.65,8.36,0.0,50.1787,0.5264,50.02,2028,H1,Jan-Jun
Nandre Burger,South Africa,Pace Bowler,33.25,1.0,1,81.0,-0.4825,0,0,60.96,13.22,135.92,31.97,8.22,0.0,52.0043,0.4319,52.09,2028,H1,Jan-Jun
Nqaba Peter,South Africa,Spin Bowler,27.25,1.0,1,69.0,0.7718,1,0,131.67,18.72,153.47,37.37,7.12,0.0,61.1327,0.962,61.06,2028,H1,Jan-Jun
Nqobani Mokoena,South Africa,Pace Bowler,22.25,1.0,1,47.0,5.4474,1,0,234.16,25.85,157.9,43.98,7.45,0.0,68.3717,0.8445,68.9,2028,H1,Jan-Jun
Ottneil Baartman,South Africa,Pace Bowler,35.25,0.75,1,86.2,-1.7211,0,1,38.06,9.85,115.85,23.08,9.01,0.0,41.4991,0.0271,40.28,2028,H1,Jan-Jun
Patrick Kruger,South Africa,Bowling All-Rounder,32.25,1.0,1,86.0,-0.0171,0,0,377.2,31.1,143.17,21.0,8.77,0.0,54.9757,0.0034,55.4,2028,H1,Jan-Jun
Prenelan Subrayen,South Africa,Spin Bowler,34.25,1.0,1,89.0,-1.4844,0,1,164.1,19.63,123.6,34.3,7.74,0.0,53.2819,0.7988,53.35,2028,H1,Jan-Jun
Quinton de Kock,South Africa,Wicketkeeper,35.25,0.375,1,256.0,-4.7413,0,1,291.42,34.52,148.02,0.0,0.0,0.0,45.1111,0.0194,44.89,2028,H1,Jan-Jun
Rassie van der Dussen,South Africa,Middle Order Batter,39.25,0.0,0,190.0,-3.4925,0,1,209.83,38.69,130.39,0.0,0.0,0.0,42.5097,0.041,42.86,2028,H1,Jan-Jun
Reeza Hendricks,South Africa,Top Order Batter,39.25,0.0,0,184.0,-3.3506,0,1,189.43,29.36,136.49,0.0,0.0,0.0,40.4569,0.0451,40.84,2028,H1,Jan-Jun
Rubin Hermann,South Africa,Wicketkeeper,28.25,1.0,1,79.0,2.9463,1,0,864.36,53.26,173.23,0.0,0.0,0.0,59.0385,0.5627,59.72,2028,H1,Jan-Jun
Ryan Rickelton,South Africa,Wicketkeeper,32.25,1.0,1,139.0,-0.1004,0,0,871.79,43.67,153.12,0.0,0.0,0.0,51.2961,0.6304,51.41,2028,H1,Jan-Jun
Senuran Muthusamy,South Africa,Bowling All-Rounder,33.25,1.0,1,109.0,-1.1974,0,1,426.83,31.59,146.99,26.12,7.68,0.0,59.0941,0.0102,59.92,2028,H1,Jan-Jun
Shaun von Berg,South Africa,Spin Bowler,41.25,0.0,0,87.0,-2.6026,0,1,23.13,15.67,120.99,9.35,7.31,0.0,37.7088,0.1834,36.8,2028,H1,Jan-Jun
Simon Harmer,South Africa,Spin Bowler,39.25,0.0,0,108.0,-3.8085,0,1,49.0,15.43,120.16,11.38,7.49,0.0,38.5566,0.0961,37.55,2028,H1,Jan-Jun
Sinethemba Qeshile,South Africa,Wicketkeeper,28.25,1.0,1,85.0,0.9855,1,0,501.52,36.59,150.25,0.0,0.0,0.0,46.9924,0.6929,47.09,2028,H1,Jan-Jun
Tabraiz Shamsi,South Africa,Spin Bowler,38.25,0.2917,1,189.0,-6.4223,0,1,56.17,12.99,119.64,28.49,7.56,0.0,46.681,0.2256,43.32,2028,H1,Jan-Jun
Temba Bavuma,South Africa,Top Order Batter,38.25,0.1875,1,106.0,-0.8742,0,1,136.74,27.03,124.32,0.0,0.0,0.0,36.8239,0.0197,37.0,2028,H1,Jan-Jun
Tony de Zorzi,South Africa,Top Order Batter,31.25,1.0,1,94.0,0.6683,1,0,480.61,35.14,150.51,0.0,0.0,0.0,46.4682,0.8311,46.63,2028,H1,Jan-Jun
Tristan Stubbs,South Africa,Middle Order Batter,27.25,1.0,1,123.0,2.0421,1,0,1075.65,51.43,173.31,8.62,8.73,0.0,64.357,0.862,67.34,2028,H1,Jan-Jun
Tshepo Moreki,South Africa,Pace Bowler,33.25,1.0,1,79.0,-1.016,0,1,67.66,11.09,123.78,26.06,8.91,0.0,45.3556,0.2675,45.37,2028,H1,Jan-Jun
Wiaan Mulder,South Africa,Batting All-Rounder,30.25,1.0,1,134.0,-1.8822,0,1,663.18,36.8,150.5,26.74,7.97,0.0,62.7108,0.672,62.19,2028,H1,Jan-Jun
A Dananjaya,Sri Lanka,Spin Bowler,29.25,1.0,1,73.0,0.2211,0,0,116.71,6.47,83.24,23.47,9.32,0.0,33.6277,0.2567,33.18,2028,H1,Jan-Jun
Ahan Wickramasinghe,Sri Lanka,Middle Order Batter,26.25,1.0,1,59.0,0.4929,0,0,213.5,22.23,147.91,0.0,0.0,0.0,40.4792,0.8144,40.69,2028,H1,Jan-Jun
Ashian Daniel,Sri Lanka,Spin Bowler,27.25,1.0,1,67.0,-1.5075,0,1,31.31,4.7,138.55,10.32,8.63,0.0,37.8597,0.4694,37.89,2028,H1,Jan-Jun
Asitha Fernando,Sri Lanka,Pace Bowler,32.25,1.0,1,67.0,0.1024,0,0,87.63,9.26,65.49,25.26,8.5,0.0,31.7794,0.195,31.34,2028,H1,Jan-Jun
Avishka Fernando,Sri Lanka,Top Order Batter,30.25,1.0,1,58.0,0.4543,0,0,167.79,19.06,149.78,0.0,0.0,0.0,39.6155,0.8396,39.74,2028,H1,Jan-Jun
Bhanuka Rajapaksa,Sri Lanka,Middle Order Batter,36.25,0.7917,1,58.0,-0.3592,0,0,249.77,20.59,106.93,0.0,0.0,0.0,31.1228,0.0415,31.91,2028,H1,Jan-Jun
Binura Fernando,Sri Lanka,Pace Bowler,33.25,1.0,1,67.0,-0.0578,0,0,150.02,11.22,64.98,24.63,10.44,0.0,31.9065,0.3427,31.56,2028,H1,Jan-Jun
Chamika Karunaratne,Sri Lanka,Bowling All-Rounder,32.25,1.0,1,86.0,-3.4557,0,1,379.51,11.66,130.69,16.67,9.11,0.0,43.0112,0.0132,43.06,2028,H1,Jan-Jun
Chamindu Wickramasinghe,Sri Lanka,Bowling All-Rounder,26.25,1.0,1,44.0,-0.0012,0,0,128.09,12.47,169.11,7.39,7.1,0.0,46.3586,0.0112,46.48,2028,H1,Jan-Jun
Chamindu Wijesinghe,Sri Lanka,Batting All-Rounder,26.25,1.0,1,51.0,-0.5596,0,1,87.88,17.96,134.7,6.29,6.67,0.0,40.2644,0.459,40.53,2028,H1,Jan-Jun
Charith Asalanka,Sri Lanka,Middle Order Batter,31.25,1.0,1,86.0,-0.6559,0,1,717.67,40.15,150.4,0.0,0.0,0.0,48.9705,0.9505,49.06,2028,H1,Jan-Jun
Dasun Shanaka,Sri Lanka,Batting All-Rounder,37.25,0.6786,1,52.0,-0.6268,0,1,607.3,9.58,105.7,7.66,11.13,0.0,32.4885,0.0057,32.54,2028,H1,Jan-Jun
Dhananjaya Lakshan,Sri Lanka,Bowling All-Rounder,30.25,1.0,1,81.0,-2.4328,0,1,295.46,28.24,123.25,19.48,8.93,0.0,48.5438,0.007,48.45,2028,H1,Jan-Jun
Dhananjaya de Silva,Sri Lanka,Batting All-Rounder,37.25,0.625,1,56.0,-1.1941,0,1,294.29,16.54,116.6,7.03,7.75,0.0,36.5736,0.0065,35.83,2028,H1,Jan-Jun
Dilshan Madushanka,Sri Lanka,Pace Bowler,27.25,1.0,1,81.0,-0.6967,0,1,124.38,1.5,107.69,26.6,7.79,0.0,39.1638,0.7168,39.21,2028,H1,Jan-Jun
Sachindu Colombage,Sri Lanka,Spin Bowler,27.25,1.0,1,74.0,1.328,1,0,27.2,3.21,121.06,16.23,6.43,0.0,37.2467,0.5438,37.26,2028,H1,Jan-Jun
Dinesh Chandimal,Sri Lanka,Wicketkeeper,38.25,0.5357,1,66.4286,1.1167,1,0,437.19,26.73,139.44,0.0,0.0,0.0,40.945,0.0205,41.32,2028,H1,Jan-Jun
Dulaj Samuditha,Sri Lanka,Bowling All-Rounder,26.25,1.0,1,50.0,-0.9467,0,1,103.81,20.88,110.15,4.15,7.48,0.0,34.6506,0.0032,34.75,2028,H1,Jan-Jun
Dulnith Sigera,Sri Lanka,Batting All-Rounder,21.25,1.0,1,50.0,-1.5247,0,1,102.57,17.44,132.66,5.65,9.08,0.0,38.7614,0.1071,38.8,2028,H1,Jan-Jun
Dunith Wellalage,Sri Lanka,Bowling All-Rounder,25.25,1.0,1,51.0,-1.366,0,1,112.5,7.42,116.66,6.95,7.17,0.0,32.8861,0.0117,33.1,2028,H1,Jan-Jun
Dushan Hemantha,Sri Lanka,Bowling All-Rounder,33.25,1.0,1,66.0,-2.3672,0,1,452.69,18.73,121.43,9.33,8.19,0.0,40.02,0.0094,40.14,2028,H1,Jan-Jun
Dushmantha Chameera,Sri Lanka,Pace Bowler,36.25,0.9583,1,67.0,1.9658,1,0,149.6,12.06,58.41,50.15,11.14,0.0,44.2612,0.9414,43.58,2028,H1,Jan-Jun
Eshan Malinga,Sri Lanka,Pace Bowler,26.25,1.0,1,47.0,4.1200,1,0,284.57,21.58,130.77,26.62,6.92,19.8,82.9786,0.7240,83.68,2028,H1,Jan-Jun
Garuka Sanketh,Sri Lanka,Pace Bowler,26.25,1.0,1,45.0,0.3614,0,0,46.73,6.13,114.41,12.84,7.58,0.0,34.7546,0.2568,34.82,2028,H1,Jan-Jun
Isitha Wijesundera,Sri Lanka,Pace Bowler,31.25,1.0,1,45.0,0.192,0,0,56.65,5.28,110.25,0.0,0.0,0.0,25.7995,0.1284,26.9,2028,H1,Jan-Jun
Janishka Perera,Sri Lanka,Top Order Batter,27.25,1.0,1,46.0,-0.5993,0,1,127.78,11.66,121.36,0.0,0.0,0.0,30.6982,0.1659,31.33,2028,H1,Jan-Jun
Janith Liyanage,Sri Lanka,Batting All-Rounder,32.25,1.0,1,70.0,-0.1418,0,0,456.56,25.41,114.05,14.58,8.18,0.0,43.5965,0.3437,43.68,2028,H1,Jan-Jun
Jeffrey Vandersay,Sri Lanka,Spin Bowler,38.25,0.0,0,47.0,-0.4163,0,0,14.39,4.79,100.09,5.29,8.69,0.0,26.8095,0.1464,27.46,2028,H1,Jan-Jun
Kamil Mishara,Sri Lanka,Top Order Batter,27.25,1.0,1,68.0,-0.6104,0,1,472.26,31.41,140.2,0.0,0.0,0.0,42.8816,0.9349,43.07,2028,H1,Jan-Jun
Kamindu Mendis,Sri Lanka,Batting All-Rounder,29.25,1.0,1,88.0,0.8297,1,0,644.48,44.24,149.15,41.25,8.39,0.0,72.6239,0.9206,68.22,2028,H1,Jan-Jun
Kasun Rajitha,Sri Lanka,Pace Bowler,35.25,0.9583,1,63.0,0.8787,1,0,112.02,11.82,75.23,18.63,8.08,0.0,31.4414,0.134,31.49,2028,H1,Jan-Jun
Kavija Gamage,Sri Lanka,Spin Bowler,21.25,1.0,1,73.0,-0.5785,0,1,61.47,10.12,120.64,16.29,7.7,0.0,39.3732,0.8737,39.47,2028,H1,Jan-Jun
Keshara Nuwantha,Sri Lanka,Bowling All-Rounder,26.25,1.0,1,52.0,0.5893,1,0,172.43,18.92,152.4,0.0,0.0,0.0,40.1487,0.0161,40.32,2028,H1,Jan-Jun
Kusal Mendis,Sri Lanka,Wicketkeeper,33.25,1.0,1,124.0,-7.5955,0,1,493.73,32.28,124.91,0.0,0.0,0.0,39.9416,0.8353,40.16,2028,H1,Jan-Jun
Kusal Perera,Sri Lanka,Wicketkeeper,38.25,0.15,0,66.4,-1.5804,0,1,168.87,17.25,136.8,0.0,0.0,0.0,36.161,0.0089,36.16,2028,H1,Jan-Jun
Lahiru Kumara,Sri Lanka,Pace Bowler,31.25,1.0,1,68.0,-0.5065,0,1,147.94,11.15,131.47,6.38,7.37,0.0,37.1758,0.4836,37.19,2028,H1,Jan-Jun
Lahiru Udara,Sri Lanka,Top Order Batter,34.25,1.0,1,78.0,-1.3091,0,1,391.57,24.67,134.99,0.0,0.0,0.0,39.1047,0.2085,39.2,2028,H1,Jan-Jun
Lasith Croospulle,Sri Lanka,Top Order Batter,29.25,1.0,1,83.0,-0.4165,0,0,179.54,17.21,157.27,0.0,0.0,0.0,40.6206,0.8276,40.82,2028,H1,Jan-Jun
M Shiraz,Sri Lanka,Pace Bowler,33.25,1.0,1,70.0,-0.5763,0,1,21.61,8.18,105.29,11.03,7.51,0.0,32.4802,0.2224,32.53,2028,H1,Jan-Jun
Maheesh Theekshana,Sri Lanka,Spin Bowler,27.25,1.0,1,76.0,-1.1885,0,1,179.95,5.09,112.71,20.35,10.83,0.0,37.8517,0.3113,37.97,2028,H1,Jan-Jun
Mateesha Pathirana,Sri Lanka,Pace Bowler,25.25,1.0,1,45.0,-0.4757,0,0,27.71,11.38,121.29,6.03,8.2,0.0,34.283,0.1798,34.44,2028,H1,Jan-Jun
Milan Rathnayake,Sri Lanka,Bowling All-Rounder,31.25,1.0,1,86.0,-2.0313,0,1,606.95,18.93,150.99,16.02,9.83,0.0,50.2491,0.0131,50.34,2028,H1,Jan-Jun
Nipun Dhananjaya,Sri Lanka,Middle Order Batter,27.25,1.0,1,86.0,0.4466,0,0,339.13,34.68,140.2,0.0,0.0,0.0,43.6222,0.3978,43.82,2028,H1,Jan-Jun
Niroshan Dickwella,Sri Lanka,Wicketkeeper,35.25,0.6875,1,82.0,-1.8595,0,1,226.83,30.52,118.71,0.0,0.0,0.0,37.1301,0.0098,37.39,2028,H1,Jan-Jun
Nishan Madushka,Sri Lanka,Wicketkeeper,28.25,1.0,1,75.0,-1.1655,0,1,359.51,14.98,138.14,0.0,0.0,0.0,36.2474,0.2559,36.4,2028,H1,Jan-Jun
Nishan Peiris,Sri Lanka,Pace Bowler,28.25,1.0,1,78.0,-0.4704,0,0,116.98,9.21,66.88,0.0,0.0,0.0,17.9775,0.0549,18.68,2028,H1,Jan-Jun
Nuwan Thushara,Sri Lanka,Pace Bowler,32.25,1.0,1,80.0,-1.8645,0,1,44.1,2.2,110.82,22.47,8.85,0.0,37.4168,0.3129,37.5,2028,H1,Jan-Jun
Nuwanidu Fernando,Sri Lanka,Top Order Batter,29.25,1.0,1,70.0,0.0617,0,0,245.37,12.01,121.73,20.54,10.55,0.0,42.6076,0.2062,42.6,2028,H1,Jan-Jun
Oshada Fernando,Sri Lanka,Top Order Batter,36.25,0.5833,1,65.0,-0.9261,0,1,236.86,14.55,111.13,0.0,0.0,0.0,29.8492,0.0198,30.74,2028,H1,Jan-Jun
Pasindu Sooriyabandara,Sri Lanka,Top Order Batter,25.25,1.0,1,52.0,0.4625,0,0,64.43,24.5,153.41,0.0,0.0,0.0,42.0076,0.8211,42.16,2028,H1,Jan-Jun
Pathum Nissanka,Sri Lanka,Top Order Batter,30.25,1.0,1,121.0,-4.3377,0,1,815.71,55.23,155.06,0.0,0.0,0.0,55.643,0.9883,55.42,2028,H1,Jan-Jun
Pavan Rathnayake,Sri Lanka,Middle Order Batter,26.25,1.0,1,119.0,0.2704,0,0,287.57,10.62,113.65,0.0,0.0,0.0,29.1609,0.2676,30.01,2028,H1,Jan-Jun
Pramod Madushan,Sri Lanka,Pace Bowler,31.25,1.0,1,55.0,0.6265,1,0,30.51,7.24,74.15,23.91,6.67,0.0,32.5147,0.2889,32.06,2028,H1,Jan-Jun
Ramesh Mendis,Sri Lanka,Bowling All-Rounder,33.25,1.0,1,71.0,-1.052,0,1,437.0,21.37,108.65,9.52,8.76,0.0,38.1204,0.0087,38.16,2028,H1,Jan-Jun
Ravindu Fernando,Sri Lanka,Batting All-Rounder,26.25,1.0,1,49.0,-0.3921,0,0,152.94,17.55,128.16,7.3,7.43,0.0,39.2184,0.1747,39.37,2028,H1,Jan-Jun
Ravindu Rasantha,Sri Lanka,Top Order Batter,27.25,1.0,1,83.0,-0.12,0,0,504.94,15.92,145.65,0.0,0.0,0.0,38.6689,0.7855,38.74,2028,H1,Jan-Jun
Sadeera Samarawickrama,Sri Lanka,Wicketkeeper,31.25,1.0,1,91.0,-1.6624,0,1,475.93,29.07,109.24,0.0,0.0,0.0,35.3472,0.1446,35.52,2028,H1,Jan-Jun
Sahan Kosala,Sri Lanka,Middle Order Batter,27.25,1.0,1,86.0,-0.9011,0,1,509.4,20.84,118.43,0.0,0.0,0.0,34.525,0.5727,34.68,2028,H1,Jan-Jun
Sohan de Livera,Sri Lanka,Top Order Batter,28.25,1.0,1,48.0,0.0305,0,0,183.62,15.17,136.3,0.0,0.0,0.0,35.3608,0.4921,35.59,2028,H1,Jan-Jun
Sonal Dinusha,Sri Lanka,Batting All-Rounder,27.25,1.0,1,68.0,-3.5342,0,1,384.85,15.58,137.49,8.09,8.78,0.0,41.3921,0.3176,41.48,2028,H1,Jan-Jun
Tharindu Ratnayake,Sri Lanka,Bowling All-Rounder,32.25,1.0,1,93.0,0.7446,1,0,897.29,31.1,113.22,17.9,7.84,0.0,48.6696,0.0204,48.57,2028,H1,Jan-Jun
Traveen Mathew,Sri Lanka,Spin Bowler,27.25,1.0,1,64.0,-0.3721,0,0,47.33,0.7,56.83,29.66,7.16,0.0,29.3973,0.6689,29.27,2028,H1,Jan-Jun
V Viyaskanth,Sri Lanka,Spin Bowler,27.25,1.0,1,65.0,0.3392,0,0,36.1,7.65,78.39,38.16,6.97,0.0,41.081,0.8286,41.23,2028,H1,Jan-Jun
Vigneshwaran Akash,Sri Lanka,Spin Bowler,21.25,1.0,1,46.0,0.0297,0,0,54.38,12.72,109.14,11.8,8.96,0.0,35.1245,0.2139,35.13,2028,H1,Jan-Jun
Vimath Dinsara,Sri Lanka,Top Order Batter,22.25,1.0,1,58.0,-0.6986,0,1,91.52,20.45,128.64,0.0,0.0,0.0,35.2828,0.4239,35.55,2028,H1,Jan-Jun
Vishad Randika,Sri Lanka,Top Order Batter,31.25,1.0,1,72.0,1.8496,1,0,525.42,37.32,129.67,0.0,0.0,0.0,40.863,0.4308,43.07,2028,H1,Jan-Jun
Vishen Halambage,Sri Lanka,Top Order Batter,23.25,1.0,1,52.0,-0.0245,0,0,131.87,19.9,136.28,0.0,0.0,0.0,36.8721,0.6084,37.06,2028,H1,Jan-Jun
Vishwa Fernando,Sri Lanka,Pace Bowler,36.25,0.6875,1,57.0,-0.4102,0,0,77.21,7.79,56.61,12.91,8.52,0.0,22.7271,0.0194,23.22,2028,H1,Jan-Jun
Wanindu Hasaranga,Sri Lanka,Bowling All-Rounder,31.25,1.0,1,108.0,5.2100,1,0,1685.42,55.2,140.67,38.67,6.98,20.1,92.0541,0.8120,91.84,2028,H1,Jan-Jun
A Phillip,West Indies,Top Order Batter,27.25,1.0,1,49.0,1.7336,1,0,327.78,37.42,153.03,0.0,0.0,0.0,47.3418,0.7042,47.51,2028,H1,Jan-Jun
Ackeem Auguste,West Indies,Middle Order Batter,25.25,1.0,1,67.0,3.2035,1,0,643.55,53.42,180.73,0.0,0.0,0.0,60.0254,0.8996,59.64,2028,H1,Jan-Jun
Akeal Hosein,West Indies,Spin Bowler,35.25,0.5833,1,200.0,-5.6308,0,1,147.04,21.0,127.27,35.17,7.29,0.0,55.0897,0.7797,48.06,2028,H1,Jan-Jun
Alick Athanaze,West Indies,Top Order Batter,29.25,1.0,1,80.0,1.3106,1,0,585.54,38.68,158.13,0.0,0.0,0.0,49.7085,0.804,49.78,2028,H1,Jan-Jun
Alzarri Joseph,West Indies,Pace Bowler,32.25,1.0,1,188.0,-5.5718,0,1,70.34,10.69,125.66,51.77,8.23,0.0,59.4374,0.8215,59.58,2028,H1,Jan-Jun
Amari Goodridge,West Indies,Pace Bowler,23.25,1.0,1,43.0,4.5821,1,0,121.5,14.09,157.93,36.08,7.83,0.0,59.5524,0.3544,59.71,2028,H1,Jan-Jun
Amir Jangoo,West Indies,Wicketkeeper,31.25,1.0,1,84.0,2.8956,1,0,806.13,51.38,176.78,0.0,0.0,0.0,58.9575,0.5889,58.82,2028,H1,Jan-Jun
Andre Fletcher,West Indies,Wicketkeeper,40.25,0.0,0,260.0,-5.1031,0,1,181.66,26.78,135.98,0.0,0.0,0.0,39.4061,0.007,40.02,2028,H1,Jan-Jun
Brandon King,West Indies,Top Order Batter,33.25,1.0,1,163.0,-2.2666,0,1,677.69,33.0,138.83,0.0,0.0,0.0,43.7969,0.9045,43.98,2028,H1,Jan-Jun
Carlon Tuckett,West Indies,Pace Bowler,24.25,1.0,1,44.0,5.4784,1,0,144.46,16.51,155.35,48.52,7.91,0.0,66.5205,0.3573,67.06,2028,H1,Jan-Jun
Evin Lewis,West Indies,Top Order Batter,37.25,0.1875,1,208.0,-3.6268,0,1,344.32,32.51,153.78,0.0,0.0,0.0,45.814,0.0992,45.04,2028,H1,Jan-Jun
Fabian Allen,West Indies,Bowling All-Rounder,33.25,1.0,1,168.0,-4.9385,0,1,533.66,25.9,157.72,32.91,8.03,0.0,63.2668,0.0139,62.19,2028,H1,Jan-Jun
Giovonte Depeiza,West Indies,Top Order Batter,22.25,1.0,1,45.0,3.2421,1,0,368.57,40.99,170.15,0.0,0.0,0.0,52.4511,0.9473,52.43,2028,H1,Jan-Jun
Gudakesh Motie,West Indies,Spin Bowler,32.25,1.0,1,148.0,-3.2721,0,1,111.22,15.71,126.28,42.47,7.63,0.0,56.6769,0.9504,56.42,2028,H1,Jan-Jun
Hayden Walsh Jr,West Indies,Spin Bowler,35.25,0.6875,1,120.0,-3.2567,0,1,44.35,10.87,117.24,23.15,8.16,0.0,42.3888,0.0618,41.09,2028,H1,Jan-Jun
Jason Holder,West Indies,Bowling All-Rounder,36.25,0.55,1,244.6,-7.9999,0,1,427.73,26.56,138.04,27.45,8.76,0.0,55.8428,0.0069,49.61,2028,H1,Jan-Jun
Jayden Seales,West Indies,Pace Bowler,26.25,1.0,1,94.0,-0.9554,0,1,62.88,10.49,130.51,37.58,7.91,0.0,52.9209,0.5052,52.81,2028,H1,Jan-Jun
Jediah Blades,West Indies,Pace Bowler,23.25,1.0,1,46.0,5.5864,1,0,192.99,23.63,167.78,37.54,7.75,0.0,66.0962,0.7431,68.89,2028,H1,Jan-Jun
Jewel Andrew,West Indies,Wicketkeeper,21.25,1.0,1,49.0,5.436,1,0,725.51,55.48,192.88,0.0,0.0,0.0,63.6506,0.8045,63.43,2028,H1,Jan-Jun
Johann Jeremiah,West Indies,Top Order Batter,22.25,1.0,1,40.0,5.1937,1,0,546.56,56.61,183.45,0.0,0.0,0.0,61.4416,0.9596,62.14,2028,H1,Jan-Jun
Johann Layne,West Indies,Pace Bowler,25.25,1.0,1,53.0,6.686,1,0,191.45,19.37,170.33,59.95,7.49,0.0,77.115,0.8839,69.06,2028,H1,Jan-Jun
John Campbell,West Indies,Top Order Batter,34.25,1.0,1,108.0,-0.4203,0,0,423.85,30.11,135.19,0.0,0.0,0.0,41.1808,0.7547,41.37,2028,H1,Jan-Jun
Johnson Charles,West Indies,Wicketkeeper,39.25,0.0,0,260.0,-5.5181,0,1,204.85,27.37,143.67,0.0,0.0,0.0,41.3566,0.0106,41.83,2028,H1,Jan-Jun
Jomel Warrican,West Indies,Spin Bowler,36.25,0.625,1,84.0,-1.6154,0,1,40.7,10.1,117.06,21.84,7.78,0.0,41.4558,0.1419,40.15,2028,H1,Jan-Jun
Joshua Da Silva,West Indies,Wicketkeeper,30.25,1.0,1,91.0,0.6613,1,0,479.26,35.03,151.04,0.0,0.0,0.0,46.5398,0.615,46.67,2028,H1,Jan-Jun
Justin Greaves,West Indies,Batting All-Rounder,32.25,1.0,1,100.0,0.7026,1,0,632.73,39.92,158.85,18.4,8.13,0.0,61.0622,0.6962,61.05,2028,H1,Jan-Jun
Kavem Hodge,West Indies,Batting All-Rounder,35.25,0.9643,1,91.1429,0.8229,1,0,559.34,33.57,143.6,14.93,8.85,0.0,53.2774,0.4514,52.41,2028,H1,Jan-Jun
Keacy Carty,West Indies,Middle Order Batter,31.25,1.0,1,87.0,2.0741,1,0,695.42,45.14,162.16,0.0,0.0,0.0,53.2222,0.7834,53.29,2028,H1,Jan-Jun
Kelvin Pittman,West Indies,Pace Bowler,21.25,1.0,1,46.0,5.6867,1,0,139.61,15.55,168.73,55.24,7.27,0.0,72.803,0.6281,68.98,2028,H1,Jan-Jun
Kemar Paul,West Indies,Bowling All-Rounder,29.25,1.0,1,133.0,-2.8838,0,1,462.42,28.26,161.3,31.06,7.67,0.0,63.7579,0.0122,63.09,2028,H1,Jan-Jun
Kemar Roach,West Indies,Pace Bowler,40.25,0.0,0,91.0,-2.1615,0,1,9.85,7.7,105.14,8.35,8.65,0.0,30.5584,0.0255,31.2,2028,H1,Jan-Jun
Kevlon Anderson,West Indies,Top Order Batter,21.25,1.0,1,70.0,2.7518,1,0,586.67,49.05,187.36,0.0,0.0,0.0,59.7329,0.9794,59.75,2028,H1,Jan-Jun
Kirk McKenzie,West Indies,Top Order Batter,27.25,1.0,1,75.0,1.8536,1,0,580.87,40.42,170.39,0.0,0.0,0.0,52.9706,0.9142,53.16,2028,H1,Jan-Jun
Kraigg Brathwaite,West Indies,Top Order Batter,35.25,0.95,1,94.8,-0.4167,0,0,214.41,21.37,111.68,0.0,0.0,0.0,32.3184,0.082,32.46,2028,H1,Jan-Jun
Kyle Mayers,West Indies,Bowling All-Rounder,35.25,0.6875,1,187.0,-5.3893,0,1,463.72,33.01,149.59,18.87,8.87,0.0,56.1677,0.007,50.26,2028,H1,Jan-Jun
Marlon Samuels,West Indies,Batting All-Rounder,47.25,0.0,0,315.0,-13.621,0,1,0.0,15.13,100.96,0.0,10.2,0.0,27.5606,0.0016,28.43,2028,H1,Jan-Jun
Matthew Forde,West Indies,Bowling All-Rounder,26.25,1.0,1,80.0,0.9098,1,0,491.09,40.52,170.23,27.53,7.64,0.0,68.2671,0.0178,68.28,2028,H1,Jan-Jun
Mavendra Dindyal,West Indies,Middle Order Batter,26.25,1.0,1,60.0,3.2258,1,0,528.65,44.11,169.31,0.0,0.0,0.0,53.8814,0.7755,53.99,2028,H1,Jan-Jun
Mbeki Joseph,West Indies,Pace Bowler,25.25,1.0,1,47.0,2.3728,1,0,139.7,16.64,153.88,30.17,7.78,0.0,56.5056,0.4121,56.42,2028,H1,Jan-Jun
Mikyle Louis,West Indies,Middle Order Batter,26.25,1.0,1,59.0,3.2497,1,0,593.29,49.12,168.33,0.0,0.0,0.0,55.651,0.8014,55.4,2028,H1,Jan-Jun
Nathan Edward,West Indies,Pace Bowler,27.25,1.0,1,52.0,1.9326,1,0,139.69,18.65,149.09,30.95,7.99,0.0,56.5454,0.5849,56.42,2028,H1,Jan-Jun
Naveen Bidaisee,West Indies,Middle Order Batter,26.25,1.0,1,50.0,3.2931,1,0,471.89,46.9,174.33,0.0,0.0,0.0,55.7814,0.7819,55.4,2028,H1,Jan-Jun
Nicholas Pooran,West Indies,Wicketkeeper,32.25,1.0,1,303.0,-3.6378,0,1,1140.59,36.88,157.47,0.0,0.0,0.0,50.6777,0.8004,50.79,2028,H1,Jan-Jun
Obed McCoy,West Indies,Pace Bowler,31.25,1.0,1,109.0,-1.9366,0,1,56.01,10.19,125.78,34.28,8.74,0.0,49.8363,0.5365,50.01,2028,H1,Jan-Jun
Odean Smith,West Indies,Bowling All-Rounder,32.25,1.0,1,126.0,-3.7938,0,1,350.1,24.52,155.35,29.19,9.35,0.0,59.4484,0.0093,59.89,2028,H1,Jan-Jun
Ramon Simmonds,West Indies,Pace Bowler,25.25,1.0,1,54.0,2.2807,1,0,163.17,18.95,166.52,32.23,7.54,0.0,61.2966,0.5778,61.26,2028,H1,Jan-Jun
Renico Smith,West Indies,Middle Order Batter,26.25,1.0,1,49.0,3.5166,1,0,325.31,35.92,154.66,0.0,0.0,0.0,47.1552,0.4734,47.19,2028,H1,Jan-Jun
Rivaldo Clarke,West Indies,Wicketkeeper,22.25,1.0,1,57.0,3.9494,1,0,669.73,53.36,195.57,0.0,0.0,0.0,63.3056,0.6108,62.54,2028,H1,Jan-Jun
Romario Shepherd,West Indies,Bowling All-Rounder,33.25,1.0,1,182.0,-5.1974,0,1,545.13,28.61,151.25,36.73,9.41,0.0,64.6257,0.0095,68.29,2028,H1,Jan-Jun
Roston Chase,West Indies,Batting All-Rounder,36.25,0.0,0,160.0,-4.3009,0,1,214.47,34.25,140.8,7.99,7.85,0.0,48.3433,0.0184,46.22,2028,H1,Jan-Jun
Rovman Powell,West Indies,Middle Order Batter,34.25,0.9375,1,221.5,-3.0588,0,1,810.36,33.15,157.24,0.0,0.0,0.0,48.262,0.7817,47.14,2028,H1,Jan-Jun
Shai Hope,West Indies,Wicketkeeper,34.25,0.9643,1,171.1429,-1.5342,0,1,769.85,37.26,143.9,0.0,0.0,0.0,46.6994,0.3837,45.75,2028,H1,Jan-Jun
Shamar Joseph,West Indies,Pace Bowler,28.25,1.0,1,61.0,0.627,1,0,59.32,8.98,126.31,27.32,8.38,0.0,45.903,0.3693,45.8,2028,H1,Jan-Jun
Shamyl Springer,West Indies,Batting All-Rounder,24.25,1.0,1,63.0,2.7541,1,0,623.93,52.4,184.35,18.32,7.12,0.0,71.2078,0.9468,68.26,2028,H1,Jan-Jun
Shaqkere Parris,West Indies,Middle Order Batter,25.25,1.0,1,53.0,3.5507,1,0,614.58,51.03,187.03,0.0,0.0,0.0,60.4522,0.9249,59.64,2028,H1,Jan-Jun
Sherfane Rutherford,West Indies,Middle Order Batter,30.25,1.0,1,182.0,-1.4096,0,1,821.12,38.87,168.32,0.0,0.0,0.0,52.7295,0.8722,52.75,2028,H1,Jan-Jun
Shimron Hetmyer,West Indies,Middle Order Batter,31.25,1.0,1,201.0,-2.5007,0,1,687.59,34.34,158.29,0.0,0.0,0.0,48.5248,0.8682,48.6,2028,H1,Jan-Jun
Tagenarine Chanderpaul,West Indies,Middle Order Batter,32.25,1.0,1,60.0,0.597,1,0,128.47,19.99,118.25,0.0,0.0,0.0,32.9825,0.2952,33.32,2028,H1,Jan-Jun
Tevin Imlach,West Indies,Wicketkeeper,31.25,1.0,1,66.0,2.0347,1,0,441.15,36.84,150.86,0.0,0.0,0.0,47.023,0.4227,47.09,2028,H1,Jan-Jun
Trevon Hinds,West Indies,Top Order Batter,27.25,1.0,1,50.0,3.6106,1,0,425.92,42.03,159.22,0.0,0.0,0.0,50.6304,0.8936,50.72,2028,H1,Jan-Jun
Voight Lawes,West Indies,Pace Bowler,27.25,1.0,1,45.0,2.1935,1,0,115.77,15.35,150.39,26.89,7.73,0.0,53.4832,0.3641,53.64,2028,H1,Jan-Jun
Zishan Motara,West Indies,Pace Bowler,24.25,1.0,1,41.0,5.4592,1,0,132.86,18.21,159.88,38.94,7.22,0.0,63.1522,0.5901,62.13,2028,H1,Jan-Jun
Ainsley Ndlovu,Zimbabwe,Top Order Batter,29.25,1.0,1,56.0,-0.2541,0,0,431.43,22.54,134.34,0.0,0.0,0.0,38.3334,0.8759,38.41,2028,H1,Jan-Jun
Antum Naqvi,Zimbabwe,Batting All-Rounder,20.25,1.0,1,61.0,1.1854,1,0,1082.14,53.15,200.29,18.53,7.0,0.0,76.524,0.9313,68.26,2028,H1,Jan-Jun
Ben Curran,Zimbabwe,Top Order Batter,32.25,1.0,1,66.0,0.6625,1,0,601.24,33.44,141.58,0.0,0.0,0.0,44.3084,0.8854,44.43,2028,H1,Jan-Jun
Blessing Muzarabani,Zimbabwe,Pace Bowler,32.25,1.0,1,106.0,-4.3807,0,1,69.88,10.81,110.46,22.67,8.96,0.0,40.5621,0.6293,40.63,2028,H1,Jan-Jun
Brad Evans,Zimbabwe,Pace Bowler,31.25,1.0,1,80.0,-3.3226,0,1,329.82,20.19,144.98,18.8,8.93,0.0,50.1467,0.9432,49.96,2028,H1,Jan-Jun
Brandon Mavuta,Zimbabwe,Spin Bowler,31.25,1.0,1,67.0,-1.9702,0,1,202.72,15.24,132.4,17.7,7.73,0.0,44.9293,0.9404,44.84,2028,H1,Jan-Jun
Brendan Taylor,Zimbabwe,Wicketkeeper,42.25,0.0,0,92.0,-3.3095,0,1,0.0,14.8,105.22,0.0,0.0,0.0,27.9087,0.0177,28.84,2028,H1,Jan-Jun
Brian Bennett,Zimbabwe,Batting All-Rounder,24.25,1.0,1,79.0,0.0177,0,0,1107.57,40.39,174.74,23.97,7.52,0.0,69.2817,0.6621,68.27,2028,H1,Jan-Jun
Brian Mudzinganyama,Zimbabwe,Middle Order Batter,27.25,1.0,1,52.0,1.1695,1,0,363.8,24.96,140.46,0.0,0.0,0.0,40.3065,0.7557,40.67,2028,H1,Jan-Jun
Charlton Tshuma,Zimbabwe,Pace Bowler,28.25,1.0,1,39.0,-0.0503,0,0,24.03,5.57,102.04,13.12,8.06,0.0,31.8351,0.1091,31.96,2028,H1,Jan-Jun
Clive Chitumba,Zimbabwe,Wicketkeeper,29.25,1.0,1,40.0,1.1621,1,0,270.97,29.36,150.94,0.0,0.0,0.0,43.8485,0.4434,43.98,2028,H1,Jan-Jun
Clive Madande,Zimbabwe,Wicketkeeper,27.25,1.0,1,82.0,0.3928,0,0,830.32,32.73,157.32,0.0,0.0,0.0,48.1932,0.8221,48.37,2028,H1,Jan-Jun
Craig Ervine,Zimbabwe,Middle Order Batter,42.25,0.0,0,69.0,-1.6218,0,1,29.86,20.13,102.62,0.0,0.0,0.0,29.3308,0.0147,30.34,2028,H1,Jan-Jun
Dion Myers,Zimbabwe,Batting All-Rounder,26.25,1.0,1,76.0,0.5765,1,0,683.22,33.88,148.93,18.35,8.46,0.0,56.8292,0.7691,56.81,2028,H1,Jan-Jun
Ernest Masuku,Zimbabwe,Pace Bowler,30.25,1.0,1,55.0,-1.4373,0,1,43.65,4.03,99.82,12.76,8.49,0.0,30.5855,0.1077,30.93,2028,H1,Jan-Jun
Faraz Akram,Zimbabwe,Bowling All-Rounder,30.25,1.0,1,69.0,-0.4809,0,0,403.73,30.21,144.14,18.42,8.56,0.0,53.6228,0.0059,53.64,2028,H1,Jan-Jun
Graeme Cremer,Zimbabwe,Spin Bowler,41.25,0.0,0,105.0,-3.011,0,1,18.97,15.73,96.05,2.61,7.33,0.0,28.7177,0.0167,29.73,2028,H1,Jan-Jun
Innocent Kaia,Zimbabwe,Top Order Batter,36.25,0.6786,1,68.0,-1.6456,0,1,89.05,16.7,117.08,0.0,0.0,0.0,31.4366,0.0179,32.13,2028,H1,Jan-Jun
John Campbell,Zimbabwe,Middle Order Batter,34.25,0.9167,1,79.0,-1.523,0,1,260.59,23.06,133.58,0.0,0.0,0.0,37.8141,0.5039,37.49,2028,H1,Jan-Jun
Joylord Gumbie,Zimbabwe,Wicketkeeper,32.25,1.0,1,60.0,-0.3911,0,0,242.82,23.17,126.86,0.0,0.0,0.0,36.3395,0.1046,36.5,2028,H1,Jan-Jun
Kian Blignaut,Zimbabwe,Pace Bowler,20.25,1.0,1,36.0,0.4958,0,0,31.01,7.35,102.01,12.41,8.05,0.0,32.1071,0.0632,32.26,2028,H1,Jan-Jun
Kundai Matigimu,Zimbabwe,Pace Bowler,31.25,1.0,1,49.0,-0.7799,0,1,31.15,8.14,87.35,10.64,8.58,0.0,28.1546,0.0608,28.9,2028,H1,Jan-Jun
Luke Jongwe,Zimbabwe,Bowling All-Rounder,32.25,1.0,1,97.0,-5.1966,0,1,231.51,16.97,134.98,13.93,9.15,0.0,43.8954,0.0145,43.84,2028,H1,Jan-Jun
Milton Shumba,Zimbabwe,Middle Order Batter,27.25,1.0,1,69.0,0.6314,1,0,503.11,27.62,140.8,0.0,0.0,0.0,41.7639,0.8601,41.89,2028,H1,Jan-Jun
Nathaniel Mayavo,Zimbabwe,Wicketkeeper,31.25,1.0,1,55.0,0.1353,0,0,283.75,23.07,135.9,0.0,0.0,0.0,38.394,0.2031,38.5,2028,H1,Jan-Jun
Newman Nyamhuri,Zimbabwe,Pace Bowler,22.25,1.0,1,45.0,-0.3207,0,0,21.79,7.1,99.59,15.32,7.86,0.0,33.0557,0.1165,32.98,2028,H1,Jan-Jun
Nick Welch,Zimbabwe,Top Order Batter,30.25,1.0,1,76.0,0.3692,0,0,743.47,36.18,159.58,0.0,0.0,0.0,49.634,0.9614,49.77,2028,H1,Jan-Jun
Panashe Taruvinga,Zimbabwe,Middle Order Batter,26.25,1.0,1,50.0,1.083,1,0,368.22,27.85,153.0,0.0,0.0,0.0,44.0662,0.8337,44.17,2028,H1,Jan-Jun
Prince Masvaure,Zimbabwe,Middle Order Batter,38.25,0.0,0,47.0,-0.7991,0,1,49.93,16.67,114.43,0.0,0.0,0.0,30.7277,0.0203,31.6,2028,H1,Jan-Jun
Richard Ngarava,Zimbabwe,Pace Bowler,30.25,1.0,1,104.0,-3.7105,0,1,61.13,9.15,121.18,29.81,7.98,0.0,46.2679,0.798,46.2,2028,H1,Jan-Jun
Richmond Mutumbami,Zimbabwe,Wicketkeeper,37.25,0.625,1,64.0,-0.7787,0,1,65.98,15.94,109.77,0.0,0.0,0.0,29.5085,0.0048,30.52,2028,H1,Jan-Jun
Ryan Burl,Zimbabwe,Batting All-Rounder,34.25,0.9375,1,119.5,-4.2405,0,1,528.5,25.55,136.14,19.64,8.7,0.0,51.2485,0.4337,49.83,2028,H1,Jan-Jun
Sean Williams,Zimbabwe,Batting All-Rounder,42.25,0.0,0,81.0,-3.8006,0,1,41.83,21.65,127.74,2.34,8.41,0.0,37.3651,0.0028,37.25,2028,H1,Jan-Jun
Sikandar Raza,Zimbabwe,Batting All-Rounder,42.25,0.0,0,136.0,-5.2566,0,1,318.16,31.37,144.78,10.2,8.59,0.0,49.5263,0.0128,46.83,2028,H1,Jan-Jun
Tadiwanashe Marumani,Zimbabwe,Wicketkeeper,26.25,1.0,1,82.0,1.1231,1,0,918.96,36.04,167.96,0.0,0.0,0.0,51.9556,0.8815,52.15,2028,H1,Jan-Jun
Tafadzwa Tsiga,Zimbabwe,Wicketkeeper,28.25,1.0,1,47.0,1.6812,1,0,362.91,32.58,147.09,0.0,0.0,0.0,44.4464,0.2779,44.7,2028,H1,Jan-Jun
Takudzwanashe Kaitano,Zimbabwe,Top Order Batter,34.25,1.0,1,64.0,-0.0939,0,0,363.21,23.15,134.26,0.0,0.0,0.0,38.3173,0.6713,38.41,2028,H1,Jan-Jun
Tanaka Chivanga,Zimbabwe,Pace Bowler,32.25,1.0,1,60.0,-1.7525,0,1,20.93,4.53,82.33,10.6,9.85,0.0,25.5111,0.0263,26.23,2028,H1,Jan-Jun
Tapiwa Mufudza,Zimbabwe,Spin Bowler,30.25,1.0,1,44.0,0.833,1,0,231.63,20.36,129.61,14.66,8.22,0.0,44.5033,0.594,44.54,2028,H1,Jan-Jun
Tashinga Musekiwa,Zimbabwe,Batting All-Rounder,27.25,1.0,1,49.0,1.6975,1,0,435.07,40.26,163.87,8.72,8.66,0.0,56.3904,0.6217,56.46,2028,H1,Jan-Jun
Tendekai Gwandu,Zimbabwe,Pace Bowler,27.25,1.0,1,46.0,-0.2618,0,0,27.19,6.66,103.13,13.5,7.89,0.0,32.7095,0.0976,32.73,2028,H1,Jan-Jun
Tinotenda Maposa,Zimbabwe,Pace Bowler,31.25,1.0,1,54.0,-0.6329,0,1,28.16,6.74,90.13,14.44,9.23,0.0,30.152,0.0462,30.42,2028,H1,Jan-Jun
Tony Munyonga,Zimbabwe,Batting All-Rounder,32.25,1.0,1,62.0,-0.1083,0,0,298.87,24.79,131.45,11.38,9.43,0.0,44.7144,0.1648,44.86,2028,H1,Jan-Jun
Victor Nyauchi,Zimbabwe,Pace Bowler,36.25,0.0,0,49.0,-2.4468,0,1,2.78,4.24,79.19,2.09,9.82,0.0,20.149,0.0048,21.14,2028,H1,Jan-Jun
Vincent Masekesa,Zimbabwe,Batting All-Rounder,26.25,1.0,1,42.0,2.1751,1,0,334.44,35.07,159.87,9.2,8.44,0.0,53.6625,0.3067,53.65,2028,H1,Jan-Jun
Wellington Masakadza,Zimbabwe,Spin Bowler,35.25,0.375,1,97.0,-4.6965,0,1,96.77,13.04,112.48,13.26,7.91,0.0,37.0893,0.1301,36.12,2028,H1,Jan-Jun
Wessly Madhevere,Zimbabwe,Batting All-Rounder,27.25,1.0,1,96.0,-1.4508,0,1,630.95,32.9,151.43,16.09,8.11,0.0,55.7315,0.5483,55.42,2028,H1,Jan-Jun
William Mashinge,Zimbabwe,Batting All-Rounder,31.25,1.0,1,57.0,0.3719,0,0,326.67,24.07,140.1,11.2,8.73,0.0,46.4514,0.4333,46.6,2028,H1,Jan-Jun
A M Ghazanfar,Afghanistan,Spin Bowler,22.75,1.0,1,67.0,0.2611,0,0,145.86,19.51,145.13,44.61,7.5,0.0,61.8923,0.8274,62.1,2028,H2,Jul-Dec
Abdul Malik,Afghanistan,Middle Order Batter,31.75,1.0,1,80.0,0.113,0,0,883.86,32.97,135.39,0.0,0.0,0.0,41.6749,0.8248,41.91,2028,H2,Jul-Dec
Abdul Rahman,Afghanistan,Pace Bowler,29.75,1.0,1,69.0,-0.187,0,0,87.9,14.1,129.59,28.37,8.81,0.0,47.6431,0.7344,47.59,2028,H2,Jul-Dec
Azizullah Mia Khil,Afghanistan,Top Order Batter,27.75,1.0,1,60.0,1.5864,1,0,613.18,41.1,154.2,0.0,0.0,0.0,47.5044,0.8678,47.51,2028,H2,Jul-Dec
Azmatullah Omarzai,Afghanistan,Bowling All-Rounder,28.75,1.0,1,114.0,-0.2253,0,0,1347.64,32.82,146.88,37.01,9.09,0.0,65.9444,0.0156,67.07,2028,H2,Jul-Dec
Bahir Shah,Afghanistan,Top Order Batter,27.75,1.0,1,69.0,1.6629,1,0,732.77,45.68,143.8,0.0,0.0,0.0,47.2632,0.7829,47.45,2028,H2,Jul-Dec
Bashir Ahmad,Afghanistan,Bowling All-Rounder,28.75,1.0,1,66.0,0.8182,1,0,570.47,30.13,140.68,24.84,8.93,0.0,54.8955,0.0215,54.71,2028,H2,Jul-Dec
Bilal Sami,Afghanistan,Pace Bowler,27.75,1.0,1,65.0,0.183,0,0,90.79,13.57,126.09,31.27,8.83,0.0,48.3042,0.7016,48.17,2028,H2,Jul-Dec
Darwish Rasooli,Afghanistan,Top Order Batter,29.75,1.0,1,100.0,0.5099,1,0,1393.34,37.45,153.6,0.0,0.0,0.0,48.4923,0.9803,48.62,2028,H2,Jul-Dec
Faisal Khan Ahmadzai,Afghanistan,Pace Bowler,28.75,1.0,1,57.0,0.4318,0,0,92.22,13.89,124.7,28.23,8.84,0.0,46.4923,0.7575,46.48,2028,H2,Jul-Dec
Fareed Ahmad,Afghanistan,Pace Bowler,33.75,1.0,1,83.0,-0.8811,0,1,75.77,10.43,104.62,25.29,10.81,0.0,39.2307,0.5772,39.22,2028,H2,Jul-Dec
Faridoon Dawoodzai,Afghanistan,Pace Bowler,28.75,1.0,1,62.0,0.438,0,0,101.29,16.3,125.96,32.11,8.77,0.0,49.6964,0.8458,49.6,2028,H2,Jul-Dec
Fazalhaq Farooqi,Afghanistan,Pace Bowler,27.75,1.0,1,108.0,-1.822,0,1,102.13,12.35,128.24,37.33,8.7,0.0,51.6546,0.8337,51.63,2028,H2,Jul-Dec
Gulbadin Naib,Afghanistan,Batting All-Rounder,37.75,0.0,0,83.0,-1.7571,0,1,229.09,25.76,126.42,5.74,9.99,0.0,38.9895,0.0094,38.71,2028,H2,Jul-Dec
Hashmatullah Shahidi,Afghanistan,Top Order Batter,33.75,1.0,1,57.0,0.2726,0,0,376.48,30.86,111.56,0.0,0.0,0.0,34.5034,0.1751,34.59,2028,H2,Jul-Dec
Ibrahim Zadran,Afghanistan,Top Order Batter,26.75,1.0,1,109.0,0.6468,1,0,1561.65,47.91,148.76,0.0,0.0,0.0,51.5387,0.9746,51.35,2028,H2,Jul-Dec
Ikram Ali Khil,Afghanistan,Wicketkeeper,26.75,1.0,1,76.0,0.4632,0,0,690.59,34.24,142.22,0.0,0.0,0.0,42.9363,0.6492,43.09,2028,H2,Jul-Dec
Karim Janat,Afghanistan,Bowling All-Rounder,29.75,1.0,1,118.0,-0.6727,0,1,1142.74,34.08,151.06,41.72,8.75,0.0,69.2157,0.0167,68.31,2028,H2,Jul-Dec
Khatir Stanikzai,Afghanistan,Top Order Batter,29.75,1.0,1,73.0,1.6788,1,0,689.73,40.9,138.62,0.0,0.0,0.0,44.4437,0.7425,44.42,2028,H2,Jul-Dec
Mohammad Ishaq,Afghanistan,Wicketkeeper,26.75,1.0,1,68.0,1.6437,1,0,700.12,38.89,145.76,0.0,0.0,0.0,45.2716,0.6091,45.36,2028,H2,Jul-Dec
Mohammad Nabi,Afghanistan,Bowling All-Rounder,43.75,0.0,0,165.0,-4.6677,0,1,249.63,23.77,127.61,8.1,9.61,0.0,39.9517,0.0037,39.64,2028,H2,Jul-Dec
Mohammad Saleem,Afghanistan,Pace Bowler,26.75,1.0,1,61.0,0.7139,1,0,110.5,17.78,124.49,30.47,9.15,0.0,48.969,0.8644,48.91,2028,H2,Jul-Dec
Mujeeb Ur Rahman,Afghanistan,Spin Bowler,27.75,1.0,1,113.0,-1.6436,0,1,131.94,17.39,128.01,36.88,8.32,0.0,53.2387,0.7286,53.32,2028,H2,Jul-Dec
Munir Ahmad Kakar,Afghanistan,Wicketkeeper,29.75,1.0,1,71.0,1.085,1,0,661.18,39.81,148.05,0.0,0.0,0.0,45.9397,0.7979,46.0,2028,H2,Jul-Dec
Najibullah Zadran,Afghanistan,Wicketkeeper,34.75,1.0,1,113.0,0.1429,0,0,1111.69,32.76,136.8,0.0,0.0,0.0,42.5811,0.5678,42.72,2028,H2,Jul-Dec
Nangeyalia Kharote,Afghanistan,Spin Bowler,24.75,1.0,1,64.0,0.757,1,0,429.43,27.7,136.75,34.61,8.24,0.0,58.2289,0.8981,57.79,2028,H2,Jul-Dec
Naveed Zadran,Afghanistan,Pace Bowler,27.75,1.0,1,68.0,0.2856,0,0,98.21,15.82,117.16,30.93,9.46,0.0,46.9463,0.7644,46.89,2028,H2,Jul-Dec
Naveen-ul-Haq,Afghanistan,Pace Bowler,28.75,1.0,1,114.0,-1.6287,0,1,125.65,15.71,134.57,40.21,8.46,0.0,55.7698,0.9033,55.37,2028,H2,Jul-Dec
Nazifullah Amiri,Afghanistan,Middle Order Batter,25.75,1.0,1,56.0,1.7685,1,0,563.17,37.68,142.34,0.0,0.0,0.0,43.7423,0.8392,43.96,2028,H2,Jul-Dec
Noor Ahmad,Afghanistan,Spin Bowler,23.75,1.0,1,100.0,-0.1641,0,0,202.15,22.36,149.89,55.83,7.39,0.0,70.0756,0.9606,67.23,2028,H2,Jul-Dec
Qais Ahmad,Afghanistan,Spin Bowler,27.75,1.0,1,90.0,-0.4247,0,0,139.79,16.94,128.52,39.56,9.24,0.0,54.4799,0.8199,54.35,2028,H2,Jul-Dec
Rahmanullah Gurbaz,Afghanistan,Wicketkeeper,26.75,1.0,1,126.0,0.5803,1,0,1871.96,40.92,152.16,0.0,0.0,0.0,50.8095,0.9471,50.8,2028,H2,Jul-Dec
Rahmat Shah,Afghanistan,Top Order Batter,35.75,0.8125,1,60.5,0.8401,1,0,521.31,34.54,113.84,0.0,0.0,0.0,36.6568,0.2103,36.79,2028,H2,Jul-Dec
Rashid Khan,Afghanistan,Spin Bowler,29.75,1.0,1,207.0,-2.9602,0,1,491.3,23.93,155.54,53.66,7.46,0.0,71.4603,0.9617,68.55,2028,H2,Jul-Dec
Riaz Hassan,Afghanistan,Middle Order Batter,28.75,1.0,1,76.0,1.0325,1,0,768.46,41.88,146.02,0.0,0.0,0.0,46.5434,0.8892,46.63,2028,H2,Jul-Dec
Rohullah Arab,Afghanistan,Pace Bowler,26.75,1.0,1,59.0,0.3158,0,0,83.53,12.42,119.22,28.04,9.25,0.0,44.6583,0.72,44.73,2028,H2,Jul-Dec
Sediqullah Atal,Afghanistan,Top Order Batter,26.75,1.0,1,83.0,2.5862,1,0,1608.75,55.75,164.29,0.0,0.0,0.0,57.5478,0.984,57.93,2028,H2,Jul-Dec
Shahidullah Kamal,Afghanistan,Middle Order Batter,32.75,1.0,1,94.0,0.9346,1,0,931.7,39.59,133.73,0.0,0.0,0.0,43.7166,0.8904,43.96,2028,H2,Jul-Dec
Sharafuddin Ashraf,Afghanistan,Batting All-Rounder,32.75,1.0,1,80.0,0.3228,0,0,579.49,31.22,130.88,24.36,9.75,0.0,52.8667,0.8934,52.73,2028,H2,Jul-Dec
Wafiullah Tarakhil,Afghanistan,Top Order Batter,24.75,1.0,1,75.0,2.35,1,0,926.01,46.54,158.06,0.0,0.0,0.0,51.0861,0.9797,51.06,2028,H2,Jul-Dec
Wahidullah Zadran,Afghanistan,Top Order Batter,24.75,1.0,1,58.0,2.3664,1,0,872.49,51.31,174.62,0.0,0.0,0.0,55.9661,0.9829,56.01,2028,H2,Jul-Dec
Zia-Ur-Rehman Abdul Malik,Afghanistan,Spin Bowler,27.75,1.0,1,63.0,0.0996,0,0,158.98,16.68,131.82,35.04,8.33,0.0,52.8761,0.7317,52.78,2028,H2,Jul-Dec
Zubaid Akbari,Afghanistan,Middle Order Batter,25.75,1.0,1,79.0,2.3588,1,0,1033.46,51.11,160.85,0.0,0.0,0.0,53.5339,0.96,53.62,2028,H2,Jul-Dec
Aaron Hardie,Australia,Bowling All-Rounder,29.75,1.0,1,122.0,0.0569,0,0,383.44,32.97,164.91,7.33,8.29,0.0,51.0171,0.0175,51.03,2028,H2,Jul-Dec
Adam Zampa,Australia,Spin Bowler,36.75,0.7083,1,195.3333,-0.9363,0,1,5.88,6.35,90.04,13.09,9.12,0.0,28.3143,0.5049,28.26,2028,H2,Jul-Dec
Alex Carey,Australia,Wicketkeeper,36.75,0.65,1,134.0,-0.0803,0,0,164.64,27.27,129.06,0.0,0.0,0.0,36.2711,0.0092,36.37,2028,H2,Jul-Dec
Ashton Agar,Australia,Spin Bowler,34.75,0.875,1,119.0,-2.5906,0,1,0.0,2.3,73.25,0.82,8.89,0.0,16.8941,0.011,17.38,2028,H2,Jul-Dec
Beau Webster,Australia,Bowling All-Rounder,34.75,1.0,1,122.0,1.238,1,0,375.06,41.16,148.42,10.0,8.78,0.0,51.6895,0.0109,51.6,2028,H2,Jul-Dec
Ben Dwarshuis,Australia,Pace Bowler,33.75,1.0,1,107.0,-0.475,0,0,23.05,14.05,122.95,9.61,9.23,0.0,35.8905,0.7651,35.97,2028,H2,Jul-Dec
Ben Kellaway,Australia,Batting All-Rounder,23.75,1.0,1,47.0,2.6313,1,0,193.7,39.88,188.87,8.54,7.7,0.0,58.5302,0.8911,57.84,2028,H2,Jul-Dec
Ben Manenti,Australia,Bowling All-Rounder,31.75,1.0,1,77.0,-0.4378,0,0,105.0,19.94,120.58,5.65,9.39,0.0,35.4836,0.0086,35.59,2028,H2,Jul-Dec
Billy Stanlake,Australia,Pace Bowler,33.75,1.0,1,72.0,-1.7067,0,1,0.0,0.19,53.24,0.0,11.48,0.0,11.2234,0.0043,12.49,2028,H2,Jul-Dec
Brendan Doggett,Australia,Pace Bowler,33.75,1.0,1,72.0,-1.3174,0,1,1.63,1.63,64.36,4.88,10.14,0.0,16.8115,0.0316,17.21,2028,H2,Jul-Dec
Cameron Gannon,Australia,Pace Bowler,37.75,0.0,0,40.0,-1.3033,0,1,0.18,0.6,50.9,0.75,10.69,0.0,11.3772,0.0024,12.27,2028,H2,Jul-Dec
Cameron Green,Australia,Batting All-Rounder,29.75,1.0,1,122.0,-0.7316,0,1,198.42,31.04,156.02,4.75,8.2,0.0,46.5995,0.0119,46.74,2028,H2,Jul-Dec
Campbell Kellaway,Australia,Top Order Batter,26.75,1.0,1,67.0,1.1715,1,0,217.17,33.59,151.81,0.0,0.0,0.0,43.2757,0.9322,43.4,2028,H2,Jul-Dec
Cooper Connolly,Australia,Batting All-Rounder,24.75,1.0,1,77.0,-0.1967,0,0,288.0,29.02,169.26,7.14,7.71,0.0,50.3246,0.7791,50.45,2028,H2,Jul-Dec
Corey Rocchiccioli,Australia,Spin Bowler,31.75,1.0,1,67.0,-0.398,0,0,3.8,5.31,84.93,6.48,9.0,0.0,23.365,0.5513,23.71,2028,H2,Jul-Dec
Fergus O'Neill,Australia,Pace Bowler,27.75,1.0,1,62.0,-0.1415,0,0,6.28,6.28,87.08,7.43,8.9,0.0,24.6751,0.1281,25.35,2028,H2,Jul-Dec
Glenn Maxwell,Australia,Batting All-Rounder,40.75,0.0,0,280.0,-1.6008,0,1,105.66,28.13,132.75,1.23,10.59,0.0,38.2204,0.0031,38.2,2028,H2,Jul-Dec
Harry Nielsen,Australia,Wicketkeeper,32.75,1.0,1,102.0,-0.3452,0,0,160.79,24.41,119.55,0.0,0.0,0.0,33.3237,0.0864,33.68,2028,H2,Jul-Dec
Henry Hunt,Australia,Top Order Batter,30.75,1.0,1,67.0,0.0857,0,0,120.06,30.17,136.52,0.0,0.0,0.0,38.6622,0.7877,38.73,2028,H2,Jul-Dec
Henry Thornton,Australia,Pace Bowler,32.75,1.0,1,82.0,-0.9972,0,1,5.05,5.05,84.71,3.26,9.88,0.0,21.357,0.022,21.93,2028,H2,Jul-Dec
Jack Edwards,Australia,Batting All-Rounder,28.75,1.0,1,92.0,-0.0389,0,0,201.22,28.61,135.81,5.47,8.64,0.0,41.8994,0.376,42.11,2028,H2,Jul-Dec
Jake Fraser-McGurk,Australia,Top Order Batter,26.75,1.0,1,97.0,-1.1408,0,1,118.44,21.92,155.55,0.0,0.0,0.0,39.8014,0.9057,39.9,2028,H2,Jul-Dec
Jake Lehmann,Australia,Middle Order Batter,35.75,0.75,1,81.0,-0.689,0,1,42.32,21.37,111.0,0.0,0.0,0.0,30.1691,0.0327,30.89,2028,H2,Jul-Dec
Jake Weatherald,Australia,Top Order Batter,34.75,1.0,1,172.0,-1.4736,0,1,229.47,24.29,126.24,0.0,0.0,0.0,34.8739,0.4009,35.07,2028,H2,Jul-Dec
Jason Behrendorff,Australia,Pace Bowler,38.75,0.3214,1,126.8571,-1.5558,0,1,0.57,3.11,68.73,2.45,9.88,0.0,16.9449,0.0092,17.42,2028,H2,Jul-Dec
Jason Sangha,Australia,Middle Order Batter,29.75,1.0,1,97.0,-0.8228,0,1,133.11,21.79,131.91,0.0,0.0,0.0,34.9106,0.5412,35.07,2028,H2,Jul-Dec
Jhye Richardson,Australia,Pace Bowler,31.75,1.0,1,122.0,-1.2043,0,1,0.45,4.06,70.56,4.46,10.0,0.0,18.7079,0.0231,19.0,2028,H2,Jul-Dec
Joel Davies,Australia,Middle Order Batter,24.75,1.0,1,40.0,1.6709,1,0,157.52,30.89,155.88,0.0,0.0,0.0,43.0241,0.6313,43.2,2028,H2,Jul-Dec
Jordan Buckingham,Australia,Pace Bowler,27.75,1.0,1,52.0,0.0019,0,0,10.39,10.39,92.28,5.51,9.44,0.0,26.027,0.2477,26.71,2028,H2,Jul-Dec
Josh Hazlewood,Australia,Pace Bowler,37.75,0.45,1,139.6,-0.0129,0,0,1.42,7.97,82.87,11.64,9.71,0.0,26.4874,0.0557,26.34,2028,H2,Jul-Dec
Josh Inglis,Australia,Wicketkeeper,33.75,1.0,1,172.0,0.9603,1,0,568.73,36.36,154.76,0.0,0.0,0.0,45.8817,0.9271,46.0,2028,H2,Jul-Dec
Josh Philippe,Australia,Wicketkeeper,31.75,1.0,1,162.0,-1.2467,0,1,190.15,23.06,142.06,0.0,0.0,0.0,37.6122,0.3504,37.78,2028,H2,Jul-Dec
Lance Morris,Australia,Pace Bowler,30.75,1.0,1,57.0,-0.863,0,1,0.08,0.08,47.91,4.85,9.81,0.0,12.9116,0.0158,11.18,2028,H2,Jul-Dec
Liam Hatcher,Australia,Pace Bowler,31.75,1.0,1,77.0,-0.8792,0,1,5.75,5.75,81.57,3.63,10.07,0.0,21.1172,0.0212,21.68,2028,H2,Jul-Dec
Liam Scott,Australia,Batting All-Rounder,27.75,1.0,1,77.0,1.8581,1,0,377.57,41.07,149.55,8.13,8.67,0.0,50.9159,0.8205,50.73,2028,H2,Jul-Dec
Mackenzie Harvey,Australia,Wicketkeeper,27.75,1.0,1,97.0,-0.8832,0,1,81.82,19.4,126.84,0.0,0.0,0.0,32.8982,0.0749,33.15,2028,H2,Jul-Dec
Mahli Beardman,Australia,Pace Bowler,22.75,1.0,1,37.0,0.6064,1,0,8.44,8.44,116.23,5.68,7.88,0.0,30.7177,0.425,31.25,2028,H2,Jul-Dec
Marcus Stoinis,Australia,Batting All-Rounder,39.75,0.0,0,280.0,-1.9301,0,1,72.53,22.89,131.21,1.26,9.19,0.0,36.257,0.0016,36.2,2028,H2,Jul-Dec
Marnus Labuschagne,Australia,Top Order Batter,34.75,1.0,1,142.0,-0.6708,0,1,128.59,24.87,118.68,0.0,0.0,0.0,33.2026,0.2618,33.5,2028,H2,Jul-Dec
Matthew Gilkes,Australia,Wicketkeeper,29.75,1.0,1,112.0,-0.842,0,1,165.14,24.97,137.78,0.0,0.0,0.0,37.2981,0.2195,37.39,2028,H2,Jul-Dec
Matthew Kuhnemann,Australia,Spin Bowler,31.75,1.0,1,77.0,0.1065,0,0,4.51,7.41,96.77,8.05,9.1,0.0,27.3541,0.7263,27.78,2028,H2,Jul-Dec
Matthew Renshaw,Australia,Middle Order Batter,32.75,1.0,1,172.0,-0.3812,0,0,269.21,29.87,124.41,0.0,10.91,0.0,36.8737,0.3677,37.06,2028,H2,Jul-Dec
Matthew Short,Australia,Batting All-Rounder,32.75,1.0,1,192.0,-2.1208,0,1,308.61,26.53,139.31,3.21,9.45,0.0,40.8802,0.1313,40.94,2028,H2,Jul-Dec
Matthew Wade,Australia,Wicketkeeper,40.75,0.0,0,250.0,-2.8062,0,1,0.0,10.76,99.09,0.0,0.0,0.0,23.9856,0.0081,24.63,2028,H2,Jul-Dec
Michael Neser,Australia,Bowling All-Rounder,38.75,0.0,0,115.0,-0.2891,0,0,44.97,28.38,133.38,2.16,9.03,0.0,38.9943,0.0019,39.03,2028,H2,Jul-Dec
Mitchell Marsh,Australia,Bowling All-Rounder,36.75,0.75,1,196.2857,-0.2303,0,0,428.94,35.5,148.75,3.39,9.26,0.0,46.3611,0.0134,44.77,2028,H2,Jul-Dec
Mitchell Owen,Australia,Batting All-Rounder,27.75,1.0,1,82.0,1.3378,1,0,453.25,38.69,189.93,4.46,8.22,0.0,56.8117,0.91,56.8,2028,H2,Jul-Dec
Mitchell Starc,Australia,Pace Bowler,38.75,0.0625,1,161.0,-1.3683,0,1,0.14,3.14,85.62,3.44,10.44,0.0,20.9003,0.0077,21.48,2028,H2,Jul-Dec
Mitchell Stoinis,Australia,Batting All-Rounder,39.75,0.0,0,280.0,-1.9301,0,1,70.57,22.27,127.67,1.22,9.44,0.0,35.2447,0.0015,35.65,2028,H2,Jul-Dec
Nathan Ellis,Australia,Pace Bowler,33.75,1.0,1,122.0,-0.9057,0,1,3.99,8.61,99.62,8.87,9.52,0.0,28.7178,0.5595,29.17,2028,H2,Jul-Dec
Nathan Lyon,Australia,Spin Bowler,40.75,0.0,0,40.0,-0.8548,0,1,0.02,0.07,59.32,0.42,8.78,0.0,13.0628,0.005,14.47,2028,H2,Jul-Dec
Nathan McAndrew,Australia,Bowling All-Rounder,33.75,1.0,1,107.0,-0.432,0,0,139.43,22.28,122.63,7.73,9.27,0.0,37.9427,0.0106,38.04,2028,H2,Jul-Dec
Nathan McSweeney,Australia,Middle Order Batter,29.75,1.0,1,87.0,-0.2544,0,0,123.87,23.23,132.59,0.0,0.0,0.0,35.511,0.6794,35.69,2028,H2,Jul-Dec
Nikhil Chaudhary,Australia,Batting All-Rounder,32.75,1.0,1,92.0,0.8368,1,0,316.94,28.2,142.11,7.32,10.04,0.0,44.1685,0.4687,44.29,2028,H2,Jul-Dec
Oliver Peake,Australia,Middle Order Batter,22.75,1.0,1,34.0,2.4338,1,0,130.31,36.0,177.85,0.0,0.0,0.0,49.2177,0.8669,49.15,2028,H2,Jul-Dec
Pat Cummins,Australia,Pace Bowler,35.75,0.8125,1,117.5,-1.4021,0,1,14.82,8.55,91.55,5.33,9.85,0.0,25.1044,0.0737,25.56,2028,H2,Jul-Dec
Riley Meredith,Australia,Pace Bowler,32.75,1.0,1,122.0,-1.2877,0,1,0.19,3.17,64.98,3.5,10.35,0.0,16.685,0.0202,16.88,2028,H2,Jul-Dec
Sam Elliott,Australia,Pace Bowler,26.75,1.0,1,44.0,-0.1524,0,0,13.49,10.0,88.16,4.32,9.54,0.0,24.3955,0.0652,24.89,2028,H2,Jul-Dec
Sam Konstas,Australia,Top Order Batter,22.75,1.0,1,54.0,2.6206,1,0,500.58,36.8,187.82,0.0,0.0,0.0,52.6655,0.982,52.78,2028,H2,Jul-Dec
Scott Boland,Australia,Pace Bowler,39.75,0.0,0,35.0,-0.9798,0,1,0.13,0.45,53.18,0.42,10.39,0.0,11.6605,0.0034,12.49,2028,H2,Jul-Dec
Sean Abbott,Australia,Bowling All-Rounder,36.75,0.5417,1,181.6667,-1.8323,0,1,84.16,16.47,120.52,5.99,9.57,0.0,34.387,0.0021,34.36,2028,H2,Jul-Dec
Spencer Johnson,Australia,Pace Bowler,32.75,1.0,1,77.0,-0.5233,0,1,6.56,6.16,78.26,6.74,10.92,0.0,22.132,0.0557,22.71,2028,H2,Jul-Dec
Steven Smith,Australia,Top Order Batter,39.75,0.0,0,180.0,-0.982,0,1,49.17,23.11,124.25,0.0,0.0,0.0,33.5201,0.0278,34.26,2028,H2,Jul-Dec
Tanveer Sangha,Australia,Spin Bowler,26.75,1.0,1,82.0,-0.4902,0,0,2.08,5.11,79.92,9.43,9.04,0.0,23.835,0.7525,24.18,2028,H2,Jul-Dec
Tim David,Australia,Middle Order Batter,32.75,1.0,1,162.0,-0.1106,0,0,341.17,31.97,163.05,0.0,0.0,0.0,45.4258,0.9229,45.55,2028,H2,Jul-Dec
Todd Murphy,Australia,Spin Bowler,27.75,1.0,1,42.0,-1.0761,0,1,0.26,0.26,64.93,2.19,8.11,0.0,15.3798,0.0404,15.62,2028,H2,Jul-Dec
Travis Head,Australia,Top Order Batter,34.75,1.0,1,202.0,-0.27,0,0,517.38,33.96,161.88,0.0,0.0,0.0,46.3878,0.9733,46.5,2028,H2,Jul-Dec
Will Sutherland,Australia,Bowling All-Rounder,28.75,1.0,1,112.0,-0.099,0,0,210.42,29.03,139.24,7.86,8.6,0.0,44.0723,0.0097,44.15,2028,H2,Jul-Dec
Xavier Bartlett,Australia,Pace Bowler,29.75,1.0,1,72.0,-0.4806,0,0,13.35,11.08,115.22,7.54,8.65,0.0,32.2506,0.6128,32.59,2028,H2,Jul-Dec
A. G. Saqlain,Bangladesh,Bowling All-Rounder,26.75,1.0,1,40.0,1.5243,1,0,198.54,29.76,149.79,18.2,8.27,0.0,52.0966,0.012,52.07,2028,H2,Jul-Dec
Abdul Gaffar Saqlain,Bangladesh,Bowling All-Rounder,26.75,1.0,1,40.0,1.5243,1,0,198.71,29.79,149.91,18.22,8.26,0.0,52.145,0.012,52.07,2028,H2,Jul-Dec
Afif Hossain,Bangladesh,Batting All-Rounder,28.75,1.0,1,154.0,-2.0747,0,1,222.62,18.76,130.8,7.99,9.16,0.0,38.8507,0.1112,38.92,2028,H2,Jul-Dec
Akbar Ali,Bangladesh,Wicketkeeper,27.75,1.0,1,56.0,1.424,1,0,514.84,33.07,153.83,0.0,0.0,0.0,44.4133,0.5287,44.42,2028,H2,Jul-Dec
Amite Hasan,Bangladesh,Middle Order Batter,27.75,1.0,1,53.0,1.6032,1,0,353.06,30.12,136.23,0.0,0.0,0.0,39.2864,0.7882,39.35,2028,H2,Jul-Dec
Anamul Haque,Bangladesh,Wicketkeeper,35.75,0.8125,1,160.5,-1.296,0,1,198.17,19.74,122.92,0.0,0.0,0.0,32.5524,0.0165,32.95,2028,H2,Jul-Dec
Ebadat Hossain,Bangladesh,Pace Bowler,34.75,1.0,1,67.0,0.4398,0,0,25.54,12.38,107.24,18.49,9.1,0.0,36.8815,0.244,36.92,2028,H2,Jul-Dec
Hasan Mahmud,Bangladesh,Pace Bowler,29.75,1.0,1,105.0,-0.667,0,1,96.6,14.42,131.2,43.71,7.66,0.0,56.6136,0.9166,56.4,2028,H2,Jul-Dec
Hasan Murad,Bangladesh,Spin Bowler,26.75,1.0,1,60.0,1.4761,1,0,75.23,17.34,117.74,31.2,7.97,0.0,47.9493,0.8764,47.86,2028,H2,Jul-Dec
Jaker Ali,Bangladesh,Wicketkeeper,30.75,1.0,1,89.0,1.2723,1,0,632.3,33.82,141.98,0.0,0.0,0.0,42.569,0.5487,42.72,2028,H2,Jul-Dec
Jishan Alam,Bangladesh,Top Order Batter,26.75,1.0,1,53.0,1.6795,1,0,462.06,36.15,159.69,0.0,0.0,0.0,46.5096,0.9218,46.63,2028,H2,Jul-Dec
Khaled Ahmed,Bangladesh,Pace Bowler,35.75,0.8929,1,90.4286,0.4571,0,0,38.47,13.64,105.11,25.51,9.66,0.0,40.5879,0.2446,39.54,2028,H2,Jul-Dec
Litton Das,Bangladesh,Wicketkeeper,33.75,1.0,1,232.0,-0.81,0,1,624.14,30.82,140.21,0.0,0.0,0.0,41.1626,0.4851,41.22,2028,H2,Jul-Dec
Mahedi Hasan,Bangladesh,Batting All-Rounder,33.75,1.0,1,175.0,0.0353,0,0,650.18,31.61,149.91,36.54,8.15,0.0,63.9976,0.8634,67.04,2028,H2,Jul-Dec
Mahidul Islam Ankon,Bangladesh,Wicketkeeper,27.75,1.0,1,67.0,1.7718,1,0,448.83,36.19,148.35,0.0,0.0,0.0,44.1372,0.7267,44.29,2028,H2,Jul-Dec
Mahmudul Hasan Joy,Bangladesh,Middle Order Batter,27.75,1.0,1,94.0,0.2224,0,0,434.27,29.82,138.47,0.0,0.0,0.0,39.8927,0.8512,40.0,2028,H2,Jul-Dec
Mahmudullah,Bangladesh,Batting All-Rounder,42.75,0.0,0,250.0,-5.119,0,1,0.0,18.71,126.13,0.0,9.63,0.0,32.8213,0.0012,33.24,2028,H2,Jul-Dec
Mehidy Hasan Miraz,Bangladesh,Bowling All-Rounder,30.75,1.0,1,190.0,-0.4125,0,0,632.75,32.62,139.44,39.83,7.65,0.0,64.0091,0.0238,66.87,2028,H2,Jul-Dec
Mohammad Naim,Bangladesh,Top Order Batter,28.75,1.0,1,130.0,-1.1598,0,1,302.8,22.8,129.34,0.0,0.0,0.0,35.2315,0.6151,35.45,2028,H2,Jul-Dec
Mohammad Saifuddin,Bangladesh,Bowling All-Rounder,31.75,1.0,1,133.0,-0.5889,0,1,373.96,22.41,131.68,31.41,9.26,0.0,53.3032,0.0167,53.31,2028,H2,Jul-Dec
Mominul Haque,Bangladesh,Top Order Batter,36.75,0.65,1,112.0,-0.4437,0,0,163.93,21.52,110.72,0.0,0.0,0.0,30.5279,0.019,31.29,2028,H2,Jul-Dec
Mosaddek Hossain,Bangladesh,Batting All-Rounder,32.75,1.0,1,159.0,-1.0736,0,1,345.98,22.43,122.86,12.99,9.23,0.0,41.4988,0.3838,41.55,2028,H2,Jul-Dec
Musfik Hasan,Bangladesh,Pace Bowler,24.75,1.0,1,46.0,1.3273,1,0,46.93,14.07,128.05,27.28,7.56,0.0,46.8824,0.6072,46.88,2028,H2,Jul-Dec
Mushfiqur Rahim,Bangladesh,Wicketkeeper,41.75,0.0,0,190.0,-1.6022,0,1,33.96,23.27,119.62,0.0,0.0,0.0,32.5706,0.0063,32.94,2028,H2,Jul-Dec
Mustafizur Rahman,Bangladesh,Pace Bowler,32.75,1.0,1,227.0,-1.4401,0,1,56.12,11.86,105.26,41.02,8.68,0.0,48.5845,0.7556,48.45,2028,H2,Jul-Dec
Nahid Rana,Bangladesh,Pace Bowler,25.75,1.0,1,86.0,0.6137,1,0,46.67,13.21,122.21,46.72,7.65,0.0,55.8152,0.9107,55.37,2028,H2,Jul-Dec
Najmul Hossain Apu,Bangladesh,Spin Bowler,29.75,1.0,1,49.0,1.293,1,0,60.14,13.68,116.54,26.08,8.07,0.0,43.6397,0.5221,43.68,2028,H2,Jul-Dec
Najmul Hossain Shanto,Bangladesh,Middle Order Batter,29.75,1.0,1,140.0,-0.2388,0,0,734.84,36.86,147.8,0.0,0.0,0.0,45.1109,0.9349,45.25,2028,H2,Jul-Dec
Nasum Ahmed,Bangladesh,Spin Bowler,34.75,1.0,1,161.0,-1.324,0,1,48.15,10.2,91.4,31.76,8.65,0.0,40.1563,0.4681,40.21,2028,H2,Jul-Dec
Nasum Ahmed Jr,Bangladesh,Spin Bowler,23.75,1.0,1,41.0,1.0085,1,0,63.54,13.43,130.6,24.66,7.13,0.0,45.952,0.7297,45.8,2028,H2,Jul-Dec
Nayeem Hasan,Bangladesh,Spin Bowler,27.75,1.0,1,73.0,-0.6,0,1,57.9,14.28,112.3,25.9,7.42,0.0,43.0226,0.6771,43.04,2028,H2,Jul-Dec
Nurul Hasan,Bangladesh,Wicketkeeper,35.75,0.85,1,166.4,0.0764,0,0,371.67,24.75,127.41,0.0,0.0,0.0,35.6996,0.0517,35.82,2028,H2,Jul-Dec
Parvez Hossain Emon,Bangladesh,Wicketkeeper,26.75,1.0,1,87.0,1.3541,1,0,742.46,38.57,157.58,0.0,0.0,0.0,47.7362,0.8464,47.78,2028,H2,Jul-Dec
Pritom Kumar,Bangladesh,Wicketkeeper,24.75,1.0,1,50.0,1.8842,1,0,488.71,38.11,167.22,0.0,0.0,0.0,48.8113,0.6705,49.04,2028,H2,Jul-Dec
Rejaur Rahman Raja,Bangladesh,Pace Bowler,27.75,1.0,1,55.0,1.2786,1,0,62.63,14.28,121.61,29.79,7.98,0.0,46.9154,0.7485,46.88,2028,H2,Jul-Dec
Ripon Mondol,Bangladesh,Pace Bowler,25.75,1.0,1,51.0,1.2736,1,0,47.72,14.03,118.02,29.86,8.22,0.0,46.0267,0.6,45.98,2028,H2,Jul-Dec
Rishad Hossain,Bangladesh,Spin Bowler,25.75,1.0,1,113.0,1.8401,1,0,642.01,33.89,170.17,44.47,7.93,0.0,73.2522,0.9811,69.14,2028,H2,Jul-Dec
Saif Hassan,Bangladesh,Top Order Batter,29.75,1.0,1,104.0,1.1672,1,0,640.09,32.41,150.0,0.0,0.0,0.0,43.7744,0.9604,43.96,2028,H2,Jul-Dec
Shadman Islam,Bangladesh,Top Order Batter,32.75,1.0,1,86.0,0.6824,1,0,344.25,28.6,117.48,0.0,0.0,0.0,34.8661,0.5107,35.06,2028,H2,Jul-Dec
Shahadat Hossain,Bangladesh,Middle Order Batter,26.75,1.0,1,59.0,1.697,1,0,435.37,37.59,155.02,0.0,0.0,0.0,45.9506,0.8892,45.95,2028,H2,Jul-Dec
Shakib Al Hasan,Bangladesh,Batting All-Rounder,41.75,0.0,0,310.0,-8.1687,0,1,0.0,19.11,130.3,0.0,8.59,0.0,34.0054,0.0012,34.37,2028,H2,Jul-Dec
Shamim Hossain,Bangladesh,Batting All-Rounder,27.75,1.0,1,98.0,1.7462,1,0,665.27,36.36,154.49,17.86,8.61,0.0,56.4545,0.8229,56.4,2028,H2,Jul-Dec
Shoriful Islam,Bangladesh,Pace Bowler,27.75,1.0,1,126.0,-1.0289,0,1,72.49,14.35,116.85,36.36,8.4,0.0,49.425,0.6458,49.32,2028,H2,Jul-Dec
Soumya Sarkar,Bangladesh,Batting All-Rounder,35.75,0.5625,1,192.0,-1.854,0,1,228.73,20.19,125.58,7.72,9.64,0.0,38.0476,0.0067,37.48,2028,H2,Jul-Dec
Taijul Islam,Bangladesh,Spin Bowler,36.75,0.5417,1,114.6667,-3.1901,0,1,23.65,9.62,88.43,13.34,8.01,0.0,29.5009,0.0597,29.52,2028,H2,Jul-Dec
Tanvir Islam,Bangladesh,Spin Bowler,31.75,1.0,1,94.0,0.2649,0,0,68.43,13.54,99.13,39.23,8.42,0.0,47.0119,0.7382,46.89,2028,H2,Jul-Dec
Tanzid Hasan,Bangladesh,Top Order Batter,27.75,1.0,1,104.0,0.865,1,0,860.85,39.89,163.85,0.0,0.0,0.0,49.8366,0.9869,49.95,2028,H2,Jul-Dec
Tanzim Hasan Sakib,Bangladesh,Pace Bowler,25.75,1.0,1,96.0,0.2146,0,0,120.8,23.03,161.88,40.18,7.52,0.0,64.0861,0.9294,67.07,2028,H2,Jul-Dec
Taskin Ahmed,Bangladesh,Pace Bowler,33.75,1.0,1,170.0,-0.8099,0,1,62.22,11.02,99.33,36.9,9.58,0.0,44.7155,0.7208,44.73,2028,H2,Jul-Dec
Towhid Hridoy,Bangladesh,Top Order Batter,27.75,1.0,1,127.0,1.2181,1,0,956.95,37.24,153.84,2.2,8.32,0.0,49.1326,0.9092,49.15,2028,H2,Jul-Dec
Yasir Ali Chowdhury,Bangladesh,Middle Order Batter,32.75,1.0,1,105.0,0.2857,0,0,373.36,25.43,123.07,0.0,0.0,0.0,35.037,0.7018,35.24,2028,H2,Jul-Dec
Zakir Hasan,Bangladesh,Middle Order Batter,30.75,1.0,1,83.0,0.2371,0,0,357.02,24.97,120.25,0.0,0.0,0.0,34.2487,0.3955,34.42,2028,H2,Jul-Dec
Adil Rashid,England,Spin Bowler,40.75,0.0,0,310.0,-2.4712,0,1,12.1,8.08,90.6,6.6,8.23,0.0,25.7192,0.0654,25.93,2028,H2,Jul-Dec
Alex Horton,England,Wicketkeeper,25.75,1.0,1,39.0,1.5789,1,0,334.86,33.03,150.64,0.0,0.0,0.0,43.1982,0.4094,43.34,2028,H2,Jul-Dec
Aneurin Donald,England,Top Order Batter,31.75,1.0,1,48.0,1.3941,1,0,428.02,31.19,141.75,0.0,0.0,0.0,41.0163,0.8047,41.08,2028,H2,Jul-Dec
Archie Vaughan,England,Batting All-Rounder,23.75,1.0,1,46.0,1.6592,1,0,475.69,35.17,169.46,14.95,7.24,0.0,57.3382,0.8814,57.75,2028,H2,Jul-Dec
Ben Duckett,England,Top Order Batter,33.75,1.0,1,186.0,0.0295,0,0,814.64,27.95,141.99,0.0,0.0,0.0,41.1325,0.9236,41.22,2028,H2,Jul-Dec
Ben Foakes,England,Wicketkeeper,35.75,0.875,1,122.0,-0.026,0,0,212.03,24.31,114.49,0.0,0.0,0.0,32.3972,0.0243,32.63,2028,H2,Jul-Dec
Ben Geddes,England,Top Order Batter,26.75,1.0,1,58.0,1.5171,1,0,540.3,35.3,159.25,0.0,0.0,0.0,46.3663,0.9346,46.5,2028,H2,Jul-Dec
Brydon Carse,England,Pace Bowler,33.75,1.0,1,104.0,-1.578,0,1,104.63,16.59,133.43,42.59,9.84,0.0,56.8036,0.8742,56.74,2028,H2,Jul-Dec
Chris Jordan,England,Pace Bowler,39.75,0.0,0,290.0,-1.3062,0,1,87.76,16.8,139.09,8.67,10.19,0.0,39.699,0.0363,39.54,2028,H2,Jul-Dec
Chris Woakes,England,Bowling All-Rounder,39.75,0.0,0,162.0,-2.2158,0,1,15.31,16.43,115.87,2.77,9.31,0.0,31.5154,0.001,31.98,2028,H2,Jul-Dec
Dan Lawrence,England,Batting All-Rounder,31.75,1.0,1,141.0,0.1571,0,0,692.53,28.05,127.92,5.23,9.34,0.0,41.2985,0.378,41.53,2028,H2,Jul-Dec
Dan Mousley,England,Batting All-Rounder,27.75,1.0,1,104.0,1.2956,1,0,777.61,36.5,155.76,22.91,8.33,0.0,59.8766,0.8083,59.55,2028,H2,Jul-Dec
Emilio Gay,England,Middle Order Batter,31.75,1.0,1,96.0,0.3313,0,0,624.48,30.29,136.95,0.0,0.0,0.0,40.3097,0.9028,40.49,2028,H2,Jul-Dec
Farhan Ahmed,England,Spin Bowler,21.75,1.0,1,40.0,1.6927,1,0,70.58,15.8,133.32,27.22,7.38,0.0,48.645,0.8438,48.44,2028,H2,Jul-Dec
George Bell,England,Wicketkeeper,25.75,1.0,1,56.0,1.3427,1,0,516.79,35.37,164.87,0.0,0.0,0.0,47.482,0.8037,47.55,2028,H2,Jul-Dec
George Hill,England,Batting All-Rounder,29.75,1.0,1,83.0,1.3489,1,0,626.98,31.88,152.49,18.85,8.24,0.0,55.0184,0.837,55.36,2028,H2,Jul-Dec
George Thomas,England,Top Order Batter,26.75,1.0,1,65.0,0.9642,1,0,520.59,29.64,142.83,0.0,0.0,0.0,40.9936,0.9129,41.08,2028,H2,Jul-Dec
Gus Atkinson,England,Pace Bowler,30.75,1.0,1,99.0,-0.7545,0,1,62.15,13.13,129.38,42.74,8.65,0.0,54.9539,0.8561,54.67,2028,H2,Jul-Dec
Harry Brook,England,Middle Order Batter,29.75,1.0,1,126.0,0.0425,0,0,841.37,40.19,160.13,1.1,8.21,0.0,50.5171,0.9359,50.47,2028,H2,Jul-Dec
Henry Crocombe,England,Pace Bowler,26.75,1.0,1,50.0,1.0613,1,0,45.95,13.51,113.79,26.91,8.65,0.0,43.294,0.5159,43.23,2028,H2,Jul-Dec
Jack Carson,England,Spin Bowler,27.75,1.0,1,60.0,0.8131,1,0,80.48,18.03,128.19,33.88,7.87,0.0,51.8258,0.9526,51.63,2028,H2,Jul-Dec
Jack Haynes,England,Top Order Batter,27.75,1.0,1,95.0,0.7935,1,0,663.91,31.45,150.32,0.0,0.0,0.0,43.5873,0.9647,43.82,2028,H2,Jul-Dec
Jack Leach,England,Spin Bowler,37.75,0.25,1,116.2,-3.0806,0,1,1.18,10.24,97.72,2.59,9.09,0.0,25.5638,0.0272,26.51,2028,H2,Jul-Dec
Jacob Bethell,England,Batting All-Rounder,24.75,1.0,1,91.0,1.7171,1,0,886.94,41.98,171.66,20.25,8.45,0.0,63.8946,0.915,67.09,2028,H2,Jul-Dec
James Anderson,England,Pace Bowler,46.75,0.0,0,44.0,-0.2803,0,0,0.0,0.0,0.0,0.0,9.34,0.0,0.4393,0.0025,0.54,2028,H2,Jul-Dec
James Coles,England,Batting All-Rounder,24.75,1.0,1,53.0,1.9435,1,0,504.93,34.93,161.89,18.98,7.88,0.0,57.7804,0.8116,57.8,2028,H2,Jul-Dec
James Rew,England,Wicketkeeper,24.75,1.0,1,67.0,1.3442,1,0,733.46,37.43,163.16,0.0,0.0,0.0,48.4776,0.8011,48.65,2028,H2,Jul-Dec
Jamie Overton,England,Bowling All-Rounder,34.75,1.0,1,147.0,-0.8828,0,1,435.41,23.8,145.92,33.14,9.15,0.0,57.8546,0.0117,57.74,2028,H2,Jul-Dec
Jamie Smith,England,Wicketkeeper,27.75,1.0,1,85.0,1.6322,1,0,802.22,41.89,165.26,0.0,0.0,0.0,50.629,0.725,50.77,2028,H2,Jul-Dec
Joe Root,England,Batting All-Rounder,37.75,0.45,1,71.6,-0.2888,0,0,182.43,26.84,123.04,0.95,8.74,0.0,36.1508,0.0022,36.2,2028,H2,Jul-Dec
Jofra Archer,England,Pace Bowler,33.75,1.0,1,116.0,-0.9242,0,1,44.75,15.34,123.11,29.6,9.28,0.0,47.1689,0.7413,47.04,2028,H2,Jul-Dec
Jonny Bairstow,England,Wicketkeeper,39.75,0.0,0,185.0,-0.9841,0,1,76.44,24.14,135.06,0.0,0.0,0.0,36.1874,0.0066,36.3,2028,H2,Jul-Dec
Jordan Cox,England,Wicketkeeper,27.75,1.0,1,111.0,1.6457,1,0,1017.68,41.28,168.08,0.0,0.0,0.0,51.6543,0.8865,51.69,2028,H2,Jul-Dec
Jos Buttler,England,Wicketkeeper,37.75,0.0833,1,241.3333,-0.9772,0,1,250.06,32.92,147.58,0.0,0.0,0.0,42.2726,0.7129,42.75,2028,H2,Jul-Dec
Josh Hull,England,Pace Bowler,24.75,1.0,1,51.0,1.6136,1,0,50.19,15.24,131.55,31.29,8.22,0.0,50.0121,0.7517,49.76,2028,H2,Jul-Dec
Josh Tongue,England,Pace Bowler,30.75,1.0,1,73.0,-0.131,0,0,35.0,17.13,117.82,21.23,8.81,0.0,42.2342,0.4115,42.29,2028,H2,Jul-Dec
Liam Dawson,England,Bowling All-Rounder,38.75,0.05,1,225.8,-1.7665,0,1,161.04,24.22,119.3,7.12,8.67,0.0,37.7579,0.0028,37.05,2028,H2,Jul-Dec
Liam Livingstone,England,Batting All-Rounder,35.75,0.8125,1,222.5,-1.325,0,1,708.44,28.91,145.37,15.74,9.91,0.0,50.8097,0.5141,48.37,2028,H2,Jul-Dec
Luc Benkenstein,England,Batting All-Rounder,23.75,1.0,1,44.0,1.9507,1,0,433.65,35.29,166.42,17.04,7.56,0.0,57.661,0.843,57.8,2028,H2,Jul-Dec
Luke Wood,England,Pace Bowler,32.75,1.0,1,154.0,-0.8336,0,1,68.0,11.28,120.06,32.52,9.76,0.0,46.7255,0.7536,46.68,2028,H2,Jul-Dec
Mark Wood,England,Pace Bowler,38.75,0.0,0,91.0,-1.0975,0,1,5.84,10.77,108.39,5.62,10.58,0.0,29.3654,0.0395,30.04,2028,H2,Jul-Dec
Matthew Fisher,England,Pace Bowler,31.75,1.0,1,83.0,-0.1627,0,0,52.73,18.69,114.17,25.37,9.21,0.0,44.2144,0.6566,44.14,2028,H2,Jul-Dec
Matthew Potts,England,Pace Bowler,29.75,1.0,1,90.0,-0.9343,0,1,103.1,17.99,126.4,29.93,8.76,0.0,49.1945,0.84,48.98,2028,H2,Jul-Dec
Ollie Pope,England,Top Order Batter,30.75,1.0,1,113.0,-0.3969,0,0,325.39,26.46,134.83,0.0,7.96,0.0,38.5465,0.5283,38.63,2028,H2,Jul-Dec
Ollie Robinson,England,Pace Bowler,29.75,1.0,1,73.0,-0.344,0,0,53.51,17.55,123.37,25.24,8.31,0.0,45.8382,0.702,45.8,2028,H2,Jul-Dec
Olly Stone,England,Pace Bowler,34.75,1.0,1,94.0,-0.6313,0,1,38.62,20.74,117.25,24.47,9.23,0.0,45.0157,0.5125,45.05,2028,H2,Jul-Dec
Phil Salt,England,Wicketkeeper,32.75,1.0,1,212.0,-0.7439,0,1,979.1,33.69,164.6,0.0,0.0,0.0,48.2486,0.9231,48.36,2028,H2,Jul-Dec
Reece Topley,England,Pace Bowler,34.75,1.0,1,126.0,-0.2871,0,0,49.44,17.62,110.59,29.82,9.96,0.0,45.3741,0.7013,45.37,2028,H2,Jul-Dec
Rehan Ahmed,England,Spin Bowler,23.75,1.0,1,98.0,0.6019,1,0,450.71,27.46,154.87,41.99,7.62,0.0,66.0761,0.9826,67.47,2028,H2,Jul-Dec
Rocky Flintoff,England,Middle Order Batter,22.75,1.0,1,40.0,1.9777,1,0,394.55,39.52,159.46,0.0,0.0,0.0,47.3998,0.8924,47.5,2028,H2,Jul-Dec
Sam Cook,England,Pace Bowler,30.75,1.0,1,93.0,-0.4917,0,0,49.54,16.25,113.58,28.93,8.67,0.0,45.2715,0.6545,45.22,2028,H2,Jul-Dec
Sam Curran,England,Bowling All-Rounder,30.75,1.0,1,235.0,-1.3161,0,1,770.95,27.99,148.65,30.06,8.39,0.0,59.3375,0.0147,59.71,2028,H2,Jul-Dec
Saqib Mahmood,England,Pace Bowler,31.75,1.0,1,101.0,0.4241,0,0,58.18,19.08,116.25,32.47,9.23,0.0,48.6085,0.7659,48.45,2028,H2,Jul-Dec
Shoaib Bashir,England,Spin Bowler,24.75,1.0,1,69.0,-0.8332,0,1,41.48,12.74,117.67,26.08,7.79,0.0,43.5649,0.6684,43.68,2028,H2,Jul-Dec
Sonny Baker,England,Pace Bowler,23.75,1.0,1,59.0,1.2902,1,0,69.7,20.32,149.11,37.47,7.06,0.0,59.0434,0.9523,59.5,2028,H2,Jul-Dec
Tom Banton,England,Wicketkeeper,30.75,1.0,1,144.0,0.3394,0,0,877.22,33.83,160.47,0.0,0.0,0.0,47.1349,0.914,47.23,2028,H2,Jul-Dec
Tom Hartley,England,Spin Bowler,29.75,1.0,1,76.0,-2.6271,0,1,35.93,14.78,129.11,12.76,7.55,0.0,39.5018,0.7461,39.46,2028,H2,Jul-Dec
Tom Rew,England,Wicketkeeper,23.75,1.0,1,42.0,1.6948,1,0,399.28,40.32,170.44,0.0,0.0,0.0,49.9566,0.807,49.99,2028,H2,Jul-Dec
Will Jacks,England,Batting All-Rounder,29.75,1.0,1,161.0,-1.133,0,1,1033.82,32.0,175.7,18.1,8.08,0.0,60.7175,0.895,59.52,2028,H2,Jul-Dec
Zak Crawley,England,Top Order Batter,30.75,1.0,1,108.0,0.301,0,0,478.54,30.1,144.11,0.0,0.0,0.0,41.2876,0.9165,41.51,2028,H2,Jul-Dec
Abhishek Sharma,India,Top Order Batter,28.75,1.0,1,142.0,-1.0461,0,1,510.67,31.78,133.67,0.0,0.0,0.0,39.7931,0.9109,39.89,2028,H2,Jul-Dec
Akash Deep,India,Pace Bowler,31.75,1.0,1,67.0,0.2085,0,0,36.1,10.43,100.51,4.04,6.72,0.0,27.6642,0.4082,28.0,2028,H2,Jul-Dec
Akshat Raghuwanshi,India,Top Order Batter,23.75,1.0,1,46.0,-1.1288,0,1,77.13,12.99,157.93,0.0,0.0,0.0,37.1462,0.3248,37.27,2028,H2,Jul-Dec
Aman Mokhade,India,Middle Order Batter,26.75,1.0,1,86.0,-0.5901,0,1,166.67,23.25,141.96,0.0,0.0,0.0,37.5852,0.7264,37.77,2028,H2,Jul-Dec
Angkrish Raghuwanshi,India,Wicketkeeper,26.75,1.0,1,37.0,-2.521,0,1,117.95,10.23,167.68,0.0,0.0,0.0,38.3519,0.1531,38.49,2028,H2,Jul-Dec
Anshul Kamboj,India,Pace Bowler,27.75,1.0,1,81.0,-1.0825,0,1,11.53,6.85,99.46,0.0,8.49,0.0,23.5292,0.0284,24.15,2028,H2,Jul-Dec
Arshdeep Singh,India,Pace Bowler,29.75,1.0,1,172.0,-0.3774,0,0,124.03,5.85,76.4,20.47,7.62,0.0,29.9672,0.3682,30.09,2028,H2,Jul-Dec
Atharva Taide,India,Top Order Batter,26.75,1.0,1,30.0,-1.1721,0,1,71.38,12.83,154.89,0.0,0.0,0.0,36.4458,0.2675,36.62,2028,H2,Jul-Dec
Auqib Nabi,India,Bowling All-Rounder,27.75,1.0,1,34.0,-0.435,0,0,85.49,23.94,118.14,3.29,7.54,0.0,35.3915,0.0034,35.47,2028,H2,Jul-Dec
Avesh Khan,India,Pace Bowler,31.75,1.0,1,152.0,-0.4319,0,0,52.06,15.3,70.57,8.91,7.16,0.0,25.6508,0.0469,26.42,2028,H2,Jul-Dec
Axar Patel,India,Bowling All-Rounder,34.75,1.0,1,242.0,-0.3129,0,0,362.06,15.97,105.88,4.82,7.67,0.0,31.7787,0.0106,32.11,2028,H2,Jul-Dec
Ayush Mhatre,India,Top Order Batter,21.75,1.0,1,41.0,-3.5146,0,1,560.04,2.32,210.34,0.0,0.0,0.0,45.8304,0.9492,45.94,2028,H2,Jul-Dec
Brijesh Sharma,India,Pace Bowler,26.75,1.0,1,80.0,1.4587,1,0,68.15,47.64,50.92,26.92,9.47,0.0,41.7655,0.6985,41.74,2028,H2,Jul-Dec
Devdutt Padikkal,India,Top Order Batter,28.75,1.0,1,69.0,-0.148,0,0,138.93,16.61,166.91,0.0,0.0,0.0,40.4157,0.6362,40.5,2028,H2,Jul-Dec
Dhruv Jurel,India,Wicketkeeper,27.75,1.0,1,53.0,0.2749,0,0,97.9,36.72,163.41,0.0,0.0,0.0,46.3764,0.882,46.54,2028,H2,Jul-Dec
Digvesh Rathi,India,Spin Bowler,28.75,1.0,1,62.0,-0.4432,0,0,35.28,1.11,117.88,10.49,10.96,0.0,30.7179,0.3195,31.13,2028,H2,Jul-Dec
Gurnoor Brar,India,Pace Bowler,27.75,1.0,1,55.0,1.0542,1,0,17.38,12.29,137.74,12.01,6.64,0.0,40.2535,0.8482,40.26,2028,H2,Jul-Dec
Hardik Pandya,India,Batting All-Rounder,34.75,0.85,1,318.4,-2.4222,0,1,82.83,13.04,134.99,0.87,9.61,0.0,33.4552,0.005,33.63,2028,H2,Jul-Dec
Harsh Dubey,India,Bowling All-Rounder,26.75,1.0,1,89.0,0.5519,1,0,316.38,30.7,122.6,12.83,8.95,0.0,44.1198,0.0188,44.13,2028,H2,Jul-Dec
Harshit Rana,India,Pace Bowler,25.75,1.0,1,65.0,0.9683,1,0,21.73,9.8,109.71,35.34,10.66,0.0,45.3327,0.7826,45.22,2028,H2,Jul-Dec
Ishan Kishan,India,Wicketkeeper,30.75,1.0,1,192.0,-0.093,0,0,711.65,18.46,145.12,0.0,0.0,0.0,38.2573,0.4963,38.33,2028,H2,Jul-Dec
Jasprit Bumrah,India,Pace Bowler,34.75,1.0,1,242.0,-0.5424,0,1,70.28,7.47,67.6,73.81,7.06,0.0,57.3768,0.9648,57.94,2028,H2,Jul-Dec
Jitesh Sharma,India,Wicketkeeper,34.75,1.0,1,122.0,-1.2451,0,1,225.52,24.81,117.69,0.0,0.0,0.0,33.2691,0.0746,33.56,2028,H2,Jul-Dec
KL Rahul,India,Wicketkeeper,36.75,0.75,1,276.2857,0.6889,1,0,286.24,38.84,145.11,0.0,0.0,0.0,43.8747,0.1488,43.5,2028,H2,Jul-Dec
KS Bharat,India,Wicketkeeper,34.75,1.0,1,44.0,-0.8691,0,1,73.61,12.12,122.94,0.0,0.0,0.0,29.6019,0.0342,30.35,2028,H2,Jul-Dec
Kartik Sharma,India,Wicketkeeper,23.75,1.0,1,52.0,0.6468,1,0,80.34,51.37,122.73,0.0,0.0,0.0,42.8669,0.6023,43.07,2028,H2,Jul-Dec
Khaleel Ahmed,India,Pace Bowler,30.75,1.0,1,64.0,-0.1598,0,0,5.39,19.64,114.83,2.96,9.48,0.0,32.4309,0.129,32.72,2028,H2,Jul-Dec
Kuldeep Yadav,India,Spin Bowler,33.75,1.0,1,202.0,3.496,1,0,0.0,6.72,123.9,68.05,7.68,0.0,65.2923,0.9643,66.63,2028,H2,Jul-Dec
Kumar Kushagra,India,Wicketkeeper,23.75,1.0,1,51.0,-1.6401,0,1,73.07,15.77,117.71,0.0,0.0,0.0,29.754,0.0621,30.55,2028,H2,Jul-Dec
Manav Suthar,India,Spin Bowler,26.75,1.0,1,32.0,1.0889,1,0,18.75,17.72,113.99,13.17,7.79,0.0,37.4773,0.7809,37.53,2028,H2,Jul-Dec
Mangesh Yadav,India,Pace Bowler,25.75,1.0,1,80.0,0.1741,0,0,48.54,16.22,97.97,13.49,7.51,0.0,33.9876,0.2278,33.87,2028,H2,Jul-Dec
Mayank Yadav,India,Pace Bowler,26.75,1.0,1,42.0,0.8293,1,0,3.95,5.95,103.25,18.99,7.44,0.0,34.4457,0.1927,34.23,2028,H2,Jul-Dec
Mohammed Shami,India,Pace Bowler,38.75,0.0625,1,181.0,-0.0391,0,0,0.0,5.61,78.5,7.34,10.12,0.0,22.4055,0.0202,22.71,2028,H2,Jul-Dec
Mohammed Siraj,India,Pace Bowler,34.75,1.0,1,202.0,1.0389,1,0,3.26,3.59,123.27,38.6,10.09,0.0,47.812,0.9231,47.58,2028,H2,Jul-Dec
Mukesh Kumar,India,Pace Bowler,34.75,0.8125,1,79.5,-2.0445,0,1,24.09,2.15,99.56,2.28,10.99,0.0,22.8265,0.0076,23.18,2028,H2,Jul-Dec
Nithish Kumar Reddy,India,Batting All-Rounder,25.75,1.0,1,754.0,-3.183,0,1,0.0,20.77,129.8,0.0,0.0,0.0,33.7282,0.0289,34.03,2028,H2,Jul-Dec
Prabhsimran Singh,India,Wicketkeeper,28.75,1.0,1,92.0,-0.1166,0,0,197.34,34.43,136.12,0.0,0.0,0.0,40.2542,0.4103,40.27,2028,H2,Jul-Dec
Prashant Veer,India,Bowling All-Rounder,26.75,1.0,1,52.0,0.7999,1,0,52.07,35.33,141.88,0.0,0.0,0.0,41.3134,0.0159,41.51,2028,H2,Jul-Dec
Prasidh Krishna,India,Pace Bowler,32.75,1.0,1,122.0,2.1223,1,0,16.68,11.9,88.33,31.01,10.66,0.0,39.2761,0.7294,39.35,2028,H2,Jul-Dec
Prince Yadav,India,Pace Bowler,27.75,1.0,1,82.0,1.4899,1,0,0.23,15.98,141.19,15.6,7.44,0.0,43.8563,0.8762,43.82,2028,H2,Jul-Dec
Priyansh Arya,India,Top Order Batter,27.75,1.0,1,77.0,-0.3519,0,0,685.34,35.65,204.48,1.45,13.73,0.0,57.1501,0.8998,56.92,2028,H2,Jul-Dec
Rajat Patidar,India,Middle Order Batter,34.75,1.0,1,35.0,-0.8666,0,1,40.13,17.12,118.3,0.0,0.0,0.0,30.2339,0.0758,31.04,2028,H2,Jul-Dec
Ramandeep Singh,India,Batting All-Rounder,31.75,1.0,1,78.0,0.4274,0,0,165.82,36.65,152.52,0.0,0.0,0.0,44.304,0.8154,44.42,2028,H2,Jul-Dec
Ravi Bishnoi,India,Spin Bowler,28.75,1.0,1,152.0,0.7192,1,0,36.69,25.01,90.72,13.55,9.47,0.0,35.0525,0.5754,34.94,2028,H2,Jul-Dec
Rinku Singh,India,Middle Order Batter,31.75,1.0,1,152.0,-0.1732,0,0,223.28,33.82,189.86,0.0,0.0,0.0,51.2442,0.965,51.31,2028,H2,Jul-Dec
Rishabh Pant,India,Wicketkeeper,30.75,1.0,1,242.0,-0.0922,0,0,551.04,43.79,124.97,0.0,0.0,0.0,42.1806,0.3751,42.37,2028,H2,Jul-Dec
Riyan Parag,India,Batting All-Rounder,26.75,1.0,1,152.0,-1.6051,0,1,247.89,23.92,146.81,0.0,0.0,0.0,39.0598,0.2358,39.17,2028,H2,Jul-Dec
Sai Sudharsan,India,Top Order Batter,26.75,1.0,1,60.0,-2.2145,0,1,65.07,14.07,105.01,0.0,0.0,0.0,26.5268,0.1055,27.6,2028,H2,Jul-Dec
Sakib Hussain,India,Pace Bowler,23.75,1.0,1,28.0,-1.0797,0,1,35.58,8.67,95.25,5.6,8.95,0.0,26.2692,0.1448,26.98,2028,H2,Jul-Dec
Salil Arora,India,Wicketkeeper,25.75,1.0,1,70.0,-0.0849,0,0,187.15,27.24,144.79,0.0,0.0,0.0,39.5831,0.5038,39.61,2028,H2,Jul-Dec
Sanju Samson,India,Wicketkeeper,33.75,1.0,1,242.0,0.3517,0,0,241.16,38.39,142.12,0.0,0.0,0.0,42.9681,0.5621,43.2,2028,H2,Jul-Dec
Sarfaraz Khan,India,Middle Order Batter,30.75,1.0,1,46.0,-0.8484,0,1,61.58,31.26,115.26,0.0,0.0,0.0,34.4567,0.1331,34.61,2028,H2,Jul-Dec
Sarthak Ranjan,India,Middle Order Batter,25.75,1.0,1,30.0,0.1947,0,0,124.61,32.27,143.67,0.0,0.0,0.0,40.8661,0.6068,40.99,2028,H2,Jul-Dec
Shardul Thakur,India,Bowling All-Rounder,36.75,0.65,1,174.0,-0.5712,0,1,219.16,20.93,104.71,10.18,11.37,0.0,35.0412,0.0045,34.74,2028,H2,Jul-Dec
Shivam Dube,India,Batting All-Rounder,35.75,0.9062,1,189.75,1.0385,1,0,149.08,42.51,132.09,0.0,0.0,0.0,42.0107,0.6115,41.39,2028,H2,Jul-Dec
Shreyas Iyer,India,Middle Order Batter,33.75,1.0,1,202.0,-0.4469,0,0,707.53,15.5,136.46,0.0,0.0,0.0,35.4511,0.7142,35.63,2028,H2,Jul-Dec
Shubman Gill,India,Top Order Batter,29.75,1.0,1,162.0,-2.0093,0,1,282.14,38.38,143.99,0.0,0.0,0.0,43.4749,0.9377,43.52,2028,H2,Jul-Dec
Suryakumar Yadav,India,Middle Order Batter,38.75,0.0,0,300.0,-0.7683,0,1,198.79,23.67,157.0,0.0,0.0,0.0,40.9357,0.0335,41.23,2028,H2,Jul-Dec
Suryansh Shedge,India,Batting All-Rounder,24.75,1.0,1,38.0,-0.081,0,0,53.29,43.72,114.95,0.0,0.0,0.0,38.5859,0.1086,38.62,2028,H2,Jul-Dec
Tejasvi Dahiya,India,Wicketkeeper,24.75,1.0,1,41.0,-0.261,0,0,88.64,38.0,129.09,0.0,0.0,0.0,39.6813,0.2142,39.75,2028,H2,Jul-Dec
Tilak Varma,India,Middle Order Batter,25.75,1.0,1,144.0,0.6118,1,0,344.68,44.46,125.62,0.0,0.0,0.0,41.9209,0.8886,42.14,2028,H2,Jul-Dec
Tushar Deshpande,India,Pace Bowler,33.75,1.0,1,71.0,1.157,1,0,3.17,16.06,112.78,8.61,7.42,0.0,34.2601,0.3624,34.43,2028,H2,Jul-Dec
Vaibhav Suryavanshi,India,Top Order Batter,17.75,1.0,1,56.0,1.4098,1,0,297.71,16.23,231.22,0.0,0.0,0.0,54.0701,0.9791,54.0,2028,H2,Jul-Dec
Varun Chakravarthy,India,Spin Bowler,37.75,0.5417,1,161.6667,-0.7789,0,1,79.03,4.88,99.58,8.31,8.34,0.0,27.5912,0.1264,27.84,2028,H2,Jul-Dec
Washington Sundar,India,Bowling All-Rounder,28.75,1.0,1,172.0,1.6614,1,0,527.88,32.61,157.83,9.63,7.96,0.0,51.1761,0.0219,51.03,2028,H2,Jul-Dec
Yash Thakur,India,Pace Bowler,28.75,1.0,1,34.0,0.6618,1,0,0.0,13.19,122.27,11.8,7.4,0.0,36.9635,0.4673,36.98,2028,H2,Jul-Dec
Yashasvi Jaiswal,India,Top Order Batter,26.75,1.0,1,122.0,-1.196,0,1,486.78,30.14,135.04,0.0,0.0,0.0,39.4494,0.8139,39.53,2028,H2,Jul-Dec
Adam Leckey,Ireland,Pace Bowler,23.75,1.0,1,42.0,1.5556,1,0,54.1,16.44,124.38,24.01,7.68,0.0,45.1576,0.6333,45.22,2028,H2,Jul-Dec
Andrew Balbirnie,Ireland,Top Order Batter,37.75,0.25,1,215.2,-1.5368,0,1,224.53,26.37,121.83,0.0,0.0,0.0,34.6508,0.0219,35.33,2028,H2,Jul-Dec
Andy McBrine,Ireland,Bowling All-Rounder,35.75,0.875,1,138.0,0.2661,0,0,452.3,29.11,132.22,31.81,8.1,0.0,56.3629,0.0165,52.44,2028,H2,Jul-Dec
Barry McCarthy,Ireland,Pace Bowler,35.75,0.625,1,135.0,-1.1615,0,1,55.94,16.0,112.88,26.37,9.42,0.0,43.5485,0.0698,41.77,2028,H2,Jul-Dec
Ben Calitz,Ireland,Middle Order Batter,27.75,1.0,1,60.0,1.7128,1,0,537.18,36.65,150.5,0.0,0.0,0.0,45.0036,0.8769,45.2,2028,H2,Jul-Dec
Ben White,Ireland,Spin Bowler,29.75,1.0,1,93.0,-0.2689,0,0,64.1,16.0,113.11,35.2,8.06,0.0,48.635,0.8508,48.45,2028,H2,Jul-Dec
Cade Carmichael,Ireland,Middle Order Batter,26.75,1.0,1,70.0,1.8287,1,0,602.71,38.11,148.28,0.0,0.0,0.0,45.2358,0.9031,45.36,2028,H2,Jul-Dec
Chris de Freitas,Ireland,Top Order Batter,27.75,1.0,1,47.0,1.464,1,0,316.27,33.22,155.37,0.0,0.0,0.0,44.1852,0.8275,44.29,2028,H2,Jul-Dec
Cian Carmichael,Ireland,Middle Order Batter,26.75,1.0,1,40.0,1.7146,1,0,237.45,33.36,146.98,0.0,0.0,0.0,42.2595,0.5905,42.46,2028,H2,Jul-Dec
Craig Young,Ireland,Pace Bowler,36.75,0.5625,1,113.0,-0.605,0,1,33.81,12.05,110.5,22.8,9.4,0.0,39.7354,0.0205,38.75,2028,H2,Jul-Dec
Curtis Campher,Ireland,Bowling All-Rounder,29.75,1.0,1,160.0,-0.185,0,0,654.25,34.9,143.16,33.63,8.61,0.0,62.065,0.0173,62.18,2028,H2,Jul-Dec
Fionn Hand,Ireland,Pace Bowler,30.75,1.0,1,111.0,-0.18,0,0,68.1,12.92,115.29,34.78,8.72,0.0,47.6905,0.7512,47.58,2028,H2,Jul-Dec
Gareth Delany,Ireland,Batting All-Rounder,31.75,1.0,1,134.0,-0.242,0,0,513.24,27.73,140.31,20.0,8.81,0.0,51.2535,0.8489,51.33,2028,H2,Jul-Dec
Gavin Hoey,Ireland,Spin Bowler,25.75,1.0,1,74.0,1.7968,1,0,259.41,32.48,161.17,34.89,7.34,0.0,64.7586,0.9821,67.49,2028,H2,Jul-Dec
Gavin Roulston,Ireland,Middle Order Batter,25.75,1.0,1,50.0,2.2199,1,0,355.82,39.7,150.91,0.0,0.0,0.0,45.5753,0.8718,45.7,2028,H2,Jul-Dec
George Dockrell,Ireland,Batting All-Rounder,35.75,0.8125,1,181.5,-0.9186,0,1,346.24,22.89,115.24,13.62,9.07,0.0,40.4459,0.0338,39.55,2028,H2,Jul-Dec
Graham Hume,Ireland,Pace Bowler,37.75,0.0,0,112.0,-0.8702,0,1,15.46,12.88,107.45,9.74,9.79,0.0,32.243,0.0475,32.4,2028,H2,Jul-Dec
Harry Tector,Ireland,Middle Order Batter,28.75,1.0,1,179.0,0.5617,1,0,962.85,37.47,140.28,1.73,9.05,0.0,46.0266,0.7388,46.13,2028,H2,Jul-Dec
Jai Moondra,Ireland,Pace Bowler,25.75,1.0,1,49.0,1.2794,1,0,51.88,15.25,127.67,27.49,7.48,0.0,47.352,0.8062,47.35,2028,H2,Jul-Dec
Jake Egan,Ireland,Top Order Batter,24.75,1.0,1,46.0,2.0547,1,0,394.97,39.5,158.71,0.0,0.0,0.0,47.2391,0.8766,47.45,2028,H2,Jul-Dec
James West,Ireland,Top Order Batter,25.75,1.0,1,48.0,1.9257,1,0,367.48,36.75,151.84,0.0,0.0,0.0,44.804,0.9267,44.88,2028,H2,Jul-Dec
Jordan Neill,Ireland,Pace Bowler,26.75,1.0,1,63.0,0.7448,1,0,54.8,12.26,119.73,29.52,7.86,0.0,45.702,0.7715,45.57,2028,H2,Jul-Dec
Josh Little,Ireland,Pace Bowler,28.75,1.0,1,126.0,-0.6058,0,1,54.53,19.44,122.73,36.35,8.23,0.0,52.3417,0.8676,52.37,2028,H2,Jul-Dec
Liam McCarthy,Ireland,Pace Bowler,29.75,1.0,1,69.0,0.9,1,0,68.65,15.45,125.27,35.4,7.74,0.0,51.1617,0.871,51.06,2028,H2,Jul-Dec
Lorcan Tucker,Ireland,Wicketkeeper,32.75,1.0,1,134.0,0.6262,1,0,723.65,31.91,141.95,0.0,0.0,0.0,42.1911,0.7206,42.37,2028,H2,Jul-Dec
Luke Murray,Ireland,Wicketkeeper,25.75,1.0,1,43.0,2.0995,1,0,354.28,38.57,157.17,0.0,0.0,0.0,46.4832,0.69,46.67,2028,H2,Jul-Dec
Mark Adair,Ireland,Bowling All-Rounder,32.75,1.0,1,187.0,-2.7203,0,1,322.07,21.48,132.09,29.96,9.4,0.0,52.1134,0.0142,52.02,2028,H2,Jul-Dec
Matt Hollard,Ireland,Batting All-Rounder,25.75,1.0,1,51.0,2.2392,1,0,282.97,33.45,148.63,18.42,8.37,0.0,53.4569,0.8529,53.61,2028,H2,Jul-Dec
Matthew Foster,Ireland,Pace Bowler,28.75,1.0,1,60.0,0.9301,1,0,62.84,14.33,123.4,32.12,7.71,0.0,48.6214,0.818,48.45,2028,H2,Jul-Dec
Matthew Humphreys,Ireland,Spin Bowler,25.75,1.0,1,77.0,0.3361,0,0,83.48,15.87,128.79,37.78,7.13,0.0,53.5204,0.9605,53.64,2028,H2,Jul-Dec
Morgan Topping,Ireland,Middle Order Batter,24.75,1.0,1,54.0,1.9243,1,0,501.63,40.31,172.99,0.0,0.0,0.0,50.7888,0.9565,50.75,2028,H2,Jul-Dec
Neil Rock,Ireland,Wicketkeeper,27.75,1.0,1,83.0,1.1088,1,0,450.48,35.1,155.34,0.0,0.0,0.0,45.2193,0.7909,45.36,2028,H2,Jul-Dec
Paul Stirling,Ireland,Top Order Batter,37.75,0.375,1,368.0,-3.9428,0,1,399.04,24.15,128.02,1.58,9.8,0.0,37.0781,0.0109,37.06,2028,H2,Jul-Dec
Peter Moor,Ireland,Wicketkeeper,37.75,0.5417,1,115.6667,-0.7194,0,1,76.06,19.82,117.19,0.0,0.0,0.0,31.0265,0.0057,31.94,2028,H2,Jul-Dec
Reuben Wilson,Ireland,Pace Bowler,23.75,1.0,1,53.0,2.0247,1,0,161.88,30.38,171.04,31.97,6.89,0.0,64.3572,0.9603,67.39,2028,H2,Jul-Dec
Ross Adair,Ireland,Top Order Batter,33.75,1.0,1,98.0,1.0886,1,0,771.6,37.09,155.98,0.0,0.0,0.0,46.9918,0.9715,47.05,2028,H2,Jul-Dec
Sam Topping,Ireland,Top Order Batter,25.75,1.0,1,56.0,2.1039,1,0,498.27,41.47,165.56,0.0,0.0,0.0,49.6342,0.9643,49.78,2028,H2,Jul-Dec
Scott Macbeth,Ireland,Pace Bowler,27.75,1.0,1,44.0,1.3168,1,0,52.12,15.38,109.06,22.32,8.59,0.0,40.5102,0.3218,40.63,2028,H2,Jul-Dec
Seamus Lynch,Ireland,Wicketkeeper,26.75,1.0,1,53.0,1.9137,1,0,423.68,37.32,155.16,0.0,0.0,0.0,45.853,0.8231,46.0,2028,H2,Jul-Dec
Sebastian Dijkstra,Ireland,Top Order Batter,24.75,1.0,1,39.0,1.7423,1,0,275.88,34.54,153.0,0.0,0.0,0.0,44.0202,0.7654,44.17,2028,H2,Jul-Dec
Stephen Doheny,Ireland,Wicketkeeper,28.75,1.0,1,70.0,1.3805,1,0,607.05,39.16,167.86,0.0,0.0,0.0,49.6553,0.8807,49.82,2028,H2,Jul-Dec
Theo van Woerkom,Ireland,Pace Bowler,32.75,1.0,1,76.0,0.3037,0,0,50.29,11.89,104.07,23.17,9.79,0.0,38.5369,0.3833,38.5,2028,H2,Jul-Dec
Tim Tector,Ireland,Top Order Batter,25.75,1.0,1,63.0,1.835,1,0,529.77,36.43,155.17,0.0,0.0,0.0,45.873,0.9373,45.95,2028,H2,Jul-Dec
Tom Mayes,Ireland,Pace Bowler,26.75,1.0,1,58.0,1.4192,1,0,67.89,15.53,119.82,30.59,8.14,0.0,47.3779,0.7936,47.35,2028,H2,Jul-Dec
Adam Milne,New Zealand,Pace Bowler,36.75,0.3125,1,211.5,-2.7416,0,1,20.23,14.04,113.89,12.73,9.26,0.0,35.6772,0.0172,35.05,2028,H2,Jul-Dec
Adithya Ashok,New Zealand,Spin Bowler,25.75,1.0,1,56.0,0.5063,1,0,64.83,13.26,124.17,28.61,7.42,0.0,46.6115,0.9164,46.58,2028,H2,Jul-Dec
Ajaz Patel,New Zealand,Spin Bowler,39.75,0.1786,1,90.7143,-2.1014,0,1,2.02,6.14,80.86,3.38,8.69,0.0,21.1899,0.0285,21.63,2028,H2,Jul-Dec
Ben Lister,New Zealand,Pace Bowler,32.75,1.0,1,101.0,0.2451,0,0,66.98,16.8,119.42,41.19,8.63,0.0,53.3205,0.7957,53.31,2028,H2,Jul-Dec
Ben Sears,New Zealand,Pace Bowler,30.75,1.0,1,96.0,0.6785,1,0,51.04,15.92,122.09,45.69,8.0,0.0,56.0824,0.9022,55.88,2028,H2,Jul-Dec
Benjamin Jacobs,New Zealand,Middle Order Batter,26.75,1.0,1,47.0,1.7755,1,0,349.89,35.55,157.87,0.0,0.0,0.0,45.5924,0.6908,45.71,2028,H2,Jul-Dec
Bharat Popli,New Zealand,Middle Order Batter,36.75,0.65,1,81.0,0.6414,1,0,348.12,29.12,131.9,0.0,0.0,0.0,38.0372,0.1352,38.55,2028,H2,Jul-Dec
Blair Tickner,New Zealand,Pace Bowler,34.75,0.8125,1,121.5,-1.5152,0,1,26.33,11.13,101.35,19.14,10.28,0.0,35.4051,0.0627,34.71,2028,H2,Jul-Dec
Cole McConchie,New Zealand,Batting All-Rounder,32.75,1.0,1,113.0,0.317,0,0,473.59,27.95,130.31,16.93,8.55,0.0,47.5396,0.6684,47.47,2028,H2,Jul-Dec
Curtis Heaphy,New Zealand,Batting All-Rounder,26.75,1.0,1,56.0,2.177,1,0,474.64,34.43,152.03,19.89,8.25,0.0,55.8853,0.7903,55.89,2028,H2,Jul-Dec
Dane Cleaver,New Zealand,Wicketkeeper,35.75,0.8125,1,95.5,0.3728,0,0,347.8,28.67,135.19,0.0,0.0,0.0,38.5645,0.0731,38.72,2028,H2,Jul-Dec
Daryl Foxcroft,New Zealand,Batting All-Rounder,29.75,1.0,1,83.0,2.694,1,0,712.35,43.05,169.25,23.07,7.63,0.0,64.9377,0.8558,67.07,2028,H2,Jul-Dec
Daryl Mitchell,New Zealand,Batting All-Rounder,37.75,0.0625,1,177.0,-2.055,0,1,156.11,27.36,132.05,2.84,9.58,0.0,38.9799,0.0032,38.9,2028,H2,Jul-Dec
Devon Conway,New Zealand,Wicketkeeper,37.75,0.5417,1,195.6667,-1.1313,0,1,412.19,32.13,132.21,0.0,0.0,0.0,39.3132,0.0117,39.87,2028,H2,Jul-Dec
Finn Allen,New Zealand,Top Order Batter,29.75,1.0,1,192.0,-0.609,0,1,1029.4,38.93,186.14,0.0,0.0,0.0,54.6304,0.9947,54.42,2028,H2,Jul-Dec
Fraser Sheat,New Zealand,Pace Bowler,26.75,1.0,1,57.0,1.0563,1,0,58.89,13.39,113.54,27.99,8.35,0.0,43.8829,0.5323,43.84,2028,H2,Jul-Dec
Glenn Phillips,New Zealand,Batting All-Rounder,32.75,1.0,1,232.0,-1.0925,0,1,811.37,30.09,146.91,19.06,9.44,0.0,53.6976,0.8007,53.63,2028,H2,Jul-Dec
Henry Nicholls,New Zealand,Top Order Batter,37.75,0.0833,1,93.3333,-0.8467,0,1,54.7,17.44,112.53,0.0,0.0,0.0,29.1924,0.017,30.01,2028,H2,Jul-Dec
Ish Sodhi,New Zealand,Spin Bowler,35.75,0.125,1,192.0,-2.8392,0,1,12.48,9.33,88.21,6.91,8.83,0.0,25.6937,0.0776,25.92,2028,H2,Jul-Dec
Jacob Cumming,New Zealand,Top Order Batter,26.75,1.0,1,53.0,1.6302,1,0,450.7,32.26,145.16,0.0,0.0,0.0,42.1523,0.7996,42.37,2028,H2,Jul-Dec
Jacob Duffy,New Zealand,Pace Bowler,33.75,1.0,1,100.0,0.6264,1,0,56.73,13.25,109.69,43.91,9.02,0.0,51.4637,0.7793,51.29,2028,H2,Jul-Dec
Jayden Lennox,New Zealand,Pace Bowler,26.75,1.0,1,43.0,1.422,1,0,40.78,12.92,113.37,24.61,8.37,0.0,41.8119,0.2779,41.96,2028,H2,Jul-Dec
Jesse Tashkoff,New Zealand,Batting All-Rounder,29.75,1.0,1,61.0,1.9317,1,0,505.35,33.05,152.58,22.16,8.14,0.0,56.8694,0.7686,56.76,2028,H2,Jul-Dec
Jimmy Neesham,New Zealand,Bowling All-Rounder,37.75,0.375,1,233.0,-1.7576,0,1,200.68,22.45,133.45,10.72,9.82,0.0,41.942,0.003,41.42,2028,H2,Jul-Dec
Josh Clarkson,New Zealand,Batting All-Rounder,31.75,1.0,1,87.0,1.7479,1,0,614.73,31.36,144.17,20.47,8.85,0.0,53.8317,0.7353,53.96,2028,H2,Jul-Dec
Katene Clarke,New Zealand,Middle Order Batter,27.75,1.0,1,59.0,1.3911,1,0,489.07,34.13,156.72,0.0,0.0,0.0,45.2926,0.8733,45.36,2028,H2,Jul-Dec
Kristian Clarke,New Zealand,Bowling All-Rounder,26.75,1.0,1,53.0,2.0148,1,0,420.02,31.07,149.76,22.36,8.12,0.0,55.4709,0.0215,55.37,2028,H2,Jul-Dec
Kyle Jamieson,New Zealand,Pace Bowler,33.75,1.0,1,116.0,-0.7898,0,1,61.21,11.57,114.77,30.0,9.09,0.0,44.4651,0.6985,44.54,2028,H2,Jul-Dec
Lachlan Stackpole,New Zealand,Middle Order Batter,25.75,1.0,1,44.0,1.5963,1,0,312.25,31.8,150.48,0.0,0.0,0.0,42.6806,0.6937,42.85,2028,H2,Jul-Dec
Lockie Ferguson,New Zealand,Pace Bowler,37.75,0.0833,1,138.3333,-1.4912,0,1,11.41,11.6,108.65,9.33,9.95,0.0,31.8009,0.0354,32.0,2028,H2,Jul-Dec
Mark Chapman,New Zealand,Middle Order Batter,33.75,1.0,1,165.0,-0.1849,0,0,625.78,30.18,139.75,13.05,9.11,0.0,48.5124,0.8173,48.6,2028,H2,Jul-Dec
Matt Bacon,New Zealand,Pace Bowler,33.75,1.0,1,65.0,0.496,0,0,41.24,9.15,105.08,25.87,9.09,0.0,39.3595,0.4683,39.37,2028,H2,Jul-Dec
Matt Henry,New Zealand,Pace Bowler,36.75,0.4167,1,159.6667,-1.2099,0,1,21.87,9.93,105.71,17.7,9.3,0.0,35.2646,0.0238,34.68,2028,H2,Jul-Dec
Matthew Boyle,New Zealand,Top Order Batter,26.75,1.0,1,51.0,1.8639,1,0,414.87,36.13,159.03,0.0,0.0,0.0,46.2243,0.9453,46.35,2028,H2,Jul-Dec
Matthew Fisher,New Zealand,Pace Bowler,27.75,1.0,1,46.0,1.1706,1,0,39.2,11.25,112.39,26.13,8.24,0.0,41.8844,0.2334,41.98,2028,H2,Jul-Dec
Max Chu,New Zealand,Wicketkeeper,29.75,1.0,1,53.0,1.7809,1,0,403.53,35.01,152.83,0.0,0.0,0.0,44.5283,0.7207,44.68,2028,H2,Jul-Dec
Michael Bracewell,New Zealand,Batting All-Rounder,37.75,0.0833,1,131.3333,0.2842,0,0,201.44,30.68,135.6,8.95,9.25,0.0,44.3162,0.0169,44.09,2028,H2,Jul-Dec
Michael Rae,New Zealand,Pace Bowler,33.75,1.0,1,68.0,0.3883,0,0,33.2,10.25,101.03,23.82,9.39,0.0,37.7152,0.2401,37.68,2028,H2,Jul-Dec
Mitchell Hay,New Zealand,Wicketkeeper,32.75,1.0,1,84.0,1.6301,1,0,569.13,33.39,138.29,0.0,0.0,0.0,41.4699,0.3135,41.67,2028,H2,Jul-Dec
Mitchell Santner,New Zealand,Spin Bowler,36.75,0.125,1,237.0,-1.1739,0,1,174.71,26.69,121.86,12.54,8.38,0.0,42.1392,0.0869,41.63,2028,H2,Jul-Dec
Muhammad Abbas,New Zealand,Middle Order Batter,27.75,1.0,1,34.0,0.4289,0,0,42.92,14.61,120.34,0.0,0.0,0.0,29.8146,0.158,30.59,2028,H2,Jul-Dec
Nathan Smith,New Zealand,Pace Bowler,29.75,1.0,1,92.0,1.0242,1,0,212.93,27.83,154.13,36.6,7.83,0.0,62.3816,0.954,62.47,2028,H2,Jul-Dec
Nicholas Kelly,New Zealand,Top Order Batter,32.75,1.0,1,66.0,1.5429,1,0,528.08,31.05,144.86,0.0,0.0,0.0,41.9135,0.8237,42.14,2028,H2,Jul-Dec
Rachin Ravindra,New Zealand,Batting All-Rounder,28.75,1.0,1,113.0,1.1799,1,0,927.47,40.24,163.31,25.2,8.08,0.0,64.4425,0.9493,67.03,2028,H2,Jul-Dec
Rhys Mariu,New Zealand,Middle Order Batter,26.75,1.0,1,65.0,1.561,1,0,515.85,33.37,148.16,0.0,0.0,0.0,43.3448,0.83,43.52,2028,H2,Jul-Dec
Rohit Gulati,New Zealand,Middle Order Batter,26.75,1.0,1,42.0,1.37,1,0,256.32,29.62,146.73,0.0,0.0,0.0,40.9984,0.6059,41.08,2028,H2,Jul-Dec
Simon Johnston,New Zealand,Top Order Batter,25.75,1.0,1,46.0,1.7344,1,0,295.62,35.75,151.65,0.0,0.0,0.0,44.2099,0.8345,44.29,2028,H2,Jul-Dec
Simon Keene,New Zealand,Pace Bowler,26.75,1.0,1,46.0,1.3555,1,0,55.66,16.42,117.14,24.84,8.08,0.0,44.0087,0.4713,44.02,2028,H2,Jul-Dec
Tim Pringle,New Zealand,Spin Bowler,24.75,1.0,1,61.0,2.0348,1,0,355.84,34.12,159.08,29.08,7.83,0.0,61.9205,0.9713,62.55,2028,H2,Jul-Dec
Tim Robinson,New Zealand,Middle Order Batter,25.75,1.0,1,76.0,1.8791,1,0,799.34,40.46,165.3,0.0,0.0,0.0,50.1445,0.9426,49.93,2028,H2,Jul-Dec
Tim Seifert,New Zealand,Wicketkeeper,33.75,1.0,1,212.0,-0.0866,0,0,874.42,34.35,145.66,0.0,0.0,0.0,44.2385,0.8791,44.29,2028,H2,Jul-Dec
Tim Southee,New Zealand,Pace Bowler,39.75,0.0,0,220.0,-3.6596,0,1,0.0,3.7,95.71,1.12,10.57,0.0,21.9118,0.0069,22.66,2028,H2,Jul-Dec
Tom Blundell,New Zealand,Wicketkeeper,37.75,0.6071,1,85.1429,-0.1062,0,0,152.38,19.92,105.77,0.0,0.0,0.0,28.9273,0.0051,29.53,2028,H2,Jul-Dec
Tom Latham,New Zealand,Wicketkeeper,36.75,0.75,1,144.2857,-0.706,0,1,219.71,23.4,120.12,0.0,0.0,0.0,33.277,0.0119,33.78,2028,H2,Jul-Dec
Trent Boult,New Zealand,Pace Bowler,39.75,0.0,0,168.0,-3.7224,0,1,1.4,6.24,98.3,1.31,10.33,0.0,23.4465,0.0063,24.12,2028,H2,Jul-Dec
Will ORourke,New Zealand,Pace Bowler,27.75,1.0,1,74.0,1.0569,1,0,76.66,17.48,126.03,40.74,7.95,0.0,54.852,0.8937,54.69,2028,H2,Jul-Dec
Will Young,New Zealand,Top Order Batter,36.75,0.7083,1,128.3333,0.3727,0,0,374.46,29.07,123.97,0.0,0.0,0.0,36.4588,0.1154,36.66,2028,H2,Jul-Dec
Zak Foulkes,New Zealand,Bowling All-Rounder,26.75,1.0,1,68.0,2.7363,1,0,562.15,41.14,167.5,31.66,7.63,0.0,68.0973,0.0279,68.29,2028,H2,Jul-Dec
Zak Gibson,New Zealand,Pace Bowler,26.75,1.0,1,40.0,1.4501,1,0,43.1,13.66,119.75,24.99,8.02,0.0,43.6709,0.4818,43.81,2028,H2,Jul-Dec
Aamir Jamal,Pakistan,Bowling All-Rounder,32.75,1.0,1,100.0,-1.391,0,1,128.27,21.78,123.62,6.38,9.7,0.0,37.1479,0.0116,37.22,2028,H2,Jul-Dec
Abbas Afridi,Pakistan,Pace Bowler,27.75,1.0,1,94.0,-1.7444,0,1,37.86,9.91,130.74,15.26,8.71,0.0,39.2798,0.4743,39.23,2028,H2,Jul-Dec
Abdul Faseeh,Pakistan,Top Order Batter,25.75,1.0,1,26.0,-0.0047,0,0,10.44,10.6,136.13,0.0,0.0,0.0,31.6261,0.2301,32.15,2028,H2,Jul-Dec
Abdul Faseeh Jr,Pakistan,Top Order Batter,25.75,1.0,1,27.0,1.0261,1,0,55.4,14.37,135.92,0.0,0.0,0.0,32.9943,0.1245,33.33,2028,H2,Jul-Dec
Abdul Samad,Pakistan,Middle Order Batter,26.75,1.0,1,104.0,-0.621,0,1,529.87,31.54,144.36,0.0,0.0,0.0,41.9813,0.8166,42.18,2028,H2,Jul-Dec
Abdullah Fazal,Pakistan,Middle Order Batter,29.75,1.0,1,60.0,0.4397,0,0,278.08,31.58,126.93,0.0,0.0,0.0,37.631,0.7742,37.79,2028,H2,Jul-Dec
Abdullah Shafique,Pakistan,Top Order Batter,28.75,1.0,1,134.0,-2.3273,0,1,674.71,38.38,141.22,0.0,0.0,0.0,44.0832,0.9062,44.17,2028,H2,Jul-Dec
Abrar Ahmed,Pakistan,Spin Bowler,29.75,1.0,1,114.0,-5.5395,0,1,93.1,16.49,122.11,23.17,7.92,0.0,44.3121,0.8921,44.28,2028,H2,Jul-Dec
Ahmed Daniyal,Pakistan,Pace Bowler,31.75,1.0,1,76.0,-1.319,0,1,92.22,17.01,141.51,18.73,8.5,0.0,45.9837,0.5222,45.97,2028,H2,Jul-Dec
Akif Javed,Pakistan,Pace Bowler,33.75,1.0,1,93.0,-2.4335,0,1,69.96,14.47,126.19,19.98,9.31,0.0,42.4081,0.32,42.44,2028,H2,Jul-Dec
Ali Raza,Pakistan,Pace Bowler,22.75,1.0,1,49.0,1.9702,1,0,142.67,23.76,171.34,37.52,7.14,0.0,65.0302,0.9071,67.3,2028,H2,Jul-Dec
Ali Usman,Pakistan,Spin Bowler,37.75,0.25,1,71.2,-2.4045,0,1,27.63,11.23,107.83,8.68,8.37,0.0,31.4858,0.033,31.7,2028,H2,Jul-Dec
Arafat Minhas,Pakistan,Bowling All-Rounder,24.75,1.0,1,68.0,0.7105,1,0,389.43,37.0,164.44,18.9,7.03,0.0,58.8451,0.0367,57.8,2028,H2,Jul-Dec
Asif Afridi,Pakistan,Spin Bowler,41.75,0.0,0,74.0,-3.7192,0,1,11.84,9.81,102.43,4.98,8.35,0.0,27.8545,0.0777,28.36,2028,H2,Jul-Dec
Awais Zafar,Pakistan,Middle Order Batter,33.75,1.0,1,83.0,-0.1196,0,0,314.07,30.35,133.97,0.0,0.0,0.0,38.7794,0.5297,38.89,2028,H2,Jul-Dec
Azam Khan,Pakistan,Middle Order Batter,29.75,1.0,1,127.0,-1.3978,0,1,633.56,31.04,160.71,0.0,0.0,0.0,45.5068,0.8245,45.55,2028,H2,Jul-Dec
Azan Awais,Pakistan,Top Order Batter,24.75,1.0,1,56.0,1.4657,1,0,406.03,43.62,143.89,0.0,0.0,0.0,45.6011,0.8902,45.71,2028,H2,Jul-Dec
Babar Azam,Pakistan,Top Order Batter,33.75,1.0,1,317.0,-4.002,0,1,1093.96,42.22,125.3,0.0,0.0,0.0,43.3512,0.9478,43.52,2028,H2,Jul-Dec
Faheem Ashraf,Pakistan,Bowling All-Rounder,34.75,0.75,1,170.0,-5.63,0,1,367.38,24.9,130.36,21.4,9.08,0.0,48.501,0.0065,46.27,2028,H2,Jul-Dec
Faisal Akram,Pakistan,Spin Bowler,25.75,1.0,1,67.0,-0.8802,0,1,61.23,13.17,136.62,21.77,7.03,0.0,45.5776,0.587,45.56,2028,H2,Jul-Dec
Fakhar Zaman,Pakistan,Top Order Batter,38.75,0.0,0,250.0,-3.7993,0,1,284.81,31.59,138.4,0.0,0.0,0.0,40.0277,0.0355,40.56,2028,H2,Jul-Dec
Ghazi Ghori,Pakistan,Wicketkeeper,24.75,1.0,1,51.0,1.5715,1,0,302.8,40.16,152.25,0.0,0.0,0.0,45.8487,0.7198,46.0,2028,H2,Jul-Dec
Haris Rauf,Pakistan,Pace Bowler,34.75,0.625,1,189.0,-5.3646,0,1,57.71,11.85,112.67,25.66,9.65,0.0,41.6861,0.026,40.28,2028,H2,Jul-Dec
Hasan Ali,Pakistan,Pace Bowler,33.75,1.0,1,207.0,-6.3549,0,1,247.67,11.16,125.76,33.82,9.65,0.0,49.1214,0.8476,48.98,2028,H2,Jul-Dec
Haseebullah Khan,Pakistan,Wicketkeeper,24.75,1.0,1,71.0,0.7097,1,0,460.79,36.0,150.24,0.0,0.0,0.0,44.4999,0.7864,44.68,2028,H2,Jul-Dec
Hassan Nawaz,Pakistan,Middle Order Batter,24.75,1.0,1,59.0,2.7233,1,0,673.16,54.87,181.33,0.0,0.0,0.0,57.9598,0.96,57.81,2028,H2,Jul-Dec
Hussain Talat,Pakistan,Batting All-Rounder,32.75,1.0,1,138.0,-2.7353,0,1,510.42,26.74,128.7,11.28,9.02,0.0,43.7786,0.1724,43.83,2028,H2,Jul-Dec
Iftikhar Ahmed,Pakistan,Batting All-Rounder,37.75,0.0,0,220.0,-5.7398,0,1,250.11,30.32,132.39,5.01,8.64,0.0,41.6704,0.0066,42.09,2028,H2,Jul-Dec
Imad Wasim,Pakistan,Bowling All-Rounder,39.75,0.0,0,300.0,-14.1405,0,1,49.3,20.33,116.51,5.05,8.57,0.0,34.434,0.0019,34.47,2028,H2,Jul-Dec
Imam-ul-Haq,Pakistan,Top Order Batter,32.75,1.0,1,165.0,-2.0171,0,1,483.53,36.14,126.71,0.0,0.0,0.0,39.7475,0.7418,39.78,2028,H2,Jul-Dec
Irfan Khan,Pakistan,Top Order Batter,26.75,1.0,1,85.0,1.185,1,0,566.2,42.92,148.0,0.0,0.0,0.0,46.6964,0.9367,46.74,2028,H2,Jul-Dec
Jahandad Khan,Pakistan,Bowling All-Rounder,25.75,1.0,1,64.0,1.3953,1,0,332.15,37.81,156.37,15.23,8.06,0.0,55.0345,0.0129,55.37,2028,H2,Jul-Dec
Kamran Ghulam,Pakistan,Top Order Batter,32.75,1.0,1,113.0,0.1517,0,0,521.61,34.26,130.65,0.0,0.0,0.0,40.0408,0.6102,40.08,2028,H2,Jul-Dec
Kashif Ali,Pakistan,Pace Bowler,26.75,1.0,1,61.0,-0.4077,0,0,109.35,16.7,147.52,17.79,8.06,0.0,46.7631,0.6451,46.68,2028,H2,Jul-Dec
Khawaja Nafay,Pakistan,Wicketkeeper,26.75,1.0,1,73.0,1.7416,1,0,714.42,47.12,168.55,0.0,0.0,0.0,52.8161,0.8576,52.78,2028,H2,Jul-Dec
Khurram Shahzad,Pakistan,Pace Bowler,33.75,1.0,1,89.0,-1.5299,0,1,83.37,13.93,118.34,19.34,9.0,0.0,40.352,0.2398,40.51,2028,H2,Jul-Dec
Khushdil Shah,Pakistan,Batting All-Rounder,33.75,1.0,1,167.0,-4.2287,0,1,742.84,33.21,153.5,19.21,8.3,0.0,56.2069,0.6373,55.87,2028,H2,Jul-Dec
Maaz Sadaqat,Pakistan,Batting All-Rounder,23.75,1.0,1,54.0,2.134,1,0,494.83,50.79,187.14,13.4,6.9,0.0,65.6088,0.9343,67.09,2028,H2,Jul-Dec
Mir Hamza,Pakistan,Pace Bowler,35.75,0.875,1,76.0,-1.4398,0,1,21.77,6.74,97.85,12.47,10.06,0.0,29.6249,0.0275,30.2,2028,H2,Jul-Dec
Mohammad Abbas,Pakistan,Pace Bowler,38.75,0.375,1,57.0,-1.1655,0,1,16.91,6.92,94.22,6.44,9.73,0.0,25.7268,0.016,25.92,2028,H2,Jul-Dec
Mohammad Ali,Pakistan,Pace Bowler,34.75,0.875,1,92.0,-1.8843,0,1,71.22,11.15,123.49,18.9,9.46,0.0,40.1232,0.0821,38.97,2028,H2,Jul-Dec
Mohammad Amir,Pakistan,Pace Bowler,36.75,0.45,1,251.6,-10.3315,0,1,9.65,7.6,105.47,13.22,9.02,0.0,32.0291,0.0199,32.03,2028,H2,Jul-Dec
Mohammad Faiq,Pakistan,Middle Order Batter,25.75,1.0,1,50.0,1.9892,1,0,330.29,37.96,158.48,0.0,0.0,0.0,46.4755,0.6154,46.63,2028,H2,Jul-Dec
Mohammad Haris,Pakistan,Wicketkeeper,27.75,1.0,1,117.0,0.4973,0,0,725.04,34.23,158.67,0.0,0.0,0.0,46.44,0.7626,46.67,2028,H2,Jul-Dec
Mohammad Hasnain,Pakistan,Pace Bowler,28.75,1.0,1,150.0,-3.9654,0,1,64.35,10.18,130.53,30.5,8.79,0.0,47.589,0.5322,47.35,2028,H2,Jul-Dec
Mohammad Huraira,Pakistan,Middle Order Batter,26.75,1.0,1,80.0,1.4568,1,0,641.66,40.08,142.59,0.0,0.0,0.0,44.8427,0.82,44.99,2028,H2,Jul-Dec
Mohammad Nawaz,Pakistan,Bowling All-Rounder,34.75,0.85,1,232.4,-7.9443,0,1,512.4,22.97,123.95,26.52,8.59,0.0,49.8046,0.0068,47.93,2028,H2,Jul-Dec
Mohammad Rizwan,Pakistan,Wicketkeeper,36.75,0.5417,1,251.6667,-3.8979,0,1,622.52,41.64,125.35,0.0,0.0,0.0,41.7465,0.0154,42.19,2028,H2,Jul-Dec
Mohammad Wasim,Pakistan,Pace Bowler,27.75,1.0,1,108.0,-2.8649,0,1,66.42,12.34,132.47,25.63,8.29,0.0,46.21,0.4504,46.2,2028,H2,Jul-Dec
Mubasir Khan,Pakistan,Bowling All-Rounder,26.75,1.0,1,88.0,0.1503,0,0,363.37,32.03,144.56,16.84,8.15,0.0,51.5739,0.006,51.68,2028,H2,Jul-Dec
Naseem Shah,Pakistan,Pace Bowler,25.75,1.0,1,124.0,-3.2703,0,1,66.6,11.69,128.41,29.59,7.97,0.0,47.3521,0.5853,47.35,2028,H2,Jul-Dec
Noman Ali,Pakistan,Spin Bowler,42.75,0.0,0,45.0,-0.9245,0,1,7.15,6.69,89.46,4.26,7.5,0.0,23.9142,0.0981,24.06,2028,H2,Jul-Dec
Omair Yousuf,Pakistan,Top Order Batter,30.75,1.0,1,90.0,0.3171,0,0,511.11,34.93,140.54,0.0,0.0,0.0,42.2822,0.8263,42.49,2028,H2,Jul-Dec
Qasim Akram,Pakistan,Batting All-Rounder,25.75,1.0,1,95.0,0.4116,0,0,251.21,27.99,144.93,11.47,7.84,0.0,47.1286,0.6655,47.19,2028,H2,Jul-Dec
Saad Masood,Pakistan,Top Order Batter,26.75,1.0,1,51.0,2.1277,1,0,374.74,42.79,151.89,0.0,0.0,0.0,46.8811,0.9145,47.04,2028,H2,Jul-Dec
Sahibzada Farhan,Pakistan,Wicketkeeper,32.75,1.0,1,194.0,-0.6465,0,1,1066.2,39.62,144.26,0.0,0.0,0.0,46.3101,0.7238,46.39,2028,H2,Jul-Dec
Saim Ayub,Pakistan,Batting All-Rounder,26.75,1.0,1,125.0,-1.6086,0,1,960.31,39.41,162.73,17.19,7.72,0.0,59.9174,0.8438,59.56,2028,H2,Jul-Dec
Sajid Khan,Pakistan,Spin Bowler,35.75,0.5625,1,84.0,-2.5628,0,1,44.61,11.18,112.04,15.06,7.94,0.0,35.9183,0.062,35.1,2028,H2,Jul-Dec
Salman Ali Agha,Pakistan,Batting All-Rounder,34.75,0.85,1,172.4,-5.2223,0,1,1139.99,36.9,137.7,13.55,8.04,0.0,52.3958,0.5749,49.64,2028,H2,Jul-Dec
Salman Mirza,Pakistan,Pace Bowler,31.75,1.0,1,65.0,-0.3366,0,0,79.68,11.85,131.98,19.19,9.0,0.0,42.3781,0.213,42.35,2028,H2,Jul-Dec
Sarfaraz Ahmed,Pakistan,Wicketkeeper,41.75,0.0,0,270.0,-3.4778,0,1,7.8,16.52,112.3,0.0,0.0,0.0,28.6922,0.0068,29.52,2028,H2,Jul-Dec
Saud Shakeel,Pakistan,Top Order Batter,33.75,1.0,1,116.0,0.0249,0,0,516.32,32.57,124.76,0.0,0.0,0.0,38.2341,0.5806,38.31,2028,H2,Jul-Dec
Shadab Khan,Pakistan,Bowling All-Rounder,30.75,1.0,1,242.0,-9.2801,0,1,839.5,29.1,146.78,37.24,7.9,0.0,63.5039,0.0171,63.39,2028,H2,Jul-Dec
Shaheen Afridi,Pakistan,Pace Bowler,28.75,1.0,1,197.0,-6.3658,0,1,83.77,12.44,127.74,47.85,7.7,0.0,57.4055,0.9224,57.74,2028,H2,Jul-Dec
Shahzaib Khan,Pakistan,Top Order Batter,26.75,1.0,1,54.0,1.912,1,0,321.4,37.85,151.8,0.0,0.0,0.0,45.0295,0.7784,45.2,2028,H2,Jul-Dec
Shamyl Hussain,Pakistan,Middle Order Batter,23.75,1.0,1,53.0,2.6612,1,0,524.13,54.01,189.27,0.0,0.0,0.0,58.8629,0.9454,57.87,2028,H2,Jul-Dec
Shan Masood,Pakistan,Top Order Batter,38.75,0.0,0,111.0,-1.0017,0,1,118.69,25.72,124.05,0.0,0.0,0.0,34.5715,0.0159,35.31,2028,H2,Jul-Dec
Sufiyan Muqeem,Pakistan,Spin Bowler,27.75,1.0,1,76.0,-0.0545,0,0,121.47,18.21,150.41,33.52,7.02,0.0,56.6412,0.9264,56.44,2028,H2,Jul-Dec
Tayyab Tahir,Pakistan,Top Order Batter,34.75,1.0,1,131.0,0.0052,0,0,692.55,34.39,138.07,0.23,8.5,0.0,43.0121,0.4231,43.2,2028,H2,Jul-Dec
Ubaid Shah,Pakistan,Pace Bowler,23.75,1.0,1,56.0,0.4997,0,0,107.01,15.04,168.75,29.49,6.96,0.0,57.1694,0.865,56.76,2028,H2,Jul-Dec
Usama Mir,Pakistan,Spin Bowler,32.75,1.0,1,104.0,-2.3497,0,1,151.13,20.08,140.7,24.89,7.58,0.0,50.5572,0.8815,50.29,2028,H2,Jul-Dec
Usman Khan,Pakistan,Wicketkeeper,32.75,1.0,1,147.0,-1.0472,0,1,683.16,33.04,147.54,0.0,0.0,0.0,43.6083,0.4775,43.82,2028,H2,Jul-Dec
Usman Tariq,Pakistan,Spin Bowler,29.75,1.0,1,68.0,0.3567,0,0,114.61,17.24,145.46,30.85,7.28,0.0,53.7567,0.9523,53.65,2028,H2,Jul-Dec
Yasir Khan,Pakistan,Middle Order Batter,25.75,1.0,1,60.0,1.9169,1,0,466.56,43.53,163.19,0.0,0.0,0.0,49.7458,0.8459,49.93,2028,H2,Jul-Dec
Zahid Mahmood,Pakistan,Pace Bowler,40.75,0.0357,1,69.5714,-2.0237,0,1,13.57,9.4,108.71,5.23,10.02,0.0,28.8594,0.0136,29.37,2028,H2,Jul-Dec
Zaman Khan,Pakistan,Pace Bowler,26.75,1.0,1,93.0,-1.551,0,1,92.36,14.21,147.98,31.23,8.04,0.0,53.1976,0.3467,53.1,2028,H2,Jul-Dec
Aiden Markram,South Africa,Top Order Batter,33.75,1.0,1,212.0,-4.6359,0,1,856.61,34.08,133.49,14.86,8.58,0.0,50.306,0.7741,50.3,2028,H2,Jul-Dec
Alfred Mothoa,South Africa,Pace Bowler,26.75,1.0,1,49.0,1.813,1,0,95.53,15.09,152.47,28.05,7.62,0.0,52.825,0.5008,52.69,2028,H2,Jul-Dec
Andile Phehlukwayo,South Africa,Bowling All-Rounder,32.75,1.0,1,187.0,-5.8101,0,1,435.21,24.07,137.17,27.79,8.87,0.0,53.3086,0.0093,53.32,2028,H2,Jul-Dec
Andile Simelane,South Africa,Bowling All-Rounder,24.75,1.0,1,65.0,0.5069,1,0,267.31,31.3,178.19,19.48,7.19,0.0,59.6578,0.0517,59.57,2028,H2,Jul-Dec
Anrich Nortje,South Africa,Pace Bowler,34.75,0.85,1,133.4,-3.3832,0,1,32.71,10.91,118.73,27.91,8.84,0.0,43.8971,0.1445,43.44,2028,H2,Jul-Dec
Beyers Swanepoel,South Africa,Pace Bowler,27.75,1.0,1,61.0,1.1181,1,0,133.16,17.12,150.29,29.77,8.03,0.0,54.0005,0.6456,53.96,2028,H2,Jul-Dec
Bjorn Fortuin,South Africa,Spin Bowler,33.75,1.0,1,134.0,-3.8407,0,1,79.76,11.79,118.18,28.97,8.0,0.0,44.9686,0.7289,45.05,2028,H2,Jul-Dec
Clyde Fortuin,South Africa,Wicketkeeper,32.75,1.0,1,109.0,-0.143,0,0,353.75,28.29,132.54,0.0,0.0,0.0,37.9055,0.2242,37.98,2028,H2,Jul-Dec
Codi Yusuf,South Africa,Pace Bowler,26.75,1.0,1,58.0,0.9504,1,0,81.79,13.68,149.36,27.41,7.66,0.0,51.3085,0.6159,51.28,2028,H2,Jul-Dec
Connor Esterhuizen,South Africa,Wicketkeeper,23.75,1.0,1,50.0,4.7417,1,0,642.41,61.08,202.58,0.0,0.0,0.0,64.3661,0.5838,67.54,2028,H2,Jul-Dec
Corbin Bosch,South Africa,Bowling All-Rounder,33.75,1.0,1,120.0,-0.3171,0,0,792.54,39.68,161.14,23.89,8.11,0.0,62.6865,0.0084,62.19,2028,H2,Jul-Dec
Dane Paterson,South Africa,Pace Bowler,37.75,0.0,0,98.0,-3.2199,0,1,10.78,8.16,114.17,7.79,8.85,0.0,31.1329,0.0246,31.7,2028,H2,Jul-Dec
Dane Piedt,South Africa,Spin Bowler,38.75,0.0,0,72.0,-2.2129,0,1,14.38,9.57,113.0,6.87,8.09,0.0,31.0412,0.1092,31.7,2028,H2,Jul-Dec
Daniel Smith,South Africa,Wicketkeeper,27.75,1.0,1,67.0,3.2974,1,0,559.1,48.69,170.11,0.0,0.0,0.0,53.2029,0.2994,53.18,2028,H2,Jul-Dec
David Bedingham,South Africa,Middle Order Batter,34.75,1.0,1,97.0,0.8091,1,0,517.75,36.5,141.31,0.0,0.0,0.0,42.993,0.6789,43.2,2028,H2,Jul-Dec
David Miller,South Africa,Middle Order Batter,39.75,0.0,0,275.0,-5.4725,0,1,142.79,31.69,136.71,0.0,0.0,0.0,39.2845,0.0335,39.89,2028,H2,Jul-Dec
Dayyaan Galiem,South Africa,Bowling All-Rounder,30.75,1.0,1,77.0,-0.3724,0,0,324.95,26.84,140.9,13.74,8.5,0.0,47.2019,0.0053,47.16,2028,H2,Jul-Dec
Delano Potgieter,South Africa,Bowling All-Rounder,31.75,1.0,1,80.0,0.8641,1,0,467.02,35.74,163.12,23.17,8.12,0.0,60.3932,0.0115,59.54,2028,H2,Jul-Dec
Dewald Brevis,South Africa,Middle Order Batter,25.75,1.0,1,127.0,3.1095,1,0,1489.19,49.47,175.49,10.35,8.59,0.0,63.6818,0.9065,63.34,2028,H2,Jul-Dec
Dian Forrester,South Africa,Batting All-Rounder,28.75,1.0,1,53.0,4.222,1,0,837.22,46.58,159.98,11.38,7.65,0.0,58.298,0.8551,57.8,2028,H2,Jul-Dec
Donovan Ferreira,South Africa,Batting All-Rounder,30.75,1.0,1,115.0,-0.8932,0,1,767.74,39.55,177.61,16.62,8.0,0.0,62.0902,0.7253,61.86,2028,H2,Jul-Dec
Eathan Bosch,South Africa,Pace Bowler,30.75,1.0,1,98.0,-2.1321,0,1,76.33,12.5,146.53,27.65,7.75,0.0,50.4137,0.6075,50.29,2028,H2,Jul-Dec
Gavin Kaplan,South Africa,Middle Order Batter,25.75,1.0,1,56.0,4.2073,1,0,668.82,54.61,190.46,0.0,0.0,0.0,59.7476,0.922,59.64,2028,H2,Jul-Dec
George Linde,South Africa,Bowling All-Rounder,36.75,0.0833,1,128.3333,-4.6307,0,1,138.54,25.14,138.0,12.45,7.61,0.0,44.975,0.0039,44.19,2028,H2,Jul-Dec
Gerald Coetzee,South Africa,Pace Bowler,27.75,1.0,1,104.0,-1.4403,0,1,61.34,11.9,137.07,34.99,8.46,0.0,51.996,0.5378,52.01,2028,H2,Jul-Dec
Gideon Peters,South Africa,Pace Bowler,26.75,1.0,1,56.0,1.223,1,0,94.17,13.28,143.81,27.38,8.24,0.0,49.91,0.4421,49.76,2028,H2,Jul-Dec
Heinrich Klaasen,South Africa,Wicketkeeper,37.75,0.0,0,225.0,-3.319,0,1,284.54,43.82,174.59,0.0,0.0,0.0,51.6548,0.0796,47.48,2028,H2,Jul-Dec
Jason Smith,South Africa,Batting All-Rounder,33.75,1.0,1,100.0,0.5575,1,0,495.0,37.09,143.05,14.47,9.03,0.0,51.9191,0.5875,52.07,2028,H2,Jul-Dec
Jordan Hermann,South Africa,Top Order Batter,26.75,1.0,1,65.0,4.3332,1,0,775.15,61.26,188.96,0.0,0.0,0.0,62.0086,0.9651,62.06,2028,H2,Jul-Dec
Junaid Dawood,South Africa,Spin Bowler,26.75,1.0,1,51.0,1.4422,1,0,94.67,15.47,152.51,27.95,7.23,0.0,53.0103,0.8661,53.1,2028,H2,Jul-Dec
Junior Dala,South Africa,Pace Bowler,38.75,0.0,0,95.0,-3.7511,0,1,11.85,9.83,119.91,6.13,9.72,0.0,31.8466,0.029,32.09,2028,H2,Jul-Dec
Kagiso Rabada,South Africa,Pace Bowler,33.75,1.0,1,217.0,-6.8845,0,1,64.71,10.45,128.76,48.5,8.21,0.0,57.1157,0.7518,56.73,2028,H2,Jul-Dec
Keshav Maharaj,South Africa,Spin Bowler,38.75,0.0,0,152.0,-5.6275,0,1,50.8,17.32,124.27,10.96,7.58,0.0,38.4292,0.1992,37.37,2028,H2,Jul-Dec
Kwena Maphaka,South Africa,Pace Bowler,22.75,1.0,1,76.0,0.5585,1,0,148.25,20.89,168.27,37.38,7.29,0.0,63.3223,0.9203,62.41,2028,H2,Jul-Dec
Kyle Simmonds,South Africa,Spin Bowler,29.75,1.0,1,70.0,0.0644,0,0,134.85,17.25,151.37,32.94,6.83,0.0,56.3017,0.8937,56.43,2028,H2,Jul-Dec
Kyle Verreynne,South Africa,Wicketkeeper,30.75,1.0,1,107.0,0.2038,0,0,470.46,37.51,141.73,0.0,0.0,0.0,43.2795,0.3678,43.4,2028,H2,Jul-Dec
Lesego Senokwane,South Africa,Top Order Batter,29.75,1.0,1,70.0,1.9391,1,0,472.27,42.02,160.42,0.0,0.0,0.0,48.6787,0.8633,48.62,2028,H2,Jul-Dec
Lesiba Ngoepe,South Africa,Top Order Batter,32.75,1.0,1,70.0,1.363,1,0,326.17,30.66,134.44,0.0,0.0,0.0,39.018,0.4289,39.06,2028,H2,Jul-Dec
Lhuan-dre Pretorius,South Africa,Wicketkeeper,22.75,1.0,1,69.0,5.6486,1,0,1116.34,57.04,200.48,0.0,0.0,0.0,63.9901,0.9031,67.57,2028,H2,Jul-Dec
Lizaad Williams,South Africa,Pace Bowler,34.75,0.85,1,109.4,-2.386,0,1,38.69,9.49,121.94,24.74,8.71,0.0,42.4184,0.0875,42.53,2028,H2,Jul-Dec
Lungi Ngidi,South Africa,Pace Bowler,32.75,1.0,1,159.0,-3.4826,0,1,70.39,12.19,120.02,39.74,9.03,0.0,51.0384,0.6286,51.05,2028,H2,Jul-Dec
Lutho Sipamla,South Africa,Pace Bowler,30.75,1.0,1,101.0,-1.9532,0,1,53.11,12.21,132.72,24.99,8.26,0.0,45.8399,0.3499,45.8,2028,H2,Jul-Dec
Marco Jansen,South Africa,Bowling All-Rounder,28.75,1.0,1,154.0,-4.419,0,1,506.86,34.59,160.0,36.97,7.64,0.0,67.0152,0.017,67.1,2028,H2,Jul-Dec
Matthew Boast,South Africa,Pace Bowler,27.75,1.0,1,53.0,1.1296,1,0,89.43,13.84,143.45,25.23,7.98,0.0,48.9129,0.4304,48.83,2028,H2,Jul-Dec
Matthew Breetzke,South Africa,Top Order Batter,29.75,1.0,1,124.0,1.4141,1,0,771.22,41.73,156.89,0.0,0.0,0.0,48.7498,0.9031,48.72,2028,H2,Jul-Dec
Meeka-eel Prince,South Africa,Wicketkeeper,23.75,1.0,1,60.0,3.4728,1,0,504.16,54.61,192.03,0.0,0.0,0.0,59.5769,0.4639,59.75,2028,H2,Jul-Dec
Mihlali Mpongwana,South Africa,Pace Bowler,28.75,1.0,1,74.0,-0.2137,0,0,77.62,14.06,150.76,30.4,7.69,0.0,53.3149,0.6837,53.31,2028,H2,Jul-Dec
Nandre Burger,South Africa,Pace Bowler,33.75,1.0,1,85.0,-0.4825,0,0,53.2,12.24,124.43,27.54,9.21,0.0,45.3221,0.4008,45.22,2028,H2,Jul-Dec
Nqaba Peter,South Africa,Spin Bowler,27.75,1.0,1,73.0,0.7718,1,0,128.22,18.68,151.38,35.92,7.35,0.0,58.2176,0.9653,57.78,2028,H2,Jul-Dec
Nqobani Mokoena,South Africa,Pace Bowler,22.75,1.0,1,51.0,5.4474,1,0,243.68,26.39,156.14,45.7,7.72,0.0,67.3239,0.8863,68.63,2028,H2,Jul-Dec
Ottneil Baartman,South Africa,Pace Bowler,35.75,0.65,1,87.0,-1.7211,0,1,32.99,9.78,115.17,19.16,9.33,0.0,37.9846,0.014,36.76,2028,H2,Jul-Dec
Patrick Kruger,South Africa,Bowling All-Rounder,32.75,1.0,1,90.0,-0.0171,0,0,358.06,30.72,140.13,19.62,9.08,0.0,51.5073,0.0034,51.34,2028,H2,Jul-Dec
Prenelan Subrayen,South Africa,Spin Bowler,34.75,1.0,1,93.0,-1.4844,0,1,156.57,19.52,122.22,31.78,7.9,0.0,50.1874,0.7146,49.76,2028,H2,Jul-Dec
Quinton de Kock,South Africa,Wicketkeeper,35.75,0.125,1,252.0,-4.7413,0,1,153.66,34.2,147.12,0.0,0.0,0.0,42.3207,0.0133,42.76,2028,H2,Jul-Dec
Rassie van der Dussen,South Africa,Middle Order Batter,39.75,0.0,0,190.0,-3.4925,0,1,187.7,40.42,136.19,0.0,0.0,0.0,42.2676,0.0419,42.71,2028,H2,Jul-Dec
Reeza Hendricks,South Africa,Top Order Batter,39.75,0.0,0,184.0,-3.3506,0,1,164.11,29.8,139.13,0.0,0.0,0.0,39.2095,0.0328,39.8,2028,H2,Jul-Dec
Rubin Hermann,South Africa,Wicketkeeper,28.75,1.0,1,83.0,2.9463,1,0,851.34,53.2,170.13,0.0,0.0,0.0,55.6134,0.5533,55.48,2028,H2,Jul-Dec
Ryan Rickelton,South Africa,Wicketkeeper,32.75,1.0,1,143.0,-0.1004,0,0,835.78,44.06,153.79,0.0,0.0,0.0,49.0916,0.6109,49.18,2028,H2,Jul-Dec
Senuran Muthusamy,South Africa,Bowling All-Rounder,33.75,1.0,1,113.0,-1.1974,0,1,362.73,28.31,131.39,21.9,8.73,0.0,50.1888,0.0065,49.89,2028,H2,Jul-Dec
Shaun von Berg,South Africa,Spin Bowler,41.75,0.0,0,87.0,-2.6026,0,1,18.54,13.93,107.64,7.6,8.25,0.0,31.7781,0.0525,32.02,2028,H2,Jul-Dec
Simon Harmer,South Africa,Spin Bowler,39.75,0.0,0,108.0,-3.8085,0,1,47.28,15.97,124.88,10.8,7.25,0.0,38.0905,0.1165,37.16,2028,H2,Jul-Dec
Sinethemba Qeshile,South Africa,Wicketkeeper,28.75,1.0,1,89.0,0.9855,1,0,527.97,40.32,163.38,0.0,0.0,0.0,48.8832,0.7572,49.04,2028,H2,Jul-Dec
Tabraiz Shamsi,South Africa,Spin Bowler,38.75,0.2083,1,188.3333,-6.4223,0,1,43.54,12.39,113.93,21.45,7.98,0.0,40.1433,0.1333,38.97,2028,H2,Jul-Dec
Temba Bavuma,South Africa,Top Order Batter,38.75,0.0625,1,104.0,-0.8742,0,1,100.5,28.0,128.62,0.0,0.0,0.0,36.2342,0.0157,36.37,2028,H2,Jul-Dec
Tony de Zorzi,South Africa,Top Order Batter,31.75,1.0,1,98.0,0.6683,1,0,453.0,34.97,148.58,0.0,0.0,0.0,43.7843,0.8011,43.98,2028,H2,Jul-Dec
Tristan Stubbs,South Africa,Middle Order Batter,27.75,1.0,1,127.0,2.0421,1,0,1166.74,57.38,189.88,9.52,8.05,0.0,68.0356,0.9006,67.35,2028,H2,Jul-Dec
Tshepo Moreki,South Africa,Pace Bowler,33.75,1.0,1,83.0,-1.016,0,1,66.44,11.2,124.39,24.12,9.1,0.0,43.1814,0.1986,43.18,2028,H2,Jul-Dec
Wiaan Mulder,South Africa,Batting All-Rounder,30.75,1.0,1,138.0,-1.8822,0,1,698.71,40.81,165.94,27.2,7.32,0.0,65.757,0.8095,67.04,2028,H2,Jul-Dec
A Dananjaya,Sri Lanka,Spin Bowler,29.75,1.0,1,77.0,0.2211,0,0,121.65,6.62,85.03,23.92,9.22,0.0,33.525,0.2059,32.97,2028,H2,Jul-Dec
Ahan Wickramasinghe,Sri Lanka,Middle Order Batter,26.75,1.0,1,63.0,0.4929,0,0,211.5,23.33,151.9,0.0,0.0,0.0,39.8037,0.8123,39.9,2028,H2,Jul-Dec
Ashian Daniel,Sri Lanka,Spin Bowler,27.75,1.0,1,71.0,-1.5075,0,1,24.08,4.41,142.16,9.11,8.61,0.0,36.4509,0.509,36.52,2028,H2,Jul-Dec
Asitha Fernando,Sri Lanka,Pace Bowler,32.75,1.0,1,71.0,0.1024,0,0,78.11,8.73,58.26,23.92,9.23,0.0,28.568,0.1858,28.74,2028,H2,Jul-Dec
Avishka Fernando,Sri Lanka,Top Order Batter,30.75,1.0,1,62.0,0.4543,0,0,167.39,19.08,149.32,0.0,0.0,0.0,37.6983,0.7646,37.83,2028,H2,Jul-Dec
Bhanuka Rajapaksa,Sri Lanka,Middle Order Batter,36.75,0.7083,1,59.3333,-0.3592,0,0,220.71,19.71,102.23,0.0,0.0,0.0,28.3295,0.0117,29.04,2028,H2,Jul-Dec
Binura Fernando,Sri Lanka,Pace Bowler,33.75,1.0,1,71.0,-0.0578,0,0,147.84,11.04,58.23,23.17,11.27,0.0,28.8603,0.3069,28.99,2028,H2,Jul-Dec
Chamika Karunaratne,Sri Lanka,Bowling All-Rounder,32.75,1.0,1,90.0,-3.4557,0,1,309.18,9.29,120.89,15.12,9.9,0.0,37.5691,0.015,37.62,2028,H2,Jul-Dec
Chamindu Wickramasinghe,Sri Lanka,Bowling All-Rounder,26.75,1.0,1,48.0,-0.0012,0,0,124.4,11.68,166.08,7.1,7.3,0.0,43.3901,0.0097,43.49,2028,H2,Jul-Dec
Chamindu Wijesinghe,Sri Lanka,Batting All-Rounder,26.75,1.0,1,55.0,-0.5596,0,1,77.03,17.28,128.97,5.6,6.86,0.0,36.7888,0.1367,36.84,2028,H2,Jul-Dec
Charith Asalanka,Sri Lanka,Middle Order Batter,31.75,1.0,1,90.0,-0.6559,0,1,666.11,38.53,145.6,0.0,0.0,0.0,45.0143,0.9389,45.2,2028,H2,Jul-Dec
Dasun Shanaka,Sri Lanka,Batting All-Rounder,37.75,0.6071,1,53.1429,-0.6268,0,1,602.6,8.56,106.4,7.23,11.04,0.0,30.809,0.0057,31.39,2028,H2,Jul-Dec
Dhananjaya Lakshan,Sri Lanka,Bowling All-Rounder,30.75,1.0,1,85.0,-2.4328,0,1,234.35,26.73,114.96,17.75,9.64,0.0,43.4762,0.0088,43.37,2028,H2,Jul-Dec
Dhananjaya de Silva,Sri Lanka,Batting All-Rounder,37.75,0.5417,1,56.6667,-1.1941,0,1,271.56,16.09,117.35,6.24,7.61,0.0,34.699,0.0044,34.57,2028,H2,Jul-Dec
Dilshan Madushanka,Sri Lanka,Pace Bowler,27.75,1.0,1,85.0,-0.6967,0,1,115.51,0.91,105.88,25.72,7.93,0.0,37.1162,0.6687,37.12,2028,H2,Jul-Dec
Sachindu Colombage,Sri Lanka,Spin Bowler,27.75,1.0,1,78.0,1.328,1,0,28.7,3.07,128.53,17.3,6.02,0.0,38.3354,0.6432,38.27,2028,H2,Jul-Dec
Dinesh Chandimal,Sri Lanka,Wicketkeeper,38.75,0.4643,1,67.0,1.1167,1,0,409.77,27.46,139.87,0.0,0.0,0.0,39.3096,0.0183,39.88,2028,H2,Jul-Dec
Dulaj Samuditha,Sri Lanka,Bowling All-Rounder,26.75,1.0,1,54.0,-0.9467,0,1,87.98,20.57,102.5,3.44,7.76,0.0,31.0473,0.0018,31.57,2028,H2,Jul-Dec
Dulnith Sigera,Sri Lanka,Batting All-Rounder,21.75,1.0,1,54.0,-1.5247,0,1,100.49,18.83,143.05,5.31,8.52,0.0,39.7211,0.2004,39.78,2028,H2,Jul-Dec
Dunith Wellalage,Sri Lanka,Bowling All-Rounder,25.75,1.0,1,55.0,-1.366,0,1,105.0,7.2,121.5,6.97,6.74,0.0,32.6901,0.0159,32.9,2028,H2,Jul-Dec
Dushan Hemantha,Sri Lanka,Bowling All-Rounder,33.75,1.0,1,70.0,-2.3672,0,1,389.4,15.87,108.15,7.96,9.2,0.0,33.6649,0.0092,33.89,2028,H2,Jul-Dec
Dushmantha Chameera,Sri Lanka,Pace Bowler,36.75,0.875,1,69.0,1.9658,1,0,151.63,13.01,57.87,50.16,11.01,0.0,44.012,0.8913,42.74,2028,H2,Jul-Dec
Eshan Malinga,Sri Lanka,Pace Bowler,26.75,1.0,1,51.0,-1.4532,0,1,43.79,3.11,111.45,2.49,8.24,0.0,26.2329,0.092,27.11,2028,H2,Jul-Dec
Garuka Sanketh,Sri Lanka,Pace Bowler,26.75,1.0,1,49.0,0.3614,0,0,48.78,6.27,120.31,12.98,7.19,0.0,35.0551,0.6546,35.02,2028,H2,Jul-Dec
Isitha Wijesundera,Sri Lanka,Pace Bowler,31.75,1.0,1,49.0,0.192,0,0,53.55,5.3,110.38,0.0,0.0,0.0,24.6341,0.161,25.34,2028,H2,Jul-Dec
Janishka Perera,Sri Lanka,Top Order Batter,27.75,1.0,1,50.0,-0.5993,0,1,116.68,10.76,114.68,0.0,0.0,0.0,27.5622,0.2074,28.41,2028,H2,Jul-Dec
Janith Liyanage,Sri Lanka,Batting All-Rounder,32.75,1.0,1,74.0,-0.1418,0,0,463.72,26.54,117.84,15.09,7.82,0.0,43.6244,0.3731,43.67,2028,H2,Jul-Dec
Jeffrey Vandersay,Sri Lanka,Spin Bowler,38.75,0.0,0,47.0,-0.4163,0,0,13.49,4.85,101.02,5.18,8.65,0.0,25.9346,0.1576,26.69,2028,H2,Jul-Dec
Kamil Mishara,Sri Lanka,Top Order Batter,27.75,1.0,1,72.0,-0.6104,0,1,484.1,33.31,149.6,0.0,0.0,0.0,43.5269,0.9681,43.82,2028,H2,Jul-Dec
Kamindu Mendis,Sri Lanka,Batting All-Rounder,29.75,1.0,1,92.0,0.8297,1,0,590.8,44.26,147.55,41.77,8.53,0.0,70.3455,0.9163,68.24,2028,H2,Jul-Dec
Kasun Rajitha,Sri Lanka,Pace Bowler,35.75,0.875,1,65.0,0.8787,1,0,104.16,12.12,73.54,16.99,8.22,0.0,29.425,0.0514,30.0,2028,H2,Jul-Dec
Kavija Gamage,Sri Lanka,Spin Bowler,21.75,1.0,1,77.0,-0.5785,0,1,63.8,10.78,127.9,16.66,7.28,0.0,40.1514,0.8629,40.19,2028,H2,Jul-Dec
Keshara Nuwantha,Sri Lanka,Bowling All-Rounder,26.75,1.0,1,56.0,0.5893,1,0,174.27,19.39,156.0,0.0,0.0,0.0,39.206,0.0219,39.34,2028,H2,Jul-Dec
Kusal Mendis,Sri Lanka,Wicketkeeper,33.75,1.0,1,128.0,-7.5955,0,1,308.54,30.28,120.91,0.0,0.0,0.0,36.037,0.7006,36.25,2028,H2,Jul-Dec
Kusal Perera,Sri Lanka,Wicketkeeper,38.75,0.05,0,64.8,-1.5804,0,1,141.17,17.34,147.5,0.0,0.0,0.0,36.6538,0.0122,36.78,2028,H2,Jul-Dec
Lahiru Kumara,Sri Lanka,Pace Bowler,31.75,1.0,1,72.0,-0.5065,0,1,151.35,11.22,133.69,4.72,7.43,0.0,35.2986,0.4058,35.39,2028,H2,Jul-Dec
Lahiru Udara,Sri Lanka,Top Order Batter,34.75,1.0,1,82.0,-1.3091,0,1,349.66,24.58,133.47,0.0,0.0,0.0,36.8296,0.1647,36.95,2028,H2,Jul-Dec
Lasith Croospulle,Sri Lanka,Top Order Batter,29.75,1.0,1,87.0,-0.4165,0,0,180.49,16.79,162.13,0.0,0.0,0.0,39.6127,0.7287,39.74,2028,H2,Jul-Dec
M Shiraz,Sri Lanka,Pace Bowler,33.75,1.0,1,74.0,-0.5763,0,1,17.1,8.29,106.86,9.75,7.56,0.0,31.023,0.2487,31.3,2028,H2,Jul-Dec
Maheesh Theekshana,Sri Lanka,Spin Bowler,27.75,1.0,1,80.0,-1.1885,0,1,185.91,4.88,115.38,19.5,11.05,0.0,36.7655,0.9063,36.82,2028,H2,Jul-Dec
Mateesha Pathirana,Sri Lanka,Pace Bowler,25.75,1.0,1,49.0,-0.4757,0,0,23.47,11.78,121.65,5.18,8.33,0.0,32.6447,0.2523,32.93,2028,H2,Jul-Dec
Milan Rathnayake,Sri Lanka,Bowling All-Rounder,31.75,1.0,1,90.0,-2.0313,0,1,553.52,17.28,142.56,14.47,10.71,0.0,45.0302,0.011,45.05,2028,H2,Jul-Dec
Nipun Dhananjaya,Sri Lanka,Middle Order Batter,27.75,1.0,1,90.0,0.4466,0,0,332.76,35.38,142.53,0.0,0.0,0.0,42.3095,0.8686,42.49,2028,H2,Jul-Dec
Niroshan Dickwella,Sri Lanka,Wicketkeeper,35.75,0.5625,1,82.0,-1.8595,0,1,174.1,31.4,120.99,0.0,0.0,0.0,36.0282,0.006,36.17,2028,H2,Jul-Dec
Nishan Madushka,Sri Lanka,Wicketkeeper,28.75,1.0,1,79.0,-1.1655,0,1,331.82,13.25,132.53,0.0,0.0,0.0,32.7456,0.1319,33.04,2028,H2,Jul-Dec
Nishan Peiris,Sri Lanka,Pace Bowler,28.75,1.0,1,82.0,-0.4704,0,0,115.48,8.78,60.22,0.0,0.0,0.0,15.6208,0.0485,16.48,2028,H2,Jul-Dec
Nuwan Thushara,Sri Lanka,Pace Bowler,32.75,1.0,1,84.0,-1.8645,0,1,38.07,1.51,105.1,19.72,9.61,0.0,33.3717,0.1074,33.4,2028,H2,Jul-Dec
Nuwanidu Fernando,Sri Lanka,Top Order Batter,29.75,1.0,1,74.0,0.0617,0,0,253.97,12.62,125.56,20.03,10.63,0.0,42.0348,0.8106,42.06,2028,H2,Jul-Dec
Oshada Fernando,Sri Lanka,Top Order Batter,36.75,0.4167,1,63.6667,-0.9261,0,1,207.01,14.59,115.07,0.0,0.0,0.0,29.2113,0.019,30.07,2028,H2,Jul-Dec
Pasindu Sooriyabandara,Sri Lanka,Top Order Batter,25.75,1.0,1,56.0,0.4625,0,0,49.32,25.15,152.31,0.0,0.0,0.0,40.0166,0.8154,40.1,2028,H2,Jul-Dec
Pathum Nissanka,Sri Lanka,Top Order Batter,30.75,1.0,1,125.0,-4.3377,0,1,667.65,53.31,150.52,0.0,0.0,0.0,51.0407,0.9854,51.05,2028,H2,Jul-Dec
Pavan Rathnayake,Sri Lanka,Middle Order Batter,26.75,1.0,1,123.0,0.2704,0,0,328.75,11.58,120.19,0.0,0.0,0.0,29.618,0.321,30.32,2028,H2,Jul-Dec
Pramod Madushan,Sri Lanka,Pace Bowler,31.75,1.0,1,59.0,0.6265,1,0,27.11,6.63,66.38,23.01,7.07,0.0,29.3837,0.3049,29.31,2028,H2,Jul-Dec
Ramesh Mendis,Sri Lanka,Bowling All-Rounder,33.75,1.0,1,75.0,-1.052,0,1,442.04,20.95,108.23,8.88,8.77,0.0,36.1334,0.0088,36.22,2028,H2,Jul-Dec
Ravindu Fernando,Sri Lanka,Batting All-Rounder,26.75,1.0,1,53.0,-0.3921,0,0,135.91,16.25,118.0,6.49,8.05,0.0,34.5076,0.0286,34.61,2028,H2,Jul-Dec
Ravindu Rasantha,Sri Lanka,Top Order Batter,27.75,1.0,1,87.0,-0.12,0,0,485.31,14.19,137.5,0.0,0.0,0.0,34.554,0.5842,34.71,2028,H2,Jul-Dec
Sadeera Samarawickrama,Sri Lanka,Wicketkeeper,31.75,1.0,1,95.0,-1.6624,0,1,418.12,27.2,102.0,0.0,0.0,0.0,31.4117,0.0884,31.99,2028,H2,Jul-Dec
Sahan Kosala,Sri Lanka,Middle Order Batter,27.75,1.0,1,90.0,-0.9011,0,1,462.35,18.61,109.14,0.0,0.0,0.0,30.1139,0.3701,30.72,2028,H2,Jul-Dec
Sohan de Livera,Sri Lanka,Top Order Batter,28.75,1.0,1,52.0,0.0305,0,0,185.53,15.38,137.19,0.0,0.0,0.0,33.9906,0.2679,34.23,2028,H2,Jul-Dec
Sonal Dinusha,Sri Lanka,Batting All-Rounder,27.75,1.0,1,72.0,-3.5342,0,1,334.15,13.68,129.86,6.73,9.33,0.0,36.5649,0.0539,36.65,2028,H2,Jul-Dec
Tharindu Ratnayake,Sri Lanka,Bowling All-Rounder,32.75,1.0,1,97.0,0.7446,1,0,889.65,30.9,111.23,17.52,7.91,0.0,46.3002,0.5185,46.2,2028,H2,Jul-Dec
Traveen Mathew,Sri Lanka,Spin Bowler,27.75,1.0,1,68.0,-0.3721,0,0,47.28,0.29,57.01,32.76,6.48,0.0,30.7941,0.6777,30.43,2028,H2,Jul-Dec
V Viyaskanth,Sri Lanka,Spin Bowler,27.75,1.0,1,69.0,0.3392,0,0,31.93,7.41,74.17,38.55,7.03,0.0,39.6443,0.7299,39.78,2028,H2,Jul-Dec
Vigneshwaran Akash,Sri Lanka,Spin Bowler,21.75,1.0,1,50.0,0.0297,0,0,57.14,13.96,115.66,12.55,8.52,0.0,36.1693,0.3565,36.21,2028,H2,Jul-Dec
Senith Jayawardena,Sri Lanka,Top Order Batter,31.75,1.0,1,76.0,1.8496,1,0,570.58,40.49,136.26,0.0,0.0,0.0,43.458,0.8654,43.52,2028,H2,Jul-Dec
Vimath Dinsara,Sri Lanka,Top Order Batter,22.75,1.0,1,62.0,-0.6986,0,1,65.15,19.71,119.59,0.0,0.0,0.0,31.453,0.1916,32.12,2028,H2,Jul-Dec
Vishad Randika,Sri Lanka,Top Order Batter,31.75,1.0,1,76.0,1.8496,1,0,570.58,40.49,136.26,0.0,0.0,0.0,43.458,0.8654,43.52,2028,H2,Jul-Dec
Vishen Halambage,Sri Lanka,Top Order Batter,23.75,1.0,1,56.0,-0.0245,0,0,127.53,20.67,139.19,0.0,0.0,0.0,36.0208,0.4821,36.19,2028,H2,Jul-Dec
Vishwa Fernando,Sri Lanka,Pace Bowler,36.75,0.5625,1,57.0,-0.4102,0,0,68.7,7.55,51.86,10.95,8.81,0.0,19.9164,0.0158,20.18,2028,H2,Jul-Dec
Wanindu Hasaranga,Sri Lanka,Bowling All-Rounder,31.75,1.0,1,112.0,0.6604,1,0,1210.13,48.59,120.24,26.36,8.61,0.0,59.7204,0.9195,59.52,2028,H2,Jul-Dec
A Phillip,West Indies,Top Order Batter,27.75,1.0,1,53.0,1.7336,1,0,352.78,41.27,166.68,0.0,0.0,0.0,49.3603,0.8223,49.33,2028,H2,Jul-Dec
Ackeem Auguste,West Indies,Middle Order Batter,25.75,1.0,1,71.0,3.2035,1,0,613.14,51.4,171.21,0.0,0.0,0.0,54.5106,0.8869,54.35,2028,H2,Jul-Dec
Akeal Hosein,West Indies,Spin Bowler,35.75,0.4167,1,198.6667,-5.6308,0,1,111.62,21.05,126.82,26.49,7.35,0.0,48.8166,0.43,45.64,2028,H2,Jul-Dec
Alick Athanaze,West Indies,Top Order Batter,29.75,1.0,1,84.0,1.3106,1,0,549.36,37.48,151.37,0.0,0.0,0.0,45.5013,0.7409,45.55,2028,H2,Jul-Dec
Alzarri Joseph,West Indies,Pace Bowler,32.75,1.0,1,192.0,-5.5718,0,1,57.61,9.65,113.63,41.5,9.27,0.0,49.7222,0.7262,49.77,2028,H2,Jul-Dec
Amari Goodridge,West Indies,Pace Bowler,23.75,1.0,1,47.0,4.5821,1,0,142.66,16.33,180.54,42.2,7.08,0.0,66.9529,0.5305,68.77,2028,H2,Jul-Dec
Amir Jangoo,West Indies,Wicketkeeper,31.75,1.0,1,88.0,2.8956,1,0,784.36,50.93,172.72,0.0,0.0,0.0,55.1792,0.5873,55.43,2028,H2,Jul-Dec
Andre Fletcher,West Indies,Wicketkeeper,40.75,0.0,0,260.0,-5.1031,0,1,139.25,26.04,132.65,0.0,0.0,0.0,36.521,0.0057,36.77,2028,H2,Jul-Dec
Brandon King,West Indies,Top Order Batter,33.75,1.0,1,167.0,-2.2666,0,1,643.88,35.06,147.51,0.0,0.0,0.0,44.1678,0.9299,44.29,2028,H2,Jul-Dec
Carlon Tuckett,West Indies,Pace Bowler,24.75,1.0,1,48.0,5.4784,1,0,166.06,18.69,172.78,55.75,7.32,0.0,73.4364,0.656,69.01,2028,H2,Jul-Dec
Evin Lewis,West Indies,Top Order Batter,37.75,0.0625,1,206.0,-3.6268,0,1,247.43,33.52,158.87,0.0,0.0,0.0,44.8037,0.0907,44.6,2028,H2,Jul-Dec
Fabian Allen,West Indies,Bowling All-Rounder,33.75,1.0,1,172.0,-4.9385,0,1,479.5,26.18,159.77,30.19,8.0,0.0,60.3042,0.014,59.53,2028,H2,Jul-Dec
Giovonte Depeiza,West Indies,Top Order Batter,22.75,1.0,1,49.0,3.2421,1,0,423.64,47.51,192.9,0.0,0.0,0.0,57.1109,0.9634,56.91,2028,H2,Jul-Dec
Gudakesh Motie,West Indies,Spin Bowler,32.75,1.0,1,152.0,-3.2721,0,1,110.71,16.73,134.14,41.58,7.24,0.0,57.0127,0.963,56.77,2028,H2,Jul-Dec
Hayden Walsh Jr,West Indies,Spin Bowler,35.75,0.5625,1,120.0,-3.2567,0,1,40.32,12.1,129.93,20.3,7.43,0.0,42.8644,0.0806,41.34,2028,H2,Jul-Dec
Jason Holder,West Indies,Bowling All-Rounder,36.75,0.45,1,244.6,-7.9999,0,1,324.24,25.89,134.72,21.37,9.04,0.0,49.5995,0.0025,46.55,2028,H2,Jul-Dec
Jayden Seales,West Indies,Pace Bowler,26.75,1.0,1,98.0,-0.9554,0,1,63.25,10.76,134.06,36.35,7.85,0.0,51.8604,0.516,52.01,2028,H2,Jul-Dec
Jediah Blades,West Indies,Pace Bowler,23.75,1.0,1,50.0,5.5864,1,0,219.8,26.73,185.54,42.48,7.25,0.0,71.8421,0.9127,69.21,2028,H2,Jul-Dec
Jewel Andrew,West Indies,Wicketkeeper,21.75,1.0,1,53.0,5.436,1,0,805.15,58.65,206.76,0.0,0.0,0.0,64.898,0.8082,67.53,2028,H2,Jul-Dec
Johann Jeremiah,West Indies,Top Order Batter,22.75,1.0,1,44.0,5.1937,1,0,625.66,60.5,202.95,0.0,0.0,0.0,64.1959,0.9688,67.54,2028,H2,Jul-Dec
Johann Layne,West Indies,Pace Bowler,25.75,1.0,1,57.0,6.686,1,0,210.09,20.94,182.24,65.74,7.24,0.0,81.6834,0.9092,69.09,2028,H2,Jul-Dec
John Campbell,West Indies,Top Order Batter,34.75,1.0,1,112.0,-0.4203,0,0,369.91,28.86,129.08,0.0,0.0,0.0,37.4313,0.5618,37.52,2028,H2,Jul-Dec
Johnson Charles,West Indies,Wicketkeeper,39.75,0.0,0,260.0,-5.5181,0,1,174.02,29.17,154.2,0.0,0.0,0.0,42.1439,0.0125,42.66,2028,H2,Jul-Dec
Jomel Warrican,West Indies,Spin Bowler,36.75,0.5417,1,84.6667,-1.6154,0,1,37.5,10.73,125.18,20.05,7.36,0.0,41.2939,0.1876,40.06,2028,H2,Jul-Dec
Joshua Da Silva,West Indies,Wicketkeeper,30.75,1.0,1,95.0,0.6613,1,0,458.92,35.38,151.05,0.0,0.0,0.0,44.4519,0.5796,44.68,2028,H2,Jul-Dec
Justin Greaves,West Indies,Batting All-Rounder,32.75,1.0,1,104.0,0.7026,1,0,621.42,40.67,160.12,17.78,8.2,0.0,58.9893,0.6887,59.55,2028,H2,Jul-Dec
Kavem Hodge,West Indies,Batting All-Rounder,35.75,0.8929,1,93.4286,0.8229,1,0,570.7,37.36,157.94,14.83,8.19,0.0,55.6806,0.4558,52.17,2028,H2,Jul-Dec
Keacy Carty,West Indies,Middle Order Batter,31.75,1.0,1,91.0,2.0741,1,0,675.56,45.05,159.46,0.0,0.0,0.0,50.1177,0.6981,49.93,2028,H2,Jul-Dec
Kelvin Pittman,West Indies,Pace Bowler,21.75,1.0,1,50.0,5.6867,1,0,145.79,16.02,171.11,57.72,7.4,0.0,73.1637,0.7642,68.36,2028,H2,Jul-Dec
Kemar Paul,West Indies,Bowling All-Rounder,29.75,1.0,1,137.0,-2.8838,0,1,397.11,26.67,151.86,26.97,8.22,0.0,56.8042,0.0074,56.81,2028,H2,Jul-Dec
Kemar Roach,West Indies,Pace Bowler,40.75,0.0,0,91.0,-2.1615,0,1,8.87,7.56,103.87,7.42,9.08,0.0,28.5517,0.0223,29.04,2028,H2,Jul-Dec
Kevlon Anderson,West Indies,Top Order Batter,21.75,1.0,1,74.0,2.7518,1,0,603.77,50.87,191.9,0.0,0.0,0.0,58.5836,0.9799,57.92,2028,H2,Jul-Dec
Kirk McKenzie,West Indies,Top Order Batter,27.75,1.0,1,79.0,1.8536,1,0,524.71,37.64,156.76,0.0,0.0,0.0,46.5964,0.7769,46.74,2028,H2,Jul-Dec
Kraigg Brathwaite,West Indies,Top Order Batter,35.75,0.85,1,96.4,-0.4167,0,0,167.19,20.18,105.71,0.0,0.0,0.0,29.0475,0.0254,29.74,2028,H2,Jul-Dec
Kyle Mayers,West Indies,Bowling All-Rounder,35.75,0.5625,1,187.0,-5.3893,0,1,349.68,33.44,152.01,15.66,8.8,0.0,52.7827,0.0096,48.25,2028,H2,Jul-Dec
Marlon Samuels,West Indies,Batting All-Rounder,47.75,0.0,0,315.0,-13.621,0,1,0.0,13.94,96.05,0.0,10.73,0.0,24.8256,0.0016,25.72,2028,H2,Jul-Dec
Matthew Forde,West Indies,Bowling All-Rounder,26.75,1.0,1,84.0,0.9098,1,0,515.29,43.63,180.89,28.11,7.29,0.0,69.7505,0.0305,68.35,2028,H2,Jul-Dec
Mavendra Dindyal,West Indies,Middle Order Batter,26.75,1.0,1,64.0,3.2258,1,0,519.97,43.69,164.96,0.0,0.0,0.0,50.3269,0.7032,50.46,2028,H2,Jul-Dec
Mbeki Joseph,West Indies,Pace Bowler,25.75,1.0,1,51.0,2.3728,1,0,156.53,18.53,167.52,32.27,7.36,0.0,59.6253,0.8234,59.52,2028,H2,Jul-Dec
Mikyle Louis,West Indies,Middle Order Batter,26.75,1.0,1,63.0,3.2497,1,0,603.87,50.48,169.8,0.0,0.0,0.0,53.8795,0.8055,53.96,2028,H2,Jul-Dec
Nathan Edward,West Indies,Pace Bowler,27.75,1.0,1,56.0,1.9326,1,0,154.05,20.48,161.37,32.88,7.56,0.0,59.2805,0.6948,59.52,2028,H2,Jul-Dec
Naveen Bidaisee,West Indies,Middle Order Batter,26.75,1.0,1,54.0,3.2931,1,0,440.27,44.06,160.68,0.0,0.0,0.0,49.3268,0.589,49.27,2028,H2,Jul-Dec
Nicholas Pooran,West Indies,Wicketkeeper,32.75,1.0,1,307.0,-3.6378,0,1,1045.73,37.84,160.94,0.0,0.0,0.0,49.0969,0.7924,49.18,2028,H2,Jul-Dec
Obed McCoy,West Indies,Pace Bowler,31.75,1.0,1,113.0,-1.9366,0,1,55.41,10.71,131.4,32.99,8.54,0.0,49.3101,0.4929,48.98,2028,H2,Jul-Dec
Odean Smith,West Indies,Bowling All-Rounder,32.75,1.0,1,130.0,-3.7938,0,1,312.84,24.72,155.7,26.4,9.41,0.0,56.1508,0.0082,55.87,2028,H2,Jul-Dec
Ramon Simmonds,West Indies,Pace Bowler,25.75,1.0,1,58.0,2.2807,1,0,160.6,18.46,160.17,30.32,8.07,0.0,56.8675,0.4785,56.77,2028,H2,Jul-Dec
Renico Smith,West Indies,Middle Order Batter,26.75,1.0,1,53.0,3.5166,1,0,370.22,40.99,172.7,0.0,0.0,0.0,50.5635,0.7497,50.47,2028,H2,Jul-Dec
Rivaldo Clarke,West Indies,Wicketkeeper,22.75,1.0,1,61.0,3.9494,1,0,710.36,55.89,200.42,0.0,0.0,0.0,62.3666,0.6161,62.06,2028,H2,Jul-Dec
Romario Shepherd,West Indies,Bowling All-Rounder,33.75,1.0,1,186.0,-5.1974,0,1,510.56,29.86,157.94,34.91,9.09,0.0,63.5819,0.0096,63.05,2028,H2,Jul-Dec
Roston Chase,West Indies,Batting All-Rounder,36.75,0.0,0,160.0,-4.3009,0,1,173.08,31.13,127.82,6.69,8.73,0.0,41.6533,0.0074,41.53,2028,H2,Jul-Dec
Rovman Powell,West Indies,Middle Order Batter,34.75,0.8125,1,222.5,-3.0588,0,1,648.09,33.17,156.96,0.0,0.0,0.0,45.4958,0.6084,44.93,2028,H2,Jul-Dec
Shai Hope,West Indies,Wicketkeeper,34.75,0.8929,1,173.4286,-1.5342,0,1,619.84,34.79,133.79,0.0,0.0,0.0,41.1655,0.0976,40.06,2028,H2,Jul-Dec
Shamar Joseph,West Indies,Pace Bowler,28.75,1.0,1,65.0,0.627,1,0,66.53,10.08,140.76,29.47,7.68,0.0,49.3675,0.5216,49.15,2028,H2,Jul-Dec
Shamyl Springer,West Indies,Batting All-Rounder,24.75,1.0,1,67.0,2.7541,1,0,604.72,51.54,178.03,17.3,7.51,0.0,66.2322,0.9096,67.09,2028,H2,Jul-Dec
Shaqkere Parris,West Indies,Middle Order Batter,25.75,1.0,1,57.0,3.5507,1,0,588.79,49.2,177.17,0.0,0.0,0.0,54.9256,0.8951,54.71,2028,H2,Jul-Dec
Sherfane Rutherford,West Indies,Middle Order Batter,30.75,1.0,1,186.0,-1.4096,0,1,684.28,35.72,153.63,0.0,0.0,0.0,45.779,0.7071,45.9,2028,H2,Jul-Dec
Shimron Hetmyer,West Indies,Middle Order Batter,31.75,1.0,1,205.0,-2.5007,0,1,561.83,32.19,148.33,0.0,0.0,0.0,43.1189,0.768,43.34,2028,H2,Jul-Dec
Tagenarine Chanderpaul,West Indies,Middle Order Batter,32.75,1.0,1,64.0,0.597,1,0,111.26,18.42,108.05,0.0,0.0,0.0,28.7675,0.1334,29.48,2028,H2,Jul-Dec
Tevin Imlach,West Indies,Wicketkeeper,31.75,1.0,1,70.0,2.0347,1,0,428.48,36.34,146.87,0.0,0.0,0.0,43.8205,0.3218,43.98,2028,H2,Jul-Dec
Trevon Hinds,West Indies,Top Order Batter,27.75,1.0,1,54.0,3.6106,1,0,454.58,45.11,167.27,0.0,0.0,0.0,51.0888,0.8946,51.07,2028,H2,Jul-Dec
Voight Lawes,West Indies,Pace Bowler,27.75,1.0,1,49.0,2.1935,1,0,115.27,15.21,146.54,25.92,8.15,0.0,50.4263,0.4973,50.29,2028,H2,Jul-Dec
Zishan Motara,West Indies,Pace Bowler,24.75,1.0,1,45.0,5.4592,1,0,151.86,20.52,177.61,44.39,6.67,0.0,69.0993,0.5847,69.0,2028,H2,Jul-Dec
Ainsley Ndlovu,Zimbabwe,Top Order Batter,29.75,1.0,1,60.0,-0.2541,0,0,439.85,23.52,141.02,0.0,0.0,0.0,38.3042,0.8838,38.41,2028,H2,Jul-Dec
Antum Naqvi,Zimbabwe,Batting All-Rounder,20.75,1.0,1,65.0,1.1854,1,0,1028.65,51.99,192.74,17.09,7.38,0.0,70.6254,0.9249,68.26,2028,H2,Jul-Dec
Ben Curran,Zimbabwe,Top Order Batter,32.75,1.0,1,70.0,0.6625,1,0,603.23,35.12,146.38,0.0,0.0,0.0,43.832,0.871,43.98,2028,H2,Jul-Dec
Blessing Muzarabani,Zimbabwe,Pace Bowler,32.75,1.0,1,110.0,-4.3807,0,1,63.84,11.4,116.63,20.12,8.65,0.0,39.569,0.6294,39.5,2028,H2,Jul-Dec
Brad Evans,Zimbabwe,Pace Bowler,31.75,1.0,1,84.0,-3.3226,0,1,309.7,20.67,148.88,16.85,8.82,0.0,48.3277,0.9394,48.29,2028,H2,Jul-Dec
Brandon Mavuta,Zimbabwe,Spin Bowler,31.75,1.0,1,71.0,-1.9702,0,1,173.95,14.09,123.25,15.07,8.34,0.0,39.528,0.75,39.51,2028,H2,Jul-Dec
Brendan Taylor,Zimbabwe,Wicketkeeper,42.75,0.0,0,92.0,-3.3095,0,1,0.0,13.52,99.69,0.0,0.0,0.0,25.0441,0.0161,26.25,2028,H2,Jul-Dec
Brian Bennett,Zimbabwe,Batting All-Rounder,24.75,1.0,1,83.0,0.0177,0,0,1042.2,39.69,169.81,22.85,7.82,0.0,64.7432,0.6307,67.06,2028,H2,Jul-Dec
Brian Mudzinganyama,Zimbabwe,Middle Order Batter,27.75,1.0,1,56.0,1.1695,1,0,379.73,27.06,150.04,0.0,0.0,0.0,41.1879,0.7646,41.22,2028,H2,Jul-Dec
Charlton Tshuma,Zimbabwe,Pace Bowler,28.75,1.0,1,43.0,-0.0503,0,0,23.63,5.54,102.25,12.43,8.24,0.0,30.4378,0.0982,30.83,2028,H2,Jul-Dec
Clive Chitumba,Zimbabwe,Wicketkeeper,29.75,1.0,1,44.0,1.1621,1,0,248.94,28.04,142.26,0.0,0.0,0.0,39.5165,0.2961,39.61,2028,H2,Jul-Dec
Clive Madande,Zimbabwe,Wicketkeeper,27.75,1.0,1,86.0,0.3928,0,0,839.15,34.38,163.42,0.0,0.0,0.0,47.8169,0.854,47.78,2028,H2,Jul-Dec
Craig Ervine,Zimbabwe,Middle Order Batter,42.75,0.0,0,69.0,-1.6218,0,1,19.13,20.63,106.02,0.0,0.0,0.0,28.8184,0.03,29.49,2028,H2,Jul-Dec
Dion Myers,Zimbabwe,Batting All-Rounder,26.75,1.0,1,80.0,0.5765,1,0,760.15,38.94,169.42,20.54,7.51,0.0,62.3955,0.8736,62.21,2028,H2,Jul-Dec
Ernest Masuku,Zimbabwe,Pace Bowler,30.75,1.0,1,59.0,-1.4373,0,1,42.49,3.93,98.8,10.82,8.83,0.0,28.2498,0.1166,28.74,2028,H2,Jul-Dec
Faraz Akram,Zimbabwe,Bowling All-Rounder,30.75,1.0,1,73.0,-0.4809,0,0,386.93,30.41,142.89,17.02,8.75,0.0,50.7232,0.0057,50.73,2028,H2,Jul-Dec
Graeme Cremer,Zimbabwe,Spin Bowler,41.75,0.0,0,105.0,-3.011,0,1,13.05,16.83,101.52,2.06,6.92,0.0,28.842,0.0188,29.5,2028,H2,Jul-Dec
Innocent Kaia,Zimbabwe,Top Order Batter,36.75,0.6071,1,69.1429,-1.6456,0,1,60.22,17.56,125.89,0.0,0.0,0.0,32.0137,0.0231,32.57,2028,H2,Jul-Dec
John Campbell,Zimbabwe,Middle Order Batter,34.75,0.75,1,79.0,-1.523,0,1,183.57,21.64,126.85,0.0,0.0,0.0,33.9648,0.0685,34.72,2028,H2,Jul-Dec
Joylord Gumbie,Zimbabwe,Wicketkeeper,32.75,1.0,1,64.0,-0.3911,0,0,199.92,21.52,117.66,0.0,0.0,0.0,32.072,0.0349,32.52,2028,H2,Jul-Dec
Kian Blignaut,Zimbabwe,Pace Bowler,20.75,1.0,1,40.0,0.4958,0,0,36.2,8.66,118.16,13.78,7.12,0.0,35.8321,0.2085,35.92,2028,H2,Jul-Dec
Kundai Matigimu,Zimbabwe,Pace Bowler,31.75,1.0,1,53.0,-0.7799,0,1,29.75,8.0,84.72,9.06,9.1,0.0,25.68,0.0225,26.42,2028,H2,Jul-Dec
Luke Jongwe,Zimbabwe,Bowling All-Rounder,32.75,1.0,1,101.0,-5.1966,0,1,181.17,15.74,125.59,9.62,9.95,0.0,37.3741,0.0143,37.36,2028,H2,Jul-Dec
Milton Shumba,Zimbabwe,Middle Order Batter,27.75,1.0,1,73.0,0.6314,1,0,509.37,28.95,146.34,0.0,0.0,0.0,41.4524,0.8597,41.66,2028,H2,Jul-Dec
Nathaniel Mayavo,Zimbabwe,Wicketkeeper,31.75,1.0,1,59.0,0.1353,0,0,256.16,21.96,129.17,0.0,0.0,0.0,34.7716,0.0762,35.01,2028,H2,Jul-Dec
Newman Nyamhuri,Zimbabwe,Pace Bowler,22.75,1.0,1,49.0,-0.3207,0,0,23.9,8.05,111.43,16.03,7.18,0.0,35.389,0.4191,35.17,2028,H2,Jul-Dec
Nick Welch,Zimbabwe,Top Order Batter,30.75,1.0,1,80.0,0.3692,0,0,698.82,35.45,154.91,0.0,0.0,0.0,45.9962,0.9418,46.13,2028,H2,Jul-Dec
Panashe Taruvinga,Zimbabwe,Middle Order Batter,26.75,1.0,1,54.0,1.083,1,0,347.95,27.05,146.64,0.0,0.0,0.0,40.3855,0.7863,40.49,2028,H2,Jul-Dec
Prince Masvaure,Zimbabwe,Middle Order Batter,38.75,0.0,0,47.0,-0.7991,0,1,42.62,16.38,113.98,0.0,0.0,0.0,29.0971,0.0164,29.84,2028,H2,Jul-Dec
Richard Ngarava,Zimbabwe,Pace Bowler,30.75,1.0,1,108.0,-3.7105,0,1,53.7,9.38,123.75,26.59,7.96,0.0,43.9558,0.7427,44.02,2028,H2,Jul-Dec
Richmond Mutumbami,Zimbabwe,Wicketkeeper,37.75,0.5417,1,64.6667,-0.7787,0,1,41.81,15.74,108.45,0.0,0.0,0.0,27.7339,0.0048,28.43,2028,H2,Jul-Dec
Ryan Burl,Zimbabwe,Batting All-Rounder,34.75,0.8125,1,120.5,-4.2405,0,1,455.88,26.72,141.16,15.99,8.51,0.0,48.8172,0.2361,47.34,2028,H2,Jul-Dec
Sean Williams,Zimbabwe,Batting All-Rounder,42.75,0.0,0,81.0,-3.8006,0,1,21.95,19.22,115.13,1.76,9.46,0.0,31.7585,0.0017,32.04,2028,H2,Jul-Dec
Sikandar Raza,Zimbabwe,Batting All-Rounder,42.75,0.0,0,136.0,-5.2566,0,1,302.63,32.36,148.52,9.58,8.49,0.0,48.3446,0.0106,46.27,2028,H2,Jul-Dec
Tadiwanashe Marumani,Zimbabwe,Wicketkeeper,26.75,1.0,1,86.0,1.1231,1,0,908.88,36.87,169.33,0.0,0.0,0.0,50.0925,0.8884,49.99,2028,H2,Jul-Dec
Tafadzwa Tsiga,Zimbabwe,Wicketkeeper,28.75,1.0,1,51.0,1.6812,1,0,377.51,35.11,155.66,0.0,0.0,0.0,45.0693,0.4627,45.2,2028,H2,Jul-Dec
Takudzwanashe Kaitano,Zimbabwe,Top Order Batter,34.75,1.0,1,68.0,-0.0939,0,0,326.99,22.07,127.9,0.0,0.0,0.0,34.7592,0.4278,35.01,2028,H2,Jul-Dec
Tanaka Chivanga,Zimbabwe,Pace Bowler,32.75,1.0,1,64.0,-1.7525,0,1,19.8,4.52,82.22,8.72,10.16,0.0,23.6022,0.0178,23.92,2028,H2,Jul-Dec
Tapiwa Mufudza,Zimbabwe,Spin Bowler,30.75,1.0,1,48.0,0.833,1,0,254.21,22.88,143.86,15.78,7.51,0.0,47.5874,0.9392,47.47,2028,H2,Jul-Dec
Tashinga Musekiwa,Zimbabwe,Batting All-Rounder,27.75,1.0,1,53.0,1.6975,1,0,455.9,44.0,175.59,9.01,8.22,0.0,58.0978,0.6974,57.83,2028,H2,Jul-Dec
Tendekai Gwandu,Zimbabwe,Pace Bowler,27.75,1.0,1,50.0,-0.2618,0,0,25.29,6.32,97.61,11.91,8.52,0.0,29.4082,0.1203,29.82,2028,H2,Jul-Dec
Tinotenda Maposa,Zimbabwe,Pace Bowler,31.75,1.0,1,58.0,-0.6329,0,1,30.57,7.45,98.47,14.43,8.69,0.0,31.3061,0.0796,31.5,2028,H2,Jul-Dec
Tony Munyonga,Zimbabwe,Batting All-Rounder,32.75,1.0,1,66.0,-0.1083,0,0,294.38,25.98,136.29,11.2,9.23,0.0,44.3611,0.177,44.39,2028,H2,Jul-Dec
Victor Nyauchi,Zimbabwe,Pace Bowler,36.75,0.0,0,49.0,-2.4468,0,1,2.26,4.42,83.07,1.51,9.66,0.0,19.8888,0.0045,20.32,2028,H2,Jul-Dec
Vincent Masekesa,Zimbabwe,Batting All-Rounder,26.75,1.0,1,46.0,2.1751,1,0,341.52,36.81,164.51,9.26,8.36,0.0,53.1314,0.4516,53.08,2028,H2,Jul-Dec
Wellington Masakadza,Zimbabwe,Spin Bowler,35.75,0.125,1,93.0,-4.6965,0,1,55.02,12.4,107.04,7.54,8.37,0.0,31.1877,0.0845,31.72,2028,H2,Jul-Dec
Wessly Madhevere,Zimbabwe,Batting All-Rounder,27.75,1.0,1,100.0,-1.4508,0,1,601.35,34.3,155.98,15.45,7.98,0.0,54.7123,0.551,54.72,2028,H2,Jul-Dec
William Mashinge,Zimbabwe,Batting All-Rounder,31.75,1.0,1,61.0,0.3719,0,0,321.99,24.81,142.84,10.99,8.69,0.0,45.3899,0.4128,45.49,2028,H2,Jul-Dec
A M Ghazanfar,Afghanistan,Spin Bowler,23.25,1.0,1,71.0,0.2611,0,0,148.47,19.8,145.16,44.14,7.61,0.0,59.7647,0.8305,59.61,2029,H1,Jan-Jun
Abdul Malik,Afghanistan,Middle Order Batter,32.25,1.0,1,84.0,0.113,0,0,886.44,33.52,137.13,0.0,0.0,0.0,40.0952,0.8138,40.17,2029,H1,Jan-Jun
Abdul Rahman,Afghanistan,Pace Bowler,30.25,1.0,1,73.0,-0.187,0,0,91.59,14.71,133.74,28.58,8.66,0.0,47.1511,0.7392,47.04,2029,H1,Jan-Jun
Azizullah Mia Khil,Afghanistan,Top Order Batter,28.25,1.0,1,64.0,1.5864,1,0,585.4,39.37,145.19,0.0,0.0,0.0,42.6976,0.7261,42.85,2029,H1,Jan-Jun
Azmatullah Omarzai,Afghanistan,Bowling All-Rounder,29.25,1.0,1,118.0,-0.2253,0,0,1456.36,35.81,159.16,39.36,8.45,0.0,68.6389,0.0165,67.16,2029,H1,Jan-Jun
Bahir Shah,Afghanistan,Top Order Batter,28.25,1.0,1,73.0,1.6629,1,0,770.62,48.25,149.61,0.0,0.0,0.0,46.9477,0.7986,47.05,2029,H1,Jan-Jun
Bashir Ahmad,Afghanistan,Bowling All-Rounder,29.25,1.0,1,70.0,0.8182,1,0,572.09,30.13,139.15,24.34,9.11,0.0,52.1839,0.0221,52.06,2029,H1,Jan-Jun
Bilal Sami,Afghanistan,Pace Bowler,28.25,1.0,1,69.0,0.183,0,0,96.33,14.26,131.31,32.21,8.56,0.0,48.5081,0.7034,48.45,2029,H1,Jan-Jun
Darwish Rasooli,Afghanistan,Top Order Batter,30.25,1.0,1,104.0,0.5099,1,0,1249.05,33.75,137.95,0.0,0.0,0.0,41.3657,0.8831,41.49,2029,H1,Jan-Jun
Faisal Khan Ahmadzai,Afghanistan,Pace Bowler,29.25,1.0,1,61.0,0.4318,0,0,96.86,14.47,128.06,28.83,8.69,0.0,46.1019,0.7942,46.0,2029,H1,Jan-Jun
Fareed Ahmad,Afghanistan,Pace Bowler,34.25,1.0,1,87.0,-0.8811,0,1,75.69,10.42,104.77,24.29,10.98,0.0,37.3805,0.3931,37.32,2029,H1,Jan-Jun
Faridoon Dawoodzai,Afghanistan,Pace Bowler,29.25,1.0,1,66.0,0.438,0,0,103.61,16.69,126.33,31.94,8.83,0.0,48.1345,0.8368,48.14,2029,H1,Jan-Jun
Fazalhaq Farooqi,Afghanistan,Pace Bowler,28.25,1.0,1,112.0,-1.822,0,1,97.57,11.8,123.02,34.08,9.16,0.0,46.9829,0.7772,46.89,2029,H1,Jan-Jun
Gulbadin Naib,Afghanistan,Batting All-Rounder,38.25,0.0,0,83.0,-1.7571,0,1,217.69,25.24,124.04,5.39,10.26,0.0,36.2971,0.006,35.7,2029,H1,Jan-Jun
Hashmatullah Shahidi,Afghanistan,Top Order Batter,34.25,1.0,1,61.0,0.2726,0,0,385.61,32.06,115.26,0.0,0.0,0.0,33.9016,0.189,34.12,2029,H1,Jan-Jun
Ibrahim Zadran,Afghanistan,Top Order Batter,27.25,1.0,1,113.0,0.6468,1,0,1552.32,48.29,148.67,0.0,0.0,0.0,49.0085,0.9595,49.15,2029,H1,Jan-Jun
Ikram Ali Khil,Afghanistan,Wicketkeeper,27.25,1.0,1,80.0,0.4632,0,0,694.29,34.86,143.9,0.0,0.0,0.0,41.3063,0.6276,41.41,2029,H1,Jan-Jun
Karim Janat,Afghanistan,Bowling All-Rounder,30.25,1.0,1,122.0,-0.6727,0,1,1131.11,34.17,150.49,40.51,8.86,0.0,66.0163,0.0144,67.03,2029,H1,Jan-Jun
Khatir Stanikzai,Afghanistan,Top Order Batter,30.25,1.0,1,77.0,1.6788,1,0,687.72,40.92,136.39,0.0,0.0,0.0,41.76,0.6596,41.86,2029,H1,Jan-Jun
Mohammad Ishaq,Afghanistan,Wicketkeeper,27.25,1.0,1,72.0,1.6437,1,0,692.21,38.45,141.88,0.0,0.0,0.0,42.0572,0.3683,42.23,2029,H1,Jan-Jun
Mohammad Nabi,Afghanistan,Bowling All-Rounder,44.25,0.0,0,165.0,-4.6677,0,1,224.47,22.8,122.46,7.14,10.14,0.0,36.177,0.0024,35.52,2029,H1,Jan-Jun
Mohammad Saleem,Afghanistan,Pace Bowler,27.25,1.0,1,65.0,0.7139,1,0,110.84,17.86,122.36,29.84,9.4,0.0,46.525,0.8561,46.48,2029,H1,Jan-Jun
Mujeeb Ur Rahman,Afghanistan,Spin Bowler,28.25,1.0,1,117.0,-1.6436,0,1,142.6,19.14,138.9,37.95,7.77,0.0,54.9497,0.8307,54.71,2029,H1,Jan-Jun
Munir Ahmad Kakar,Afghanistan,Wicketkeeper,30.25,1.0,1,75.0,1.085,1,0,661.45,40.15,147.41,0.0,0.0,0.0,43.6014,0.6973,43.82,2029,H1,Jan-Jun
Najibullah Zadran,Afghanistan,Wicketkeeper,35.25,0.95,1,115.4,0.1429,0,0,1045.17,32.44,134.58,0.0,0.0,0.0,39.7009,0.2992,39.61,2029,H1,Jan-Jun
Nangeyalia Kharote,Afghanistan,Spin Bowler,25.25,1.0,1,68.0,0.757,1,0,466.95,30.07,146.81,36.99,7.75,0.0,60.4314,0.9649,59.67,2029,H1,Jan-Jun
Naveed Zadran,Afghanistan,Pace Bowler,28.25,1.0,1,72.0,0.2856,0,0,104.58,16.87,122.34,31.86,9.14,0.0,47.3122,0.85,47.29,2029,H1,Jan-Jun
Naveen-ul-Haq,Afghanistan,Pace Bowler,29.25,1.0,1,118.0,-1.6287,0,1,124.57,15.57,133.62,38.17,8.62,0.0,52.6453,0.8973,52.69,2029,H1,Jan-Jun
Nazifullah Amiri,Afghanistan,Middle Order Batter,26.25,1.0,1,60.0,1.7685,1,0,618.58,41.13,152.91,0.0,0.0,0.0,44.8737,0.8778,44.99,2029,H1,Jan-Jun
Noor Ahmad,Afghanistan,Spin Bowler,24.25,1.0,1,104.0,-0.1641,0,0,196.33,21.8,144.17,52.76,7.8,0.0,64.9219,0.9503,66.75,2029,H1,Jan-Jun
Qais Ahmad,Afghanistan,Spin Bowler,28.25,1.0,1,94.0,-0.4247,0,0,141.18,17.12,129.42,39.1,9.28,0.0,52.7428,0.8081,52.7,2029,H1,Jan-Jun
Rahmanullah Gurbaz,Afghanistan,Wicketkeeper,27.25,1.0,1,130.0,0.5803,1,0,1865.76,41.37,152.44,0.0,0.0,0.0,48.4205,0.938,48.37,2029,H1,Jan-Jun
Rahmat Shah,Afghanistan,Top Order Batter,36.25,0.6875,1,60.5,0.8401,1,0,473.46,35.25,114.85,0.0,0.0,0.0,35.0969,0.0572,35.59,2029,H1,Jan-Jun
Rashid Khan,Afghanistan,Spin Bowler,30.25,1.0,1,211.0,-2.9602,0,1,494.54,24.09,156.98,51.26,7.46,0.0,68.3069,0.9601,66.75,2029,H1,Jan-Jun
Riaz Hassan,Afghanistan,Middle Order Batter,29.25,1.0,1,80.0,1.0325,1,0,782.89,43.16,148.48,0.0,0.0,0.0,45.1254,0.8646,45.25,2029,H1,Jan-Jun
Rohullah Arab,Afghanistan,Pace Bowler,27.25,1.0,1,63.0,0.3158,0,0,85.8,12.57,119.61,27.99,9.3,0.0,43.2393,0.6755,43.24,2029,H1,Jan-Jun
Sediqullah Atal,Afghanistan,Top Order Batter,27.25,1.0,1,87.0,2.5862,1,0,1564.78,54.28,157.67,0.0,0.0,0.0,52.7358,0.9802,52.76,2029,H1,Jan-Jun
Shahidullah Kamal,Afghanistan,Middle Order Batter,33.25,1.0,1,98.0,0.9346,1,0,889.53,38.05,127.54,0.0,0.0,0.0,39.6765,0.836,39.75,2029,H1,Jan-Jun
Sharafuddin Ashraf,Afghanistan,Batting All-Rounder,33.25,1.0,1,84.0,0.3228,0,0,538.51,29.25,121.56,22.28,10.59,0.0,47.0214,0.8293,46.89,2029,H1,Jan-Jun
Wafiullah Tarakhil,Afghanistan,Top Order Batter,25.25,1.0,1,79.0,2.35,1,0,974.96,49.13,163.07,0.0,0.0,0.0,50.4569,0.9816,50.47,2029,H1,Jan-Jun
Wahidullah Zadran,Afghanistan,Top Order Batter,25.25,1.0,1,62.0,2.3664,1,0,893.14,52.11,174.35,0.0,0.0,0.0,53.3955,0.9813,53.4,2029,H1,Jan-Jun
Zia-Ur-Rehman Abdul Malik,Afghanistan,Spin Bowler,28.25,1.0,1,67.0,0.0996,0,0,167.57,17.53,137.4,36.14,8.08,0.0,53.1664,0.8118,53.03,2029,H1,Jan-Jun
Zubaid Akbari,Afghanistan,Middle Order Batter,26.25,1.0,1,83.0,2.3588,1,0,1023.69,50.65,156.48,0.0,0.0,0.0,49.7905,0.9416,49.93,2029,H1,Jan-Jun
Aaron Hardie,Australia,Bowling All-Rounder,30.25,1.0,1,126.0,0.0569,0,0,383.74,32.86,165.24,7.07,8.36,0.0,48.536,0.0126,48.6,2029,H1,Jan-Jun
Adam Zampa,Australia,Spin Bowler,37.25,0.625,1,196.0,-0.9363,0,1,4.04,5.86,86.62,11.47,9.45,0.0,25.494,0.3247,25.58,2029,H1,Jan-Jun
Alex Carey,Australia,Wicketkeeper,37.25,0.55,1,134.0,-0.0803,0,0,135.34,25.47,121.31,0.0,0.0,0.0,32.2573,0.0057,32.75,2029,H1,Jan-Jun
Ashton Agar,Australia,Spin Bowler,35.25,0.7917,1,120.3333,-2.5906,0,1,0.0,1.17,63.48,0.31,9.98,0.0,13.3686,0.0056,14.66,2029,H1,Jan-Jun
Beau Webster,Australia,Bowling All-Rounder,35.25,0.9375,1,124.0,1.238,1,0,366.58,42.27,151.44,9.81,8.69,0.0,50.2022,0.0074,49.21,2029,H1,Jan-Jun
Ben Dwarshuis,Australia,Pace Bowler,34.25,1.0,1,111.0,-0.475,0,0,21.18,13.67,118.26,8.79,9.69,0.0,32.79,0.6593,32.99,2029,H1,Jan-Jun
Ben Kellaway,Australia,Batting All-Rounder,24.25,1.0,1,51.0,2.6313,1,0,203.61,41.13,192.49,9.05,7.74,0.0,57.2316,0.9288,56.8,2029,H1,Jan-Jun
Ben Manenti,Australia,Bowling All-Rounder,32.25,1.0,1,81.0,-0.4378,0,0,102.17,19.42,117.82,5.23,9.7,0.0,32.873,0.0091,33.1,2029,H1,Jan-Jun
Billy Stanlake,Australia,Pace Bowler,34.25,0.9583,1,74.6667,-1.7067,0,1,0.0,0.0,55.8,0.0,10.79,0.0,11.2077,0.0037,12.45,2029,H1,Jan-Jun
Brendan Doggett,Australia,Pace Bowler,34.25,1.0,1,76.0,-1.3174,0,1,1.11,1.11,63.6,4.59,10.12,0.0,15.6492,0.0136,16.23,2029,H1,Jan-Jun
Cameron Gannon,Australia,Pace Bowler,38.25,0.0,0,40.0,-1.3033,0,1,0.08,0.28,48.9,0.62,11.59,0.0,10.181,0.0024,3.76,2029,H1,Jan-Jun
Cameron Green,Australia,Batting All-Rounder,30.25,1.0,1,126.0,-0.7316,0,1,190.75,30.78,157.0,4.45,8.17,0.0,44.3355,0.0111,44.42,2029,H1,Jan-Jun
Campbell Kellaway,Australia,Top Order Batter,27.25,1.0,1,71.0,1.1715,1,0,211.87,32.65,146.24,0.0,0.0,0.0,39.6779,0.8461,39.76,2029,H1,Jan-Jun
Cooper Connolly,Australia,Batting All-Rounder,25.25,1.0,1,81.0,-0.1967,0,0,281.74,28.39,168.39,6.93,7.9,0.0,47.4546,0.5462,47.5,2029,H1,Jan-Jun
Corey Rocchiccioli,Australia,Spin Bowler,32.25,1.0,1,71.0,-0.398,0,0,3.14,5.07,81.27,5.9,9.46,0.0,21.2005,0.5673,21.5,2029,H1,Jan-Jun
Fergus O'Neill,Australia,Pace Bowler,28.25,1.0,1,66.0,-0.1415,0,0,6.17,6.17,85.1,7.08,9.19,0.0,22.9928,0.0643,23.22,2029,H1,Jan-Jun
Glenn Maxwell,Australia,Batting All-Rounder,41.25,0.0,0,280.0,-1.6008,0,1,104.32,29.14,138.37,1.15,10.21,0.0,37.7749,0.0025,37.78,2029,H1,Jan-Jun
Harry Nielsen,Australia,Wicketkeeper,33.25,1.0,1,106.0,-0.3452,0,0,156.76,24.45,120.62,0.0,0.0,0.0,31.8553,0.079,32.31,2029,H1,Jan-Jun
Henry Hunt,Australia,Top Order Batter,31.25,1.0,1,71.0,0.0857,0,0,113.87,28.99,131.79,0.0,0.0,0.0,35.3847,0.5843,35.58,2029,H1,Jan-Jun
Henry Thornton,Australia,Pace Bowler,33.25,1.0,1,86.0,-0.9972,0,1,4.4,4.4,77.49,2.52,10.9,0.0,18.2295,0.0189,18.41,2029,H1,Jan-Jun
Jack Edwards,Australia,Batting All-Rounder,29.25,1.0,1,96.0,-0.0389,0,0,206.57,29.57,140.17,5.53,8.41,0.0,41.2147,0.313,41.18,2029,H1,Jan-Jun
Jake Fraser-McGurk,Australia,Top Order Batter,27.25,1.0,1,101.0,-1.1408,0,1,98.61,21.43,154.44,0.0,0.0,0.0,37.3595,0.7641,37.47,2029,H1,Jan-Jun
Jake Lehmann,Australia,Middle Order Batter,36.25,0.5833,1,79.6667,-0.689,0,1,29.9,20.85,108.52,0.0,0.0,0.0,27.9605,0.0147,28.74,2029,H1,Jan-Jun
Jake Weatherald,Australia,Top Order Batter,35.25,0.875,1,172.0,-1.4736,0,1,180.84,21.83,117.0,0.0,0.0,0.0,30.3715,0.0435,31.19,2029,H1,Jan-Jun
Jason Behrendorff,Australia,Pace Bowler,39.25,0.25,1,126.2857,-1.5558,0,1,0.26,2.86,64.36,1.69,10.62,0.0,14.7356,0.0056,15.0,2029,H1,Jan-Jun
Jason Sangha,Australia,Middle Order Batter,30.25,1.0,1,101.0,-0.8228,0,1,127.25,21.85,135.82,0.0,0.0,0.0,33.9202,0.303,34.21,2029,H1,Jan-Jun
Jhye Richardson,Australia,Pace Bowler,32.25,1.0,1,126.0,-1.2043,0,1,0.0,4.04,72.05,3.94,9.8,0.0,17.9459,0.0199,18.31,2029,H1,Jan-Jun
Joel Davies,Australia,Middle Order Batter,25.25,1.0,1,44.0,1.6709,1,0,185.55,35.48,176.25,0.0,0.0,0.0,46.4045,0.901,46.5,2029,H1,Jan-Jun
Jordan Buckingham,Australia,Pace Bowler,28.25,1.0,1,56.0,0.0019,0,0,10.75,10.75,93.85,5.57,9.32,0.0,25.3639,0.2102,26.26,2029,H1,Jan-Jun
Josh Hazlewood,Australia,Pace Bowler,38.25,0.35,1,138.8,-0.0129,0,0,0.71,8.06,83.05,10.26,9.89,0.0,24.7726,0.0342,24.87,2029,H1,Jan-Jun
Josh Inglis,Australia,Wicketkeeper,34.25,1.0,1,176.0,0.9603,1,0,545.57,34.96,148.42,0.0,0.0,0.0,41.8012,0.7715,42.08,2029,H1,Jan-Jun
Josh Philippe,Australia,Wicketkeeper,32.25,1.0,1,166.0,-1.2467,0,1,164.82,22.11,139.92,0.0,0.0,0.0,34.916,0.1259,35.08,2029,H1,Jan-Jun
Lance Morris,Australia,Pace Bowler,31.25,1.0,1,61.0,-0.863,0,1,0.0,0.0,48.63,4.71,9.92,0.0,12.4437,0.0095,7.53,2029,H1,Jan-Jun
Liam Hatcher,Australia,Pace Bowler,32.25,1.0,1,81.0,-0.8792,0,1,5.52,5.52,78.91,3.05,10.46,0.0,19.2123,0.022,19.67,2029,H1,Jan-Jun
Liam Scott,Australia,Batting All-Rounder,28.25,1.0,1,81.0,1.8581,1,0,381.35,41.24,147.04,7.92,8.92,0.0,47.993,0.6047,48.01,2029,H1,Jan-Jun
Mackenzie Harvey,Australia,Wicketkeeper,28.25,1.0,1,101.0,-0.8832,0,1,73.91,20.8,139.16,0.0,0.0,0.0,34.0863,0.0742,34.33,2029,H1,Jan-Jun
Mahli Beardman,Australia,Pace Bowler,23.25,1.0,1,41.0,0.6064,1,0,8.68,8.68,117.59,5.69,8.02,0.0,29.6749,0.4814,30.17,2029,H1,Jan-Jun
Marcus Stoinis,Australia,Batting All-Rounder,40.25,0.0,0,280.0,-1.9301,0,1,60.05,20.5,120.18,1.08,9.97,0.0,31.298,0.0014,31.85,2029,H1,Jan-Jun
Marnus Labuschagne,Australia,Top Order Batter,35.25,0.9375,1,144.0,-0.6708,0,1,105.72,23.29,111.98,0.0,0.0,0.0,29.6404,0.1017,30.24,2029,H1,Jan-Jun
Matthew Gilkes,Australia,Wicketkeeper,30.25,1.0,1,116.0,-0.842,0,1,138.33,22.39,125.65,0.0,0.0,0.0,32.1284,0.0693,32.6,2029,H1,Jan-Jun
Matthew Kuhnemann,Australia,Spin Bowler,32.25,1.0,1,81.0,0.1065,0,0,4.04,7.72,100.74,8.21,8.87,0.0,27.219,0.7762,27.67,2029,H1,Jan-Jun
Matthew Renshaw,Australia,Middle Order Batter,33.25,1.0,1,176.0,-0.3812,0,0,278.47,32.07,133.77,0.0,10.25,0.0,37.6885,0.3474,37.81,2029,H1,Jan-Jun
Matthew Short,Australia,Batting All-Rounder,33.25,1.0,1,196.0,-2.1208,0,1,281.08,25.22,135.61,2.7,9.73,0.0,37.3801,0.0323,37.46,2029,H1,Jan-Jun
Matthew Wade,Australia,Wicketkeeper,41.25,0.0,0,250.0,-2.8062,0,1,0.0,9.47,93.77,0.0,0.0,0.0,21.3225,0.0071,21.91,2029,H1,Jan-Jun
Michael Neser,Australia,Bowling All-Rounder,39.25,0.0,0,115.0,-0.2891,0,0,42.31,27.66,129.49,1.96,9.38,0.0,35.9405,0.001,36.03,2029,H1,Jan-Jun
Mitchell Marsh,Australia,Bowling All-Rounder,37.25,0.6786,1,197.4286,-0.2303,0,0,375.28,33.3,140.05,2.77,9.92,0.0,41.1256,0.0086,41.4,2029,H1,Jan-Jun
Mitchell Owen,Australia,Batting All-Rounder,28.25,1.0,1,86.0,1.3378,1,0,419.26,35.33,172.02,3.85,9.18,0.0,48.8793,0.6161,48.99,2029,H1,Jan-Jun
Mitchell Starc,Australia,Pace Bowler,39.25,0.0,0,160.0,-1.3683,0,1,0.0,2.59,79.44,2.52,11.47,0.0,17.9511,0.0074,18.36,2029,H1,Jan-Jun
Mitchell Stoinis,Australia,Batting All-Rounder,40.25,0.0,0,280.0,-1.9301,0,1,58.66,20.03,117.41,1.05,10.21,0.0,30.5483,0.0013,31.41,2029,H1,Jan-Jun
Nathan Ellis,Australia,Pace Bowler,34.25,1.0,1,126.0,-0.9057,0,1,2.76,8.26,95.71,8.01,9.99,0.0,26.1078,0.4207,26.83,2029,H1,Jan-Jun
Nathan Lyon,Australia,Spin Bowler,41.25,0.0,0,40.0,-0.8548,0,1,0.0,0.0,55.37,0.39,9.26,0.0,11.5579,0.0046,12.14,2029,H1,Jan-Jun
Nathan McAndrew,Australia,Bowling All-Rounder,34.25,1.0,1,111.0,-0.432,0,0,133.99,21.42,118.29,7.1,9.65,0.0,34.7088,0.0057,34.83,2029,H1,Jan-Jun
Nathan McSweeney,Australia,Middle Order Batter,30.25,1.0,1,91.0,-0.2544,0,0,120.2,23.39,136.32,0.0,0.0,0.0,34.493,0.3829,34.72,2029,H1,Jan-Jun
Nikhil Chaudhary,Australia,Batting All-Rounder,33.25,1.0,1,96.0,0.8368,1,0,348.16,30.4,153.05,7.71,9.44,0.0,45.3918,0.4675,45.51,2029,H1,Jan-Jun
Oliver Peake,Australia,Middle Order Batter,23.25,1.0,1,38.0,2.4338,1,0,141.67,38.1,186.09,0.0,0.0,0.0,49.053,0.8788,49.17,2029,H1,Jan-Jun
Pat Cummins,Australia,Pace Bowler,36.25,0.6875,1,117.5,-1.4021,0,1,11.41,8.47,92.45,4.41,9.77,0.0,23.6638,0.0127,23.64,2029,H1,Jan-Jun
Riley Meredith,Australia,Pace Bowler,33.25,1.0,1,126.0,-1.2877,0,1,0.0,2.83,59.4,2.67,11.2,0.0,14.2047,0.0134,14.88,2029,H1,Jan-Jun
Sam Elliott,Australia,Pace Bowler,27.25,1.0,1,48.0,-0.1524,0,0,15.43,11.08,96.53,4.58,8.74,0.0,25.5839,0.2511,26.52,2029,H1,Jan-Jun
Sam Konstas,Australia,Top Order Batter,23.25,1.0,1,58.0,2.6206,1,0,548.54,38.93,196.75,0.0,0.0,0.0,52.5748,0.981,52.78,2029,H1,Jan-Jun
Scott Boland,Australia,Pace Bowler,40.25,0.0,0,35.0,-0.9798,0,1,0.07,0.24,52.0,0.34,10.85,0.0,10.7135,0.0032,10.88,2029,H1,Jan-Jun
Sean Abbott,Australia,Bowling All-Rounder,37.25,0.4583,1,181.6667,-1.8323,0,1,66.95,15.78,117.4,4.99,9.76,0.0,31.3825,0.0017,31.93,2029,H1,Jan-Jun
Spencer Johnson,Australia,Pace Bowler,33.25,1.0,1,81.0,-0.5233,0,1,5.98,5.91,75.12,6.3,11.42,0.0,20.218,0.0513,20.69,2029,H1,Jan-Jun
Steven Smith,Australia,Top Order Batter,40.25,0.0,0,180.0,-0.982,0,1,42.09,21.97,120.32,0.0,0.0,0.0,30.6721,0.0236,31.62,2029,H1,Jan-Jun
Tanveer Sangha,Australia,Spin Bowler,27.25,1.0,1,86.0,-0.4902,0,0,1.28,5.2,82.81,9.75,8.7,0.0,23.7387,0.788,23.85,2029,H1,Jan-Jun
Tim David,Australia,Middle Order Batter,33.25,1.0,1,166.0,-0.1106,0,0,307.64,29.97,153.3,0.0,0.0,0.0,40.4765,0.8421,40.5,2029,H1,Jan-Jun
Todd Murphy,Australia,Spin Bowler,28.25,1.0,1,46.0,-1.0761,0,1,0.0,0.0,58.26,1.81,8.89,0.0,12.9526,0.0089,13.76,2029,H1,Jan-Jun
Travis Head,Australia,Top Order Batter,35.25,0.95,1,204.4,-0.27,0,0,524.17,35.94,173.6,0.0,0.0,0.0,46.999,0.9785,45.91,2029,H1,Jan-Jun
Will Sutherland,Australia,Bowling All-Rounder,29.25,1.0,1,116.0,-0.099,0,0,224.71,31.23,150.07,8.15,8.03,0.0,45.2307,0.0123,45.36,2029,H1,Jan-Jun
Xavier Bartlett,Australia,Pace Bowler,30.25,1.0,1,76.0,-0.4806,0,0,12.36,10.29,106.89,6.56,9.41,0.0,28.2965,0.6325,28.58,2029,H1,Jan-Jun
A. G. Saqlain,Bangladesh,Bowling All-Rounder,27.25,1.0,1,44.0,1.5243,1,0,214.54,31.74,158.38,19.56,7.92,0.0,53.1373,0.0145,53.08,2029,H1,Jan-Jun
Abdul Gaffar Saqlain,Bangladesh,Bowling All-Rounder,27.25,1.0,1,44.0,1.5243,1,0,206.99,30.62,152.8,18.87,8.21,0.0,51.2247,0.0121,51.03,2029,H1,Jan-Jun
Afif Hossain,Bangladesh,Batting All-Rounder,29.25,1.0,1,158.0,-2.0747,0,1,205.76,19.53,138.95,7.96,8.69,0.0,38.9927,0.1068,39.0,2029,H1,Jan-Jun
Akbar Ali,Bangladesh,Wicketkeeper,28.25,1.0,1,60.0,1.424,1,0,528.15,33.56,154.95,0.0,0.0,0.0,42.5838,0.3873,42.72,2029,H1,Jan-Jun
Amite Hasan,Bangladesh,Middle Order Batter,28.25,1.0,1,57.0,1.6032,1,0,386.86,32.84,146.45,0.0,0.0,0.0,40.2799,0.7928,40.48,2029,H1,Jan-Jun
Anamul Haque,Bangladesh,Wicketkeeper,36.25,0.6875,1,160.5,-1.296,0,1,155.94,19.1,120.99,0.0,0.0,0.0,30.2066,0.006,31.13,2029,H1,Jan-Jun
Ebadat Hossain,Bangladesh,Pace Bowler,35.25,0.9375,1,69.0,0.4398,0,0,23.12,11.88,100.85,16.1,9.94,0.0,32.6811,0.0418,32.38,2029,H1,Jan-Jun
Hasan Mahmud,Bangladesh,Pace Bowler,30.25,1.0,1,109.0,-0.667,0,1,94.97,14.07,128.83,41.89,7.89,0.0,53.29,0.9105,53.22,2029,H1,Jan-Jun
Hasan Murad,Bangladesh,Spin Bowler,27.25,1.0,1,64.0,1.4761,1,0,78.25,18.01,119.69,31.89,7.95,0.0,47.3404,0.9149,47.35,2029,H1,Jan-Jun
Jaker Ali,Bangladesh,Wicketkeeper,31.25,1.0,1,93.0,1.2723,1,0,681.97,36.45,151.63,0.0,0.0,0.0,43.2997,0.6228,43.4,2029,H1,Jan-Jun
Jishan Alam,Bangladesh,Top Order Batter,27.25,1.0,1,57.0,1.6795,1,0,480.15,37.5,162.99,0.0,0.0,0.0,45.2913,0.9098,45.36,2029,H1,Jan-Jun
Khaled Ahmed,Bangladesh,Pace Bowler,36.25,0.8214,1,92.1429,0.4571,0,0,34.71,13.12,99.0,22.07,10.51,0.0,35.8683,0.0485,34.94,2029,H1,Jan-Jun
Litton Das,Bangladesh,Wicketkeeper,34.25,1.0,1,236.0,-0.81,0,1,589.67,30.6,138.67,0.0,0.0,0.0,38.6118,0.2499,38.75,2029,H1,Jan-Jun
Mahedi Hasan,Bangladesh,Batting All-Rounder,34.25,1.0,1,179.0,0.0353,0,0,603.9,29.64,139.74,33.1,8.87,0.0,56.9714,0.7627,56.73,2029,H1,Jan-Jun
Mahidul Islam Ankon,Bangladesh,Wicketkeeper,28.25,1.0,1,71.0,1.7718,1,0,442.42,35.72,144.08,0.0,0.0,0.0,40.8986,0.5733,40.99,2029,H1,Jan-Jun
Mahmudul Hasan Joy,Bangladesh,Middle Order Batter,28.25,1.0,1,98.0,0.2224,0,0,435.95,30.06,139.69,0.0,0.0,0.0,38.1996,0.8112,38.33,2029,H1,Jan-Jun
Mahmudullah,Bangladesh,Batting All-Rounder,43.25,0.0,0,250.0,-5.119,0,1,0.0,18.37,127.21,0.0,9.69,0.0,31.2864,0.0011,31.99,2029,H1,Jan-Jun
Mehidy Hasan Miraz,Bangladesh,Bowling All-Rounder,31.25,1.0,1,194.0,-0.4125,0,0,644.11,33.62,142.16,39.55,7.57,0.0,62.5821,0.0194,61.9,2029,H1,Jan-Jun
Mohammad Naim,Bangladesh,Top Order Batter,29.25,1.0,1,134.0,-1.1598,0,1,284.49,23.21,133.14,0.0,0.0,0.0,34.28,0.3081,34.49,2029,H1,Jan-Jun
Mohammad Saifuddin,Bangladesh,Bowling All-Rounder,32.25,1.0,1,137.0,-0.5889,0,1,360.12,21.9,128.66,30.06,9.55,0.0,49.8653,0.0159,49.76,2029,H1,Jan-Jun
Mominul Haque,Bangladesh,Top Order Batter,37.25,0.55,1,112.0,-0.4437,0,0,134.2,20.41,105.42,0.0,0.0,0.0,27.5083,0.0163,28.34,2029,H1,Jan-Jun
Mosaddek Hossain,Bangladesh,Batting All-Rounder,33.25,1.0,1,163.0,-1.0736,0,1,343.7,23.29,128.52,13.28,8.92,0.0,41.3541,0.3426,41.43,2029,H1,Jan-Jun
Musfik Hasan,Bangladesh,Pace Bowler,25.25,1.0,1,50.0,1.3273,1,0,49.23,14.72,130.62,28.22,7.49,0.0,46.4936,0.8026,46.48,2029,H1,Jan-Jun
Mushfiqur Rahim,Bangladesh,Wicketkeeper,42.25,0.0,0,190.0,-1.6022,0,1,20.04,20.59,106.39,0.0,0.0,0.0,27.4305,0.0088,28.34,2029,H1,Jan-Jun
Mustafizur Rahman,Bangladesh,Pace Bowler,33.25,1.0,1,231.0,-1.4401,0,1,48.09,10.81,96.25,36.21,9.61,0.0,42.3333,0.5516,42.33,2029,H1,Jan-Jun
Nahid Rana,Bangladesh,Pace Bowler,26.25,1.0,1,90.0,0.6137,1,0,46.7,13.09,120.27,45.87,7.83,0.0,53.3037,0.8935,53.23,2029,H1,Jan-Jun
Najmul Hossain Apu,Bangladesh,Spin Bowler,30.25,1.0,1,53.0,1.293,1,0,63.29,14.35,120.43,27.3,7.91,0.0,43.8166,0.7569,43.82,2029,H1,Jan-Jun
Najmul Hossain Shanto,Bangladesh,Middle Order Batter,30.25,1.0,1,144.0,-0.2388,0,0,652.16,33.91,135.2,0.0,0.0,0.0,39.1725,0.7938,39.19,2029,H1,Jan-Jun
Nasum Ahmed,Bangladesh,Spin Bowler,35.25,0.875,1,161.0,-1.324,0,1,41.0,10.02,90.38,28.12,8.77,0.0,36.7181,0.0819,35.4,2029,H1,Jan-Jun
Nasum Ahmed Jr,Bangladesh,Spin Bowler,24.25,1.0,1,45.0,1.0085,1,0,63.06,13.04,126.93,24.23,7.45,0.0,43.1412,0.5892,43.18,2029,H1,Jan-Jun
Nayeem Hasan,Bangladesh,Spin Bowler,28.25,1.0,1,77.0,-0.6,0,1,58.17,14.51,113.93,25.46,7.39,0.0,41.7222,0.6666,41.74,2029,H1,Jan-Jun
Nurul Hasan,Bangladesh,Wicketkeeper,36.25,0.75,1,167.2,0.0764,0,0,329.23,24.31,124.86,0.0,0.0,0.0,33.1354,0.0144,33.66,2029,H1,Jan-Jun
Parvez Hossain Emon,Bangladesh,Wicketkeeper,27.25,1.0,1,91.0,1.3541,1,0,765.26,39.66,160.46,0.0,0.0,0.0,46.3028,0.7973,46.39,2029,H1,Jan-Jun
Pritom Kumar,Bangladesh,Wicketkeeper,25.25,1.0,1,54.0,1.8842,1,0,460.34,35.69,154.14,0.0,0.0,0.0,42.9154,0.3906,43.07,2029,H1,Jan-Jun
Rejaur Rahman Raja,Bangladesh,Pace Bowler,28.25,1.0,1,59.0,1.2786,1,0,65.24,14.83,124.06,30.71,7.92,0.0,46.5142,0.787,46.48,2029,H1,Jan-Jun
Ripon Mondol,Bangladesh,Pace Bowler,26.25,1.0,1,55.0,1.2736,1,0,49.81,14.58,120.02,30.81,8.16,0.0,45.5954,0.724,45.56,2029,H1,Jan-Jun
Rishad Hossain,Bangladesh,Spin Bowler,26.25,1.0,1,117.0,1.8401,1,0,691.01,36.39,180.64,47.39,7.53,0.0,75.3734,0.9852,69.18,2029,H1,Jan-Jun
Saif Hassan,Bangladesh,Top Order Batter,30.25,1.0,1,108.0,1.1672,1,0,619.59,31.11,143.31,0.0,0.0,0.0,39.7722,0.8887,39.8,2029,H1,Jan-Jun
Shadman Islam,Bangladesh,Top Order Batter,33.25,1.0,1,90.0,0.6824,1,0,344.09,28.88,117.59,0.0,0.0,0.0,33.2187,0.3034,33.55,2029,H1,Jan-Jun
Shahadat Hossain,Bangladesh,Middle Order Batter,27.25,1.0,1,63.0,1.697,1,0,399.49,34.49,139.89,0.0,0.0,0.0,39.5581,0.8091,39.6,2029,H1,Jan-Jun
Shakib Al Hasan,Bangladesh,Batting All-Rounder,42.25,0.0,0,310.0,-8.1687,0,1,0.0,18.1,126.62,0.0,8.91,0.0,31.217,0.0011,31.93,2029,H1,Jan-Jun
Shamim Hossain,Bangladesh,Batting All-Rounder,28.25,1.0,1,102.0,1.7462,1,0,690.82,37.85,158.75,18.41,8.46,0.0,55.7983,0.8069,55.37,2029,H1,Jan-Jun
Shoriful Islam,Bangladesh,Pace Bowler,28.25,1.0,1,130.0,-1.0289,0,1,78.47,15.66,126.55,38.01,7.81,0.0,51.2459,0.8526,51.12,2029,H1,Jan-Jun
Soumya Sarkar,Bangladesh,Batting All-Rounder,36.25,0.4375,1,191.0,-1.854,0,1,187.04,20.56,129.04,6.69,9.43,0.0,36.5107,0.0042,35.94,2029,H1,Jan-Jun
Taijul Islam,Bangladesh,Spin Bowler,37.25,0.4583,1,114.6667,-3.1901,0,1,17.68,8.51,80.08,9.74,8.84,0.0,24.2808,0.0473,24.05,2029,H1,Jan-Jun
Tanvir Islam,Bangladesh,Spin Bowler,32.25,1.0,1,98.0,0.2649,0,0,73.9,14.74,107.01,42.29,7.87,0.0,49.3798,0.872,49.15,2029,H1,Jan-Jun
Tanzid Hasan,Bangladesh,Top Order Batter,28.25,1.0,1,108.0,0.865,1,0,806.97,37.79,154.05,0.0,0.0,0.0,44.5625,0.9678,44.68,2029,H1,Jan-Jun
Tanzim Hasan Sakib,Bangladesh,Pace Bowler,26.25,1.0,1,100.0,0.2146,0,0,112.29,21.43,149.97,36.88,8.2,0.0,57.0996,0.8921,56.72,2029,H1,Jan-Jun
Taskin Ahmed,Bangladesh,Pace Bowler,34.25,1.0,1,174.0,-0.8099,0,1,60.11,10.97,99.77,36.03,9.69,0.0,43.0011,0.5371,43.04,2029,H1,Jan-Jun
Towhid Hridoy,Bangladesh,Top Order Batter,28.25,1.0,1,131.0,1.2181,1,0,959.29,37.48,153.24,2.12,8.44,0.0,46.6386,0.8849,46.74,2029,H1,Jan-Jun
Yasir Ali Chowdhury,Bangladesh,Middle Order Batter,33.25,1.0,1,109.0,0.2857,0,0,348.76,24.04,116.21,0.0,0.0,0.0,31.406,0.3212,32.07,2029,H1,Jan-Jun
Zakir Hasan,Bangladesh,Middle Order Batter,31.25,1.0,1,87.0,0.2371,0,0,382.47,26.86,129.57,0.0,0.0,0.0,35.0316,0.6638,35.22,2029,H1,Jan-Jun
Adil Rashid,England,Spin Bowler,41.25,0.0,0,310.0,-2.4712,0,1,9.8,7.21,82.57,5.56,9.01,0.0,22.058,0.0453,22.63,2029,H1,Jan-Jun
Alex Horton,England,Wicketkeeper,26.25,1.0,1,43.0,1.5789,1,0,365.89,35.73,160.57,0.0,0.0,0.0,43.9211,0.5807,44.17,2029,H1,Jan-Jun
Aneurin Donald,England,Top Order Batter,32.25,1.0,1,52.0,1.3941,1,0,440.84,31.69,142.69,0.0,0.0,0.0,39.3263,0.7368,39.39,2029,H1,Jan-Jun
Archie Vaughan,England,Batting All-Rounder,24.25,1.0,1,50.0,1.6592,1,0,477.53,34.89,166.36,14.87,7.48,0.0,54.0635,0.8704,53.93,2029,H1,Jan-Jun
Ben Duckett,England,Top Order Batter,34.25,1.0,1,190.0,0.0295,0,0,760.14,26.11,133.15,0.0,0.0,0.0,36.5722,0.7018,36.73,2029,H1,Jan-Jun
Ben Foakes,England,Wicketkeeper,36.25,0.7917,1,123.3333,-0.026,0,0,179.24,22.63,106.05,0.0,0.0,0.0,28.4739,0.0068,29.13,2029,H1,Jan-Jun
Ben Geddes,England,Top Order Batter,27.25,1.0,1,62.0,1.5171,1,0,532.98,34.63,154.1,0.0,0.0,0.0,42.7745,0.8858,43.07,2029,H1,Jan-Jun
Brydon Carse,England,Pace Bowler,34.25,0.95,1,106.4,-1.578,0,1,95.1,15.74,128.52,38.41,10.35,0.0,51.4572,0.7765,49.7,2029,H1,Jan-Jun
Chris Jordan,England,Pace Bowler,40.25,0.0,0,290.0,-1.3062,0,1,74.55,14.53,121.62,7.26,11.92,0.0,32.7741,0.0195,32.93,2029,H1,Jan-Jun
Chris Woakes,England,Bowling All-Rounder,40.25,0.0,0,162.0,-2.2158,0,1,12.43,16.57,118.95,2.49,9.11,0.0,30.5529,0.001,31.42,2029,H1,Jan-Jun
Dan Lawrence,England,Batting All-Rounder,32.25,1.0,1,145.0,0.1571,0,0,694.63,28.16,128.18,5.06,9.4,0.0,39.3649,0.2324,39.37,2029,H1,Jan-Jun
Dan Mousley,England,Batting All-Rounder,28.25,1.0,1,108.0,1.2956,1,0,763.26,35.68,150.69,22.1,8.69,0.0,55.6567,0.7795,55.36,2029,H1,Jan-Jun
Emilio Gay,England,Middle Order Batter,32.25,1.0,1,100.0,0.3313,0,0,605.97,29.4,132.69,0.0,0.0,0.0,37.0986,0.8712,37.27,2029,H1,Jan-Jun
Farhan Ahmed,England,Spin Bowler,22.25,1.0,1,44.0,1.6927,1,0,73.62,16.4,135.75,28.15,7.38,0.0,48.1022,0.8663,47.86,2029,H1,Jan-Jun
George Bell,England,Wicketkeeper,26.25,1.0,1,60.0,1.3427,1,0,475.97,32.28,149.0,0.0,0.0,0.0,40.8552,0.5519,40.9,2029,H1,Jan-Jun
George Hill,England,Batting All-Rounder,30.25,1.0,1,87.0,1.3489,1,0,636.83,32.13,152.57,18.87,8.32,0.0,52.8686,0.8124,52.74,2029,H1,Jan-Jun
George Thomas,England,Top Order Batter,27.25,1.0,1,69.0,0.9642,1,0,581.47,32.87,157.31,0.0,0.0,0.0,42.9777,0.952,43.2,2029,H1,Jan-Jun
Gus Atkinson,England,Pace Bowler,31.25,1.0,1,103.0,-0.7545,0,1,59.93,12.48,124.92,40.14,9.09,0.0,50.7269,0.8355,50.58,2029,H1,Jan-Jun
Harry Brook,England,Middle Order Batter,30.25,1.0,1,130.0,0.0425,0,0,818.08,39.68,157.11,1.01,8.42,0.0,47.1113,0.8357,47.19,2029,H1,Jan-Jun
Henry Crocombe,England,Pace Bowler,27.25,1.0,1,54.0,1.0613,1,0,50.79,14.86,122.43,29.29,8.11,0.0,45.358,0.7673,45.37,2029,H1,Jan-Jun
Jack Carson,England,Spin Bowler,28.25,1.0,1,64.0,0.8131,1,0,83.86,18.69,131.3,34.8,7.79,0.0,51.4521,0.9539,51.12,2029,H1,Jan-Jun
Jack Haynes,England,Top Order Batter,28.25,1.0,1,99.0,0.7935,1,0,684.67,32.33,154.0,0.0,0.0,0.0,42.4491,0.9435,42.6,2029,H1,Jan-Jun
Jack Leach,England,Spin Bowler,38.25,0.15,1,114.6,-3.0806,0,1,0.07,9.81,94.89,1.32,9.35,0.0,22.9529,0.0108,23.35,2029,H1,Jan-Jun
Jacob Bethell,England,Batting All-Rounder,25.25,1.0,1,95.0,1.7171,1,0,898.44,42.2,170.44,19.85,8.6,0.0,60.8276,0.9084,59.58,2029,H1,Jan-Jun
James Anderson,England,Pace Bowler,47.25,0.0,0,44.0,-0.2803,0,0,0.0,0.0,0.0,0.0,9.75,0.0,0.397,0.0024,0.53,2029,H1,Jan-Jun
James Coles,England,Batting All-Rounder,25.25,1.0,1,57.0,1.9435,1,0,494.08,33.83,154.85,18.35,8.33,0.0,53.174,0.7394,53.08,2029,H1,Jan-Jun
James Rew,England,Wicketkeeper,25.25,1.0,1,71.0,1.3442,1,0,775.44,39.02,168.88,0.0,0.0,0.0,47.7795,0.8295,47.79,2029,H1,Jan-Jun
Jamie Overton,England,Bowling All-Rounder,35.25,0.9167,1,148.3333,-0.8828,0,1,392.22,22.85,139.51,29.2,9.61,0.0,51.9221,0.008,49.94,2029,H1,Jan-Jun
Jamie Smith,England,Wicketkeeper,28.25,1.0,1,89.0,1.6322,1,0,842.08,43.58,169.75,0.0,0.0,0.0,49.6058,0.8494,49.55,2029,H1,Jan-Jun
Joe Root,England,Batting All-Rounder,38.25,0.35,1,70.8,-0.2888,0,0,149.85,24.42,112.59,0.69,9.59,0.0,31.1732,0.0019,31.72,2029,H1,Jan-Jun
Jofra Archer,England,Pace Bowler,34.25,1.0,1,120.0,-0.9242,0,1,43.74,15.26,121.99,28.07,9.54,0.0,44.4538,0.6646,44.52,2029,H1,Jan-Jun
Jonny Bairstow,England,Wicketkeeper,40.25,0.0,0,185.0,-0.9841,0,1,69.67,24.3,136.18,0.0,0.0,0.0,34.6136,0.0056,35.41,2029,H1,Jan-Jun
Jordan Cox,England,Wicketkeeper,28.25,1.0,1,115.0,1.6457,1,0,977.95,39.49,159.35,0.0,0.0,0.0,46.6377,0.775,46.78,2029,H1,Jan-Jun
Jos Buttler,England,Wicketkeeper,38.25,0.0,0,240.0,-0.9772,0,1,178.27,29.61,132.76,0.0,0.0,0.0,35.9583,0.0054,36.19,2029,H1,Jan-Jun
Josh Hull,England,Pace Bowler,25.25,1.0,1,55.0,1.6136,1,0,56.73,17.2,144.92,34.75,7.55,0.0,53.6035,0.8766,53.55,2029,H1,Jan-Jun
Josh Tongue,England,Pace Bowler,31.25,1.0,1,77.0,-0.131,0,0,37.04,18.43,124.66,21.48,8.46,0.0,42.643,0.5329,42.58,2029,H1,Jan-Jun
Liam Dawson,England,Bowling All-Rounder,39.25,0.0,0,225.0,-1.7665,0,1,135.23,23.33,115.11,5.76,9.06,0.0,34.083,0.0014,34.12,2029,H1,Jan-Jun
Liam Livingstone,England,Batting All-Rounder,36.25,0.6875,1,222.5,-1.325,0,1,629.56,29.24,146.79,13.82,9.87,0.0,47.7999,0.0424,45.5,2029,H1,Jan-Jun
Luc Benkenstein,England,Batting All-Rounder,24.25,1.0,1,48.0,1.9507,1,0,458.22,36.81,171.29,17.69,7.45,0.0,57.1124,0.8826,56.77,2029,H1,Jan-Jun
Luke Wood,England,Pace Bowler,33.25,1.0,1,158.0,-0.8336,0,1,63.68,10.65,113.37,29.87,10.47,0.0,42.1644,0.5643,42.2,2029,H1,Jan-Jun
Mark Wood,England,Pace Bowler,39.25,0.0,0,91.0,-1.0975,0,1,5.67,10.98,110.16,5.32,10.64,0.0,28.2956,0.0405,28.72,2029,H1,Jan-Jun
Matthew Fisher,England,Pace Bowler,32.25,1.0,1,87.0,-0.1627,0,0,54.13,19.62,117.73,25.35,9.07,0.0,43.6703,0.6158,43.8,2029,H1,Jan-Jun
Matthew Potts,England,Pace Bowler,30.25,1.0,1,94.0,-0.9343,0,1,105.53,18.21,129.2,29.77,8.65,0.0,48.0637,0.8331,47.86,2029,H1,Jan-Jun
Ollie Pope,England,Top Order Batter,31.25,1.0,1,117.0,-0.3969,0,0,309.87,25.81,131.75,0.0,8.16,0.0,35.7385,0.3066,35.94,2029,H1,Jan-Jun
Ollie Robinson,England,Pace Bowler,30.25,1.0,1,77.0,-0.344,0,0,55.77,18.52,128.61,25.41,8.08,0.0,45.6891,0.7453,45.57,2029,H1,Jan-Jun
Olly Stone,England,Pace Bowler,35.25,0.9167,1,95.3333,-0.6313,0,1,34.49,20.21,111.61,20.79,9.86,0.0,40.0282,0.1548,39.3,2029,H1,Jan-Jun
Phil Salt,England,Wicketkeeper,33.25,1.0,1,216.0,-0.7439,0,1,915.66,32.24,157.96,0.0,0.0,0.0,43.8574,0.7593,43.98,2029,H1,Jan-Jun
Reece Topley,England,Pace Bowler,35.25,0.9167,1,127.3333,-0.2871,0,0,45.89,17.74,109.41,26.96,10.28,0.0,42.0806,0.329,41.34,2029,H1,Jan-Jun
Rehan Ahmed,England,Spin Bowler,24.25,1.0,1,102.0,0.6019,1,0,485.23,29.3,164.27,44.14,7.23,0.0,67.6329,0.9847,67.46,2029,H1,Jan-Jun
Rocky Flintoff,England,Middle Order Batter,23.25,1.0,1,44.0,1.9777,1,0,452.9,45.0,178.42,0.0,0.0,0.0,50.6529,0.9581,50.73,2029,H1,Jan-Jun
Sam Cook,England,Pace Bowler,31.25,1.0,1,97.0,-0.4917,0,0,53.82,17.87,123.5,30.29,8.14,0.0,47.073,0.7524,47.03,2029,H1,Jan-Jun
Sam Curran,England,Bowling All-Rounder,31.25,1.0,1,239.0,-1.3161,0,1,696.49,25.55,136.57,26.9,9.18,0.0,51.9206,0.0123,51.85,2029,H1,Jan-Jun
Saqib Mahmood,England,Pace Bowler,32.25,1.0,1,105.0,0.4241,0,0,60.59,20.06,119.13,32.59,9.14,0.0,47.9725,0.8286,47.86,2029,H1,Jan-Jun
Shoaib Bashir,England,Spin Bowler,25.25,1.0,1,73.0,-0.8332,0,1,40.88,12.58,116.49,24.95,7.96,0.0,41.1392,0.5821,41.2,2029,H1,Jan-Jun
Sonny Baker,England,Pace Bowler,24.25,1.0,1,63.0,1.2902,1,0,70.5,20.44,147.17,37.37,7.2,0.0,56.6246,0.9506,56.37,2029,H1,Jan-Jun
Tom Banton,England,Wicketkeeper,31.25,1.0,1,148.0,0.3394,0,0,802.95,31.19,147.2,0.0,0.0,0.0,41.0854,0.6839,41.22,2029,H1,Jan-Jun
Tom Hartley,England,Spin Bowler,30.25,1.0,1,80.0,-2.6271,0,1,28.92,13.01,115.56,9.52,8.46,0.0,32.6822,0.3487,32.95,2029,H1,Jan-Jun
Tom Rew,England,Wicketkeeper,24.25,1.0,1,46.0,1.6948,1,0,415.62,41.66,173.36,0.0,0.0,0.0,48.4797,0.8206,48.68,2029,H1,Jan-Jun
Will Jacks,England,Batting All-Rounder,30.25,1.0,1,165.0,-1.133,0,1,929.92,29.08,159.82,15.9,8.92,0.0,52.4385,0.7555,52.26,2029,H1,Jan-Jun
Zak Crawley,England,Top Order Batter,31.25,1.0,1,112.0,0.301,0,0,447.16,28.39,135.53,0.0,0.0,0.0,36.8782,0.8083,37.06,2029,H1,Jan-Jun
Abhishek Sharma,India,Top Order Batter,29.25,1.0,1,146.0,-1.0461,0,1,512.62,32.33,133.44,0.0,0.0,0.0,37.9207,0.7939,37.98,2029,H1,Jan-Jun
Akash Deep,India,Pace Bowler,32.25,1.0,1,71.0,0.2085,0,0,38.31,10.88,104.32,3.98,6.29,0.0,27.4498,0.4113,27.86,2029,H1,Jan-Jun
Akshat Raghuwanshi,India,Top Order Batter,24.25,1.0,1,50.0,-1.1288,0,1,80.39,11.92,164.73,0.0,0.0,0.0,36.2723,0.5025,36.38,2029,H1,Jan-Jun
Aman Mokhade,India,Middle Order Batter,27.25,1.0,1,90.0,-0.5901,0,1,175.57,24.17,150.79,0.0,0.0,0.0,37.743,0.7259,37.83,2029,H1,Jan-Jun
Angkrish Raghuwanshi,India,Wicketkeeper,27.25,1.0,1,41.0,-2.521,0,1,121.58,7.19,169.32,0.0,0.0,0.0,35.7714,0.1188,35.95,2029,H1,Jan-Jun
Anshul Kamboj,India,Pace Bowler,28.25,1.0,1,85.0,-1.0825,0,1,11.17,6.54,98.67,0.0,8.56,0.0,22.1143,0.0206,22.9,2029,H1,Jan-Jun
Arshdeep Singh,India,Pace Bowler,30.25,1.0,1,176.0,-0.3774,0,0,138.63,5.81,78.15,21.78,7.18,0.0,30.2174,0.4465,30.3,2029,H1,Jan-Jun
Atharva Taide,India,Top Order Batter,27.25,1.0,1,34.0,-1.1721,0,1,68.27,11.45,155.96,0.0,0.0,0.0,34.3647,0.1035,34.52,2029,H1,Jan-Jun
Auqib Nabi,India,Bowling All-Rounder,28.25,1.0,1,38.0,-0.435,0,0,79.84,25.42,124.8,3.19,7.09,0.0,35.5737,0.0039,35.66,2029,H1,Jan-Jun
Avesh Khan,India,Pace Bowler,32.25,1.0,1,156.0,-0.4319,0,0,54.09,15.94,68.21,8.12,7.08,0.0,23.9876,0.0183,24.3,2029,H1,Jan-Jun
Axar Patel,India,Bowling All-Rounder,35.25,0.9583,1,244.6667,-0.3129,0,0,355.3,15.65,103.98,4.21,7.53,0.0,29.5584,0.0067,30.27,2029,H1,Jan-Jun
Ayush Mhatre,India,Top Order Batter,22.25,1.0,1,45.0,-3.5146,0,1,595.65,0.0,207.88,0.0,0.0,0.0,42.3865,0.8723,42.58,2029,H1,Jan-Jun
Brijesh Sharma,India,Pace Bowler,27.25,1.0,1,84.0,1.4587,1,0,66.67,48.78,50.17,27.44,9.8,0.0,40.8088,0.703,40.88,2029,H1,Jan-Jun
Devdutt Padikkal,India,Top Order Batter,29.25,1.0,1,73.0,-0.148,0,0,141.93,16.28,173.77,0.0,0.0,0.0,39.624,0.5062,39.73,2029,H1,Jan-Jun
Dhruv Jurel,India,Wicketkeeper,28.25,1.0,1,57.0,0.2749,0,0,95.74,37.08,164.96,0.0,0.0,0.0,44.4452,0.8642,44.68,2029,H1,Jan-Jun
Digvesh Rathi,India,Spin Bowler,29.25,1.0,1,66.0,-0.4432,0,0,39.94,0.65,129.54,11.69,10.3,0.0,32.3391,0.3522,32.39,2029,H1,Jan-Jun
Gurnoor Brar,India,Pace Bowler,28.25,1.0,1,59.0,1.0542,1,0,18.53,12.56,142.34,12.3,6.41,0.0,39.8132,0.8867,39.81,2029,H1,Jan-Jun
Hardik Pandya,India,Batting All-Rounder,35.25,0.75,1,319.2,-2.4222,0,1,58.44,12.19,132.95,0.28,9.9,0.0,30.7125,0.0017,31.48,2029,H1,Jan-Jun
Harsh Dubey,India,Bowling All-Rounder,27.25,1.0,1,93.0,0.5519,1,0,294.75,27.89,110.34,11.96,9.96,0.0,38.2427,0.0208,38.21,2029,H1,Jan-Jun
Harshit Rana,India,Pace Bowler,26.25,1.0,1,69.0,0.9683,1,0,21.98,10.16,109.69,36.27,10.91,0.0,44.5383,0.782,44.54,2029,H1,Jan-Jun
Ishan Kishan,India,Wicketkeeper,31.25,1.0,1,196.0,-0.093,0,0,653.27,15.83,131.64,0.0,0.0,0.0,32.6675,0.9336,32.98,2029,H1,Jan-Jun
Jasprit Bumrah,India,Pace Bowler,35.25,0.9643,1,244.8571,-0.5424,0,1,64.08,6.41,58.09,64.07,7.77,0.0,48.7659,0.9413,48.64,2029,H1,Jan-Jun
Jitesh Sharma,India,Wicketkeeper,35.25,0.9583,1,124.6667,-1.2451,0,1,180.33,21.48,102.75,0.0,0.0,0.0,27.4596,0.0183,28.33,2029,H1,Jan-Jun
KL Rahul,India,Wicketkeeper,37.25,0.6786,1,277.4286,0.6889,1,0,262.18,41.2,152.04,0.0,0.0,0.0,43.7075,0.1317,43.74,2029,H1,Jan-Jun
KS Bharat,India,Wicketkeeper,35.25,0.875,1,44.0,-0.8691,0,1,63.45,10.94,117.59,0.0,0.0,0.0,26.6531,0.0093,27.97,2029,H1,Jan-Jun
Kartik Sharma,India,Wicketkeeper,24.25,1.0,1,56.0,0.6468,1,0,79.38,52.45,118.36,0.0,0.0,0.0,40.187,0.5655,40.23,2029,H1,Jan-Jun
Khaleel Ahmed,India,Pace Bowler,31.25,1.0,1,68.0,-0.1598,0,0,3.9,19.97,112.96,2.39,9.92,0.0,30.2592,0.1282,30.98,2029,H1,Jan-Jun
Kuldeep Yadav,India,Spin Bowler,34.25,1.0,1,206.0,3.496,1,0,0.0,6.74,128.94,72.72,7.41,0.0,67.328,0.9722,66.52,2029,H1,Jan-Jun
Kumar Kushagra,India,Wicketkeeper,24.25,1.0,1,55.0,-1.6401,0,1,77.83,16.17,128.31,0.0,0.0,0.0,30.4794,0.0635,31.24,2029,H1,Jan-Jun
Manav Suthar,India,Spin Bowler,27.25,1.0,1,36.0,1.0889,1,0,18.08,18.05,112.51,13.42,7.88,0.0,35.89,0.7302,35.92,2029,H1,Jan-Jun
Mangesh Yadav,India,Pace Bowler,26.25,1.0,1,84.0,0.1741,0,0,49.23,16.6,96.71,13.53,7.6,0.0,32.5386,0.2348,32.51,2029,H1,Jan-Jun
Mayank Yadav,India,Pace Bowler,27.25,1.0,1,46.0,0.8293,1,0,2.44,5.49,96.25,18.38,7.97,0.0,31.2541,0.1448,31.16,2029,H1,Jan-Jun
Mohammed Shami,India,Pace Bowler,39.25,0.0,0,180.0,-0.0391,0,0,0.0,5.79,84.35,6.79,9.59,0.0,22.4835,0.0182,22.7,2029,H1,Jan-Jun
Mohammed Siraj,India,Pace Bowler,35.25,0.9643,1,204.8571,1.0389,1,0,0.55,3.54,133.51,39.92,9.64,0.0,49.1611,0.9006,48.78,2029,H1,Jan-Jun
Mukesh Kumar,India,Pace Bowler,35.25,0.6875,1,79.5,-2.0445,0,1,22.18,1.25,98.49,1.39,11.37,0.0,20.7301,0.0036,21.29,2029,H1,Jan-Jun
Nithish Kumar Reddy,India,Batting All-Rounder,26.25,1.0,1,758.0,-3.183,0,1,0.0,21.47,134.73,0.0,0.0,0.0,33.2206,0.0256,33.56,2029,H1,Jan-Jun
Prabhsimran Singh,India,Wicketkeeper,29.25,1.0,1,96.0,-0.1166,0,0,185.87,32.23,126.25,0.0,0.0,0.0,35.5436,0.1411,35.76,2029,H1,Jan-Jun
Prashant Veer,India,Bowling All-Rounder,27.25,1.0,1,56.0,0.7999,1,0,50.22,38.74,150.09,0.0,0.0,0.0,41.9289,0.0178,42.11,2029,H1,Jan-Jun
Prasidh Krishna,India,Pace Bowler,33.25,1.0,1,126.0,2.1223,1,0,15.05,12.36,88.9,32.07,10.84,0.0,38.9012,0.6065,38.87,2029,H1,Jan-Jun
Prince Yadav,India,Pace Bowler,28.25,1.0,1,86.0,1.4899,1,0,0.0,15.02,132.73,14.86,8.05,0.0,39.5672,0.7658,39.5,2029,H1,Jan-Jun
Priyansh Arya,India,Top Order Batter,28.25,1.0,1,81.0,-0.3519,0,0,692.02,34.82,198.28,1.5,14.36,0.0,52.8121,0.8927,52.78,2029,H1,Jan-Jun
Rajat Patidar,India,Middle Order Batter,35.25,0.875,1,35.0,-0.8666,0,1,33.63,16.6,119.46,0.0,0.0,0.0,28.7537,0.0167,29.61,2029,H1,Jan-Jun
Ramandeep Singh,India,Batting All-Rounder,32.25,1.0,1,82.0,0.4274,0,0,157.06,35.23,146.63,0.0,0.0,0.0,40.4269,0.6103,40.5,2029,H1,Jan-Jun
Ravi Bishnoi,India,Spin Bowler,29.25,1.0,1,156.0,0.7192,1,0,32.86,25.48,86.93,13.46,9.92,0.0,32.9337,0.5006,32.9,2029,H1,Jan-Jun
Rinku Singh,India,Middle Order Batter,32.25,1.0,1,156.0,-0.1732,0,0,175.24,30.6,171.44,0.0,0.0,0.0,43.8626,0.8647,43.98,2029,H1,Jan-Jun
Rishabh Pant,India,Wicketkeeper,31.25,1.0,1,246.0,-0.0922,0,0,530.81,44.24,121.22,0.0,0.0,0.0,39.3999,0.2669,39.45,2029,H1,Jan-Jun
Riyan Parag,India,Batting All-Rounder,27.25,1.0,1,156.0,-1.6051,0,1,232.27,22.48,144.82,0.0,0.0,0.0,36.1897,0.0761,36.34,2029,H1,Jan-Jun
Sai Sudharsan,India,Top Order Batter,27.25,1.0,1,64.0,-2.2145,0,1,59.96,12.19,98.71,0.0,0.0,0.0,23.3376,0.0507,24.19,2029,H1,Jan-Jun
Sakib Hussain,India,Pace Bowler,24.25,1.0,1,32.0,-1.0797,0,1,36.96,8.26,95.52,5.44,9.06,0.0,24.9423,0.0766,25.75,2029,H1,Jan-Jun
Salil Arora,India,Wicketkeeper,26.25,1.0,1,74.0,-0.0849,0,0,186.99,27.3,146.61,0.0,0.0,0.0,37.9605,0.3368,38.11,2029,H1,Jan-Jun
Sanju Samson,India,Wicketkeeper,34.25,1.0,1,246.0,0.3517,0,0,202.68,38.19,138.31,0.0,0.0,0.0,39.8746,0.3743,39.98,2029,H1,Jan-Jun
Sarfaraz Khan,India,Middle Order Batter,31.25,1.0,1,50.0,-0.8484,0,1,55.61,29.31,107.9,0.0,0.0,0.0,30.6304,0.1719,31.27,2029,H1,Jan-Jun
Sarthak Ranjan,India,Middle Order Batter,26.25,1.0,1,34.0,0.1947,0,0,124.92,31.73,139.75,0.0,0.0,0.0,37.8596,0.4731,37.99,2029,H1,Jan-Jun
Shardul Thakur,India,Bowling All-Rounder,37.25,0.55,1,174.0,-0.5712,0,1,218.7,21.66,108.53,9.53,11.04,0.0,34.2214,0.0033,34.02,2029,H1,Jan-Jun
Shivam Dube,India,Batting All-Rounder,36.25,0.8438,1,191.75,1.0385,1,0,137.04,45.17,137.08,0.0,0.0,0.0,41.6883,0.2647,41.65,2029,H1,Jan-Jun
Shreyas Iyer,India,Middle Order Batter,34.25,1.0,1,206.0,-0.4469,0,0,687.15,13.74,131.58,0.0,0.0,0.0,32.081,0.374,32.52,2029,H1,Jan-Jun
Shubman Gill,India,Top Order Batter,30.25,1.0,1,166.0,-2.0093,0,1,224.57,37.59,141.37,0.0,0.0,0.0,40.3451,0.8145,40.48,2029,H1,Jan-Jun
Suryakumar Yadav,India,Middle Order Batter,39.25,0.0,0,300.0,-0.7683,0,1,193.69,22.69,154.37,0.0,0.0,0.0,38.0221,0.0264,38.57,2029,H1,Jan-Jun
Suryansh Shedge,India,Batting All-Rounder,25.25,1.0,1,42.0,-0.081,0,0,43.25,41.23,102.7,0.0,0.0,0.0,33.4039,0.0178,33.62,2029,H1,Jan-Jun
Tejasvi Dahiya,India,Wicketkeeper,25.25,1.0,1,45.0,-0.261,0,0,95.32,42.23,140.63,0.0,0.0,0.0,41.3215,0.3966,41.44,2029,H1,Jan-Jun
Tilak Varma,India,Middle Order Batter,26.25,1.0,1,148.0,0.6118,1,0,357.91,47.25,128.73,0.0,0.0,0.0,41.3479,0.8672,41.44,2029,H1,Jan-Jun
Tushar Deshpande,India,Pace Bowler,34.25,1.0,1,75.0,1.157,1,0,1.98,16.65,114.73,8.72,7.42,0.0,33.4273,0.3298,33.65,2029,H1,Jan-Jun
Vaibhav Suryavanshi,India,Top Order Batter,18.25,1.0,1,60.0,1.4098,1,0,295.18,13.97,210.84,0.0,0.0,0.0,46.5981,0.9504,46.72,2029,H1,Jan-Jun
Varun Chakravarthy,India,Spin Bowler,38.25,0.4583,1,161.6667,-0.7789,0,1,78.09,4.41,102.38,7.48,8.13,0.0,26.4491,0.1356,26.54,2029,H1,Jan-Jun
Washington Sundar,India,Bowling All-Rounder,29.25,1.0,1,176.0,1.6614,1,0,543.17,32.75,157.22,9.42,8.16,0.0,48.6839,0.0134,48.6,2029,H1,Jan-Jun
Yash Thakur,India,Pace Bowler,29.25,1.0,1,38.0,0.6618,1,0,0.0,14.2,130.73,12.57,6.95,0.0,37.9736,0.5776,37.97,2029,H1,Jan-Jun
Yashasvi Jaiswal,India,Top Order Batter,27.25,1.0,1,126.0,-1.196,0,1,441.56,28.27,128.31,0.0,0.0,0.0,35.406,0.5394,35.65,2029,H1,Jan-Jun
Adam Leckey,Ireland,Pace Bowler,24.25,1.0,1,46.0,1.5556,1,0,54.48,16.54,121.23,23.83,7.97,0.0,42.7786,0.4826,42.9,2029,H1,Jan-Jun
Andrew Balbirnie,Ireland,Top Order Batter,38.25,0.15,1,213.6,-1.5368,0,1,168.52,25.22,117.19,0.0,0.0,0.0,31.4628,0.0137,32.06,2029,H1,Jan-Jun
Andy McBrine,Ireland,Bowling All-Rounder,36.25,0.7917,1,139.3333,0.2661,0,0,395.15,27.38,124.1,27.66,8.73,0.0,49.6895,0.0093,47.39,2029,H1,Jan-Jun
Barry McCarthy,Ireland,Pace Bowler,36.25,0.375,1,131.0,-1.1615,0,1,40.85,15.6,110.22,18.84,9.85,0.0,37.2487,0.0178,36.3,2029,H1,Jan-Jun
Ben Calitz,Ireland,Middle Order Batter,28.25,1.0,1,64.0,1.7128,1,0,594.35,40.43,163.82,0.0,0.0,0.0,46.7218,0.8775,46.84,2029,H1,Jan-Jun
Ben White,Ireland,Spin Bowler,30.25,1.0,1,97.0,-0.2689,0,0,70.1,17.5,124.95,38.53,7.37,0.0,51.8903,0.967,52.02,2029,H1,Jan-Jun
Cade Carmichael,Ireland,Middle Order Batter,27.25,1.0,1,74.0,1.8287,1,0,617.97,38.9,149.38,0.0,0.0,0.0,43.4624,0.8636,43.52,2029,H1,Jan-Jun
Chris de Freitas,Ireland,Top Order Batter,28.25,1.0,1,51.0,1.464,1,0,314.84,32.85,151.2,0.0,0.0,0.0,41.0101,0.7944,41.08,2029,H1,Jan-Jun
Cian Carmichael,Ireland,Middle Order Batter,27.25,1.0,1,44.0,1.7146,1,0,232.95,32.67,140.86,0.0,0.0,0.0,38.6881,0.5055,38.75,2029,H1,Jan-Jun
Craig Young,Ireland,Pace Bowler,37.25,0.4375,1,112.0,-0.605,0,1,29.25,12.05,109.53,18.97,9.69,0.0,36.0339,0.0141,35.0,2029,H1,Jan-Jun
Curtis Campher,Ireland,Bowling All-Rounder,30.25,1.0,1,164.0,-0.185,0,0,696.86,37.94,154.41,35.42,8.06,0.0,64.1944,0.0221,67.01,2029,H1,Jan-Jun
Fionn Hand,Ireland,Pace Bowler,31.25,1.0,1,115.0,-0.18,0,0,72.62,13.8,122.79,36.19,8.32,0.0,48.8023,0.8193,48.83,2029,H1,Jan-Jun
Gareth Delany,Ireland,Batting All-Rounder,32.25,1.0,1,138.0,-0.242,0,0,523.58,28.9,145.46,20.32,8.56,0.0,50.8387,0.8476,50.72,2029,H1,Jan-Jun
Gavin Hoey,Ireland,Spin Bowler,26.25,1.0,1,78.0,1.7968,1,0,262.66,32.89,160.67,34.75,7.48,0.0,62.3436,0.9755,62.05,2029,H1,Jan-Jun
Gavin Roulston,Ireland,Middle Order Batter,26.25,1.0,1,54.0,2.2199,1,0,390.79,43.79,162.01,0.0,0.0,0.0,46.8646,0.8747,47.04,2029,H1,Jan-Jun
George Dockrell,Ireland,Batting All-Rounder,36.25,0.6875,1,181.5,-0.9186,0,1,292.06,22.3,112.55,11.65,9.37,0.0,36.7999,0.0082,35.82,2029,H1,Jan-Jun
Graham Hume,Ireland,Pace Bowler,38.25,0.0,0,112.0,-0.8702,0,1,15.53,12.94,108.24,9.39,9.97,0.0,30.8507,0.0439,31.33,2029,H1,Jan-Jun
Harry Tector,Ireland,Middle Order Batter,29.25,1.0,1,183.0,0.5617,1,0,1077.27,42.48,157.92,1.86,8.13,0.0,49.4282,0.8562,49.48,2029,H1,Jan-Jun
Jai Moondra,Ireland,Pace Bowler,26.25,1.0,1,53.0,1.2794,1,0,50.22,14.7,120.48,26.4,8.0,0.0,43.3983,0.6682,43.36,2029,H1,Jan-Jun
Jake Egan,Ireland,Top Order Batter,25.25,1.0,1,50.0,2.0547,1,0,424.03,42.4,166.94,0.0,0.0,0.0,47.4809,0.96,47.52,2029,H1,Jan-Jun
James West,Ireland,Top Order Batter,26.25,1.0,1,52.0,1.9257,1,0,390.41,39.04,157.86,0.0,0.0,0.0,44.5225,0.9224,44.68,2029,H1,Jan-Jun
Jordan Neill,Ireland,Pace Bowler,27.25,1.0,1,67.0,0.7448,1,0,51.42,11.45,110.58,27.26,8.61,0.0,40.744,0.4128,40.84,2029,H1,Jan-Jun
Josh Little,Ireland,Pace Bowler,29.25,1.0,1,130.0,-0.6058,0,1,53.95,19.68,122.09,35.0,8.34,0.0,49.8588,0.8395,49.76,2029,H1,Jan-Jun
Liam McCarthy,Ireland,Pace Bowler,30.25,1.0,1,73.0,0.9,1,0,65.49,14.68,117.12,33.05,8.39,0.0,46.2538,0.6544,46.2,2029,H1,Jan-Jun
Lorcan Tucker,Ireland,Wicketkeeper,33.25,1.0,1,138.0,0.6262,1,0,645.47,28.68,127.07,0.0,0.0,0.0,35.8766,0.335,36.04,2029,H1,Jan-Jun
Luke Murray,Ireland,Wicketkeeper,26.25,1.0,1,47.0,2.0995,1,0,374.61,40.83,162.33,0.0,0.0,0.0,45.9302,0.7607,45.95,2029,H1,Jan-Jun
Mark Adair,Ireland,Bowling All-Rounder,33.25,1.0,1,191.0,-2.7203,0,1,303.78,21.89,135.63,29.44,9.2,0.0,50.7962,0.0123,50.58,2029,H1,Jan-Jun
Matt Hollard,Ireland,Batting All-Rounder,26.25,1.0,1,55.0,2.2392,1,0,298.31,35.02,153.21,19.34,8.24,0.0,53.2251,0.8455,53.29,2029,H1,Jan-Jun
Matthew Foster,Ireland,Pace Bowler,29.25,1.0,1,64.0,0.9301,1,0,59.93,13.62,115.01,30.01,8.37,0.0,43.8581,0.5666,43.82,2029,H1,Jan-Jun
Matthew Humphreys,Ireland,Spin Bowler,26.25,1.0,1,81.0,0.3361,0,0,82.95,15.68,126.23,36.76,7.37,0.0,50.645,0.9606,50.54,2029,H1,Jan-Jun
Morgan Topping,Ireland,Middle Order Batter,25.25,1.0,1,58.0,1.9243,1,0,479.74,38.38,161.85,0.0,0.0,0.0,45.349,0.9027,45.51,2029,H1,Jan-Jun
Neil Rock,Ireland,Wicketkeeper,28.25,1.0,1,87.0,1.1088,1,0,450.99,35.43,155.12,0.0,0.0,0.0,42.9976,0.6245,43.2,2029,H1,Jan-Jun
Paul Stirling,Ireland,Top Order Batter,38.25,0.2917,1,367.3333,-3.9428,0,1,312.54,23.07,123.2,0.96,10.26,0.0,33.3318,0.0067,33.64,2029,H1,Jan-Jun
Peter Moor,Ireland,Wicketkeeper,38.25,0.4583,1,115.6667,-0.7194,0,1,53.43,18.46,109.52,0.0,0.0,0.0,27.4561,0.0054,28.38,2029,H1,Jan-Jun
Reuben Wilson,Ireland,Pace Bowler,24.25,1.0,1,57.0,2.0247,1,0,168.81,31.42,174.66,33.12,6.85,0.0,63.6579,0.9614,63.34,2029,H1,Jan-Jun
Ross Adair,Ireland,Top Order Batter,34.25,1.0,1,102.0,1.0886,1,0,721.07,34.69,144.98,0.0,0.0,0.0,41.5402,0.8566,41.56,2029,H1,Jan-Jun
Sam Topping,Ireland,Top Order Batter,26.25,1.0,1,60.0,2.1039,1,0,496.17,41.29,161.37,0.0,0.0,0.0,46.2367,0.9486,46.35,2029,H1,Jan-Jun
Scott Macbeth,Ireland,Pace Bowler,28.25,1.0,1,48.0,1.3168,1,0,59.35,17.44,120.95,25.2,7.82,0.0,43.7963,0.7448,43.82,2029,H1,Jan-Jun
Seamus Lynch,Ireland,Wicketkeeper,27.25,1.0,1,57.0,1.9137,1,0,416.25,36.64,149.45,0.0,0.0,0.0,42.1739,0.6131,42.37,2029,H1,Jan-Jun
Sebastian Dijkstra,Ireland,Top Order Batter,25.25,1.0,1,43.0,1.7423,1,0,291.43,36.48,158.2,0.0,0.0,0.0,43.484,0.7681,43.52,2029,H1,Jan-Jun
Stephen Doheny,Ireland,Wicketkeeper,29.25,1.0,1,74.0,1.3805,1,0,599.67,38.73,163.98,0.0,0.0,0.0,46.2222,0.8,46.39,2029,H1,Jan-Jun
Theo van Woerkom,Ireland,Pace Bowler,33.25,1.0,1,80.0,0.3037,0,0,56.44,13.25,115.0,25.15,9.05,0.0,40.9906,0.5678,41.07,2029,H1,Jan-Jun
Tim Tector,Ireland,Top Order Batter,26.25,1.0,1,67.0,1.835,1,0,576.53,39.57,165.82,0.0,0.0,0.0,46.7873,0.927,46.85,2029,H1,Jan-Jun
Tom Mayes,Ireland,Pace Bowler,27.25,1.0,1,62.0,1.4192,1,0,73.35,16.74,126.26,32.53,7.81,0.0,48.5846,0.8438,48.45,2029,H1,Jan-Jun
Adam Milne,New Zealand,Pace Bowler,37.25,0.1875,1,209.5,-2.7416,0,1,16.12,13.88,112.51,9.34,9.54,0.0,32.0327,0.0206,32.22,2029,H1,Jan-Jun
Adithya Ashok,New Zealand,Spin Bowler,26.25,1.0,1,60.0,0.5063,1,0,64.25,12.79,120.48,27.71,7.75,0.0,43.5861,0.889,43.66,2029,H1,Jan-Jun
Ajaz Patel,New Zealand,Spin Bowler,40.25,0.1071,1,89.5714,-2.1014,0,1,1.24,6.44,85.94,2.56,8.16,0.0,21.0105,0.0267,21.48,2029,H1,Jan-Jun
Ben Lister,New Zealand,Pace Bowler,33.25,1.0,1,105.0,0.2451,0,0,60.58,15.2,106.72,36.07,9.82,0.0,45.7275,0.6241,45.75,2029,H1,Jan-Jun
Ben Sears,New Zealand,Pace Bowler,31.25,1.0,1,100.0,0.6785,1,0,51.19,16.0,120.67,44.69,8.22,0.0,53.6084,0.87,53.61,2029,H1,Jan-Jun
Benjamin Jacobs,New Zealand,Middle Order Batter,27.25,1.0,1,51.0,1.7755,1,0,335.18,33.83,147.83,0.0,0.0,0.0,40.7214,0.7074,40.82,2029,H1,Jan-Jun
Bharat Popli,New Zealand,Middle Order Batter,37.25,0.55,1,81.0,0.6414,1,0,304.28,28.01,126.48,0.0,0.0,0.0,34.5711,0.0624,35.39,2029,H1,Jan-Jun
Blair Tickner,New Zealand,Pace Bowler,35.25,0.6875,1,121.5,-1.5152,0,1,23.35,11.39,104.4,16.57,10.15,0.0,33.4426,0.0228,33.15,2029,H1,Jan-Jun
Cole McConchie,New Zealand,Batting All-Rounder,33.25,1.0,1,117.0,0.317,0,0,451.85,26.9,125.08,16.14,9.0,0.0,43.6654,0.4706,43.8,2029,H1,Jan-Jun
Curtis Heaphy,New Zealand,Batting All-Rounder,27.25,1.0,1,60.0,2.177,1,0,517.76,37.38,162.79,21.65,7.81,0.0,57.8276,0.8424,57.75,2029,H1,Jan-Jun
Dane Cleaver,New Zealand,Wicketkeeper,36.25,0.6875,1,95.5,0.3728,0,0,282.06,26.11,122.75,0.0,0.0,0.0,33.1647,0.0136,33.74,2029,H1,Jan-Jun
Daryl Foxcroft,New Zealand,Batting All-Rounder,30.25,1.0,1,87.0,2.694,1,0,696.06,41.89,162.79,22.42,8.07,0.0,60.1377,0.7318,59.55,2029,H1,Jan-Jun
Daryl Mitchell,New Zealand,Batting All-Rounder,38.25,0.0,0,176.0,-2.055,0,1,129.94,28.11,136.14,2.24,9.38,0.0,37.7911,0.0026,37.65,2029,H1,Jan-Jun
Devon Conway,New Zealand,Wicketkeeper,38.25,0.4583,1,195.6667,-1.1313,0,1,340.19,30.41,125.4,0.0,0.0,0.0,35.2327,0.0069,35.78,2029,H1,Jan-Jun
Finn Allen,New Zealand,Top Order Batter,30.25,1.0,1,196.0,-0.609,0,1,929.16,36.08,172.15,0.0,0.0,0.0,47.916,0.9893,48.02,2029,H1,Jan-Jun
Fraser Sheat,New Zealand,Pace Bowler,27.25,1.0,1,61.0,1.0563,1,0,60.19,13.65,113.53,28.18,8.44,0.0,42.5826,0.4914,42.55,2029,H1,Jan-Jun
Glenn Phillips,New Zealand,Batting All-Rounder,33.25,1.0,1,236.0,-1.0925,0,1,818.69,30.87,150.71,18.86,9.25,0.0,52.4345,0.7694,52.33,2029,H1,Jan-Jun
Henry Nicholls,New Zealand,Top Order Batter,38.25,0.0,0,92.0,-0.8467,0,1,37.72,16.43,107.75,0.0,0.0,0.0,26.4115,0.0155,27.64,2029,H1,Jan-Jun
Ish Sodhi,New Zealand,Spin Bowler,36.25,0.0,0,190.0,-2.8392,0,1,7.14,9.04,85.89,4.39,9.05,0.0,22.656,0.0655,22.89,2029,H1,Jan-Jun
Jacob Cumming,New Zealand,Top Order Batter,27.25,1.0,1,57.0,1.6302,1,0,479.31,34.11,151.34,0.0,0.0,0.0,41.9122,0.8045,42.11,2029,H1,Jan-Jun
Jacob Duffy,New Zealand,Pace Bowler,34.25,1.0,1,104.0,0.6264,1,0,57.08,13.22,108.88,43.05,9.25,0.0,49.3385,0.7029,49.15,2029,H1,Jan-Jun
Jayden Lennox,New Zealand,Pace Bowler,27.25,1.0,1,47.0,1.422,1,0,45.0,14.18,121.49,26.87,7.89,0.0,43.6922,0.5125,43.79,2029,H1,Jan-Jun
Jesse Tashkoff,New Zealand,Batting All-Rounder,30.25,1.0,1,65.0,1.9317,1,0,495.12,32.11,146.74,21.56,8.58,0.0,52.7007,0.733,52.74,2029,H1,Jan-Jun
Jimmy Neesham,New Zealand,Bowling All-Rounder,38.25,0.2917,1,232.3333,-1.7576,0,1,166.96,22.14,131.85,9.18,9.97,0.0,38.7625,0.0027,38.21,2029,H1,Jan-Jun
Josh Clarkson,New Zealand,Batting All-Rounder,32.25,1.0,1,91.0,1.7479,1,0,603.69,30.57,139.02,19.93,9.26,0.0,50.0005,0.7016,49.9,2029,H1,Jan-Jun
Katene Clarke,New Zealand,Middle Order Batter,28.25,1.0,1,63.0,1.3911,1,0,502.76,34.85,158.45,0.0,0.0,0.0,43.613,0.8348,43.82,2029,H1,Jan-Jun
Kristian Clarke,New Zealand,Bowling All-Rounder,27.25,1.0,1,57.0,2.0148,1,0,437.06,31.95,152.66,23.15,8.08,0.0,54.6042,0.0204,54.36,2029,H1,Jan-Jun
Kyle Jamieson,New Zealand,Pace Bowler,34.25,1.0,1,120.0,-0.7898,0,1,59.98,11.34,113.64,28.59,9.34,0.0,41.9129,0.4779,41.97,2029,H1,Jan-Jun
Lachlan Stackpole,New Zealand,Middle Order Batter,26.25,1.0,1,48.0,1.5963,1,0,321.53,32.39,151.23,0.0,0.0,0.0,40.8873,0.7976,40.99,2029,H1,Jan-Jun
Lockie Ferguson,New Zealand,Pace Bowler,38.25,0.0,0,137.0,-1.4912,0,1,9.28,11.83,110.68,7.31,9.94,0.0,29.8451,0.0365,30.35,2029,H1,Jan-Jun
Mark Chapman,New Zealand,Middle Order Batter,34.25,1.0,1,169.0,-0.1849,0,0,593.55,29.07,134.29,12.24,9.57,0.0,44.3882,0.7351,44.28,2029,H1,Jan-Jun
Matt Bacon,New Zealand,Pace Bowler,34.25,1.0,1,69.0,0.496,0,0,42.83,9.44,107.87,26.34,9.01,0.0,38.9725,0.3542,38.93,2029,H1,Jan-Jun
Matt Henry,New Zealand,Pace Bowler,37.25,0.25,1,157.0,-1.2099,0,1,16.91,9.82,105.05,13.45,9.55,0.0,31.4666,0.0207,31.53,2029,H1,Jan-Jun
Matthew Boyle,New Zealand,Top Order Batter,27.25,1.0,1,55.0,1.8639,1,0,387.17,33.63,145.32,0.0,0.0,0.0,40.3128,0.8527,40.48,2029,H1,Jan-Jun
Matthew Fisher,New Zealand,Pace Bowler,28.25,1.0,1,50.0,1.1706,1,0,42.07,11.98,118.43,28.03,7.9,0.0,42.9954,0.4906,43.04,2029,H1,Jan-Jun
Max Chu,New Zealand,Wicketkeeper,30.25,1.0,1,57.0,1.7809,1,0,435.3,37.67,161.88,0.0,0.0,0.0,44.9998,0.7541,45.2,2029,H1,Jan-Jun
Michael Bracewell,New Zealand,Batting All-Rounder,38.25,0.0,0,130.0,0.2842,0,0,167.12,31.0,136.43,7.39,9.3,0.0,41.6562,0.0126,41.53,2029,H1,Jan-Jun
Michael Rae,New Zealand,Pace Bowler,34.25,1.0,1,72.0,0.3883,0,0,33.21,10.27,100.41,23.33,9.62,0.0,36.0302,0.1073,36.06,2029,H1,Jan-Jun
Mitchell Hay,New Zealand,Wicketkeeper,33.25,1.0,1,88.0,1.6301,1,0,576.03,33.67,137.6,0.0,0.0,0.0,39.3492,0.2847,39.39,2029,H1,Jan-Jun
Mitchell Santner,New Zealand,Spin Bowler,37.25,0.0,0,235.0,-1.1739,0,1,130.81,26.77,122.14,9.4,8.39,0.0,38.6366,0.0802,37.75,2029,H1,Jan-Jun
Muhammad Abbas,New Zealand,Middle Order Batter,28.25,1.0,1,38.0,0.4289,0,0,42.49,13.83,114.79,0.0,0.0,0.0,26.972,0.0464,28.1,2029,H1,Jan-Jun
Nathan Smith,New Zealand,Pace Bowler,30.25,1.0,1,96.0,1.0242,1,0,213.71,27.74,152.0,35.87,8.05,0.0,59.3075,0.9475,59.54,2029,H1,Jan-Jun
Nicholas Kelly,New Zealand,Top Order Batter,33.25,1.0,1,70.0,1.5429,1,0,555.78,32.24,149.29,0.0,0.0,0.0,41.1272,0.8542,41.22,2029,H1,Jan-Jun
Rachin Ravindra,New Zealand,Batting All-Rounder,29.25,1.0,1,117.0,1.1799,1,0,901.6,39.24,158.24,24.34,8.42,0.0,59.9329,0.8908,59.55,2029,H1,Jan-Jun
Rhys Mariu,New Zealand,Middle Order Batter,27.25,1.0,1,69.0,1.561,1,0,522.28,33.52,147.32,0.0,0.0,0.0,41.056,0.7981,41.08,2029,H1,Jan-Jun
Rohit Gulati,New Zealand,Middle Order Batter,27.25,1.0,1,46.0,1.37,1,0,253.82,29.02,142.04,0.0,0.0,0.0,37.8067,0.5198,37.92,2029,H1,Jan-Jun
Simon Johnston,New Zealand,Top Order Batter,26.25,1.0,1,50.0,1.7344,1,0,311.75,37.54,156.54,0.0,0.0,0.0,43.5567,0.8833,43.82,2029,H1,Jan-Jun
Simon Keene,New Zealand,Pace Bowler,27.25,1.0,1,50.0,1.3555,1,0,57.46,16.89,117.88,25.4,8.1,0.0,43.0535,0.5544,43.04,2029,H1,Jan-Jun
Tim Pringle,New Zealand,Spin Bowler,25.25,1.0,1,65.0,2.0348,1,0,386.57,36.37,168.05,31.03,7.5,0.0,63.2659,0.9774,62.55,2029,H1,Jan-Jun
Tim Robinson,New Zealand,Middle Order Batter,26.25,1.0,1,80.0,1.8791,1,0,854.34,42.81,173.27,0.0,0.0,0.0,50.0845,0.9591,49.95,2029,H1,Jan-Jun
Tim Seifert,New Zealand,Wicketkeeper,34.25,1.0,1,216.0,-0.0866,0,0,793.11,31.78,134.27,0.0,0.0,0.0,38.708,0.3197,38.79,2029,H1,Jan-Jun
Tim Southee,New Zealand,Pace Bowler,40.25,0.0,0,220.0,-3.6596,0,1,0.0,3.42,95.13,0.55,10.88,0.0,20.3124,0.0058,21.12,2029,H1,Jan-Jun
Tom Blundell,New Zealand,Wicketkeeper,38.25,0.5357,1,85.7143,-0.1062,0,0,150.28,21.64,115.26,0.0,0.0,0.0,29.8815,0.0051,30.69,2029,H1,Jan-Jun
Tom Latham,New Zealand,Wicketkeeper,37.25,0.6786,1,145.4286,-0.706,0,1,178.04,21.52,111.22,0.0,0.0,0.0,29.129,0.0055,29.76,2029,H1,Jan-Jun
Trent Boult,New Zealand,Pace Bowler,40.25,0.0,0,168.0,-3.7224,0,1,0.86,5.9,94.06,0.65,11.07,0.0,20.932,0.0044,21.68,2029,H1,Jan-Jun
Will ORourke,New Zealand,Pace Bowler,28.25,1.0,1,78.0,1.0569,1,0,80.95,18.4,130.05,42.01,7.79,0.0,54.969,0.9175,55.33,2029,H1,Jan-Jun
Will Young,New Zealand,Top Order Batter,37.25,0.625,1,129.0,0.3727,0,0,319.72,27.03,114.78,0.0,0.0,0.0,32.003,0.0378,32.49,2029,H1,Jan-Jun
Zak Foulkes,New Zealand,Bowling All-Rounder,27.25,1.0,1,72.0,2.7363,1,0,525.43,38.23,152.85,29.27,8.46,0.0,60.1094,0.0184,59.56,2029,H1,Jan-Jun
Zak Gibson,New Zealand,Pace Bowler,27.25,1.0,1,44.0,1.4501,1,0,42.29,13.33,114.26,24.29,8.5,0.0,40.475,0.2631,40.49,2029,H1,Jan-Jun
Aamir Jamal,Pakistan,Bowling All-Rounder,33.25,1.0,1,104.0,-1.391,0,1,112.76,21.72,122.87,5.68,9.76,0.0,34.8657,0.0074,34.98,2029,H1,Jan-Jun
Abbas Afridi,Pakistan,Pace Bowler,28.25,1.0,1,98.0,-1.7444,0,1,36.2,10.56,138.8,14.43,8.25,0.0,39.1547,0.4379,39.08,2029,H1,Jan-Jun
Abdul Faseeh,Pakistan,Top Order Batter,26.25,1.0,1,30.0,-0.0047,0,0,9.43,9.71,124.67,0.0,0.0,0.0,27.4938,0.2802,28.44,2029,H1,Jan-Jun
Abdul Faseeh Jr,Pakistan,Top Order Batter,26.25,1.0,1,31.0,1.0261,1,0,65.68,16.74,155.91,0.0,0.0,0.0,36.0472,0.3162,36.26,2029,H1,Jan-Jun
Abdul Samad,Pakistan,Middle Order Batter,27.25,1.0,1,108.0,-0.621,0,1,549.59,34.93,158.43,0.0,0.0,0.0,43.7685,0.861,43.96,2029,H1,Jan-Jun
Abdullah Fazal,Pakistan,Middle Order Batter,30.25,1.0,1,64.0,0.4397,0,0,281.67,33.38,133.43,0.0,0.0,0.0,37.5965,0.7811,37.77,2029,H1,Jan-Jun
Abdullah Shafique,Pakistan,Top Order Batter,29.25,1.0,1,138.0,-2.3273,0,1,580.48,37.93,138.84,0.0,0.0,0.0,40.9741,0.7196,41.08,2029,H1,Jan-Jun
Abrar Ahmed,Pakistan,Spin Bowler,30.25,1.0,1,118.0,-5.5395,0,1,83.84,16.19,119.48,18.0,8.13,0.0,39.2457,0.6542,39.21,2029,H1,Jan-Jun
Ahmed Daniyal,Pakistan,Pace Bowler,32.25,1.0,1,80.0,-1.319,0,1,83.75,16.25,132.84,15.72,9.22,0.0,40.4518,0.279,40.42,2029,H1,Jan-Jun
Akif Javed,Pakistan,Pace Bowler,34.25,0.875,1,93.0,-2.4335,0,1,59.63,14.6,125.32,16.09,9.54,0.0,38.5209,0.0401,37.45,2029,H1,Jan-Jun
Ali Raza,Pakistan,Pace Bowler,23.25,1.0,1,53.0,1.9702,1,0,149.0,24.81,175.66,38.0,7.12,0.0,64.2075,0.9082,67.41,2029,H1,Jan-Jun
Ali Usman,Pakistan,Spin Bowler,38.25,0.15,1,69.6,-2.4045,0,1,22.64,11.47,109.22,6.63,8.29,0.0,29.4116,0.0453,29.77,2029,H1,Jan-Jun
Arafat Minhas,Pakistan,Bowling All-Rounder,25.25,1.0,1,72.0,0.7105,1,0,396.55,38.67,169.43,18.77,6.91,0.0,57.902,0.0366,57.75,2029,H1,Jan-Jun
Asif Afridi,Pakistan,Spin Bowler,42.25,0.0,0,74.0,-3.7192,0,1,10.24,9.96,103.71,4.16,8.22,0.0,26.5006,0.0764,27.17,2029,H1,Jan-Jun
Awais Zafar,Pakistan,Middle Order Batter,34.25,1.0,1,87.0,-0.1196,0,0,262.2,28.02,122.33,0.0,0.0,0.0,33.6392,0.1205,33.98,2029,H1,Jan-Jun
Azam Khan,Pakistan,Middle Order Batter,30.25,1.0,1,131.0,-1.3978,0,1,613.75,33.42,171.48,0.0,0.0,0.0,46.0289,0.8671,46.13,2029,H1,Jan-Jun
Azan Awais,Pakistan,Top Order Batter,25.25,1.0,1,60.0,1.4657,1,0,431.12,47.65,154.66,0.0,0.0,0.0,46.7768,0.9223,46.84,2029,H1,Jan-Jun
Babar Azam,Pakistan,Top Order Batter,34.25,0.9583,1,319.6667,-4.002,0,1,947.04,41.47,123.36,0.0,0.0,0.0,40.1189,0.7632,40.03,2029,H1,Jan-Jun
Faheem Ashraf,Pakistan,Bowling All-Rounder,35.25,0.5833,1,168.6667,-5.63,0,1,298.21,26.05,135.89,16.45,8.77,0.0,45.2851,0.0041,44.05,2029,H1,Jan-Jun
Faisal Akram,Pakistan,Spin Bowler,26.25,1.0,1,71.0,-0.8802,0,1,60.99,13.58,139.8,20.47,6.99,0.0,43.951,0.5883,44.0,2029,H1,Jan-Jun
Fakhar Zaman,Pakistan,Top Order Batter,39.25,0.0,0,250.0,-3.7993,0,1,256.16,32.05,139.68,0.0,0.0,0.0,38.3235,0.0224,38.75,2029,H1,Jan-Jun
Ghazi Ghori,Pakistan,Wicketkeeper,25.25,1.0,1,55.0,1.5715,1,0,322.24,43.82,162.69,0.0,0.0,0.0,46.812,0.7375,46.88,2029,H1,Jan-Jun
Haris Rauf,Pakistan,Pace Bowler,35.25,0.375,1,185.0,-5.3646,0,1,43.69,12.71,119.18,17.84,9.29,0.0,37.6419,0.0126,36.68,2029,H1,Jan-Jun
Hasan Ali,Pakistan,Pace Bowler,34.25,0.875,1,207.0,-6.3549,0,1,216.28,11.59,130.59,28.15,9.46,0.0,45.5119,0.6674,44.09,2029,H1,Jan-Jun
Haseebullah Khan,Pakistan,Wicketkeeper,25.25,1.0,1,75.0,0.7097,1,0,447.21,35.7,148.0,0.0,0.0,0.0,41.6755,0.6325,41.86,2029,H1,Jan-Jun
Hassan Nawaz,Pakistan,Middle Order Batter,25.25,1.0,1,63.0,2.7233,1,0,692.6,57.16,184.88,0.0,0.0,0.0,56.5129,0.9578,56.45,2029,H1,Jan-Jun
Hussain Talat,Pakistan,Batting All-Rounder,33.25,1.0,1,142.0,-2.7353,0,1,473.13,27.19,130.58,10.01,8.97,0.0,41.6197,0.1165,41.62,2029,H1,Jan-Jun
Iftikhar Ahmed,Pakistan,Batting All-Rounder,38.25,0.0,0,220.0,-5.7398,0,1,215.3,29.7,129.32,4.31,8.91,0.0,38.3988,0.0039,38.05,2029,H1,Jan-Jun
Imad Wasim,Pakistan,Bowling All-Rounder,40.25,0.0,0,300.0,-14.1405,0,1,18.9,19.14,111.54,3.0,9.05,0.0,30.2262,0.001,31.02,2029,H1,Jan-Jun
Imam-ul-Haq,Pakistan,Top Order Batter,33.25,1.0,1,169.0,-2.0171,0,1,409.91,35.58,124.59,0.0,0.0,0.0,36.9339,0.5523,37.06,2029,H1,Jan-Jun
Irfan Khan,Pakistan,Top Order Batter,27.25,1.0,1,89.0,1.185,1,0,549.24,43.62,147.35,0.0,0.0,0.0,44.384,0.9167,44.42,2029,H1,Jan-Jun
Jahandad Khan,Pakistan,Bowling All-Rounder,26.25,1.0,1,68.0,1.3953,1,0,349.45,40.62,164.53,15.29,7.76,0.0,55.3334,0.016,55.37,2029,H1,Jan-Jun
Kamran Ghulam,Pakistan,Top Order Batter,33.25,1.0,1,117.0,0.1517,0,0,480.44,33.49,126.55,0.0,0.0,0.0,36.8487,0.4148,36.95,2029,H1,Jan-Jun
Kashif Ali,Pakistan,Pace Bowler,27.25,1.0,1,65.0,-0.4077,0,0,114.35,18.01,156.47,17.56,7.69,0.0,47.0485,0.7119,46.89,2029,H1,Jan-Jun
Khawaja Nafay,Pakistan,Wicketkeeper,27.25,1.0,1,77.0,1.7416,1,0,765.76,52.19,183.6,0.0,0.0,0.0,54.8737,0.8563,54.79,2029,H1,Jan-Jun
Khurram Shahzad,Pakistan,Pace Bowler,34.25,0.9643,1,91.8571,-1.5299,0,1,78.82,14.42,120.81,17.39,9.0,0.0,38.4217,0.1293,38.11,2029,H1,Jan-Jun
Khushdil Shah,Pakistan,Batting All-Rounder,34.25,0.9583,1,169.6667,-4.2287,0,1,625.09,31.46,144.37,15.28,8.9,0.0,48.9704,0.2518,48.79,2029,H1,Jan-Jun
Maaz Sadaqat,Pakistan,Batting All-Rounder,24.25,1.0,1,58.0,2.134,1,0,514.27,53.72,194.9,13.71,6.74,0.0,65.417,0.9405,67.09,2029,H1,Jan-Jun
Mir Hamza,Pakistan,Pace Bowler,36.25,0.7917,1,77.3333,-1.4398,0,1,20.24,7.12,104.11,10.97,9.73,0.0,29.0665,0.0233,29.51,2029,H1,Jan-Jun
Mohammad Abbas,Pakistan,Pace Bowler,39.25,0.2917,1,56.3333,-1.1655,0,1,14.69,7.18,98.11,5.29,9.67,0.0,24.8573,0.0189,24.89,2029,H1,Jan-Jun
Mohammad Ali,Pakistan,Pace Bowler,35.25,0.7917,1,93.3333,-1.8843,0,1,62.67,11.13,123.23,15.74,9.72,0.0,36.7881,0.0332,36.03,2029,H1,Jan-Jun
Mohammad Amir,Pakistan,Pace Bowler,37.25,0.35,1,250.8,-10.3315,0,1,4.82,7.09,99.04,6.72,9.83,0.0,25.7243,0.0155,25.95,2029,H1,Jan-Jun
Mohammad Faiq,Pakistan,Middle Order Batter,26.25,1.0,1,54.0,1.9892,1,0,336.8,39.61,162.79,0.0,0.0,0.0,45.5205,0.6389,45.55,2029,H1,Jan-Jun
Mohammad Haris,Pakistan,Wicketkeeper,28.25,1.0,1,121.0,0.4973,0,0,731.15,35.92,164.16,0.0,0.0,0.0,45.7302,0.7659,45.89,2029,H1,Jan-Jun
Mohammad Hasnain,Pakistan,Pace Bowler,29.25,1.0,1,154.0,-3.9654,0,1,63.81,11.04,140.12,28.54,8.24,0.0,47.2106,0.509,47.04,2029,H1,Jan-Jun
Mohammad Huraira,Pakistan,Middle Order Batter,27.25,1.0,1,84.0,1.4568,1,0,650.96,41.83,146.86,0.0,0.0,0.0,44.0032,0.7842,44.17,2029,H1,Jan-Jun
Mohammad Nawaz,Pakistan,Bowling All-Rounder,35.25,0.75,1,233.2,-7.9443,0,1,403.99,22.61,122.31,20.67,8.8,0.0,44.0713,0.0066,42.68,2029,H1,Jan-Jun
Mohammad Rizwan,Pakistan,Wicketkeeper,37.25,0.4583,1,251.6667,-3.8979,0,1,503.93,42.05,126.57,0.0,0.0,0.0,39.67,0.0102,40.4,2029,H1,Jan-Jun
Mohammad Wasim,Pakistan,Pace Bowler,28.25,1.0,1,112.0,-2.8649,0,1,65.17,12.81,135.83,22.96,8.17,0.0,43.9659,0.4088,44.0,2029,H1,Jan-Jun
Mubasir Khan,Pakistan,Bowling All-Rounder,27.25,1.0,1,92.0,0.1503,0,0,396.77,35.99,160.79,17.7,7.42,0.0,54.6251,0.0082,54.31,2029,H1,Jan-Jun
Naseem Shah,Pakistan,Pace Bowler,26.25,1.0,1,128.0,-3.2703,0,1,67.14,12.8,138.8,28.16,7.46,0.0,47.5098,0.6337,47.35,2029,H1,Jan-Jun
Noman Ali,Pakistan,Spin Bowler,43.25,0.0,0,45.0,-0.9245,0,1,6.53,6.48,86.62,3.84,7.76,0.0,21.951,0.0697,22.44,2029,H1,Jan-Jun
Omair Yousuf,Pakistan,Top Order Batter,31.25,1.0,1,94.0,0.3171,0,0,444.36,31.91,127.38,0.0,0.0,0.0,36.4009,0.6024,36.55,2029,H1,Jan-Jun
Qasim Akram,Pakistan,Batting All-Rounder,26.25,1.0,1,99.0,0.4116,0,0,260.42,30.3,155.71,12.01,7.38,0.0,48.3715,0.7695,48.32,2029,H1,Jan-Jun
Saad Masood,Pakistan,Top Order Batter,27.25,1.0,1,55.0,2.1277,1,0,382.94,44.52,155.05,0.0,0.0,0.0,45.7101,0.9002,45.71,2029,H1,Jan-Jun
Sahibzada Farhan,Pakistan,Wicketkeeper,33.25,1.0,1,198.0,-0.6465,0,1,1012.53,40.05,144.24,0.0,0.0,0.0,43.9495,0.5165,44.17,2029,H1,Jan-Jun
Saim Ayub,Pakistan,Batting All-Rounder,27.25,1.0,1,129.0,-1.6086,0,1,882.03,38.24,156.84,15.62,8.06,0.0,54.686,0.7301,54.67,2029,H1,Jan-Jun
Sajid Khan,Pakistan,Spin Bowler,36.25,0.4375,1,83.0,-2.5628,0,1,34.64,10.85,108.73,11.42,8.22,0.0,31.7326,0.0444,31.66,2029,H1,Jan-Jun
Salman Ali Agha,Pakistan,Batting All-Rounder,35.25,0.75,1,173.2,-5.2223,0,1,935.58,36.26,134.42,10.82,8.29,0.0,47.1775,0.057,44.98,2029,H1,Jan-Jun
Salman Mirza,Pakistan,Pace Bowler,32.25,1.0,1,69.0,-0.3366,0,0,81.71,12.49,137.5,18.64,8.83,0.0,41.7883,0.2023,41.96,2029,H1,Jan-Jun
Sarfaraz Ahmed,Pakistan,Wicketkeeper,42.25,0.0,0,270.0,-3.4778,0,1,0.0,15.26,106.17,0.0,0.0,0.0,25.6176,0.0059,26.8,2029,H1,Jan-Jun
Saud Shakeel,Pakistan,Top Order Batter,34.25,1.0,1,120.0,0.0249,0,0,483.25,32.2,122.59,0.0,0.0,0.0,35.6647,0.3406,35.88,2029,H1,Jan-Jun
Shadab Khan,Pakistan,Bowling All-Rounder,31.25,1.0,1,246.0,-9.2801,0,1,776.42,30.54,153.77,33.23,7.6,0.0,60.8554,0.015,60.51,2029,H1,Jan-Jun
Shaheen Afridi,Pakistan,Pace Bowler,29.25,1.0,1,201.0,-6.3658,0,1,75.4,12.51,128.01,41.72,7.77,0.0,52.5096,0.9026,52.29,2029,H1,Jan-Jun
Shahzaib Khan,Pakistan,Top Order Batter,27.25,1.0,1,58.0,1.912,1,0,346.29,41.89,165.42,0.0,0.0,0.0,46.7966,0.8813,46.85,2029,H1,Jan-Jun
Shamyl Hussain,Pakistan,Middle Order Batter,24.25,1.0,1,57.0,2.6612,1,0,531.5,55.66,191.53,0.0,0.0,0.0,56.8766,0.942,56.81,2029,H1,Jan-Jun
Shan Masood,Pakistan,Top Order Batter,39.25,0.0,0,111.0,-1.0017,0,1,97.88,23.42,113.16,0.0,0.0,0.0,29.8914,0.0103,30.7,2029,H1,Jan-Jun
Sufiyan Muqeem,Pakistan,Spin Bowler,28.25,1.0,1,80.0,-0.0545,0,0,127.33,19.65,160.64,34.17,6.68,0.0,57.6224,0.9119,57.74,2029,H1,Jan-Jun
Tayyab Tahir,Pakistan,Top Order Batter,35.25,0.95,1,133.4,0.0052,0,0,636.93,34.48,137.32,0.22,8.64,0.0,40.5695,0.1382,40.18,2029,H1,Jan-Jun
Ubaid Shah,Pakistan,Pace Bowler,24.25,1.0,1,60.0,0.4997,0,0,108.79,15.48,171.17,28.95,6.98,0.0,55.4049,0.8988,55.34,2029,H1,Jan-Jun
Usama Mir,Pakistan,Spin Bowler,33.25,1.0,1,108.0,-2.3497,0,1,138.16,19.58,136.88,21.79,7.81,0.0,46.0119,0.8579,45.97,2029,H1,Jan-Jun
Usman Khan,Pakistan,Wicketkeeper,33.25,1.0,1,151.0,-1.0472,0,1,622.38,32.77,145.08,0.0,0.0,0.0,40.6611,0.266,40.81,2029,H1,Jan-Jun
Usman Tariq,Pakistan,Spin Bowler,30.25,1.0,1,72.0,0.3567,0,0,116.19,17.87,148.78,30.48,7.22,0.0,52.5474,0.9575,52.29,2029,H1,Jan-Jun
Yasir Khan,Pakistan,Middle Order Batter,26.25,1.0,1,64.0,1.9169,1,0,488.61,46.5,171.92,0.0,0.0,0.0,49.9605,0.8703,49.95,2029,H1,Jan-Jun
Zahid Mahmood,Pakistan,Pace Bowler,41.25,0.0,0,69.0,-2.0237,0,1,10.9,8.76,101.19,3.78,11.15,0.0,24.9474,0.0062,25.61,2029,H1,Jan-Jun
Zaman Khan,Pakistan,Pace Bowler,27.25,1.0,1,97.0,-1.551,0,1,89.09,14.2,146.62,28.52,8.21,0.0,49.5702,0.3581,49.32,2029,H1,Jan-Jun
Aiden Markram,South Africa,Top Order Batter,34.25,0.9167,1,213.3333,-4.6359,0,1,755.88,35.18,136.84,12.89,8.43,0.0,47.8722,0.574,46.78,2029,H1,Jan-Jun
Alfred Mothoa,South Africa,Pace Bowler,27.25,1.0,1,53.0,1.813,1,0,100.45,15.86,157.91,28.73,7.51,0.0,52.6327,0.5326,52.7,2029,H1,Jan-Jun
Andile Phehlukwayo,South Africa,Bowling All-Rounder,33.25,1.0,1,191.0,-5.8101,0,1,382.58,23.86,136.05,23.83,9.01,0.0,48.764,0.0067,48.56,2029,H1,Jan-Jun
Andile Simelane,South Africa,Bowling All-Rounder,25.25,1.0,1,69.0,0.5069,1,0,248.97,29.8,168.55,17.66,7.71,0.0,53.6417,0.0182,53.61,2029,H1,Jan-Jun
Anrich Nortje,South Africa,Pace Bowler,35.25,0.75,1,134.2,-3.3832,0,1,26.74,10.44,112.95,21.59,9.52,0.0,37.6122,0.0261,36.34,2029,H1,Jan-Jun
Beyers Swanepoel,South Africa,Pace Bowler,28.25,1.0,1,65.0,1.1181,1,0,135.96,17.72,154.12,29.94,7.98,0.0,53.1204,0.6508,53.03,2029,H1,Jan-Jun
Bjorn Fortuin,South Africa,Spin Bowler,34.25,0.9375,1,136.0,-3.8407,0,1,68.31,11.32,115.03,24.11,8.28,0.0,40.0043,0.2548,39.54,2029,H1,Jan-Jun
Clyde Fortuin,South Africa,Wicketkeeper,33.25,1.0,1,113.0,-0.143,0,0,309.26,26.8,124.76,0.0,0.0,0.0,33.8588,0.0501,34.12,2029,H1,Jan-Jun
Codi Yusuf,South Africa,Pace Bowler,27.25,1.0,1,62.0,0.9504,1,0,77.0,13.05,140.82,25.26,8.29,0.0,46.263,0.3855,46.2,2029,H1,Jan-Jun
Connor Esterhuizen,South Africa,Wicketkeeper,24.25,1.0,1,54.0,4.7417,1,0,635.56,57.52,192.43,0.0,0.0,0.0,57.9481,0.5965,57.98,2029,H1,Jan-Jun
Corbin Bosch,South Africa,Bowling All-Rounder,34.25,1.0,1,124.0,-0.3171,0,0,700.42,36.2,144.92,20.14,9.1,0.0,53.3846,0.0042,53.28,2029,H1,Jan-Jun
Dane Paterson,South Africa,Pace Bowler,38.25,0.0,0,98.0,-3.2199,0,1,8.94,7.3,102.83,6.07,10.12,0.0,26.1564,0.0179,26.94,2029,H1,Jan-Jun
Dane Piedt,South Africa,Spin Bowler,39.25,0.0,0,72.0,-2.2129,0,1,13.27,9.43,111.79,6.13,8.25,0.0,28.9747,0.1049,29.37,2029,H1,Jan-Jun
Daniel Smith,South Africa,Wicketkeeper,28.25,1.0,1,71.0,3.2974,1,0,635.83,55.81,191.66,0.0,0.0,0.0,57.2483,0.3362,56.91,2029,H1,Jan-Jun
David Bedingham,South Africa,Middle Order Batter,35.25,0.9688,1,100.0,0.8091,1,0,516.36,38.75,148.61,0.0,0.0,0.0,42.9728,0.6013,42.61,2029,H1,Jan-Jun
David Miller,South Africa,Middle Order Batter,40.25,0.0,0,275.0,-5.4725,0,1,102.8,31.41,136.61,0.0,0.0,0.0,37.0771,0.0268,37.46,2029,H1,Jan-Jun
Dayyaan Galiem,South Africa,Bowling All-Rounder,31.25,1.0,1,81.0,-0.3724,0,0,326.37,28.4,147.91,13.64,8.18,0.0,47.0961,0.0059,47.18,2029,H1,Jan-Jun
Delano Potgieter,South Africa,Bowling All-Rounder,32.25,1.0,1,84.0,0.8641,1,0,446.71,35.18,159.29,22.03,8.43,0.0,56.2954,0.0083,56.39,2029,H1,Jan-Jun
Dewald Brevis,South Africa,Middle Order Batter,26.25,1.0,1,131.0,3.1095,1,0,1588.73,53.11,185.12,11.14,8.22,0.0,64.5984,0.9059,67.39,2029,H1,Jan-Jun
Dian Forrester,South Africa,Batting All-Rounder,29.25,1.0,1,57.0,4.222,1,0,895.29,48.44,163.51,12.15,7.56,0.0,57.5721,0.878,57.76,2029,H1,Jan-Jun
Donovan Ferreira,South Africa,Batting All-Rounder,31.25,1.0,1,119.0,-0.8932,0,1,717.02,38.69,172.26,15.08,8.31,0.0,57.0426,0.6516,56.76,2029,H1,Jan-Jun
Eathan Bosch,South Africa,Pace Bowler,31.25,1.0,1,102.0,-2.1321,0,1,68.07,11.72,137.27,23.15,8.46,0.0,43.9467,0.3731,44.0,2029,H1,Jan-Jun
Gavin Kaplan,South Africa,Middle Order Batter,26.25,1.0,1,60.0,4.2073,1,0,693.39,56.2,191.64,0.0,0.0,0.0,57.534,0.9028,57.81,2029,H1,Jan-Jun
George Linde,South Africa,Bowling All-Rounder,37.25,0.0,0,127.0,-4.6307,0,1,91.67,22.51,123.39,8.09,8.6,0.0,36.6566,0.002,36.01,2029,H1,Jan-Jun
Gerald Coetzee,South Africa,Pace Bowler,28.25,1.0,1,108.0,-1.4403,0,1,65.15,13.45,153.94,36.96,7.62,0.0,55.3602,0.6814,55.32,2029,H1,Jan-Jun
Gideon Peters,South Africa,Pace Bowler,27.25,1.0,1,60.0,1.223,1,0,100.63,14.25,152.69,28.48,7.93,0.0,50.8531,0.5479,50.58,2029,H1,Jan-Jun
Heinrich Klaasen,South Africa,Wicketkeeper,38.25,0.0,0,225.0,-3.319,0,1,254.63,44.11,175.47,0.0,0.0,0.0,49.2214,0.0625,46.86,2029,H1,Jan-Jun
Jason Smith,South Africa,Batting All-Rounder,34.25,1.0,1,104.0,0.5575,1,0,512.11,40.05,152.31,14.7,8.59,0.0,52.7157,0.5827,52.74,2029,H1,Jan-Jun
Jordan Hermann,South Africa,Top Order Batter,27.25,1.0,1,69.0,4.3332,1,0,757.6,58.74,181.73,0.0,0.0,0.0,56.5877,0.9562,56.53,2029,H1,Jan-Jun
Junaid Dawood,South Africa,Spin Bowler,27.25,1.0,1,55.0,1.4422,1,0,101.33,16.63,161.89,28.97,6.98,0.0,53.9417,0.8812,53.9,2029,H1,Jan-Jun
Junior Dala,South Africa,Pace Bowler,39.25,0.0,0,95.0,-3.7511,0,1,10.67,9.7,118.02,4.96,10.16,0.0,29.3145,0.0213,30.04,2029,H1,Jan-Jun
Kagiso Rabada,South Africa,Pace Bowler,34.25,0.95,1,219.4,-6.8845,0,1,54.18,9.94,121.99,38.5,8.85,0.0,48.4842,0.5825,47.93,2029,H1,Jan-Jun
Keshav Maharaj,South Africa,Spin Bowler,39.25,0.0,0,152.0,-5.6275,0,1,43.35,16.46,117.83,9.04,8.02,0.0,34.116,0.0398,34.14,2029,H1,Jan-Jun
Kwena Maphaka,South Africa,Pace Bowler,23.25,1.0,1,80.0,0.5585,1,0,144.43,20.59,163.32,34.92,7.66,0.0,58.6191,0.8163,57.78,2029,H1,Jan-Jun
Kyle Simmonds,South Africa,Spin Bowler,30.25,1.0,1,74.0,0.0644,0,0,126.56,16.5,144.45,30.41,7.25,0.0,51.2407,0.8717,51.11,2029,H1,Jan-Jun
Kyle Verreynne,South Africa,Wicketkeeper,31.25,1.0,1,111.0,0.2038,0,0,479.77,40.75,152.74,0.0,0.0,0.0,44.3218,0.4609,44.42,2029,H1,Jan-Jun
Lesego Senokwane,South Africa,Top Order Batter,30.25,1.0,1,74.0,1.9391,1,0,510.14,46.59,175.74,0.0,0.0,0.0,50.801,0.9217,50.79,2029,H1,Jan-Jun
Lesiba Ngoepe,South Africa,Top Order Batter,33.25,1.0,1,74.0,1.363,1,0,346.19,33.29,144.88,0.0,0.0,0.0,40.0001,0.4607,40.08,2029,H1,Jan-Jun
Lhuan-dre Pretorius,South Africa,Wicketkeeper,23.25,1.0,1,73.0,5.6486,1,0,1244.52,60.05,213.89,0.0,0.0,0.0,64.7139,0.9041,67.6,2029,H1,Jan-Jun
Lizaad Williams,South Africa,Pace Bowler,35.25,0.75,1,110.2,-2.386,0,1,33.57,9.45,121.08,20.07,9.01,0.0,38.183,0.0274,36.97,2029,H1,Jan-Jun
Lungi Ngidi,South Africa,Pace Bowler,33.25,1.0,1,163.0,-3.4826,0,1,64.33,11.93,116.34,34.82,9.5,0.0,45.9571,0.4031,45.98,2029,H1,Jan-Jun
Lutho Sipamla,South Africa,Pace Bowler,31.25,1.0,1,105.0,-1.9532,0,1,49.96,12.24,131.88,21.99,8.52,0.0,42.3698,0.2176,42.35,2029,H1,Jan-Jun
Marco Jansen,South Africa,Bowling All-Rounder,29.25,1.0,1,158.0,-4.419,0,1,461.88,34.22,157.19,32.27,7.85,0.0,61.2347,0.01,60.74,2029,H1,Jan-Jun
Matthew Boast,South Africa,Pace Bowler,28.25,1.0,1,57.0,1.1296,1,0,95.63,14.84,152.08,26.24,7.68,0.0,49.7686,0.5554,49.76,2029,H1,Jan-Jun
Matthew Breetzke,South Africa,Top Order Batter,30.25,1.0,1,128.0,1.4141,1,0,750.56,41.85,155.71,0.0,0.0,0.0,46.0318,0.8525,46.13,2029,H1,Jan-Jun
Meeka-eel Prince,South Africa,Wicketkeeper,24.25,1.0,1,64.0,3.4728,1,0,509.01,55.51,190.74,0.0,0.0,0.0,56.609,0.4286,56.53,2029,H1,Jan-Jun
Mihlali Mpongwana,South Africa,Pace Bowler,29.25,1.0,1,78.0,-0.2137,0,0,76.3,14.44,155.35,30.06,7.58,0.0,52.2994,0.6871,52.29,2029,H1,Jan-Jun
Nandre Burger,South Africa,Pace Bowler,34.25,1.0,1,89.0,-0.4825,0,0,50.68,12.38,124.44,25.89,9.45,0.0,42.8758,0.2541,42.91,2029,H1,Jan-Jun
Nqaba Peter,South Africa,Spin Bowler,28.25,1.0,1,77.0,0.7718,1,0,137.74,20.56,164.66,38.07,6.87,0.0,60.7628,0.9634,59.64,2029,H1,Jan-Jun
Nqobani Mokoena,South Africa,Pace Bowler,23.25,1.0,1,55.0,5.4474,1,0,277.3,29.52,169.57,51.92,7.29,0.0,72.3029,0.9225,69.41,2029,H1,Jan-Jun
Ottneil Baartman,South Africa,Pace Bowler,36.25,0.55,1,87.0,-1.7211,0,1,29.91,10.26,120.92,16.57,9.15,0.0,36.5007,0.0147,35.76,2029,H1,Jan-Jun
Patrick Kruger,South Africa,Bowling All-Rounder,33.25,1.0,1,94.0,-0.0171,0,0,347.47,31.02,140.24,18.73,9.18,0.0,49.0236,0.0027,49.12,2029,H1,Jan-Jun
Prenelan Subrayen,South Africa,Spin Bowler,35.25,0.9583,1,95.6667,-1.4844,0,1,149.42,19.96,124.31,29.41,7.83,0.0,47.7767,0.6431,46.93,2029,H1,Jan-Jun
Quinton de Kock,South Africa,Wicketkeeper,36.25,0.0,0,250.0,-4.7413,0,1,61.46,32.11,138.57,0.0,0.0,0.0,37.5688,0.0068,38.18,2029,H1,Jan-Jun
Rassie van der Dussen,South Africa,Middle Order Batter,40.25,0.0,0,190.0,-3.4925,0,1,146.04,37.69,126.96,0.0,0.0,0.0,37.3236,0.0267,37.95,2029,H1,Jan-Jun
Reeza Hendricks,South Africa,Top Order Batter,40.25,0.0,0,184.0,-3.3506,0,1,133.52,29.23,137.06,0.0,0.0,0.0,36.5527,0.0233,36.75,2029,H1,Jan-Jun
Rubin Hermann,South Africa,Wicketkeeper,29.25,1.0,1,87.0,2.9463,1,0,920.91,58.33,183.53,0.0,0.0,0.0,57.2758,0.5187,56.91,2029,H1,Jan-Jun
Ryan Rickelton,South Africa,Wicketkeeper,33.25,1.0,1,147.0,-0.1004,0,0,838.64,46.57,161.84,0.0,0.0,0.0,49.0035,0.5924,49.19,2029,H1,Jan-Jun
Senuran Muthusamy,South Africa,Bowling All-Rounder,34.25,1.0,1,117.0,-1.1974,0,1,377.51,31.11,144.01,22.46,8.09,0.0,52.0938,0.0074,51.98,2029,H1,Jan-Jun
Shaun von Berg,South Africa,Spin Bowler,42.25,0.0,0,87.0,-2.6026,0,1,17.84,15.01,116.02,7.44,7.69,0.0,32.4433,0.1156,32.65,2029,H1,Jan-Jun
Simon Harmer,South Africa,Spin Bowler,40.25,0.0,0,108.0,-3.8085,0,1,39.44,14.35,112.69,8.82,8.07,0.0,32.2884,0.0404,32.39,2029,H1,Jan-Jun
Sinethemba Qeshile,South Africa,Wicketkeeper,29.25,1.0,1,93.0,0.9855,1,0,486.62,38.89,155.57,0.0,0.0,0.0,44.2994,0.6316,44.42,2029,H1,Jan-Jun
Tabraiz Shamsi,South Africa,Spin Bowler,39.25,0.125,1,187.0,-6.4223,0,1,36.91,13.22,121.37,17.53,7.53,0.0,38.421,0.1745,37.24,2029,H1,Jan-Jun
Temba Bavuma,South Africa,Top Order Batter,39.25,0.0,0,103.0,-0.8742,0,1,67.94,25.64,117.62,0.0,0.0,0.0,31.3949,0.0091,32.05,2029,H1,Jan-Jun
Tony de Zorzi,South Africa,Top Order Batter,32.25,1.0,1,102.0,0.6683,1,0,411.37,33.55,141.43,0.0,0.0,0.0,39.5924,0.6634,39.74,2029,H1,Jan-Jun
Tristan Stubbs,South Africa,Middle Order Batter,28.25,1.0,1,131.0,2.0421,1,0,1121.8,56.69,184.38,9.31,8.38,0.0,63.2549,0.833,61.97,2029,H1,Jan-Jun
Tshepo Moreki,South Africa,Pace Bowler,34.25,1.0,1,87.0,-1.016,0,1,68.13,11.82,130.49,23.23,8.9,0.0,42.6045,0.1713,42.55,2029,H1,Jan-Jun
Wiaan Mulder,South Africa,Batting All-Rounder,31.25,1.0,1,142.0,-1.8822,0,1,599.31,36.88,149.11,22.44,8.26,0.0,55.5343,0.5588,55.35,2029,H1,Jan-Jun
A Dananjaya,Sri Lanka,Spin Bowler,30.25,1.0,1,81.0,0.2211,0,0,121.6,6.51,83.37,23.46,9.48,0.0,31.821,0.1991,31.32,2029,H1,Jan-Jun
Ahan Wickramasinghe,Sri Lanka,Middle Order Batter,27.25,1.0,1,67.0,0.4929,0,0,203.47,23.78,151.62,0.0,0.0,0.0,37.8603,0.752,37.99,2029,H1,Jan-Jun
Ashian Daniel,Sri Lanka,Spin Bowler,28.25,1.0,1,75.0,-1.5075,0,1,15.55,3.82,135.44,7.33,9.26,0.0,32.2706,0.4936,32.52,2029,H1,Jan-Jun
Asitha Fernando,Sri Lanka,Pace Bowler,33.25,1.0,1,75.0,0.1024,0,0,73.99,8.77,55.07,24.09,9.43,0.0,27.2003,0.1201,26.97,2029,H1,Jan-Jun
Avishka Fernando,Sri Lanka,Top Order Batter,31.25,1.0,1,66.0,0.4543,0,0,163.23,18.66,145.52,0.0,0.0,0.0,34.9026,0.5324,35.08,2029,H1,Jan-Jun
Bhanuka Rajapaksa,Sri Lanka,Middle Order Batter,37.25,0.625,1,60.0,-0.3592,0,0,218.02,21.2,109.89,0.0,0.0,0.0,28.8792,0.017,29.54,2029,H1,Jan-Jun
Binura Fernando,Sri Lanka,Pace Bowler,34.25,1.0,1,75.0,-0.0578,0,0,159.04,11.86,56.91,23.83,11.13,0.0,28.4193,0.3005,28.23,2029,H1,Jan-Jun
Chamika Karunaratne,Sri Lanka,Bowling All-Rounder,33.25,1.0,1,94.0,-3.4557,0,1,269.86,7.87,121.95,14.94,9.88,0.0,35.6278,0.0104,35.67,2029,H1,Jan-Jun
Chamindu Wickramasinghe,Sri Lanka,Bowling All-Rounder,27.25,1.0,1,52.0,-0.0012,0,0,121.31,10.97,163.73,6.85,7.48,0.0,40.5462,0.80088,40.59,2029,H1,Jan-Jun
Chamindu Wijesinghe,Sri Lanka,Batting All-Rounder,27.25,1.0,1,59.0,-0.5596,0,1,69.15,17.17,127.59,5.13,6.82,0.0,34.5621,0.064,34.73,2029,H1,Jan-Jun
Charith Asalanka,Sri Lanka,Middle Order Batter,32.25,1.0,1,94.0,-0.6559,0,1,601.46,36.01,137.26,0.0,0.0,0.0,40.1069,0.8571,40.17,2029,H1,Jan-Jun
Dasun Shanaka,Sri Lanka,Batting All-Rounder,38.25,0.5357,1,53.7143,-0.6268,0,1,555.13,7.0,100.02,6.34,11.73,0.0,27.013,0.005,27.43,2029,H1,Jan-Jun
Dhananjaya Lakshan,Sri Lanka,Bowling All-Rounder,31.25,1.0,1,89.0,-2.4328,0,1,184.19,25.95,109.99,16.58,10.15,0.0,39.6831,0.0087,39.7,2029,H1,Jan-Jun
Dhananjaya de Silva,Sri Lanka,Batting All-Rounder,38.25,0.4583,1,56.6667,-1.1941,0,1,226.13,14.21,107.38,4.98,8.23,0.0,29.6406,0.0027,30.31,2029,H1,Jan-Jun
Dilshan Madushanka,Sri Lanka,Pace Bowler,28.25,1.0,1,89.0,-0.6967,0,1,107.67,0.47,104.75,25.02,8.01,0.0,35.1598,0.478,34.5,2029,H1,Jan-Jun
Sachindu Colombage,Sri Lanka,Spin Bowler,28.25,1.0,1,82.0,1.328,1,0,29.46,2.85,132.77,17.93,5.78,0.0,38.1132,0.9484,38.11,2029,H1,Jan-Jun
Dinesh Chandimal,Sri Lanka,Wicketkeeper,39.25,0.3929,1,67.0,1.1167,1,0,373.0,27.55,137.14,0.0,0.0,0.0,36.7126,0.0141,36.98,2029,H1,Jan-Jun
Dulaj Samuditha,Sri Lanka,Bowling All-Rounder,27.25,1.0,1,58.0,-0.9467,0,1,76.24,21.07,99.12,2.9,7.73,0.0,28.7959,0.0017,29.39,2029,H1,Jan-Jun
Dulnith Sigera,Sri Lanka,Batting All-Rounder,22.25,1.0,1,58.0,-1.5247,0,1,91.11,19.03,144.39,4.57,8.55,0.0,37.7838,0.1008,37.91,2029,H1,Jan-Jun
Dunith Wellalage,Sri Lanka,Bowling All-Rounder,26.25,1.0,1,59.0,-1.366,0,1,92.83,6.67,121.79,6.72,6.58,0.0,31.0482,0.9224,31.51,2029,H1,Jan-Jun
Dushan Hemantha,Sri Lanka,Bowling All-Rounder,34.25,0.9167,1,71.3333,-2.3672,0,1,349.19,14.77,106.21,7.09,9.37,0.0,30.8551,0.0068,31.38,2029,H1,Jan-Jun
Dushmantha Chameera,Sri Lanka,Pace Bowler,37.25,0.7917,1,70.3333,1.9658,1,0,141.41,12.97,53.89,46.13,11.76,0.0,40.0122,0.5549,38.51,2029,H1,Jan-Jun
Eshan Malinga,Sri Lanka,Pace Bowler,27.25,1.0,1,55.0,-1.4532,0,1,41.15,2.52,107.26,1.38,8.54,0.0,23.3385,0.0177,23.77,2029,H1,Jan-Jun
Garuka Sanketh,Sri Lanka,Pace Bowler,27.25,1.0,1,53.0,0.3614,0,0,53.34,6.73,132.49,13.74,6.51,0.0,36.8417,0.7672,36.82,2029,H1,Jan-Jun
Isitha Wijesundera,Sri Lanka,Pace Bowler,32.25,1.0,1,53.0,0.192,0,0,49.51,5.21,108.31,0.0,0.0,0.0,22.9501,0.0839,24.01,2029,H1,Jan-Jun
Janishka Perera,Sri Lanka,Top Order Batter,28.25,1.0,1,54.0,-0.5993,0,1,116.08,10.82,118.27,0.0,0.0,0.0,26.8984,0.1402,28.14,2029,H1,Jan-Jun
Janith Liyanage,Sri Lanka,Batting All-Rounder,33.25,1.0,1,78.0,-0.1418,0,0,428.18,25.2,110.74,14.2,8.22,0.0,39.3517,0.1813,39.28,2029,H1,Jan-Jun
Jeffrey Vandersay,Sri Lanka,Spin Bowler,39.25,0.0,0,47.0,-0.4163,0,0,12.73,4.96,103.06,5.14,8.51,0.0,25.2377,0.168,25.51,2029,H1,Jan-Jun
Viran Chamuditha,Sri Lanka,Top Order Batter,25.25,1.0,1,65.0,-0.6104,0,1,180.12,24.15,130.34,0.0,0.0,0.0,31.5135,0.4525,31.71,2029,H1,Jan-Jun
Kamindu Mendis,Sri Lanka,Batting All-Rounder,30.25,1.0,1,96.0,0.8297,1,0,541.12,44.39,146.43,42.38,8.66,0.0,67.8583,0.9015,67.04,2029,H1,Jan-Jun
Kasun Rajitha,Sri Lanka,Pace Bowler,36.25,0.7917,1,66.3333,0.8787,1,0,101.46,13.06,75.61,16.22,7.96,0.0,28.7612,0.033,28.53,2029,H1,Jan-Jun
Kavija Gamage,Sri Lanka,Spin Bowler,22.25,1.0,1,81.0,-0.5785,0,1,58.23,10.11,119.3,14.97,7.83,0.0,35.6294,0.83,35.67,2029,H1,Jan-Jun
Keshara Nuwantha,Sri Lanka,Bowling All-Rounder,27.25,1.0,1,60.0,0.5893,1,0,171.29,19.33,155.28,0.0,0.0,0.0,37.0572,0.0236,37.22,2029,H1,Jan-Jun
Kusal Mendis,Sri Lanka,Wicketkeeper,34.25,0.875,1,128.0,-7.5955,0,1,171.3,29.94,123.44,0.0,0.0,0.0,34.2145,0.36,34.76,2029,H1,Jan-Jun
Kusal Perera,Sri Lanka,Wicketkeeper,39.25,0.0,0,64.0,-1.5804,0,1,109.63,15.17,139.01,0.0,0.0,0.0,32.3499,0.0086,32.76,2029,H1,Jan-Jun
Lahiru Kumara,Sri Lanka,Pace Bowler,32.25,1.0,1,76.0,-0.5065,0,1,140.4,10.23,123.33,2.84,8.24,0.0,30.0998,0.1582,30.7,2029,H1,Jan-Jun
Lahiru Udara,Sri Lanka,Top Order Batter,35.25,0.9375,1,84.0,-1.3091,0,1,292.95,24.09,129.77,0.0,0.0,0.0,33.9252,0.0312,34.23,2029,H1,Jan-Jun
Lasith Croospulle,Sri Lanka,Top Order Batter,34.25,1.0,1,98.0,-0.4165,0,0,510.95,42.50,165.24,0.0,0.0,0.0,48.0935,0.8331,48.33,2029,H1,Jan-Jun
M Shiraz,Sri Lanka,Pace Bowler,34.25,1.0,1,78.0,-0.5763,0,1,13.46,8.9,114.95,9.04,7.17,0.0,31.254,0.2772,31.64,2029,H1,Jan-Jun
Maheesh Theekshana,Sri Lanka,Spin Bowler,28.25,1.0,1,84.0,-1.1885,0,1,201.62,4.9,124.04,19.59,10.73,0.0,37.2628,0.3428,37.25,2029,H1,Jan-Jun
Mateesha Pathirana,Sri Lanka,Pace Bowler,26.25,1.0,1,53.0,-0.4757,0,0,18.19,11.47,115.05,4.1,8.97,0.0,29.053,0.1046,29.73,2029,H1,Jan-Jun
Milan Rathnayake,Sri Lanka,Bowling All-Rounder,32.25,1.0,1,94.0,-2.0313,0,1,556.95,17.39,148.63,14.42,10.57,0.0,44.3691,0.011,44.27,2029,H1,Jan-Jun
Nipun Dhananjaya,Sri Lanka,Middle Order Batter,28.25,1.0,1,94.0,0.4466,0,0,314.08,34.74,139.46,0.0,0.0,0.0,39.31,0.8502,39.39,2029,H1,Jan-Jun
Niroshan Dickwella,Sri Lanka,Wicketkeeper,36.25,0.4375,1,81.0,-1.8595,0,1,122.58,31.2,119.14,0.0,0.0,0.0,33.6359,0.0052,34.5,2029,H1,Jan-Jun
Nishan Madushka,Sri Lanka,Wicketkeeper,29.25,1.0,1,83.0,-1.1655,0,1,335.5,12.78,139.41,0.0,0.0,0.0,32.3056,0.1347,32.69,2029,H1,Jan-Jun
Nishan Peiris,Sri Lanka,Pace Bowler,29.25,1.0,1,86.0,-0.4704,0,0,116.15,8.55,55.13,0.0,0.0,0.0,13.7716,0.0467,14.46,2029,H1,Jan-Jun
Nuwan Thushara,Sri Lanka,Pace Bowler,33.25,1.0,1,88.0,-1.8645,0,1,32.94,0.92,100.57,17.41,10.35,0.0,29.7761,0.0714,30.01,2029,H1,Jan-Jun
Nuwanidu Fernando,Sri Lanka,Top Order Batter,30.25,1.0,1,78.0,0.0617,0,0,257.66,12.99,126.96,19.14,10.92,0.0,40.3304,0.2019,40.38,2029,H1,Jan-Jun
Oshada Fernando,Sri Lanka,Top Order Batter,37.25,0.25,1,61.0,-0.9261,0,1,151.17,12.69,103.56,0.0,0.0,0.0,24.7111,0.0139,25.64,2029,H1,Jan-Jun
Pasindu Sooriyabandara,Sri Lanka,Top Order Batter,26.25,1.0,1,60.0,0.4625,0,0,34.41,25.67,150.55,0.0,0.0,0.0,33.7746,0.538,31.92,2029,H1,Jan-Jun
Pathum Nissanka,Sri Lanka,Top Order Batter,31.25,1.0,1,129.0,-4.3377,0,1,543.61,52.89,150.17,0.0,0.0,0.0,47.9001,0.9712,48.02,2029,H1,Jan-Jun
Pavan Rathnayake,Sri Lanka,Middle Order Batter,27.25,1.0,1,127.0,0.2704,0,0,353.17,11.91,119.76,0.0,0.0,0.0,28.2183,0.1948,29.04,2029,H1,Jan-Jun
Pramod Madushan,Sri Lanka,Pace Bowler,32.25,1.0,1,63.0,0.6265,1,0,24.99,6.32,61.66,22.97,7.2,0.0,27.4509,0.2582,27.18,2029,H1,Jan-Jun
Ramesh Mendis,Sri Lanka,Bowling All-Rounder,34.25,1.0,1,79.0,-1.052,0,1,426.92,19.6,102.95,7.85,9.19,0.0,32.427,0.0067,32.6,2029,H1,Jan-Jun
Ravindu Fernando,Sri Lanka,Batting All-Rounder,27.25,1.0,1,57.0,-0.3921,0,0,129.46,16.16,116.63,6.18,8.11,0.0,32.4769,0.0214,32.74,2029,H1,Jan-Jun
Ravindu Rasantha,Sri Lanka,Top Order Batter,28.25,1.0,1,91.0,-0.12,0,0,514.79,13.93,143.33,0.0,0.0,0.0,33.9569,0.4471,34.19,2029,H1,Jan-Jun
Sadeera Samarawickrama,Sri Lanka,Wicketkeeper,32.25,1.0,1,99.0,-1.6624,0,1,386.51,26.94,100.76,0.0,0.0,0.0,29.412,0.079,29.92,2029,H1,Jan-Jun
Sahan Kosala,Sri Lanka,Middle Order Batter,28.25,1.0,1,94.0,-0.9011,0,1,483.66,19.14,115.96,0.0,0.0,0.0,30.1678,0.3702,30.84,2029,H1,Jan-Jun
Sohan de Livera,Sri Lanka,Top Order Batter,29.25,1.0,1,56.0,0.0305,0,0,172.33,14.34,126.95,0.0,0.0,0.0,29.8943,0.2453,30.62,2029,H1,Jan-Jun
Sonal Dinusha,Sri Lanka,Batting All-Rounder,28.25,1.0,1,76.0,-3.5342,0,1,291.86,12.11,124.48,5.58,9.77,0.0,32.5505,0.0249,32.81,2029,H1,Jan-Jun
Tharindu Ratnayake,Sri Lanka,Bowling All-Rounder,33.25,1.0,1,101.0,0.7446,1,0,866.25,30.15,107.32,16.85,8.12,0.0,42.9639,0.0174,43.05,2029,H1,Jan-Jun
Traveen Mathew,Sri Lanka,Spin Bowler,28.25,1.0,1,72.0,-0.3721,0,0,41.41,0.04,51.38,31.95,6.64,0.0,28.4466,0.6727,28.07,2029,H1,Jan-Jun
V Viyaskanth,Sri Lanka,Spin Bowler,28.25,1.0,1,73.0,0.3392,0,0,26.95,6.95,67.75,37.64,7.34,0.0,36.6773,0.7916,36.73,2029,H1,Jan-Jun
Vigneshwaran Akash,Sri Lanka,Spin Bowler,22.25,1.0,1,54.0,0.0297,0,0,56.14,14.31,114.61,12.48,8.67,0.0,34.5352,0.3154,34.58,2029,H1,Jan-Jun
Vimath Dinsara,Sri Lanka,Top Order Batter,23.25,1.0,1,66.0,-0.6986,0,1,46.62,21.34,124.95,0.0,0.0,0.0,31.3917,0.1869,32.11,2029,H1,Jan-Jun
Senith Jayawardena,Sri Lanka,Top Order Batter,32.25,1.0,1,80.0,1.8496,1,0,543.65,38.55,125.76,0.0,0.0,0.0,38.4998,0.7455,38.63,2029,H1,Jan-Jun
Vishad Randika,Sri Lanka,Top Order Batter,32.25,1.0,1,80.0,1.8496,1,0,543.65,38.55,125.76,0.0,0.0,0.0,38.4998,0.7455,38.63,2029,H1,Jan-Jun
Vishen Halambage,Sri Lanka,Top Order Batter,24.25,1.0,1,60.0,-0.0245,0,0,122.99,21.46,142.16,0.0,0.0,0.0,35.0276,0.3733,35.23,2029,H1,Jan-Jun
Vishwa Fernando,Sri Lanka,Pace Bowler,37.25,0.4375,1,56.0,-0.4102,0,0,65.68,8.01,53.36,9.99,8.34,0.0,19.2447,0.0168,19.25,2029,H1,Jan-Jun
Wanindu Hasaranga,Sri Lanka,Bowling All-Rounder,32.25,1.0,1,116.0,0.6604,1,0,1215.92,50.17,120.85,26.61,8.6,0.0,58.1807,0.0172,57.77,2029,H1,Jan-Jun
A Phillip,West Indies,Top Order Batter,28.25,1.0,1,57.0,1.7336,1,0,334.4,40.05,159.85,0.0,0.0,0.0,45.0778,0.6446,45.2,2029,H1,Jan-Jun
Ackeem Auguste,West Indies,Middle Order Batter,26.25,1.0,1,75.0,3.2035,1,0,638.5,54.01,177.34,0.0,0.0,0.0,53.8658,0.8484,53.97,2029,H1,Jan-Jun
Akeal Hosein,West Indies,Spin Bowler,36.25,0.25,1,196.0,-5.6308,0,1,79.28,20.69,123.91,18.63,7.55,0.0,42.0252,0.2809,40.95,2029,H1,Jan-Jun
Alick Athanaze,West Indies,Top Order Batter,30.25,1.0,1,88.0,1.3106,1,0,561.14,39.5,157.67,0.0,0.0,0.0,45.1206,0.718,45.25,2029,H1,Jan-Jun
Alzarri Joseph,West Indies,Pace Bowler,33.25,1.0,1,196.0,-5.5718,0,1,50.91,9.48,111.8,35.78,9.61,0.0,44.7369,0.6105,44.73,2029,H1,Jan-Jun
Amari Goodridge,West Indies,Pace Bowler,24.25,1.0,1,51.0,4.5821,1,0,146.85,16.63,181.43,43.33,7.27,0.0,65.5197,0.6753,66.87,2029,H1,Jan-Jun
Amir Jangoo,West Indies,Wicketkeeper,32.25,1.0,1,92.0,2.8956,1,0,803.39,53.09,177.62,0.0,0.0,0.0,54.0961,0.5694,54.03,2029,H1,Jan-Jun
Andre Fletcher,West Indies,Wicketkeeper,41.25,0.0,0,260.0,-5.1031,0,1,107.74,27.5,140.58,0.0,0.0,0.0,36.6144,0.0053,36.85,2029,H1,Jan-Jun
Brandon King,West Indies,Top Order Batter,34.25,0.95,1,169.4,-2.2666,0,1,529.24,33.54,141.15,0.0,0.0,0.0,39.8708,0.6223,39.76,2029,H1,Jan-Jun
Carlon Tuckett,West Indies,Pace Bowler,25.25,1.0,1,52.0,5.4784,1,0,179.87,19.98,181.6,60.36,7.17,0.0,75.8784,0.6079,69.09,2029,H1,Jan-Jun
Evin Lewis,West Indies,Top Order Batter,38.25,0.0,0,205.0,-3.6268,0,1,173.13,32.83,155.85,0.0,0.0,0.0,41.512,0.0417,41.88,2029,H1,Jan-Jun
Fabian Allen,West Indies,Bowling All-Rounder,34.25,0.9167,1,173.3333,-4.9385,0,1,356.26,23.24,142.14,22.96,9.06,0.0,49.2102,0.0047,47.63,2029,H1,Jan-Jun
Giovonte Depeiza,West Indies,Top Order Batter,23.25,1.0,1,53.0,3.2421,1,0,414.4,46.82,186.29,0.0,0.0,0.0,52.673,0.9638,52.78,2029,H1,Jan-Jun
Gudakesh Motie,West Indies,Spin Bowler,33.25,1.0,1,156.0,-3.2721,0,1,106.96,17.33,138.67,39.4,7.06,0.0,55.1889,0.9657,55.34,2029,H1,Jan-Jun
Hayden Walsh Jr,West Indies,Spin Bowler,36.25,0.4375,1,119.0,-3.2567,0,1,29.14,10.93,116.83,14.03,8.33,0.0,34.708,0.0322,34.57,2029,H1,Jan-Jun
Jason Holder,West Indies,Bowling All-Rounder,37.25,0.35,1,243.8,-7.9999,0,1,242.58,25.8,134.45,16.56,9.14,0.0,44.7541,0.0017,43.64,2029,H1,Jan-Jun
Jayden Seales,West Indies,Pace Bowler,27.25,1.0,1,102.0,-0.9554,0,1,67.35,11.67,145.71,37.17,7.36,0.0,53.3594,0.7031,53.23,2029,H1,Jan-Jun
Jediah Blades,West Indies,Pace Bowler,24.25,1.0,1,54.0,5.5864,1,0,250.1,30.25,205.62,48.12,6.75,0.0,77.6636,0.8805,69.32,2029,H1,Jan-Jun
Jewel Andrew,West Indies,Wicketkeeper,22.25,1.0,1,57.0,5.436,1,0,867.36,59.48,212.84,0.0,0.0,0.0,63.2474,0.8767,62.14,2029,H1,Jan-Jun
Johann Jeremiah,West Indies,Top Order Batter,23.25,1.0,1,48.0,5.1937,1,0,633.59,57.12,198.49,0.0,0.0,0.0,59.0039,0.9732,59.77,2029,H1,Jan-Jun
Johann Layne,West Indies,Pace Bowler,26.25,1.0,1,61.0,6.686,1,0,226.14,22.25,191.72,70.71,7.11,0.0,84.2909,0.905,69.25,2029,H1,Jan-Jun
John Campbell,West Indies,Top Order Batter,35.25,0.9167,1,113.3333,-0.4203,0,0,321.14,29.11,129.75,0.0,0.0,0.0,35.6147,0.1077,35.33,2029,H1,Jan-Jun
Johnson Charles,West Indies,Wicketkeeper,40.25,0.0,0,260.0,-5.5181,0,1,118.31,26.59,141.6,0.0,0.0,0.0,36.5525,0.0071,36.75,2029,H1,Jan-Jun
Jomel Warrican,West Indies,Spin Bowler,37.25,0.4583,1,84.6667,-1.6154,0,1,30.89,10.3,120.91,16.44,7.71,0.0,36.7455,0.4445,35.98,2029,H1,Jan-Jun
Joshua Da Silva,West Indies,Wicketkeeper,31.25,1.0,1,99.0,0.6613,1,0,404.52,32.9,139.15,0.0,0.0,0.0,38.9163,0.2603,39.0,2029,H1,Jan-Jun
Justin Greaves,West Indies,Batting All-Rounder,33.25,1.0,1,108.0,0.7026,1,0,563.12,38.22,148.89,15.84,8.95,0.0,52.1438,0.5888,51.99,2029,H1,Jan-Jun
Kavem Hodge,West Indies,Batting All-Rounder,36.25,0.8214,1,95.1429,0.8229,1,0,499.71,35.76,149.48,12.62,8.8,0.0,49.5906,0.1964,48.07,2029,H1,Jan-Jun
Keacy Carty,West Indies,Middle Order Batter,32.25,1.0,1,95.0,2.0741,1,0,660.21,45.19,157.71,0.0,0.0,0.0,47.2396,0.5141,47.44,2029,H1,Jan-Jun
Kelvin Pittman,West Indies,Pace Bowler,22.25,1.0,1,54.0,5.6867,1,0,153.8,16.7,175.74,60.91,7.43,0.0,73.8223,0.7626,67.35,2029,H1,Jan-Jun
Kemar Paul,West Indies,Bowling All-Rounder,30.25,1.0,1,141.0,-2.8838,0,1,373.22,27.71,157.41,25.66,8.0,0.0,55.3556,0.0076,55.35,2029,H1,Jan-Jun
Kemar Roach,West Indies,Pace Bowler,41.25,0.0,0,91.0,-2.1615,0,1,7.97,7.44,103.02,6.58,9.5,0.0,26.6043,0.022,27.28,2029,H1,Jan-Jun
Kevlon Anderson,West Indies,Top Order Batter,22.25,1.0,1,78.0,2.7518,1,0,610.73,51.83,193.24,0.0,0.0,0.0,56.208,0.9803,56.01,2029,H1,Jan-Jun
Kirk McKenzie,West Indies,Top Order Batter,28.25,1.0,1,83.0,1.8536,1,0,556.4,41.1,169.22,0.0,0.0,0.0,47.889,0.852,48.03,2029,H1,Jan-Jun
Kraigg Brathwaite,West Indies,Top Order Batter,36.25,0.75,1,97.2,-0.4167,0,0,146.14,21.76,114.33,0.0,0.0,0.0,29.7256,0.0144,30.5,2029,H1,Jan-Jun
Kyle Mayers,West Indies,Bowling All-Rounder,36.25,0.4375,1,186.0,-5.3893,0,1,241.93,32.76,149.4,12.28,9.02,0.0,47.6517,0.0031,45.82,2029,H1,Jan-Jun
Marlon Samuels,West Indies,Batting All-Rounder,48.25,0.0,0,315.0,-13.621,0,1,0.0,13.0,92.54,0.0,11.15,0.0,22.5544,0.0014,23.67,2029,H1,Jan-Jun
Matthew Forde,West Indies,Bowling All-Rounder,27.25,1.0,1,88.0,0.9098,1,0,483.12,41.95,171.71,25.62,7.79,0.0,63.0808,0.0169,61.88,2029,H1,Jan-Jun
Mavendra Dindyal,West Indies,Middle Order Batter,27.25,1.0,1,68.0,3.2258,1,0,564.25,47.72,177.42,0.0,0.0,0.0,51.6485,0.728,51.65,2029,H1,Jan-Jun
Mbeki Joseph,West Indies,Pace Bowler,26.25,1.0,1,55.0,2.3728,1,0,153.97,18.12,160.47,30.4,7.92,0.0,54.8077,0.5638,54.7,2029,H1,Jan-Jun
Mikyle Louis,West Indies,Middle Order Batter,27.25,1.0,1,67.0,3.2497,1,0,620.36,52.32,172.96,0.0,0.0,0.0,52.411,0.7808,52.31,2029,H1,Jan-Jun
Nathan Edward,West Indies,Pace Bowler,28.25,1.0,1,60.0,1.9326,1,0,161.27,21.36,166.01,33.21,7.53,0.0,58.5596,0.7122,57.78,2029,H1,Jan-Jun
Naveen Bidaisee,West Indies,Middle Order Batter,27.25,1.0,1,58.0,3.2931,1,0,480.8,48.42,173.49,0.0,0.0,0.0,50.8634,0.7181,50.77,2029,H1,Jan-Jun
Nicholas Pooran,West Indies,Wicketkeeper,33.25,1.0,1,311.0,-3.6378,0,1,961.54,39.36,166.78,0.0,0.0,0.0,48.0079,0.7393,48.05,2029,H1,Jan-Jun
Obed McCoy,West Indies,Pace Bowler,32.25,1.0,1,117.0,-1.9366,0,1,54.89,11.28,137.67,31.72,8.32,0.0,48.4682,0.4828,48.45,2029,H1,Jan-Jun
Odean Smith,West Indies,Bowling All-Rounder,33.25,1.0,1,134.0,-3.7938,0,1,270.36,24.41,152.82,23.17,9.67,0.0,51.4477,0.006,51.24,2029,H1,Jan-Jun
Ramon Simmonds,West Indies,Pace Bowler,26.25,1.0,1,62.0,2.2807,1,0,186.2,21.22,181.82,33.68,7.31,0.0,62.0009,0.7432,61.86,2029,H1,Jan-Jun
Renico Smith,West Indies,Middle Order Batter,27.25,1.0,1,57.0,3.5166,1,0,371.91,41.27,170.49,0.0,0.0,0.0,47.6661,0.5304,47.74,2029,H1,Jan-Jun
Rivaldo Clarke,West Indies,Wicketkeeper,23.25,1.0,1,65.0,3.9494,1,0,730.53,56.41,199.66,0.0,0.0,0.0,59.2823,0.6105,59.7,2029,H1,Jan-Jun
Romario Shepherd,West Indies,Bowling All-Rounder,34.25,0.9375,1,188.0,-5.1974,0,1,414.42,28.29,149.75,28.82,9.67,0.0,55.5308,0.0053,53.43,2029,H1,Jan-Jun
Roston Chase,West Indies,Batting All-Rounder,37.25,0.0,0,160.0,-4.3009,0,1,156.33,32.08,131.57,6.32,8.57,0.0,40.5797,0.0059,40.05,2029,H1,Jan-Jun
Rovman Powell,West Indies,Middle Order Batter,35.25,0.6875,1,222.5,-3.0588,0,1,489.54,32.18,151.97,0.0,0.0,0.0,41.445,0.9654,41.88,2029,H1,Jan-Jun
Shai Hope,West Indies,Wicketkeeper,35.25,0.8214,1,175.1429,-1.5342,0,1,564.67,37.12,142.17,0.0,0.0,0.0,41.3225,0.0287,41.53,2029,H1,Jan-Jun
Shamar Joseph,West Indies,Pace Bowler,29.25,1.0,1,69.0,0.627,1,0,68.96,10.45,144.99,29.39,7.6,0.0,48.5981,0.5338,48.45,2029,H1,Jan-Jun
Shamyl Springer,West Indies,Batting All-Rounder,25.25,1.0,1,71.0,2.7541,1,0,627.5,54.23,184.11,17.49,7.4,0.0,65.6163,0.9254,67.09,2029,H1,Jan-Jun
Shaqkere Parris,West Indies,Middle Order Batter,26.25,1.0,1,61.0,3.5507,1,0,632.41,53.15,188.3,0.0,0.0,0.0,55.7241,0.9082,55.41,2029,H1,Jan-Jun
Sherfane Rutherford,West Indies,Middle Order Batter,31.25,1.0,1,190.0,-1.4096,0,1,661.51,38.34,163.81,0.0,0.0,0.0,46.2401,0.6484,46.35,2029,H1,Jan-Jun
Shimron Hetmyer,West Indies,Middle Order Batter,32.25,1.0,1,209.0,-2.5007,0,1,459.05,30.74,141.64,0.0,0.0,0.0,38.8669,0.5839,39.0,2029,H1,Jan-Jun
Tagenarine Chanderpaul,West Indies,Middle Order Batter,33.25,1.0,1,68.0,0.597,1,0,112.58,19.85,115.52,0.0,0.0,0.0,29.2497,0.2003,29.94,2029,H1,Jan-Jun
Tevin Imlach,West Indies,Wicketkeeper,32.25,1.0,1,74.0,2.0347,1,0,427.34,36.77,146.81,0.0,0.0,0.0,41.7289,0.2289,41.86,2029,H1,Jan-Jun
Trevon Hinds,West Indies,Top Order Batter,28.25,1.0,1,58.0,3.6106,1,0,459.83,45.87,166.73,0.0,0.0,0.0,48.6569,0.8178,48.62,2029,H1,Jan-Jun
Voight Lawes,West Indies,Pace Bowler,28.25,1.0,1,53.0,2.1935,1,0,119.74,15.74,149.2,26.13,8.23,0.0,49.374,0.4138,49.15,2029,H1,Jan-Jun
Zishan Motara,West Indies,Pace Bowler,25.25,1.0,1,49.0,5.4592,1,0,156.07,20.83,177.93,45.52,6.82,0.0,67.5157,0.7137,67.37,2029,H1,Jan-Jun
Ainsley Ndlovu,Zimbabwe,Top Order Batter,30.25,1.0,1,64.0,-0.2541,0,0,397.28,21.74,131.17,0.0,0.0,0.0,33.743,0.6036,34.02,2029,H1,Jan-Jun
Antum Naqvi,Zimbabwe,Batting All-Rounder,21.25,1.0,1,69.0,1.1854,1,0,1120.35,58.22,212.47,18.05,6.79,0.0,74.3534,0.9304,68.28,2029,H1,Jan-Jun
Ben Curran,Zimbabwe,Top Order Batter,33.25,1.0,1,74.0,0.6625,1,0,533.06,32.48,133.33,0.0,0.0,0.0,38.0057,0.7496,38.14,2029,H1,Jan-Jun
Blessing Muzarabani,Zimbabwe,Pace Bowler,33.25,1.0,1,114.0,-4.3807,0,1,54.6,11.49,117.8,16.57,8.74,0.0,36.4293,0.3191,36.44,2029,H1,Jan-Jun
Brad Evans,Zimbabwe,Pace Bowler,32.25,1.0,1,88.0,-3.3226,0,1,269.52,19.77,142.78,13.86,9.32,0.0,43.0511,0.887,43.05,2029,H1,Jan-Jun
Brandon Mavuta,Zimbabwe,Spin Bowler,32.25,1.0,1,75.0,-1.9702,0,1,162.62,14.28,125.72,13.95,8.21,0.0,37.8942,0.6706,37.84,2029,H1,Jan-Jun
Brendan Taylor,Zimbabwe,Wicketkeeper,43.25,0.0,0,92.0,-3.3095,0,1,0.0,12.62,96.76,0.0,0.0,0.0,22.9217,0.0142,24.07,2029,H1,Jan-Jun
Brian Bennett,Zimbabwe,Batting All-Rounder,25.25,1.0,1,87.0,0.0177,0,0,1085.68,43.17,182.76,24.13,7.34,0.0,66.6809,0.7438,67.1,2029,H1,Jan-Jun
Brian Mudzinganyama,Zimbabwe,Middle Order Batter,28.25,1.0,1,60.0,1.1695,1,0,355.82,26.31,143.85,0.0,0.0,0.0,37.5827,0.7508,37.78,2029,H1,Jan-Jun
Charlton Tshuma,Zimbabwe,Pace Bowler,29.25,1.0,1,47.0,-0.0503,0,0,22.08,5.24,97.32,11.18,8.86,0.0,27.3957,0.1105,27.63,2029,H1,Jan-Jun
Clive Chitumba,Zimbabwe,Wicketkeeper,30.25,1.0,1,48.0,1.1621,1,0,263.08,30.77,154.16,0.0,0.0,0.0,40.7752,0.5117,40.9,2029,H1,Jan-Jun
Clive Madande,Zimbabwe,Wicketkeeper,28.25,1.0,1,90.0,0.3928,0,0,792.18,33.72,158.59,0.0,0.0,0.0,44.104,0.6693,44.29,2029,H1,Jan-Jun
Craig Ervine,Zimbabwe,Middle Order Batter,43.25,0.0,0,69.0,-1.6218,0,1,9.6,19.81,102.65,0.0,0.0,0.0,26.4158,0.018,27.64,2029,H1,Jan-Jun
Dion Myers,Zimbabwe,Batting All-Rounder,27.25,1.0,1,84.0,0.5765,1,0,677.14,35.82,154.32,18.41,8.33,0.0,54.2643,0.7725,54.31,2029,H1,Jan-Jun
Ernest Masuku,Zimbabwe,Pace Bowler,31.25,1.0,1,63.0,-1.4373,0,1,39.4,3.65,93.09,8.55,9.64,0.0,24.5597,0.0362,24.9,2029,H1,Jan-Jun
Faraz Akram,Zimbabwe,Bowling All-Rounder,31.25,1.0,1,77.0,-0.4809,0,0,396.24,32.71,151.41,16.76,8.37,0.0,50.9988,0.0054,51.03,2029,H1,Jan-Jun
Graeme Cremer,Zimbabwe,Spin Bowler,42.25,0.0,0,105.0,-3.011,0,1,7.14,17.01,101.3,1.36,6.92,0.0,27.12,0.018,27.78,2029,H1,Jan-Jun
Innocent Kaia,Zimbabwe,Top Order Batter,37.25,0.5357,1,69.7143,-1.6456,0,1,29.65,16.01,117.44,0.0,0.0,0.0,28.1561,0.0176,29.0,2029,H1,Jan-Jun
John Campbell,Zimbabwe,Middle Order Batter,35.25,0.5833,1,77.6667,-1.523,0,1,129.36,21.39,126.82,0.0,0.0,0.0,32.0112,0.0273,32.57,2029,H1,Jan-Jun
Joylord Gumbie,Zimbabwe,Wicketkeeper,33.25,1.0,1,68.0,-0.3911,0,0,178.73,21.98,120.04,0.0,0.0,0.0,31.0105,0.04,31.73,2029,H1,Jan-Jun
Kian Blignaut,Zimbabwe,Pace Bowler,21.25,1.0,1,44.0,0.4958,0,0,34.91,8.42,113.1,12.65,7.62,0.0,32.611,0.1117,32.56,2029,H1,Jan-Jun
Kundai Matigimu,Zimbabwe,Pace Bowler,32.25,1.0,1,57.0,-0.7799,0,1,29.72,8.23,85.92,7.97,9.24,0.0,24.3512,0.0226,24.79,2029,H1,Jan-Jun
Luke Jongwe,Zimbabwe,Bowling All-Rounder,33.25,1.0,1,105.0,-5.1966,0,1,140.72,14.98,119.93,6.04,10.53,0.0,32.2852,0.0101,32.63,2029,H1,Jan-Jun
Milton Shumba,Zimbabwe,Middle Order Batter,28.25,1.0,1,77.0,0.6314,1,0,493.46,29.04,145.54,0.0,0.0,0.0,39.1847,0.8271,39.35,2029,H1,Jan-Jun
Nathaniel Mayavo,Zimbabwe,Wicketkeeper,32.25,1.0,1,63.0,0.1353,0,0,241.97,21.9,128.66,0.0,0.0,0.0,32.858,0.0508,33.17,2029,H1,Jan-Jun
Newman Nyamhuri,Zimbabwe,Pace Bowler,23.25,1.0,1,53.0,-0.3207,0,0,23.47,8.16,111.58,14.98,7.34,0.0,33.5187,0.3056,33.45,2029,H1,Jan-Jun
Nick Welch,Zimbabwe,Top Order Batter,31.25,1.0,1,84.0,0.3692,0,0,696.93,36.86,159.61,0.0,0.0,0.0,45.0411,0.9257,45.2,2029,H1,Jan-Jun
Panashe Taruvinga,Zimbabwe,Middle Order Batter,27.25,1.0,1,58.0,1.083,1,0,338.7,27.05,144.76,0.0,0.0,0.0,37.9502,0.7824,38.11,2029,H1,Jan-Jun
Prince Masvaure,Zimbabwe,Middle Order Batter,39.25,0.0,0,47.0,-0.7991,0,1,34.13,15.47,109.18,0.0,0.0,0.0,26.3735,0.0113,27.57,2029,H1,Jan-Jun
Richard Ngarava,Zimbabwe,Pace Bowler,31.25,1.0,1,112.0,-3.7105,0,1,43.37,9.04,118.9,21.95,8.45,0.0,38.7671,0.3783,38.67,2029,H1,Jan-Jun
Richmond Mutumbami,Zimbabwe,Wicketkeeper,38.25,0.4583,1,64.6667,-0.7787,0,1,23.23,16.19,111.58,0.0,0.0,0.0,27.045,0.0095,28.07,2029,H1,Jan-Jun
Ryan Burl,Zimbabwe,Batting All-Rounder,35.25,0.6875,1,120.5,-4.2405,0,1,351.31,25.4,133.03,11.47,9.15,0.0,41.9278,0.013,41.46,2029,H1,Jan-Jun
Sean Williams,Zimbabwe,Batting All-Rounder,43.25,0.0,0,81.0,-3.8006,0,1,10.24,18.5,112.49,1.38,9.82,0.0,29.1866,0.0019,29.84,2029,H1,Jan-Jun
Sikandar Raza,Zimbabwe,Batting All-Rounder,43.25,0.0,0,136.0,-5.2566,0,1,249.37,29.05,132.63,7.77,9.65,0.0,40.6646,0.0052,40.13,2029,H1,Jan-Jun
Tadiwanashe Marumani,Zimbabwe,Wicketkeeper,27.25,1.0,1,90.0,1.1231,1,0,909.7,38.14,172.72,0.0,0.0,0.0,48.6342,0.9184,48.66,2029,H1,Jan-Jun
Tafadzwa Tsiga,Zimbabwe,Wicketkeeper,29.25,1.0,1,55.0,1.6812,1,0,384.57,37.02,161.26,0.0,0.0,0.0,44.5244,0.4154,44.68,2029,H1,Jan-Jun
Takudzwanashe Kaitano,Zimbabwe,Top Order Batter,35.25,0.95,1,70.4,-0.0939,0,0,281.3,20.81,120.46,0.0,0.0,0.0,31.01,0.1244,31.8,2029,H1,Jan-Jun
Tanaka Chivanga,Zimbabwe,Pace Bowler,33.25,1.0,1,68.0,-1.7525,0,1,19.97,4.8,87.55,7.4,9.83,0.0,23.1401,0.0173,23.37,2029,H1,Jan-Jun
Tapiwa Mufudza,Zimbabwe,Spin Bowler,31.25,1.0,1,52.0,0.833,1,0,247.28,22.77,141.48,15.04,7.74,0.0,44.6514,0.9284,44.72,2029,H1,Jan-Jun
Tashinga Musekiwa,Zimbabwe,Batting All-Rounder,28.25,1.0,1,57.0,1.6975,1,0,426.98,42.92,168.11,8.32,8.73,0.0,53.0505,0.6175,53.08,2029,H1,Jan-Jun
Tendekai Gwandu,Zimbabwe,Pace Bowler,28.25,1.0,1,54.0,-0.2618,0,0,25.8,6.57,101.32,11.48,8.39,0.0,28.873,0.1296,29.13,2029,H1,Jan-Jun
Tinotenda Maposa,Zimbabwe,Pace Bowler,32.25,1.0,1,62.0,-0.6329,0,1,30.55,7.58,99.04,13.2,8.88,0.0,29.5882,0.0777,29.8,2029,H1,Jan-Jun
Tony Munyonga,Zimbabwe,Batting All-Rounder,33.25,1.0,1,70.0,-0.1083,0,0,259.31,24.37,126.55,9.86,10.09,0.0,39.0489,0.052,39.1,2029,H1,Jan-Jun
Victor Nyauchi,Zimbabwe,Pace Bowler,37.25,0.0,0,49.0,-2.4468,0,1,1.58,4.29,81.12,0.86,10.21,0.0,18.1006,0.0042,18.48,2029,H1,Jan-Jun
Vincent Masekesa,Zimbabwe,Batting All-Rounder,27.25,1.0,1,50.0,2.1751,1,0,347.32,38.43,168.55,9.29,8.32,0.0,52.0697,0.5497,52.0,2029,H1,Jan-Jun
Wellington Masakadza,Zimbabwe,Spin Bowler,36.25,0.0,0,91.0,-4.6965,0,1,34.02,12.89,111.34,4.64,8.1,0.0,29.2919,0.0657,29.95,2029,H1,Jan-Jun
Wessly Madhevere,Zimbabwe,Batting All-Rounder,28.25,1.0,1,104.0,-1.4508,0,1,561.95,35.21,158.25,14.55,7.97,0.0,52.5224,0.5511,52.27,2029,H1,Jan-Jun
William Mashinge,Zimbabwe,Batting All-Rounder,32.25,1.0,1,65.0,0.3719,0,0,283.06,22.81,129.93,9.62,9.7,0.0,39.2093,0.1459,39.27,2029,H1,Jan-Jun
A M Ghazanfar,Afghanistan,Spin Bowler,23.75,1.0,1,75.0,0.2611,0,0,158.87,21.12,152.68,45.94,7.35,0.0,61.5139,0.8771,61.87,2029,H2,Jul-Dec
Abdul Malik,Afghanistan,Middle Order Batter,32.75,1.0,1,88.0,0.113,0,0,805.41,30.87,125.84,0.0,0.0,0.0,36.1819,0.7123,36.32,2029,H2,Jul-Dec
Abdul Rahman,Afghanistan,Pace Bowler,30.75,1.0,1,77.0,-0.187,0,0,83.16,13.37,120.29,25.0,9.79,0.0,41.1566,0.596,41.16,2029,H2,Jul-Dec
Azizullah Mia Khil,Afghanistan,Top Order Batter,28.75,1.0,1,68.0,1.5864,1,0,593.02,40.01,145.12,0.0,0.0,0.0,42.191,0.7352,42.24,2029,H2,Jul-Dec
Azmatullah Omarzai,Afghanistan,Bowling All-Rounder,29.75,1.0,1,122.0,-0.2253,0,0,1478.44,36.7,162.0,39.31,8.37,0.0,68.2244,0.0156,67.1,2029,H2,Jul-Dec
Bahir Shah,Afghanistan,Top Order Batter,28.75,1.0,1,77.0,1.6629,1,0,821.18,51.64,157.77,0.0,0.0,0.0,48.9434,0.8806,49.01,2029,H2,Jul-Dec
Bashir Ahmad,Afghanistan,Bowling All-Rounder,29.75,1.0,1,74.0,0.8182,1,0,581.03,30.52,139.44,24.16,9.17,0.0,51.3223,0.0221,51.26,2029,H2,Jul-Dec
Bilal Sami,Afghanistan,Pace Bowler,28.75,1.0,1,73.0,0.183,0,0,99.72,14.63,133.49,32.38,8.51,0.0,48.2318,0.7138,48.17,2029,H2,Jul-Dec
Darwish Rasooli,Afghanistan,Top Order Batter,30.75,1.0,1,108.0,0.5099,1,0,1238.62,33.63,137.05,0.0,0.0,0.0,40.4316,0.8792,40.53,2029,H2,Jul-Dec
Faisal Khan Ahmadzai,Afghanistan,Pace Bowler,29.75,1.0,1,65.0,0.4318,0,0,92.71,13.75,119.95,26.85,9.36,0.0,42.2737,0.6575,42.33,2029,H2,Jul-Dec
Fareed Ahmad,Afghanistan,Pace Bowler,34.75,1.0,1,91.0,-0.8811,0,1,73.66,10.15,102.22,22.69,11.45,0.0,35.2049,0.1463,35.0,2029,H2,Jul-Dec
Faridoon Dawoodzai,Afghanistan,Pace Bowler,29.75,1.0,1,70.0,0.438,0,0,101.53,16.38,121.44,30.45,9.26,0.0,45.3173,0.8295,45.22,2029,H2,Jul-Dec
Fazalhaq Farooqi,Afghanistan,Pace Bowler,28.75,1.0,1,116.0,-1.822,0,1,97.05,11.74,122.85,32.31,9.27,0.0,45.0838,0.7751,45.09,2029,H2,Jul-Dec
Gulbadin Naib,Afghanistan,Batting All-Rounder,38.75,0.0,0,83.0,-1.7571,0,1,209.87,25.1,123.57,5.13,10.37,0.0,35.3649,0.0054,35.11,2029,H2,Jul-Dec
Hashmatullah Shahidi,Afghanistan,Top Order Batter,34.75,1.0,1,65.0,0.2726,0,0,367.11,30.95,110.7,0.0,0.0,0.0,32.0563,0.1706,32.43,2029,H2,Jul-Dec
Ibrahim Zadran,Afghanistan,Top Order Batter,27.75,1.0,1,117.0,0.6468,1,0,1496.74,47.2,144.12,0.0,0.0,0.0,46.804,0.9253,46.84,2029,H2,Jul-Dec
Ikram Ali Khil,Afghanistan,Wicketkeeper,27.75,1.0,1,84.0,0.4632,0,0,703.59,35.76,146.77,0.0,0.0,0.0,41.4779,0.649,41.56,2029,H2,Jul-Dec
Karim Janat,Afghanistan,Bowling All-Rounder,30.75,1.0,1,126.0,-0.6727,0,1,1015.1,31.05,135.95,35.63,9.88,0.0,57.9256,0.0111,57.72,2029,H2,Jul-Dec
Khatir Stanikzai,Afghanistan,Top Order Batter,30.75,1.0,1,81.0,1.6788,1,0,710.85,42.43,139.13,0.0,0.0,0.0,42.1301,0.6513,42.19,2029,H2,Jul-Dec
Mohammad Ishaq,Afghanistan,Wicketkeeper,27.75,1.0,1,76.0,1.6437,1,0,780.52,43.36,157.57,0.0,0.0,0.0,46.1768,0.6004,46.35,2029,H2,Jul-Dec
Mohammad Nabi,Afghanistan,Bowling All-Rounder,44.75,0.0,0,165.0,-4.6677,0,1,216.52,23.55,126.56,6.74,9.93,0.0,36.3754,0.0024,35.76,2029,H2,Jul-Dec
Mohammad Saleem,Afghanistan,Pace Bowler,27.75,1.0,1,69.0,0.7139,1,0,115.73,18.67,125.25,30.44,9.26,0.0,46.8099,0.8708,46.68,2029,H2,Jul-Dec
Mujeeb Ur Rahman,Afghanistan,Spin Bowler,28.75,1.0,1,121.0,-1.6436,0,1,128.94,17.61,126.09,32.58,8.67,0.0,47.9004,0.5942,47.86,2029,H2,Jul-Dec
Munir Ahmad Kakar,Afghanistan,Wicketkeeper,30.75,1.0,1,79.0,1.085,1,0,594.6,36.38,131.88,0.0,0.0,0.0,38.4951,0.3174,38.63,2029,H2,Jul-Dec
Najibullah Zadran,Afghanistan,Wicketkeeper,35.75,0.85,1,116.2,0.1429,0,0,955.88,32.56,134.17,0.0,0.0,0.0,38.7448,0.0879,38.88,2029,H2,Jul-Dec
Nangeyalia Kharote,Afghanistan,Spin Bowler,25.75,1.0,1,72.0,0.757,1,0,463.02,29.77,143.76,36.06,7.99,0.0,58.0487,0.9649,57.78,2029,H2,Jul-Dec
Naveed Zadran,Afghanistan,Pace Bowler,28.75,1.0,1,76.0,0.2856,0,0,110.0,17.76,126.27,32.43,8.94,0.0,47.8006,0.862,47.59,2029,H2,Jul-Dec
Naveen-ul-Haq,Afghanistan,Pace Bowler,29.75,1.0,1,122.0,-1.6287,0,1,120.86,15.1,129.82,35.39,8.98,0.0,49.2185,0.8634,48.98,2029,H2,Jul-Dec
Nazifullah Amiri,Afghanistan,Middle Order Batter,26.75,1.0,1,64.0,1.7685,1,0,621.4,41.09,150.35,0.0,0.0,0.0,43.6207,0.8587,43.82,2029,H2,Jul-Dec
Noor Ahmad,Afghanistan,Spin Bowler,24.75,1.0,1,108.0,-0.1641,0,0,197.96,22.07,143.96,51.82,7.91,0.0,63.1804,0.9464,62.13,2029,H2,Jul-Dec
Qais Ahmad,Afghanistan,Spin Bowler,28.75,1.0,1,98.0,-0.4247,0,0,151.85,18.43,138.81,41.15,8.76,0.0,55.1465,0.8249,55.35,2029,H2,Jul-Dec
Rahmanullah Gurbaz,Afghanistan,Wicketkeeper,27.75,1.0,1,134.0,0.5803,1,0,1911.47,42.98,156.97,0.0,0.0,0.0,49.1147,0.938,49.19,2029,H2,Jul-Dec
Rahmat Shah,Afghanistan,Top Order Batter,36.75,0.5625,1,59.5,0.8401,1,0,442.39,37.46,120.72,0.0,0.0,0.0,36.2559,0.0527,36.31,2029,H2,Jul-Dec
Rashid Khan,Afghanistan,Spin Bowler,30.75,1.0,1,215.0,-2.9602,0,1,480.51,23.42,152.94,47.23,7.72,0.0,63.7742,0.9525,62.93,2029,H2,Jul-Dec
Riaz Hassan,Afghanistan,Middle Order Batter,29.75,1.0,1,84.0,1.0325,1,0,776.16,43.27,146.93,0.0,0.0,0.0,44.0834,0.8372,44.17,2029,H2,Jul-Dec
Rohullah Arab,Afghanistan,Pace Bowler,27.75,1.0,1,67.0,0.3158,0,0,88.37,12.77,120.42,28.05,9.32,0.0,42.6776,0.6223,42.69,2029,H2,Jul-Dec
Sediqullah Atal,Afghanistan,Top Order Batter,27.75,1.0,1,91.0,2.5862,1,0,1613.39,56.02,160.46,0.0,0.0,0.0,53.0683,0.9812,53.1,2029,H2,Jul-Dec
Shahidullah Kamal,Afghanistan,Middle Order Batter,33.75,1.0,1,102.0,0.9346,1,0,926.11,39.86,132.65,0.0,0.0,0.0,40.6726,0.8375,40.77,2029,H2,Jul-Dec
Sharafuddin Ashraf,Afghanistan,Batting All-Rounder,33.75,1.0,1,88.0,0.3228,0,0,528.81,28.96,119.3,21.53,10.89,0.0,45.1731,0.8038,45.21,2029,H2,Jul-Dec
Wafiullah Tarakhil,Afghanistan,Top Order Batter,25.75,1.0,1,83.0,2.35,1,0,1052.46,53.16,172.61,0.0,0.0,0.0,52.9354,0.9811,52.78,2029,H2,Jul-Dec
Wahidullah Zadran,Afghanistan,Top Order Batter,25.75,1.0,1,66.0,2.3664,1,0,859.05,49.75,163.75,0.0,0.0,0.0,49.6067,0.9729,49.5,2029,H2,Jul-Dec
Zia-Ur-Rehman Abdul Malik,Afghanistan,Spin Bowler,28.75,1.0,1,71.0,0.0996,0,0,169.99,17.72,137.87,35.88,8.13,0.0,52.1606,0.8043,51.84,2029,H2,Jul-Dec
Zubaid Akbari,Afghanistan,Middle Order Batter,26.75,1.0,1,87.0,2.3588,1,0,1124.58,55.66,168.92,0.0,0.0,0.0,53.2151,0.9596,53.25,2029,H2,Jul-Dec
Aaron Hardie,Australia,Bowling All-Rounder,30.75,1.0,1,130.0,0.0569,0,0,363.64,31.01,156.77,6.45,8.9,0.0,44.9877,0.0113,45.2,2029,H2,Jul-Dec
Adam Zampa,Australia,Spin Bowler,37.75,0.5417,1,196.0,-0.9363,0,1,2.55,5.46,84.29,10.1,9.68,0.0,23.7051,0.4393,23.34,2029,H2,Jul-Dec
Alex Carey,Australia,Wicketkeeper,37.75,0.45,1,133.2,-0.0803,0,0,125.88,27.22,130.48,0.0,0.0,0.0,34.0179,0.0059,34.81,2029,H2,Jul-Dec
Ashton Agar,Australia,Spin Bowler,35.75,0.7083,1,121.0,-2.5906,0,1,0.0,0.4,62.83,0.11,9.79,0.0,12.7143,0.0051,13.61,2029,H2,Jul-Dec
Beau Webster,Australia,Bowling All-Rounder,35.75,0.8125,1,124.0,1.238,1,0,305.48,38.97,138.75,8.2,9.58,0.0,44.6621,0.0097,44.49,2029,H2,Jul-Dec
Ben Dwarshuis,Australia,Pace Bowler,34.75,1.0,1,115.0,-0.475,0,0,17.94,12.29,105.17,7.42,10.99,0.0,28.3528,0.5419,28.58,2029,H2,Jul-Dec
Ben Kellaway,Australia,Batting All-Rounder,24.75,1.0,1,55.0,2.6313,1,0,211.11,41.9,193.88,9.46,7.87,0.0,56.9444,0.9253,56.8,2029,H2,Jul-Dec
Ben Manenti,Australia,Bowling All-Rounder,32.75,1.0,1,85.0,-0.4378,0,0,107.27,20.4,124.24,5.21,9.28,0.0,33.9274,0.0092,34.16,2029,H2,Jul-Dec
Billy Stanlake,Australia,Pace Bowler,34.75,0.875,1,76.0,-1.7067,0,1,0.0,0.0,51.66,0.0,11.6,0.0,10.146,0.0034,10.2,2029,H2,Jul-Dec
Brendan Doggett,Australia,Pace Bowler,34.75,1.0,1,80.0,-1.3174,0,1,0.55,0.55,59.27,4.04,10.72,0.0,14.006,0.0129,14.52,2029,H2,Jul-Dec
Cameron Gannon,Australia,Pace Bowler,38.75,0.0,0,40.0,-1.3033,0,1,0.03,0.09,49.64,0.53,11.9,0.0,10.0309,0.0022,3.73,2029,H2,Jul-Dec
Cameron Green,Australia,Batting All-Rounder,30.75,1.0,1,130.0,-0.7316,0,1,180.54,30.11,155.91,4.09,8.24,0.0,42.918,0.0096,43.07,2029,H2,Jul-Dec
Campbell Kellaway,Australia,Top Order Batter,27.75,1.0,1,75.0,1.1715,1,0,221.19,33.97,150.83,0.0,0.0,0.0,40.3424,0.8775,40.51,2029,H2,Jul-Dec
Cooper Connolly,Australia,Batting All-Rounder,25.75,1.0,1,85.0,-0.1967,0,0,291.94,29.42,177.43,7.13,7.63,0.0,48.8956,0.7613,48.99,2029,H2,Jul-Dec
Corey Rocchiccioli,Australia,Spin Bowler,32.75,1.0,1,75.0,-0.398,0,0,2.68,5.11,82.29,5.67,9.39,0.0,20.9362,0.6005,21.36,2029,H2,Jul-Dec
Fergus O'Neill,Australia,Pace Bowler,28.75,1.0,1,70.0,-0.1415,0,0,6.18,6.18,84.74,6.87,9.32,0.0,22.3961,0.0735,22.78,2029,H2,Jul-Dec
Glenn Maxwell,Australia,Batting All-Rounder,41.75,0.0,0,280.0,-1.6008,0,1,97.77,28.74,137.33,1.0,10.33,0.0,36.6977,0.0021,36.72,2029,H2,Jul-Dec
Harry Nielsen,Australia,Wicketkeeper,33.75,1.0,1,110.0,-0.3452,0,0,141.79,22.74,113.02,0.0,0.0,0.0,29.2797,0.0709,29.91,2029,H2,Jul-Dec
Henry Hunt,Australia,Top Order Batter,31.75,1.0,1,75.0,0.0857,0,0,107.12,27.64,126.21,0.0,0.0,0.0,33.274,0.3205,33.66,2029,H2,Jul-Dec
Henry Thornton,Australia,Pace Bowler,33.75,1.0,1,90.0,-0.9972,0,1,4.38,4.38,81.08,2.17,10.52,0.0,18.4803,0.0176,18.93,2029,H2,Jul-Dec
Jack Edwards,Australia,Batting All-Rounder,29.75,1.0,1,100.0,-0.0389,0,0,189.44,27.31,129.23,4.98,9.16,0.0,37.2021,0.0732,37.25,2029,H2,Jul-Dec
Jake Fraser-McGurk,Australia,Top Order Batter,27.75,1.0,1,105.0,-1.1408,0,1,85.35,22.64,165.73,0.0,0.0,0.0,39.2589,0.8379,39.34,2029,H2,Jul-Dec
Jake Lehmann,Australia,Middle Order Batter,36.75,0.4167,1,77.0,-0.689,0,1,19.01,19.5,101.71,0.0,0.0,0.0,25.7303,0.0219,26.91,2029,H2,Jul-Dec
Jake Weatherald,Australia,Top Order Batter,35.75,0.625,1,168.0,-1.4736,0,1,135.81,21.45,118.71,0.0,0.0,0.0,29.9534,0.016,30.65,2029,H2,Jul-Dec
Jason Behrendorff,Australia,Pace Bowler,39.75,0.1786,1,125.1429,-1.5558,0,1,0.09,2.72,62.58,1.14,10.99,0.0,13.7774,0.0053,14.71,2029,H2,Jul-Dec
Jason Sangha,Australia,Middle Order Batter,30.75,1.0,1,105.0,-0.8228,0,1,105.48,19.11,122.08,0.0,0.0,0.0,29.7797,0.2684,30.38,2029,H2,Jul-Dec
Jhye Richardson,Australia,Pace Bowler,32.75,1.0,1,130.0,-1.2043,0,1,0.0,3.75,68.94,3.18,10.25,0.0,16.4917,0.0172,16.68,2029,H2,Jul-Dec
Joel Davies,Australia,Middle Order Batter,25.75,1.0,1,48.0,1.6709,1,0,190.56,35.61,174.22,0.0,0.0,0.0,45.2868,0.9214,45.37,2029,H2,Jul-Dec
Jordan Buckingham,Australia,Pace Bowler,28.75,1.0,1,60.0,0.0019,0,0,11.51,11.51,98.86,5.82,8.9,0.0,26.3412,0.3656,27.0,2029,H2,Jul-Dec
Josh Hazlewood,Australia,Pace Bowler,38.75,0.25,1,137.2,-0.0129,0,0,0.23,7.67,78.26,8.35,10.72,0.0,22.1726,0.0259,22.49,2029,H2,Jul-Dec
Josh Inglis,Australia,Wicketkeeper,34.75,1.0,1,180.0,0.9603,1,0,557.03,35.78,151.49,0.0,0.0,0.0,41.9836,0.7789,42.05,2029,H2,Jul-Dec
Josh Philippe,Australia,Wicketkeeper,32.75,1.0,1,170.0,-1.2467,0,1,141.87,21.42,139.28,0.0,0.0,0.0,33.9295,0.0847,34.17,2029,H2,Jul-Dec
Lance Morris,Australia,Pace Bowler,31.75,1.0,1,65.0,-0.863,0,1,0.0,0.0,48.92,4.53,10.14,0.0,12.1673,0.0101,7.53,2029,H2,Jul-Dec
Liam Hatcher,Australia,Pace Bowler,32.75,1.0,1,85.0,-0.8792,0,1,5.59,5.59,80.69,2.65,10.28,0.0,19.0736,0.0247,19.58,2029,H2,Jul-Dec
Liam Scott,Australia,Batting All-Rounder,28.75,1.0,1,85.0,1.8581,1,0,415.45,44.69,156.12,8.33,8.51,0.0,50.3846,0.7787,50.45,2029,H2,Jul-Dec
Mackenzie Harvey,Australia,Wicketkeeper,28.75,1.0,1,105.0,-0.8832,0,1,57.35,20.06,137.34,0.0,0.0,0.0,32.8886,0.074,33.17,2029,H2,Jul-Dec
Mahli Beardman,Australia,Pace Bowler,23.75,1.0,1,45.0,0.6064,1,0,9.16,9.16,122.27,5.86,7.93,0.0,30.3279,0.6679,30.91,2029,H2,Jul-Dec
Marcus Stoinis,Australia,Batting All-Rounder,40.75,0.0,0,280.0,-1.9301,0,1,50.47,18.86,113.16,0.95,10.53,0.0,28.7302,0.0014,29.43,2029,H2,Jul-Dec
Marnus Labuschagne,Australia,Top Order Batter,35.75,0.8125,1,144.0,-0.6708,0,1,84.52,22.73,110.09,0.0,0.0,0.0,28.5505,0.0287,29.09,2029,H2,Jul-Dec
Matthew Gilkes,Australia,Wicketkeeper,30.75,1.0,1,120.0,-0.842,0,1,128.01,22.38,127.72,0.0,0.0,0.0,31.9634,0.0653,32.5,2029,H2,Jul-Dec
Matthew Kuhnemann,Australia,Spin Bowler,32.75,1.0,1,85.0,0.1065,0,0,3.24,7.38,96.18,7.68,9.44,0.0,25.3782,0.7463,26.09,2029,H2,Jul-Dec
Matthew Renshaw,Australia,Middle Order Batter,33.75,1.0,1,180.0,-0.3812,0,0,237.89,28.48,118.91,0.0,11.66,0.0,32.7727,0.0965,33.04,2029,H2,Jul-Dec
Matthew Short,Australia,Batting All-Rounder,33.75,1.0,1,200.0,-2.1208,0,1,263.25,24.77,136.45,2.29,9.69,0.0,36.5063,0.0194,36.71,2029,H2,Jul-Dec
Matthew Wade,Australia,Wicketkeeper,41.75,0.0,0,250.0,-2.8062,0,1,0.0,8.29,89.19,0.0,0.0,0.0,19.7225,0.0064,20.38,2029,H2,Jul-Dec
Michael Neser,Australia,Bowling All-Rounder,39.75,0.0,0,115.0,-0.2891,0,0,37.76,25.58,119.3,1.67,10.27,0.0,32.4121,0.0008,32.72,2029,H2,Jul-Dec
Mitchell Marsh,Australia,Bowling All-Rounder,37.75,0.6071,1,198.0,-0.2303,0,0,359.26,34.31,144.88,2.46,9.67,0.0,41.5059,0.0065,41.78,2029,H2,Jul-Dec
Mitchell Owen,Australia,Batting All-Rounder,28.75,1.0,1,90.0,1.3378,1,0,471.1,39.22,189.41,4.03,8.43,0.0,53.0017,0.8893,53.04,2029,H2,Jul-Dec
Mitchell Starc,Australia,Pace Bowler,39.75,0.0,0,160.0,-1.3683,0,1,0.0,2.34,82.09,2.4,11.32,0.0,18.0425,0.0066,18.36,2029,H2,Jul-Dec
Mitchell Stoinis,Australia,Batting All-Rounder,40.75,0.0,0,280.0,-1.9301,0,1,49.91,18.65,111.9,0.94,10.64,0.0,28.3998,0.0014,28.93,2029,H2,Jul-Dec
Nathan Ellis,Australia,Pace Bowler,34.75,1.0,1,130.0,-0.9057,0,1,1.69,8.34,96.73,7.57,9.96,0.0,25.6458,0.3519,26.31,2029,H2,Jul-Dec
Nathan Lyon,Australia,Spin Bowler,41.75,0.0,0,40.0,-0.8548,0,1,0.0,0.0,53.04,0.37,9.52,0.0,10.8771,0.0039,10.98,2029,H2,Jul-Dec
Nathan McAndrew,Australia,Bowling All-Rounder,34.75,1.0,1,115.0,-0.432,0,0,139.1,22.25,123.26,7.04,9.3,0.0,35.3663,0.0062,35.47,2029,H2,Jul-Dec
Nathan McSweeney,Australia,Middle Order Batter,30.75,1.0,1,95.0,-0.2544,0,0,113.56,22.99,136.9,0.0,0.0,0.0,33.8865,0.3704,34.09,2029,H2,Jul-Dec
Nikhil Chaudhary,Australia,Batting All-Rounder,33.75,1.0,1,100.0,0.8368,1,0,345.08,29.59,148.83,7.33,9.83,0.0,43.2631,0.4001,43.39,2029,H2,Jul-Dec
Oliver Peake,Australia,Middle Order Batter,23.75,1.0,1,42.0,2.4338,1,0,158.92,41.72,201.59,0.0,0.0,0.0,52.4073,0.9123,52.31,2029,H2,Jul-Dec
Pat Cummins,Australia,Pace Bowler,36.75,0.5625,1,116.5,-1.4021,0,1,7.23,7.25,80.73,3.08,11.21,0.0,19.7189,0.0083,20.19,2029,H2,Jul-Dec
Riley Meredith,Australia,Pace Bowler,33.75,1.0,1,130.0,-1.2877,0,1,0.0,2.75,59.23,2.12,11.1,0.0,13.6403,0.0112,14.59,2029,H2,Jul-Dec
Sam Elliott,Australia,Pace Bowler,27.75,1.0,1,52.0,-0.1524,0,0,15.01,10.45,89.96,4.13,9.41,0.0,23.327,0.0361,23.63,2029,H2,Jul-Dec
Sam Konstas,Australia,Top Order Batter,23.75,1.0,1,62.0,2.6206,1,0,584.84,40.18,201.23,0.0,0.0,0.0,53.0469,0.9808,53.11,2029,H2,Jul-Dec
Scott Boland,Australia,Pace Bowler,40.75,0.0,0,35.0,-0.9798,0,1,0.02,0.08,51.34,0.26,11.52,0.0,10.2543,0.0032,10.11,2029,H2,Jul-Dec
Sean Abbott,Australia,Bowling All-Rounder,37.75,0.375,1,181.0,-1.8323,0,1,49.75,14.45,109.39,3.93,10.41,0.0,28.1842,0.001,28.71,2029,H2,Jul-Dec
Spencer Johnson,Australia,Pace Bowler,33.75,1.0,1,85.0,-0.5233,0,1,5.99,6.23,79.29,6.46,10.87,0.0,20.9251,0.064,21.36,2029,H2,Jul-Dec
Steven Smith,Australia,Top Order Batter,40.75,0.0,0,180.0,-0.982,0,1,35.45,20.87,116.46,0.0,0.0,0.0,29.0546,0.019,29.78,2029,H2,Jul-Dec
Tanveer Sangha,Australia,Spin Bowler,27.75,1.0,1,90.0,-0.4902,0,0,0.41,4.87,79.07,9.29,9.09,0.0,22.1783,0.7585,22.48,2029,H2,Jul-Dec
Tim David,Australia,Middle Order Batter,33.75,1.0,1,170.0,-0.1106,0,0,291.26,29.54,151.52,0.0,0.0,0.0,39.2736,0.8359,39.34,2029,H2,Jul-Dec
Todd Murphy,Australia,Spin Bowler,28.75,1.0,1,50.0,-1.0761,0,1,0.0,0.0,56.5,1.6,9.0,0.0,12.2758,0.0124,12.73,2029,H2,Jul-Dec
Travis Head,Australia,Top Order Batter,35.75,0.85,1,205.2,-0.27,0,0,429.93,32.1,157.12,0.0,0.0,0.0,41.5513,0.6547,41.38,2029,H2,Jul-Dec
Will Sutherland,Australia,Bowling All-Rounder,29.75,1.0,1,120.0,-0.099,0,0,222.48,31.15,149.96,7.82,8.09,0.0,44.201,0.0109,44.29,2029,H2,Jul-Dec
Xavier Bartlett,Australia,Pace Bowler,30.75,1.0,1,80.0,-0.4806,0,0,12.81,10.69,110.93,6.34,9.19,0.0,28.6357,0.6373,28.88,2029,H2,Jul-Dec
A. G. Saqlain,Bangladesh,Bowling All-Rounder,27.75,1.0,1,48.0,1.5243,1,0,226.72,33.13,163.91,20.56,7.76,0.0,54.2737,0.0202,54.31,2029,H2,Jul-Dec
Abdul Gaffar Saqlain,Bangladesh,Bowling All-Rounder,27.75,1.0,1,48.0,1.5243,1,0,210.73,30.79,152.35,19.11,8.34,0.0,50.3719,0.0133,50.45,2029,H2,Jul-Dec
Afif Hossain,Bangladesh,Batting All-Rounder,29.75,1.0,1,162.0,-2.0747,0,1,171.13,18.7,135.8,7.26,8.96,0.0,36.9287,0.0592,36.96,2029,H2,Jul-Dec
Akbar Ali,Bangladesh,Wicketkeeper,28.75,1.0,1,64.0,1.424,1,0,529.65,33.3,152.68,0.0,0.0,0.0,41.3534,0.3704,41.44,2029,H2,Jul-Dec
Amite Hasan,Bangladesh,Middle Order Batter,28.75,1.0,1,61.0,1.6032,1,0,390.59,33.01,145.18,0.0,0.0,0.0,39.4247,0.7985,39.46,2029,H2,Jul-Dec
Anamul Haque,Bangladesh,Wicketkeeper,36.75,0.5625,1,159.5,-1.296,0,1,111.61,17.27,111.29,0.0,0.0,0.0,27.1343,0.0053,28.08,2029,H2,Jul-Dec
Ebadat Hossain,Bangladesh,Pace Bowler,35.75,0.8125,1,69.0,0.4398,0,0,21.14,12.12,100.85,14.12,10.22,0.0,31.0804,0.0438,31.44,2029,H2,Jul-Dec
Hasan Mahmud,Bangladesh,Pace Bowler,30.75,1.0,1,113.0,-0.667,0,1,94.84,13.93,128.48,40.62,8.03,0.0,51.4449,0.9011,51.11,2029,H2,Jul-Dec
Hasan Murad,Bangladesh,Spin Bowler,27.75,1.0,1,68.0,1.4761,1,0,83.22,19.12,124.54,33.35,7.75,0.0,48.5499,0.9423,48.45,2029,H2,Jul-Dec
Jaker Ali,Bangladesh,Wicketkeeper,31.75,1.0,1,97.0,1.2723,1,0,640.47,34.2,141.04,0.0,0.0,0.0,39.7028,0.5122,39.79,2029,H2,Jul-Dec
Jishan Alam,Bangladesh,Top Order Batter,27.75,1.0,1,61.0,1.6795,1,0,456.23,35.57,152.22,0.0,0.0,0.0,41.7753,0.8412,41.75,2029,H2,Jul-Dec
Khaled Ahmed,Bangladesh,Pace Bowler,36.75,0.75,1,93.2857,0.4571,0,0,33.14,13.41,99.09,20.21,10.76,0.0,34.2989,0.0206,33.96,2029,H2,Jul-Dec
Litton Das,Bangladesh,Wicketkeeper,34.75,1.0,1,240.0,-0.81,0,1,553.39,30.23,136.51,0.0,0.0,0.0,37.3312,0.2022,37.46,2029,H2,Jul-Dec
Mahedi Hasan,Bangladesh,Batting All-Rounder,34.75,1.0,1,183.0,0.0353,0,0,625.13,30.96,145.16,33.42,8.66,0.0,57.6281,0.7768,57.73,2029,H2,Jul-Dec
Mahidul Islam Ankon,Bangladesh,Wicketkeeper,28.75,1.0,1,75.0,1.7718,1,0,501.3,40.53,160.94,0.0,0.0,0.0,45.1499,0.7711,45.36,2029,H2,Jul-Dec
Mahmudul Hasan Joy,Bangladesh,Middle Order Batter,28.75,1.0,1,102.0,0.2224,0,0,413.94,28.65,133.28,0.0,0.0,0.0,35.8179,0.7541,35.98,2029,H2,Jul-Dec
Mahmudullah,Bangladesh,Batting All-Rounder,43.75,0.0,0,250.0,-5.119,0,1,0.0,18.04,128.27,0.0,9.75,0.0,30.8569,0.0011,31.69,2029,H2,Jul-Dec
Mehidy Hasan Miraz,Bangladesh,Bowling All-Rounder,31.75,1.0,1,198.0,-0.4125,0,0,630.56,33.32,139.37,37.75,7.8,0.0,59.7212,0.019,59.51,2029,H2,Jul-Dec
Mohammad Naim,Bangladesh,Top Order Batter,29.75,1.0,1,138.0,-1.1598,0,1,280.1,24.98,144.89,0.0,0.0,0.0,36.5236,0.6555,36.72,2029,H2,Jul-Dec
Mohammad Saifuddin,Bangladesh,Bowling All-Rounder,32.75,1.0,1,141.0,-0.5889,0,1,390.1,24.07,141.43,32.36,8.75,0.0,53.5018,0.0164,53.54,2029,H2,Jul-Dec
Mominul Haque,Bangladesh,Top Order Batter,37.75,0.45,1,111.2,-0.4437,0,0,117.73,21.0,108.94,0.0,0.0,0.0,27.8757,0.0165,28.67,2029,H2,Jul-Dec
Mosaddek Hossain,Bangladesh,Batting All-Rounder,33.75,1.0,1,167.0,-1.0736,0,1,291.2,20.68,114.94,11.61,10.08,0.0,35.9647,0.061,36.06,2029,H2,Jul-Dec
Musfik Hasan,Bangladesh,Pace Bowler,25.75,1.0,1,54.0,1.3273,1,0,48.55,14.48,125.43,27.47,7.89,0.0,44.0486,0.7206,44.0,2029,H2,Jul-Dec
Mushfiqur Rahim,Bangladesh,Wicketkeeper,42.75,0.0,0,190.0,-1.6022,0,1,10.58,21.9,113.8,0.0,0.0,0.0,28.7968,0.009,29.44,2029,H2,Jul-Dec
Mustafizur Rahman,Bangladesh,Pace Bowler,33.75,1.0,1,235.0,-1.4401,0,1,44.86,10.78,96.26,34.93,9.73,0.0,40.8024,0.5379,40.86,2029,H2,Jul-Dec
Nahid Rana,Bangladesh,Pace Bowler,26.75,1.0,1,94.0,0.6137,1,0,47.44,13.18,120.25,45.75,7.89,0.0,52.2044,0.8905,52.01,2029,H2,Jul-Dec
Najmul Hossain Apu,Bangladesh,Spin Bowler,30.75,1.0,1,57.0,1.293,1,0,60.95,13.78,113.95,26.23,8.44,0.0,40.8796,0.3746,40.84,2029,H2,Jul-Dec
Najmul Hossain Shanto,Bangladesh,Middle Order Batter,30.75,1.0,1,148.0,-0.2388,0,0,615.23,33.19,131.61,0.0,0.0,0.0,37.4938,0.7758,37.67,2029,H2,Jul-Dec
Nasum Ahmed,Bangladesh,Spin Bowler,35.75,0.625,1,157.0,-1.324,0,1,30.33,9.78,88.8,21.8,8.95,0.0,32.2627,0.0232,31.57,2029,H2,Jul-Dec
Nasum Ahmed Jr,Bangladesh,Spin Bowler,24.75,1.0,1,49.0,1.0085,1,0,63.24,12.81,124.74,24.1,7.68,0.0,41.7153,0.7398,41.74,2029,H2,Jul-Dec
Nayeem Hasan,Bangladesh,Spin Bowler,28.75,1.0,1,81.0,-0.6,0,1,56.21,14.17,111.17,24.05,7.64,0.0,39.4906,0.6575,39.42,2029,H2,Jul-Dec
Nurul Hasan,Bangladesh,Wicketkeeper,36.75,0.65,1,167.2,0.0764,0,0,272.51,22.47,115.17,0.0,0.0,0.0,29.9761,0.006,30.6,2029,H2,Jul-Dec
Parvez Hossain Emon,Bangladesh,Wicketkeeper,27.75,1.0,1,95.0,1.3541,1,0,778.36,40.25,161.29,0.0,0.0,0.0,45.9066,0.8436,45.95,2029,H2,Jul-Dec
Pritom Kumar,Bangladesh,Wicketkeeper,25.75,1.0,1,58.0,1.8842,1,0,519.68,40.08,170.46,0.0,0.0,0.0,46.8961,0.6964,47.08,2029,H2,Jul-Dec
Rejaur Rahman Raja,Bangladesh,Pace Bowler,28.75,1.0,1,63.0,1.2786,1,0,65.36,14.81,121.83,30.46,8.17,0.0,45.008,0.7539,45.03,2029,H2,Jul-Dec
Ripon Mondol,Bangladesh,Pace Bowler,26.75,1.0,1,59.0,1.2736,1,0,55.59,16.2,130.62,34.01,7.56,0.0,49.1157,0.8392,48.98,2029,H2,Jul-Dec
Rishad Hossain,Bangladesh,Spin Bowler,26.75,1.0,1,121.0,1.8401,1,0,733.19,38.53,189.09,49.8,7.25,0.0,77.6939,0.9874,69.16,2029,H2,Jul-Dec
Saif Hassan,Bangladesh,Top Order Batter,30.75,1.0,1,112.0,1.1672,1,0,626.39,31.19,143.03,0.0,0.0,0.0,39.097,0.832,39.17,2029,H2,Jul-Dec
Shadman Islam,Bangladesh,Top Order Batter,33.75,1.0,1,94.0,0.6824,1,0,321.29,27.23,109.94,0.0,0.0,0.0,30.6067,0.2863,31.2,2029,H2,Jul-Dec
Shahadat Hossain,Bangladesh,Middle Order Batter,27.75,1.0,1,67.0,1.697,1,0,426.46,36.81,146.95,0.0,0.0,0.0,41.0665,0.8183,41.2,2029,H2,Jul-Dec
Shakib Al Hasan,Bangladesh,Batting All-Rounder,42.75,0.0,0,310.0,-8.1687,0,1,0.0,16.13,115.82,0.0,9.82,0.0,27.8414,0.0011,28.79,2029,H2,Jul-Dec
Shamim Hossain,Bangladesh,Batting All-Rounder,28.75,1.0,1,106.0,1.7462,1,0,773.71,42.49,175.99,20.46,7.7,0.0,61.0563,0.9229,60.76,2029,H2,Jul-Dec
Shoriful Islam,Bangladesh,Pace Bowler,28.75,1.0,1,134.0,-1.0289,0,1,74.68,15.02,120.5,34.91,8.25,0.0,47.1561,0.7326,47.04,2029,H2,Jul-Dec
Soumya Sarkar,Bangladesh,Batting All-Rounder,36.75,0.3125,1,189.0,-1.854,0,1,130.31,18.36,116.29,4.98,10.52,0.0,31.511,0.0017,31.89,2029,H2,Jul-Dec
Taijul Islam,Bangladesh,Spin Bowler,37.75,0.375,1,114.0,-3.1901,0,1,14.88,8.65,83.27,7.93,8.5,0.0,23.6206,0.0538,23.42,2029,H2,Jul-Dec
Tanvir Islam,Bangladesh,Spin Bowler,32.75,1.0,1,102.0,0.2649,0,0,68.36,13.74,98.95,39.06,8.59,0.0,44.68,0.7162,44.71,2029,H2,Jul-Dec
Tanzid Hasan,Bangladesh,Top Order Batter,28.75,1.0,1,112.0,0.865,1,0,822.8,38.94,157.54,0.0,0.0,0.0,44.8942,0.9668,44.99,2029,H2,Jul-Dec
Tanzim Hasan Sakib,Bangladesh,Pace Bowler,26.75,1.0,1,104.0,0.2146,0,0,116.52,22.26,155.1,37.78,8.02,0.0,57.7869,0.9143,57.73,2029,H2,Jul-Dec
Taskin Ahmed,Bangladesh,Pace Bowler,34.75,1.0,1,178.0,-0.8099,0,1,57.05,10.74,98.56,34.58,9.97,0.0,41.0489,0.5187,41.07,2029,H2,Jul-Dec
Towhid Hridoy,Bangladesh,Top Order Batter,28.75,1.0,1,135.0,1.2181,1,0,1000.43,39.23,158.82,2.13,8.22,0.0,47.6377,0.8864,47.75,2029,H2,Jul-Dec
Yasir Ali Chowdhury,Bangladesh,Middle Order Batter,33.75,1.0,1,113.0,0.2857,0,0,368.51,25.71,124.13,0.0,0.0,0.0,32.997,0.4155,33.35,2029,H2,Jul-Dec
Zakir Hasan,Bangladesh,Middle Order Batter,31.75,1.0,1,91.0,0.2371,0,0,387.05,27.28,131.88,0.0,0.0,0.0,35.0398,0.6668,35.24,2029,H2,Jul-Dec
Adil Rashid,England,Spin Bowler,41.75,0.0,0,310.0,-2.4712,0,1,9.01,7.4,86.73,5.36,8.55,0.0,22.5218,0.0507,22.76,2029,H2,Jul-Dec
Alex Horton,England,Wicketkeeper,26.75,1.0,1,47.0,1.5789,1,0,359.8,34.81,154.22,0.0,0.0,0.0,41.6506,0.3749,41.76,2029,H2,Jul-Dec
Aneurin Donald,England,Top Order Batter,32.75,1.0,1,56.0,1.3941,1,0,428.58,30.41,135.71,0.0,0.0,0.0,36.8834,0.6606,37.04,2029,H2,Jul-Dec
Archie Vaughan,England,Batting All-Rounder,24.75,1.0,1,54.0,1.6592,1,0,507.11,36.63,172.86,15.68,7.28,0.0,55.4601,0.9234,55.33,2029,H2,Jul-Dec
Ben Duckett,England,Top Order Batter,34.75,1.0,1,194.0,0.0295,0,0,768.91,26.46,135.36,0.0,0.0,0.0,36.5239,0.7037,36.71,2029,H2,Jul-Dec
Ben Foakes,England,Wicketkeeper,36.75,0.7083,1,124.0,-0.026,0,0,161.05,22.51,104.94,0.0,0.0,0.0,27.7023,0.0052,28.42,2029,H2,Jul-Dec
Ben Geddes,England,Top Order Batter,27.75,1.0,1,66.0,1.5171,1,0,557.26,36.01,158.17,0.0,0.0,0.0,43.3456,0.9035,43.52,2029,H2,Jul-Dec
Brydon Carse,England,Pace Bowler,34.75,0.85,1,107.2,-1.578,0,1,86.22,15.55,128.82,34.53,10.45,0.0,48.3948,0.6848,47.09,2029,H2,Jul-Dec
Chris Jordan,England,Pace Bowler,40.75,0.0,0,290.0,-1.3062,0,1,75.43,14.98,126.75,7.23,11.7,0.0,33.3478,0.02,33.44,2029,H2,Jul-Dec
Chris Woakes,England,Bowling All-Rounder,40.75,0.0,0,162.0,-2.2158,0,1,8.28,14.74,107.71,1.93,10.1,0.0,26.8308,0.0008,27.68,2029,H2,Jul-Dec
Dan Lawrence,England,Batting All-Rounder,32.75,1.0,1,149.0,0.1571,0,0,752.84,30.54,138.78,5.28,8.75,0.0,41.876,0.3184,41.95,2029,H2,Jul-Dec
Dan Mousley,England,Batting All-Rounder,28.75,1.0,1,112.0,1.2956,1,0,831.68,38.72,161.9,23.67,8.16,0.0,58.8854,0.8573,57.74,2029,H2,Jul-Dec
Emilio Gay,England,Middle Order Batter,32.75,1.0,1,104.0,0.3313,0,0,647.51,31.42,141.57,0.0,0.0,0.0,38.9472,0.8823,39.0,2029,H2,Jul-Dec
Farhan Ahmed,England,Spin Bowler,22.75,1.0,1,48.0,1.6927,1,0,83.09,18.43,149.71,31.52,6.81,0.0,52.4861,0.9676,52.12,2029,H2,Jul-Dec
George Bell,England,Wicketkeeper,26.75,1.0,1,64.0,1.3427,1,0,543.13,36.52,166.94,0.0,0.0,0.0,45.1589,0.8058,45.37,2029,H2,Jul-Dec
George Hill,England,Batting All-Rounder,30.75,1.0,1,91.0,1.3489,1,0,672.3,33.66,158.71,19.64,8.09,0.0,54.131,0.8554,54.3,2029,H2,Jul-Dec
George Thomas,England,Top Order Batter,27.75,1.0,1,73.0,0.9642,1,0,577.57,32.43,154.14,0.0,0.0,0.0,41.4949,0.9359,41.56,2029,H2,Jul-Dec
Gus Atkinson,England,Pace Bowler,31.75,1.0,1,107.0,-0.7545,0,1,60.01,12.33,125.25,39.13,9.2,0.0,49.2109,0.8009,48.98,2029,H2,Jul-Dec
Harry Brook,England,Middle Order Batter,30.75,1.0,1,134.0,0.0425,0,0,760.65,37.46,147.43,0.89,9.02,0.0,43.4042,0.6999,43.52,2029,H2,Jul-Dec
Henry Crocombe,England,Pace Bowler,27.75,1.0,1,58.0,1.0613,1,0,48.65,14.17,114.24,27.63,8.76,0.0,41.6947,0.5222,41.74,2029,H2,Jul-Dec
Jack Carson,England,Spin Bowler,28.75,1.0,1,68.0,0.8131,1,0,82.63,18.34,127.23,33.81,8.15,0.0,48.9706,0.8133,48.91,2029,H2,Jul-Dec
Jack Haynes,England,Top Order Batter,28.75,1.0,1,103.0,0.7935,1,0,719.07,33.85,160.69,0.0,0.0,0.0,43.6039,0.9657,43.82,2029,H2,Jul-Dec
Jack Leach,England,Spin Bowler,38.75,0.05,1,112.2,-3.0806,0,1,0.02,9.46,92.75,0.44,9.56,0.0,21.5551,0.0088,22.16,2029,H2,Jul-Dec
Jacob Bethell,England,Batting All-Rounder,25.75,1.0,1,99.0,1.7171,1,0,1006.86,46.93,187.35,21.55,7.9,0.0,65.8272,0.9157,67.05,2029,H2,Jul-Dec
James Anderson,England,Pace Bowler,47.75,0.0,0,44.0,-0.2803,0,0,0.0,0.0,0.0,0.0,10.48,0.0,0.312,0.0024,0.48,2029,H2,Jul-Dec
James Coles,England,Batting All-Rounder,25.75,1.0,1,61.0,1.9435,1,0,540.72,36.66,165.81,19.86,7.86,0.0,56.2459,0.8324,55.89,2029,H2,Jul-Dec
James Rew,England,Wicketkeeper,25.75,1.0,1,75.0,1.3442,1,0,792.92,39.38,169.18,0.0,0.0,0.0,47.195,0.8033,47.23,2029,H2,Jul-Dec
Jamie Overton,England,Bowling All-Rounder,35.75,0.75,1,147.0,-0.8828,0,1,347.22,23.21,141.13,25.22,9.53,0.0,49.18,0.007,46.54,2029,H2,Jul-Dec
Jamie Smith,England,Wicketkeeper,28.75,1.0,1,93.0,1.6322,1,0,838.82,43.05,165.59,0.0,0.0,0.0,47.7898,0.8395,47.79,2029,H2,Jul-Dec
Joe Root,England,Batting All-Rounder,38.75,0.25,1,69.2,-0.2888,0,0,127.05,23.32,108.14,0.51,10.03,0.0,29.2224,0.0019,29.8,2029,H2,Jul-Dec
Jofra Archer,England,Pace Bowler,34.75,1.0,1,124.0,-0.9242,0,1,43.58,15.47,123.2,27.09,9.62,0.0,43.39,0.5963,43.36,2029,H2,Jul-Dec
Jonny Bairstow,England,Wicketkeeper,40.75,0.0,0,185.0,-0.9841,0,1,60.03,23.39,131.26,0.0,0.0,0.0,32.7744,0.0054,33.15,2029,H2,Jul-Dec
Jordan Cox,England,Wicketkeeper,28.75,1.0,1,119.0,1.6457,1,0,981.2,39.45,157.8,0.0,0.0,0.0,45.5499,0.7616,45.71,2029,H2,Jul-Dec
Jos Buttler,England,Wicketkeeper,38.75,0.0,0,240.0,-0.9772,0,1,172.59,29.89,134.01,0.0,0.0,0.0,35.6729,0.0052,35.88,2029,H2,Jul-Dec
Josh Hull,England,Pace Bowler,25.75,1.0,1,59.0,1.6136,1,0,53.22,16.11,132.68,32.06,8.34,0.0,48.2792,0.7448,48.17,2029,H2,Jul-Dec
Josh Tongue,England,Pace Bowler,31.75,1.0,1,81.0,-0.131,0,0,35.75,18.08,120.34,19.8,8.92,0.0,39.9416,0.4944,39.88,2029,H2,Jul-Dec
Liam Dawson,England,Bowling All-Rounder,39.75,0.0,0,225.0,-1.7665,0,1,129.83,22.86,113.01,5.35,9.31,0.0,32.6691,0.0014,32.81,2029,H2,Jul-Dec
Liam Livingstone,England,Batting All-Rounder,36.75,0.5625,1,221.5,-1.325,0,1,553.0,29.61,148.4,11.99,9.82,0.0,46.2107,0.0204,44.97,2029,H2,Jul-Dec
Luc Benkenstein,England,Batting All-Rounder,24.75,1.0,1,52.0,1.9507,1,0,473.47,37.57,172.57,17.99,7.49,0.0,56.7602,0.8931,56.77,2029,H2,Jul-Dec
Luke Wood,England,Pace Bowler,33.75,1.0,1,162.0,-0.8336,0,1,68.0,11.46,122.06,31.25,9.85,0.0,44.1152,0.7101,44.12,2029,H2,Jul-Dec
Mark Wood,England,Pace Bowler,39.75,0.0,0,91.0,-1.0975,0,1,5.07,10.31,103.22,4.63,11.62,0.0,25.7839,0.0159,26.58,2029,H2,Jul-Dec
Matthew Fisher,England,Pace Bowler,32.75,1.0,1,91.0,-0.1627,0,0,55.04,20.39,120.24,25.07,9.02,0.0,43.4465,0.6683,43.36,2029,H2,Jul-Dec
Matthew Potts,England,Pace Bowler,30.75,1.0,1,98.0,-0.9343,0,1,106.71,18.21,130.46,29.13,8.67,0.0,47.0646,0.8293,47.03,2029,H2,Jul-Dec
Ollie Pope,England,Top Order Batter,31.75,1.0,1,121.0,-0.3969,0,0,273.98,23.39,119.61,0.0,8.99,0.0,31.7688,0.0952,32.2,2029,H2,Jul-Dec
Ollie Robinson,England,Pace Bowler,30.75,1.0,1,81.0,-0.344,0,0,52.04,17.49,120.01,22.79,8.79,0.0,41.3264,0.5332,41.38,2029,H2,Jul-Dec
Olly Stone,England,Pace Bowler,35.75,0.75,1,94.0,-0.6313,0,1,28.0,19.26,103.97,15.95,10.76,0.0,34.8429,0.0142,34.51,2029,H2,Jul-Dec
Phil Salt,England,Wicketkeeper,33.75,1.0,1,220.0,-0.7439,0,1,842.87,30.38,149.27,0.0,0.0,0.0,40.6526,0.5909,40.79,2029,H2,Jul-Dec
Reece Topley,England,Pace Bowler,35.75,0.75,1,126.0,-0.2871,0,0,38.85,17.53,106.27,22.17,10.82,0.0,38.0194,0.0595,36.79,2029,H2,Jul-Dec
Rehan Ahmed,England,Spin Bowler,24.75,1.0,1,106.0,0.6019,1,0,496.7,29.73,165.72,44.17,7.21,0.0,66.8074,0.9848,67.46,2029,H2,Jul-Dec
Rocky Flintoff,England,Middle Order Batter,23.75,1.0,1,48.0,1.9777,1,0,435.0,42.9,167.27,0.0,0.0,0.0,46.9333,0.932,47.04,2029,H2,Jul-Dec
Sam Cook,England,Pace Bowler,31.75,1.0,1,101.0,-0.4917,0,0,47.98,16.13,110.23,26.01,9.3,0.0,40.5946,0.451,40.5,2029,H2,Jul-Dec
Sam Curran,England,Bowling All-Rounder,31.75,1.0,1,243.0,-1.3161,0,1,682.36,25.29,136.09,26.09,9.25,0.0,50.3059,0.012,50.13,2029,H2,Jul-Dec
Saqib Mahmood,England,Pace Bowler,32.75,1.0,1,109.0,0.4241,0,0,57.56,19.23,111.41,29.84,9.92,0.0,43.7358,0.6836,43.8,2029,H2,Jul-Dec
Shoaib Bashir,England,Spin Bowler,25.75,1.0,1,77.0,-0.8332,0,1,43.68,13.46,124.98,25.85,7.5,0.0,42.873,0.6719,42.9,2029,H2,Jul-Dec
Sonny Baker,England,Pace Bowler,24.75,1.0,1,67.0,1.2902,1,0,68.7,19.81,140.03,35.96,7.62,0.0,53.1133,0.9258,53.03,2029,H2,Jul-Dec
Tom Banton,England,Wicketkeeper,31.75,1.0,1,152.0,0.3394,0,0,803.2,31.43,147.57,0.0,0.0,0.0,40.5448,0.6735,40.63,2029,H2,Jul-Dec
Tom Hartley,England,Spin Bowler,30.75,1.0,1,84.0,-2.6271,0,1,25.13,12.54,113.22,7.45,8.64,0.0,30.3769,0.3682,30.94,2029,H2,Jul-Dec
Tom Rew,England,Wicketkeeper,24.75,1.0,1,50.0,1.6948,1,0,416.71,41.47,169.97,0.0,0.0,0.0,46.9515,0.83,47.09,2029,H2,Jul-Dec
Will Jacks,England,Batting All-Rounder,30.75,1.0,1,169.0,-1.133,0,1,965.52,30.52,167.85,16.1,8.53,0.0,53.7811,0.7613,53.59,2029,H2,Jul-Dec
Zak Crawley,England,Top Order Batter,31.75,1.0,1,116.0,0.301,0,0,442.54,28.36,135.0,0.0,0.0,0.0,36.1384,0.7642,36.32,2029,H2,Jul-Dec
Abhishek Sharma,India,Top Order Batter,29.75,1.0,1,150.0,-1.0461,0,1,478.24,30.58,123.77,0.0,0.0,0.0,34.7729,0.947,35.01,2029,H2,Jul-Dec
Akash Deep,India,Pace Bowler,32.75,1.0,1,75.0,0.2085,0,0,38.13,10.65,101.59,3.68,6.27,0.0,26.2293,0.3177,27.07,2029,H2,Jul-Dec
Akshat Raghuwanshi,India,Top Order Batter,24.75,1.0,1,54.0,-1.1288,0,1,78.24,10.02,160.43,0.0,0.0,0.0,34.2323,0.2153,34.34,2029,H2,Jul-Dec
Aman Mokhade,India,Middle Order Batter,27.75,1.0,1,94.0,-0.5901,0,1,158.78,21.56,137.53,0.0,0.0,0.0,33.6835,0.3072,33.96,2029,H2,Jul-Dec
Angkrish Raghuwanshi,India,Wicketkeeper,27.75,1.0,1,45.0,-2.521,0,1,114.53,3.76,156.33,0.0,0.0,0.0,31.5669,0.0767,32.03,2029,H2,Jul-Dec
Anshul Kamboj,India,Pace Bowler,28.75,1.0,1,89.0,-1.0825,0,1,10.73,6.2,97.1,0.0,8.7,0.0,21.3137,0.0179,21.85,2029,H2,Jul-Dec
Arshdeep Singh,India,Pace Bowler,30.75,1.0,1,180.0,-0.3774,0,0,132.85,4.94,68.56,19.84,7.9,0.0,26.3053,0.1972,26.26,2029,H2,Jul-Dec
Atharva Taide,India,Top Order Batter,27.75,1.0,1,38.0,-1.1721,0,1,63.54,9.82,153.12,0.0,0.0,0.0,32.7176,0.1252,32.97,2029,H2,Jul-Dec
Auqib Nabi,India,Bowling All-Rounder,28.75,1.0,1,42.0,-0.435,0,0,70.27,25.88,126.4,2.93,6.95,0.0,35.2969,0.0039,35.42,2029,H2,Jul-Dec
Avesh Khan,India,Pace Bowler,32.75,1.0,1,160.0,-0.4319,0,0,54.25,16.03,63.65,7.09,7.24,0.0,22.1307,0.0116,22.58,2029,H2,Jul-Dec
Axar Patel,India,Bowling All-Rounder,35.75,0.875,1,246.0,-0.3129,0,0,329.45,14.98,99.69,3.42,7.57,0.0,27.5169,0.0026,28.04,2029,H2,Jul-Dec
Ayush Mhatre,India,Top Order Batter,22.75,1.0,1,49.0,-3.5146,0,1,637.37,0.0,207.33,0.0,0.0,0.0,41.6864,0.8839,41.74,2029,H2,Jul-Dec
Brijesh Sharma,India,Pace Bowler,27.75,1.0,1,88.0,1.4587,1,0,67.31,51.48,51.18,28.85,9.83,0.0,41.8196,0.7168,41.97,2029,H2,Jul-Dec
Devdutt Padikkal,India,Top Order Batter,29.75,1.0,1,77.0,-0.148,0,0,151.28,16.61,188.72,0.0,0.0,0.0,41.9757,0.6826,42.0,2029,H2,Jul-Dec
Dhruv Jurel,India,Wicketkeeper,28.75,1.0,1,61.0,0.2749,0,0,88.42,35.39,157.35,0.0,0.0,0.0,41.676,0.7232,41.76,2029,H2,Jul-Dec
Digvesh Rathi,India,Spin Bowler,29.75,1.0,1,70.0,-0.4432,0,0,41.36,0.22,130.37,11.93,10.56,0.0,31.8839,0.3506,32.08,2029,H2,Jul-Dec
Gurnoor Brar,India,Pace Bowler,28.75,1.0,1,63.0,1.0542,1,0,20.01,13.03,149.26,12.78,6.08,0.0,40.9618,0.8991,40.94,2029,H2,Jul-Dec
Hardik Pandya,India,Batting All-Rounder,35.75,0.65,1,319.2,-2.4222,0,1,38.01,11.42,131.59,0.09,10.15,0.0,29.5031,0.0014,30.16,2029,H2,Jul-Dec
Harsh Dubey,India,Bowling All-Rounder,27.75,1.0,1,97.0,0.5519,1,0,331.83,30.64,120.11,13.47,9.17,0.0,41.3359,0.0176,41.32,2029,H2,Jul-Dec
Harshit Rana,India,Pace Bowler,26.75,1.0,1,73.0,0.9683,1,0,22.48,10.65,110.89,37.62,11.04,0.0,44.7536,0.796,44.71,2029,H2,Jul-Dec
Ishan Kishan,India,Wicketkeeper,31.75,1.0,1,200.0,-0.093,0,0,649.75,14.68,129.42,0.0,0.0,0.0,31.3246,0.9336,32.07,2029,H2,Jul-Dec
Jasprit Bumrah,India,Pace Bowler,35.75,0.8929,1,246.5714,-0.5424,0,1,67.25,6.49,58.99,63.98,7.22,0.0,48.0411,0.9449,46.24,2029,H2,Jul-Dec
Jitesh Sharma,India,Wicketkeeper,35.75,0.875,1,126.0,-1.2451,0,1,153.15,20.58,99.29,0.0,0.0,0.0,25.9807,0.0099,26.99,2029,H2,Jul-Dec
KL Rahul,India,Wicketkeeper,37.75,0.6071,1,278.0,0.6889,1,0,213.8,39.19,142.87,0.0,0.0,0.0,40.4339,0.0533,40.66,2029,H2,Jul-Dec
KS Bharat,India,Wicketkeeper,35.75,0.625,1,40.0,-0.8691,0,1,51.04,10.42,119.08,0.0,0.0,0.0,26.3047,0.0088,27.69,2029,H2,Jul-Dec
Kartik Sharma,India,Wicketkeeper,24.75,1.0,1,60.0,0.6468,1,0,83.01,56.66,120.66,0.0,0.0,0.0,41.2972,0.6342,41.41,2029,H2,Jul-Dec
Khaleel Ahmed,India,Pace Bowler,31.75,1.0,1,72.0,-0.1598,0,0,2.4,19.74,108.23,1.81,10.67,0.0,28.3542,0.12,28.93,2029,H2,Jul-Dec
Kuldeep Yadav,India,Spin Bowler,34.75,1.0,1,210.0,3.496,1,0,0.0,5.92,117.34,67.88,8.17,0.0,60.7394,0.8552,59.55,2029,H2,Jul-Dec
Kumar Kushagra,India,Wicketkeeper,24.75,1.0,1,59.0,-1.6401,0,1,70.89,14.1,119.83,0.0,0.0,0.0,27.6669,0.069,28.58,2029,H2,Jul-Dec
Manav Suthar,India,Spin Bowler,27.75,1.0,1,40.0,1.0889,1,0,16.99,17.91,108.33,13.32,8.16,0.0,34.2766,0.5924,34.33,2029,H2,Jul-Dec
Mangesh Yadav,India,Pace Bowler,26.75,1.0,1,88.0,0.1741,0,0,49.03,16.67,93.73,13.32,7.82,0.0,31.235,0.234,31.53,2029,H2,Jul-Dec
Mayank Yadav,India,Pace Bowler,27.75,1.0,1,50.0,0.8293,1,0,1.33,6.0,106.1,21.01,7.22,0.0,34.2975,0.4362,34.12,2029,H2,Jul-Dec
Mohammed Shami,India,Pace Bowler,39.75,0.0,0,180.0,-0.0391,0,0,0.0,5.39,81.93,6.54,10.05,0.0,21.3023,0.0181,21.46,2029,H2,Jul-Dec
Mohammed Siraj,India,Pace Bowler,35.75,0.8929,1,206.5714,1.0389,1,0,0.18,3.21,133.62,37.1,9.95,0.0,46.5981,0.8703,44.6,2029,H2,Jul-Dec
Mukesh Kumar,India,Pace Bowler,35.75,0.5625,1,78.5,-2.0445,0,1,20.33,0.42,98.34,0.68,11.66,0.0,19.6911,0.0033,20.07,2029,H2,Jul-Dec
Nithish Kumar Reddy,India,Batting All-Rounder,26.75,1.0,1,762.0,-3.183,0,1,0.0,20.38,128.42,0.0,0.0,0.0,31.1078,0.0258,31.79,2029,H2,Jul-Dec
Prabhsimran Singh,India,Wicketkeeper,29.75,1.0,1,100.0,-0.1166,0,0,198.0,34.13,132.44,0.0,0.0,0.0,36.7799,0.2315,36.92,2029,H2,Jul-Dec
Prashant Veer,India,Bowling All-Rounder,27.75,1.0,1,60.0,0.7999,1,0,42.57,37.68,140.94,0.0,0.0,0.0,39.1043,0.0245,39.18,2029,H2,Jul-Dec
Prasidh Krishna,India,Pace Bowler,33.75,1.0,1,130.0,2.1223,1,0,13.01,12.43,86.77,32.09,11.36,0.0,37.7042,0.5108,37.72,2029,H2,Jul-Dec
Prince Yadav,India,Pace Bowler,28.75,1.0,1,90.0,1.4899,1,0,0.0,15.38,135.88,15.39,7.98,0.0,39.8687,0.7718,39.8,2029,H2,Jul-Dec
Priyansh Arya,India,Top Order Batter,28.75,1.0,1,85.0,-0.3519,0,0,756.99,36.93,208.85,1.66,13.84,0.0,54.9235,0.8986,54.8,2029,H2,Jul-Dec
Rajat Patidar,India,Middle Order Batter,35.75,0.625,1,31.0,-0.8666,0,1,22.93,15.14,113.73,0.0,0.0,0.0,26.6838,0.0136,27.95,2029,H2,Jul-Dec
Ramandeep Singh,India,Batting All-Rounder,32.75,1.0,1,86.0,0.4274,0,0,165.59,37.71,156.9,0.0,0.0,0.0,42.5382,0.759,42.69,2029,H2,Jul-Dec
Ravi Bishnoi,India,Spin Bowler,29.75,1.0,1,160.0,0.7192,1,0,30.25,26.81,86.22,13.83,10.03,0.0,32.796,0.4847,32.7,2029,H2,Jul-Dec
Rinku Singh,India,Middle Order Batter,32.75,1.0,1,160.0,-0.1732,0,0,159.2,32.67,182.64,0.0,0.0,0.0,45.8951,0.9345,45.96,2029,H2,Jul-Dec
Rishabh Pant,India,Wicketkeeper,31.75,1.0,1,250.0,-0.0922,0,0,500.33,43.74,115.09,0.0,0.0,0.0,37.3149,0.1258,37.46,2029,H2,Jul-Dec
Riyan Parag,India,Batting All-Rounder,27.75,1.0,1,160.0,-1.6051,0,1,209.59,20.36,138.0,0.0,0.0,0.0,33.5379,0.0285,33.78,2029,H2,Jul-Dec
Sai Sudharsan,India,Top Order Batter,27.75,1.0,1,68.0,-2.2145,0,1,61.32,11.59,103.18,0.0,0.0,0.0,23.6354,0.0491,24.54,2029,H2,Jul-Dec
Sakib Hussain,India,Pace Bowler,24.75,1.0,1,36.0,-1.0797,0,1,36.24,7.41,90.46,5.0,9.71,0.0,22.9314,0.0181,23.39,2029,H2,Jul-Dec
Salil Arora,India,Wicketkeeper,26.75,1.0,1,78.0,-0.0849,0,0,192.02,28.13,152.6,0.0,0.0,0.0,38.7583,0.3857,38.81,2029,H2,Jul-Dec
Sanju Samson,India,Wicketkeeper,34.75,1.0,1,250.0,0.3517,0,0,178.27,40.58,143.9,0.0,0.0,0.0,40.9717,0.5673,41.06,2029,H2,Jul-Dec
Sarfaraz Khan,India,Middle Order Batter,31.75,1.0,1,54.0,-0.8484,0,1,55.04,30.18,110.97,0.0,0.0,0.0,30.9895,0.1791,31.68,2029,H2,Jul-Dec
Sarthak Ranjan,India,Middle Order Batter,26.75,1.0,1,38.0,0.1947,0,0,130.13,32.43,141.34,0.0,0.0,0.0,37.7698,0.4869,37.92,2029,H2,Jul-Dec
Shardul Thakur,India,Bowling All-Rounder,37.75,0.45,1,173.2,-0.5712,0,1,200.05,20.82,104.44,8.2,11.54,0.0,31.7617,0.0028,31.88,2029,H2,Jul-Dec
Shivam Dube,India,Batting All-Rounder,36.75,0.7812,1,193.25,1.0385,1,0,115.87,44.43,131.79,0.0,0.0,0.0,39.6757,0.1619,40.32,2029,H2,Jul-Dec
Shreyas Iyer,India,Middle Order Batter,34.75,1.0,1,210.0,-0.4469,0,0,697.91,12.66,132.7,0.0,0.0,0.0,31.4548,0.3639,32.11,2029,H2,Jul-Dec
Shubman Gill,India,Top Order Batter,30.75,1.0,1,170.0,-2.0093,0,1,178.21,38.95,146.88,0.0,0.0,0.0,41.0319,0.8684,41.06,2029,H2,Jul-Dec
Suryakumar Yadav,India,Middle Order Batter,39.75,0.0,0,300.0,-0.7683,0,1,189.43,21.82,152.38,0.0,0.0,0.0,36.7166,0.0249,37.02,2029,H2,Jul-Dec
Suryansh Shedge,India,Batting All-Rounder,25.75,1.0,1,46.0,-0.081,0,0,40.13,45.31,106.82,0.0,0.0,0.0,34.9236,0.0249,34.99,2029,H2,Jul-Dec
Tejasvi Dahiya,India,Wicketkeeper,25.75,1.0,1,49.0,-0.261,0,0,91.84,42.08,137.33,0.0,0.0,0.0,39.9352,0.5198,39.99,2029,H2,Jul-Dec
Tilak Varma,India,Middle Order Batter,26.75,1.0,1,152.0,0.6118,1,0,352.5,47.61,125.1,0.0,0.0,0.0,40.053,0.8614,40.08,2029,H2,Jul-Dec
Tushar Deshpande,India,Pace Bowler,34.75,1.0,1,79.0,1.157,1,0,0.72,15.68,106.12,8.02,8.16,0.0,30.3263,0.3188,30.7,2029,H2,Jul-Dec
Vaibhav Suryavanshi,India,Top Order Batter,18.75,1.0,1,64.0,1.4098,1,0,343.59,14.1,226.7,0.0,0.0,0.0,49.0503,0.9659,49.15,2029,H2,Jul-Dec
Varun Chakravarthy,India,Spin Bowler,38.75,0.375,1,161.0,-0.7789,0,1,72.04,3.71,99.5,6.3,8.38,0.0,24.5237,0.0907,24.49,2029,H2,Jul-Dec
Washington Sundar,India,Bowling All-Rounder,29.75,1.0,1,180.0,1.6614,1,0,531.55,31.34,149.21,8.79,8.78,0.0,45.3515,0.0106,45.51,2029,H2,Jul-Dec
Yash Thakur,India,Pace Bowler,29.75,1.0,1,42.0,0.6618,1,0,0.0,13.17,120.46,11.55,7.56,0.0,34.2862,0.2474,34.42,2029,H2,Jul-Dec
Yashasvi Jaiswal,India,Top Order Batter,27.75,1.0,1,130.0,-1.196,0,1,412.99,27.4,126.0,0.0,0.0,0.0,34.0161,0.3597,34.27,2029,H2,Jul-Dec
Adam Leckey,Ireland,Pace Bowler,24.75,1.0,1,50.0,1.5556,1,0,56.95,17.26,122.79,24.59,7.94,0.0,42.9215,0.6568,42.9,2029,H2,Jul-Dec
Andrew Balbirnie,Ireland,Top Order Batter,38.75,0.05,1,211.2,-1.5368,0,1,131.19,25.94,121.23,0.0,0.0,0.0,31.8441,0.0196,32.27,2029,H2,Jul-Dec
Andy McBrine,Ireland,Bowling All-Rounder,36.75,0.7083,1,140.0,0.2661,0,0,353.02,26.47,119.66,24.59,9.16,0.0,45.8146,0.012,43.8,2029,H2,Jul-Dec
Barry McCarthy,Ireland,Pace Bowler,36.75,0.125,1,125.0,-1.1615,0,1,27.95,15.74,111.45,12.62,9.94,0.0,33.5419,0.0175,33.37,2029,H2,Jul-Dec
Ben Calitz,Ireland,Middle Order Batter,28.75,1.0,1,68.0,1.7128,1,0,586.0,39.76,159.01,0.0,0.0,0.0,44.7722,0.859,44.88,2029,H2,Jul-Dec
Ben White,Ireland,Spin Bowler,30.75,1.0,1,101.0,-0.2689,0,0,65.72,16.4,118.34,36.24,7.84,0.0,47.9374,0.9405,47.86,2029,H2,Jul-Dec
Cade Carmichael,Ireland,Middle Order Batter,27.75,1.0,1,78.0,1.8287,1,0,628.4,39.4,149.35,0.0,0.0,0.0,42.9138,0.8453,43.07,2029,H2,Jul-Dec
Chris de Freitas,Ireland,Top Order Batter,28.75,1.0,1,55.0,1.464,1,0,319.65,33.14,150.22,0.0,0.0,0.0,40.239,0.7831,40.24,2029,H2,Jul-Dec
Cian Carmichael,Ireland,Middle Order Batter,27.75,1.0,1,48.0,1.7146,1,0,245.81,34.42,145.36,0.0,0.0,0.0,39.4982,0.7351,39.53,2029,H2,Jul-Dec
Craig Young,Ireland,Pace Bowler,37.75,0.3125,1,110.0,-0.605,0,1,23.09,11.23,101.16,14.39,10.74,0.0,30.9379,0.0163,31.33,2029,H2,Jul-Dec
Curtis Campher,Ireland,Bowling All-Rounder,30.75,1.0,1,168.0,-0.185,0,0,648.59,36.04,145.55,32.58,8.63,0.0,58.939,0.0132,58.64,2029,H2,Jul-Dec
Fionn Hand,Ireland,Pace Bowler,31.75,1.0,1,119.0,-0.18,0,0,66.92,12.73,113.03,32.53,9.19,0.0,43.546,0.6694,43.66,2029,H2,Jul-Dec
Gareth Delany,Ireland,Batting All-Rounder,32.75,1.0,1,142.0,-0.242,0,0,503.71,28.4,142.23,19.46,8.81,0.0,48.5782,0.724,48.59,2029,H2,Jul-Dec
Gavin Hoey,Ireland,Spin Bowler,26.75,1.0,1,82.0,1.7968,1,0,285.23,35.72,171.88,37.14,7.09,0.0,65.6474,0.9843,67.47,2029,H2,Jul-Dec
Gavin Roulston,Ireland,Middle Order Batter,26.75,1.0,1,58.0,2.2199,1,0,371.16,41.75,150.57,0.0,0.0,0.0,43.1692,0.8153,43.34,2029,H2,Jul-Dec
George Dockrell,Ireland,Batting All-Rounder,36.75,0.5625,1,180.5,-0.9186,0,1,243.41,21.75,110.09,9.85,9.67,0.0,34.372,0.0041,34.14,2029,H2,Jul-Dec
Graham Hume,Ireland,Pace Bowler,38.75,0.0,0,112.0,-0.8702,0,1,15.95,13.29,111.46,9.23,9.94,0.0,30.9622,0.0489,31.49,2029,H2,Jul-Dec
Harry Tector,Ireland,Middle Order Batter,29.75,1.0,1,187.0,0.5617,1,0,1076.08,42.98,158.71,1.79,8.18,0.0,48.8432,0.8531,48.99,2029,H2,Jul-Dec
Jai Moondra,Ireland,Pace Bowler,26.75,1.0,1,57.0,1.2794,1,0,53.15,15.49,124.42,27.74,7.82,0.0,44.3432,0.7662,44.26,2029,H2,Jul-Dec
Jake Egan,Ireland,Top Order Batter,25.75,1.0,1,54.0,2.0547,1,0,408.05,40.8,157.54,0.0,0.0,0.0,44.3175,0.921,44.42,2029,H2,Jul-Dec
James West,Ireland,Top Order Batter,26.75,1.0,1,56.0,1.9257,1,0,392.44,39.25,155.44,0.0,0.0,0.0,43.3793,0.9096,43.52,2029,H2,Jul-Dec
Jordan Neill,Ireland,Pace Bowler,27.75,1.0,1,71.0,0.7448,1,0,54.66,12.12,115.78,28.54,8.32,0.0,41.9247,0.5009,41.98,2029,H2,Jul-Dec
Josh Little,Ireland,Pace Bowler,29.75,1.0,1,134.0,-0.6058,0,1,55.87,20.84,127.11,35.24,8.08,0.0,50.4254,0.8805,50.29,2029,H2,Jul-Dec
Liam McCarthy,Ireland,Pace Bowler,30.75,1.0,1,77.0,0.9,1,0,67.43,15.06,118.24,33.2,8.45,0.0,45.776,0.694,45.74,2029,H2,Jul-Dec
Lorcan Tucker,Ireland,Wicketkeeper,33.75,1.0,1,142.0,0.6262,1,0,681.72,30.52,134.68,0.0,0.0,0.0,37.4298,0.4607,37.52,2029,H2,Jul-Dec
Luke Murray,Ireland,Wicketkeeper,26.75,1.0,1,51.0,2.0995,1,0,380.65,41.53,161.29,0.0,0.0,0.0,45.1946,0.811,45.36,2029,H2,Jul-Dec
Mark Adair,Ireland,Bowling All-Rounder,33.75,1.0,1,195.0,-2.7203,0,1,253.77,19.9,124.3,25.78,10.09,0.0,44.8351,0.0095,44.82,2029,H2,Jul-Dec
Matt Hollard,Ireland,Batting All-Rounder,26.75,1.0,1,59.0,2.2392,1,0,329.42,38.43,165.61,21.28,7.73,0.0,56.9472,0.905,56.77,2029,H2,Jul-Dec
Matthew Foster,Ireland,Pace Bowler,29.75,1.0,1,68.0,0.9301,1,0,66.15,14.99,124.19,32.49,7.83,0.0,46.6615,0.8041,46.58,2029,H2,Jul-Dec
Matthew Humphreys,Ireland,Spin Bowler,26.75,1.0,1,85.0,0.3361,0,0,84.96,15.96,127.56,36.88,7.39,0.0,50.0781,0.9641,49.76,2029,H2,Jul-Dec
Morgan Topping,Ireland,Middle Order Batter,25.75,1.0,1,62.0,1.9243,1,0,504.63,40.21,166.73,0.0,0.0,0.0,46.1753,0.9051,46.35,2029,H2,Jul-Dec
Neil Rock,Ireland,Wicketkeeper,28.75,1.0,1,91.0,1.1088,1,0,425.83,33.72,146.09,0.0,0.0,0.0,39.9233,0.5876,39.99,2029,H2,Jul-Dec
Paul Stirling,Ireland,Top Order Batter,38.75,0.2083,1,366.0,-3.9428,0,1,234.32,21.58,116.09,0.47,10.95,0.0,30.3664,0.0053,31.15,2029,H2,Jul-Dec
Peter Moor,Ireland,Wicketkeeper,38.75,0.375,1,115.0,-0.7194,0,1,37.52,18.14,107.91,0.0,0.0,0.0,26.549,0.0053,27.84,2029,H2,Jul-Dec
Reuben Wilson,Ireland,Pace Bowler,24.75,1.0,1,61.0,2.0247,1,0,156.41,28.89,158.59,30.54,7.65,0.0,56.9622,0.9178,56.77,2029,H2,Jul-Dec
Ross Adair,Ireland,Top Order Batter,34.75,1.0,1,106.0,1.0886,1,0,741.01,35.68,148.21,0.0,0.0,0.0,41.8355,0.9002,42.0,2029,H2,Jul-Dec
Sam Topping,Ireland,Top Order Batter,26.75,1.0,1,64.0,2.1039,1,0,525.12,43.7,167.33,0.0,0.0,0.0,47.4504,0.9591,47.52,2029,H2,Jul-Dec
Scott Macbeth,Ireland,Pace Bowler,28.75,1.0,1,52.0,1.3168,1,0,61.58,18.03,122.36,25.93,7.81,0.0,43.8262,0.7538,43.82,2029,H2,Jul-Dec
Seamus Lynch,Ireland,Wicketkeeper,27.75,1.0,1,61.0,1.9137,1,0,423.92,37.3,149.35,0.0,0.0,0.0,41.677,0.6299,41.76,2029,H2,Jul-Dec
Sebastian Dijkstra,Ireland,Top Order Batter,25.75,1.0,1,47.0,1.7423,1,0,285.4,35.73,151.79,0.0,0.0,0.0,41.2634,0.6642,41.41,2029,H2,Jul-Dec
Stephen Doheny,Ireland,Wicketkeeper,29.75,1.0,1,78.0,1.3805,1,0,605.35,39.14,163.75,0.0,0.0,0.0,45.5452,0.8016,45.55,2029,H2,Jul-Dec
Theo van Woerkom,Ireland,Pace Bowler,33.75,1.0,1,84.0,0.3037,0,0,54.16,12.64,108.73,23.35,9.77,0.0,37.7539,0.4153,37.67,2029,H2,Jul-Dec
Tim Tector,Ireland,Top Order Batter,26.75,1.0,1,71.0,1.835,1,0,562.36,38.53,158.94,0.0,0.0,0.0,44.304,0.9145,44.42,2029,H2,Jul-Dec
Tom Mayes,Ireland,Pace Bowler,27.75,1.0,1,66.0,1.4192,1,0,74.53,16.96,125.25,32.56,7.97,0.0,47.5158,0.8263,47.35,2029,H2,Jul-Dec
Adam Milne,New Zealand,Pace Bowler,37.75,0.0625,1,206.5,-2.7416,0,1,11.1,12.37,100.2,5.88,10.92,0.0,26.6022,0.0185,27.35,2029,H2,Jul-Dec
Adithya Ashok,New Zealand,Spin Bowler,26.75,1.0,1,64.0,0.5063,1,0,63.54,12.32,116.74,26.8,8.11,0.0,41.332,0.6516,41.42,2029,H2,Jul-Dec
Ajaz Patel,New Zealand,Spin Bowler,40.75,0.0357,1,87.8571,-2.1014,0,1,0.51,6.25,84.49,1.66,8.28,0.0,19.8209,0.007,20.25,2029,H2,Jul-Dec
Ben Lister,New Zealand,Pace Bowler,33.75,1.0,1,109.0,0.2451,0,0,62.36,15.65,108.57,35.94,9.83,0.0,45.2775,0.6206,45.22,2029,H2,Jul-Dec
Ben Sears,New Zealand,Pace Bowler,31.75,1.0,1,104.0,0.6785,1,0,48.25,15.11,112.13,41.1,8.99,0.0,48.5921,0.7363,48.45,2029,H2,Jul-Dec
Benjamin Jacobs,New Zealand,Middle Order Batter,27.75,1.0,1,55.0,1.7755,1,0,350.98,35.2,151.48,0.0,0.0,0.0,41.2203,0.7086,41.41,2029,H2,Jul-Dec
Bharat Popli,New Zealand,Middle Order Batter,37.75,0.45,1,80.2,0.6414,1,0,256.55,26.26,118.23,0.0,0.0,0.0,31.7181,0.0367,32.17,2029,H2,Jul-Dec
Blair Tickner,New Zealand,Pace Bowler,35.75,0.5625,1,120.5,-1.5152,0,1,18.83,10.75,99.13,13.01,10.88,0.0,29.6431,0.0164,29.92,2029,H2,Jul-Dec
Cole McConchie,New Zealand,Batting All-Rounder,33.75,1.0,1,121.0,0.317,0,0,443.0,26.59,123.37,15.82,9.22,0.0,42.2198,0.397,42.3,2029,H2,Jul-Dec
Curtis Heaphy,New Zealand,Batting All-Rounder,27.75,1.0,1,64.0,2.177,1,0,515.84,37.09,159.32,21.52,8.08,0.0,55.8788,0.8071,55.89,2029,H2,Jul-Dec
Dane Cleaver,New Zealand,Wicketkeeper,36.75,0.5625,1,94.5,0.3728,0,0,255.68,26.91,126.16,0.0,0.0,0.0,33.4508,0.0115,34.24,2029,H2,Jul-Dec
Daryl Foxcroft,New Zealand,Batting All-Rounder,30.75,1.0,1,91.0,2.694,1,0,688.53,41.27,158.58,22.05,8.42,0.0,57.7457,0.6302,57.73,2029,H2,Jul-Dec
Daryl Mitchell,New Zealand,Batting All-Rounder,38.75,0.0,0,176.0,-2.055,0,1,119.96,27.63,134.32,1.96,9.59,0.0,36.4389,0.0018,36.4,2029,H2,Jul-Dec
Devon Conway,New Zealand,Wicketkeeper,38.75,0.375,1,195.0,-1.1313,0,1,295.91,30.67,126.74,0.0,0.0,0.0,34.8626,0.0067,35.58,2029,H2,Jul-Dec
Finn Allen,New Zealand,Top Order Batter,30.75,1.0,1,200.0,-0.609,0,1,869.21,34.68,165.15,0.0,0.0,0.0,45.1478,0.9825,45.36,2029,H2,Jul-Dec
Fraser Sheat,New Zealand,Pace Bowler,27.75,1.0,1,65.0,1.0563,1,0,63.49,14.36,117.24,29.29,8.26,0.0,43.3435,0.5443,43.36,2029,H2,Jul-Dec
Glenn Phillips,New Zealand,Batting All-Rounder,33.75,1.0,1,240.0,-1.0925,0,1,750.78,28.79,140.54,16.94,9.99,0.0,47.5565,0.6241,47.49,2029,H2,Jul-Dec
Henry Nicholls,New Zealand,Top Order Batter,38.75,0.0,0,92.0,-0.8467,0,1,33.57,16.45,109.6,0.0,0.0,0.0,26.3304,0.0158,27.59,2029,H2,Jul-Dec
Ish Sodhi,New Zealand,Spin Bowler,36.75,0.0,0,190.0,-2.8392,0,1,5.59,9.14,87.31,3.85,8.88,0.0,22.3205,0.0283,22.79,2029,H2,Jul-Dec
Jacob Cumming,New Zealand,Top Order Batter,27.75,1.0,1,61.0,1.6302,1,0,524.97,37.16,162.64,0.0,0.0,0.0,44.4804,0.8895,44.68,2029,H2,Jul-Dec
Jacob Duffy,New Zealand,Pace Bowler,34.75,1.0,1,108.0,0.6264,1,0,55.7,12.8,104.85,40.93,9.79,0.0,46.2594,0.6956,46.2,2029,H2,Jul-Dec
Jayden Lennox,New Zealand,Pace Bowler,27.75,1.0,1,51.0,1.422,1,0,43.36,13.6,113.85,25.64,8.5,0.0,40.4333,0.4451,40.4,2029,H2,Jul-Dec
Jesse Tashkoff,New Zealand,Batting All-Rounder,30.75,1.0,1,69.0,1.9317,1,0,525.35,33.79,152.9,22.72,8.34,0.0,54.1977,0.7384,54.3,2029,H2,Jul-Dec
Jimmy Neesham,New Zealand,Bowling All-Rounder,38.75,0.2083,1,231.0,-1.7576,0,1,139.19,22.26,132.76,7.9,9.93,0.0,37.5545,0.0026,37.01,2029,H2,Jul-Dec
Josh Clarkson,New Zealand,Batting All-Rounder,32.75,1.0,1,95.0,1.7479,1,0,631.1,31.74,142.79,20.67,9.1,0.0,50.6795,0.721,50.73,2029,H2,Jul-Dec
Katene Clarke,New Zealand,Middle Order Batter,28.75,1.0,1,67.0,1.3911,1,0,532.68,36.69,165.21,0.0,0.0,0.0,44.8495,0.8817,44.99,2029,H2,Jul-Dec
Kristian Clarke,New Zealand,Bowling All-Rounder,27.75,1.0,1,61.0,2.0148,1,0,449.22,32.47,153.85,23.68,8.12,0.0,54.2998,0.0185,54.31,2029,H2,Jul-Dec
Kyle Jamieson,New Zealand,Pace Bowler,34.75,1.0,1,124.0,-0.7898,0,1,56.75,10.73,108.63,26.27,9.93,0.0,38.6436,0.3281,38.6,2029,H2,Jul-Dec
Lachlan Stackpole,New Zealand,Middle Order Batter,26.75,1.0,1,52.0,1.5963,1,0,358.92,35.81,164.97,0.0,0.0,0.0,44.0378,0.8627,44.17,2029,H2,Jul-Dec
Lockie Ferguson,New Zealand,Pace Bowler,38.75,0.0,0,137.0,-1.4912,0,1,8.87,11.71,109.54,6.76,10.23,0.0,28.7391,0.0365,29.09,2029,H2,Jul-Dec
Mark Chapman,New Zealand,Middle Order Batter,34.75,1.0,1,173.0,-0.1849,0,0,574.16,28.56,131.61,11.69,9.86,0.0,42.5363,0.6457,42.56,2029,H2,Jul-Dec
Matt Bacon,New Zealand,Pace Bowler,34.75,1.0,1,73.0,0.496,0,0,42.28,9.26,105.29,25.49,9.41,0.0,37.1663,0.2466,37.16,2029,H2,Jul-Dec
Matt Henry,New Zealand,Pace Bowler,37.75,0.0833,1,153.0,-1.2099,0,1,11.26,8.89,95.54,8.8,10.71,0.0,26.1593,0.0199,26.33,2029,H2,Jul-Dec
Matthew Boyle,New Zealand,Top Order Batter,27.75,1.0,1,59.0,1.8639,1,0,408.1,35.37,150.14,0.0,0.0,0.0,41.1758,0.8778,41.2,2029,H2,Jul-Dec
Matthew Fisher,New Zealand,Pace Bowler,28.75,1.0,1,54.0,1.1706,1,0,44.7,12.64,123.64,29.76,7.65,0.0,44.3675,0.7613,44.26,2029,H2,Jul-Dec
Max Chu,New Zealand,Wicketkeeper,30.75,1.0,1,61.0,1.7809,1,0,404.73,34.93,147.87,0.0,0.0,0.0,40.5895,0.6158,40.63,2029,H2,Jul-Dec
Michael Bracewell,New Zealand,Batting All-Rounder,38.75,0.0,0,130.0,0.2842,0,0,163.44,30.74,134.68,7.2,9.52,0.0,40.3661,0.0123,39.79,2029,H2,Jul-Dec
Michael Rae,New Zealand,Pace Bowler,34.75,1.0,1,76.0,0.3883,0,0,35.54,11.02,106.77,24.44,9.22,0.0,37.4705,0.1911,37.52,2029,H2,Jul-Dec
Mitchell Hay,New Zealand,Wicketkeeper,33.75,1.0,1,92.0,1.6301,1,0,618.05,36.0,145.22,0.0,0.0,0.0,41.0146,0.3368,41.06,2029,H2,Jul-Dec
Mitchell Santner,New Zealand,Spin Bowler,37.75,0.0,0,235.0,-1.1739,0,1,123.19,25.82,117.67,8.86,8.72,0.0,36.4259,0.0621,35.68,2029,H2,Jul-Dec
Muhammad Abbas,New Zealand,Middle Order Batter,28.75,1.0,1,42.0,0.4289,0,0,43.9,13.7,114.52,0.0,0.0,0.0,26.4404,0.0462,27.74,2029,H2,Jul-Dec
Nathan Smith,New Zealand,Pace Bowler,30.75,1.0,1,100.0,1.0242,1,0,223.89,28.87,156.52,36.58,7.94,0.0,59.8388,0.9481,59.54,2029,H2,Jul-Dec
Nicholas Kelly,New Zealand,Top Order Batter,33.75,1.0,1,74.0,1.5429,1,0,501.2,28.7,131.93,0.0,0.0,0.0,35.8181,0.5852,35.98,2029,H2,Jul-Dec
Rachin Ravindra,New Zealand,Batting All-Rounder,29.75,1.0,1,121.0,1.1799,1,0,1011.53,44.15,176.97,27.14,7.61,0.0,65.9556,0.9479,67.04,2029,H2,Jul-Dec
Rhys Mariu,New Zealand,Middle Order Batter,27.75,1.0,1,73.0,1.561,1,0,599.61,38.2,166.22,0.0,0.0,0.0,45.7089,0.8696,45.72,2029,H2,Jul-Dec
Rohit Gulati,New Zealand,Middle Order Batter,27.75,1.0,1,50.0,1.37,1,0,282.91,32.03,154.93,0.0,0.0,0.0,40.6941,0.7658,40.79,2029,H2,Jul-Dec
Simon Johnston,New Zealand,Top Order Batter,26.75,1.0,1,54.0,1.7344,1,0,336.35,40.33,165.48,0.0,0.0,0.0,45.4998,0.9028,45.55,2029,H2,Jul-Dec
Simon Keene,New Zealand,Pace Bowler,27.75,1.0,1,54.0,1.3555,1,0,57.42,16.82,114.95,25.15,8.38,0.0,41.4693,0.5075,41.54,2029,H2,Jul-Dec
Tim Pringle,New Zealand,Spin Bowler,25.75,1.0,1,69.0,2.0348,1,0,412.61,38.14,174.65,32.56,7.31,0.0,64.8447,0.9842,67.47,2029,H2,Jul-Dec
Tim Robinson,New Zealand,Middle Order Batter,26.75,1.0,1,84.0,1.8791,1,0,864.54,42.91,172.1,0.0,0.0,0.0,49.0737,0.9502,49.17,2029,H2,Jul-Dec
Tim Seifert,New Zealand,Wicketkeeper,34.75,1.0,1,220.0,-0.0866,0,0,833.38,34.07,143.4,0.0,0.0,0.0,40.6585,0.6098,40.79,2029,H2,Jul-Dec
Tim Southee,New Zealand,Pace Bowler,40.75,0.0,0,220.0,-3.6596,0,1,0.0,2.86,85.85,0.17,12.34,0.0,17.6597,0.0051,18.27,2029,H2,Jul-Dec
Tom Blundell,New Zealand,Wicketkeeper,38.75,0.4643,1,85.7143,-0.1062,0,0,124.22,19.83,105.91,0.0,0.0,0.0,26.94,0.005,28.01,2029,H2,Jul-Dec
Tom Latham,New Zealand,Wicketkeeper,37.75,0.6071,1,146.0,-0.706,0,1,156.45,21.64,112.65,0.0,0.0,0.0,28.9022,0.0051,29.38,2029,H2,Jul-Dec
Trent Boult,New Zealand,Pace Bowler,40.75,0.0,0,168.0,-3.7224,0,1,0.36,5.56,89.74,0.21,11.91,0.0,19.3266,0.004,19.9,2029,H2,Jul-Dec
Will ORourke,New Zealand,Pace Bowler,28.75,1.0,1,82.0,1.0569,1,0,83.81,19.0,131.7,42.51,7.78,0.0,54.6827,0.9306,54.69,2029,H2,Jul-Dec
Will Young,New Zealand,Top Order Batter,37.75,0.5417,1,129.0,0.3727,0,0,300.84,27.86,117.86,0.0,0.0,0.0,32.2762,0.0341,32.8,2029,H2,Jul-Dec
Zak Foulkes,New Zealand,Bowling All-Rounder,27.75,1.0,1,76.0,2.7363,1,0,585.81,42.39,166.56,32.29,7.87,0.0,64.8302,0.0264,67.1,2029,H2,Jul-Dec
Zak Gibson,New Zealand,Pace Bowler,27.75,1.0,1,48.0,1.4501,1,0,47.31,14.84,124.47,26.94,7.88,0.0,43.6984,0.7095,43.79,2029,H2,Jul-Dec
Aamir Jamal,Pakistan,Bowling All-Rounder,33.75,1.0,1,108.0,-1.391,0,1,102.84,22.87,128.91,5.28,9.31,0.0,35.6274,0.0067,35.75,2029,H2,Jul-Dec
Abbas Afridi,Pakistan,Pace Bowler,28.75,1.0,1,102.0,-1.7444,0,1,32.77,10.77,141.0,12.88,8.17,0.0,38.1373,0.3699,38.14,2029,H2,Jul-Dec
Abdul Faseeh,Pakistan,Top Order Batter,26.75,1.0,1,34.0,-0.0047,0,0,9.79,10.21,131.13,0.0,0.0,0.0,28.4475,0.2463,29.15,2029,H2,Jul-Dec
Abdul Faseeh Jr,Pakistan,Top Order Batter,26.75,1.0,1,35.0,1.0261,1,0,68.07,17.08,156.69,0.0,0.0,0.0,35.7111,0.2846,35.88,2029,H2,Jul-Dec
Abdul Samad,Pakistan,Middle Order Batter,27.75,1.0,1,112.0,-0.621,0,1,514.57,35.01,157.43,0.0,0.0,0.0,42.7673,0.8247,43.07,2029,H2,Jul-Dec
Abdullah Fazal,Pakistan,Middle Order Batter,30.75,1.0,1,68.0,0.4397,0,0,262.97,32.56,129.42,0.0,0.0,0.0,35.8839,0.6958,36.03,2029,H2,Jul-Dec
Abdullah Shafique,Pakistan,Top Order Batter,29.75,1.0,1,142.0,-2.3273,0,1,488.4,37.34,135.98,0.0,0.0,0.0,39.2912,0.6199,39.39,2029,H2,Jul-Dec
Abrar Ahmed,Pakistan,Spin Bowler,30.75,1.0,1,122.0,-5.5395,0,1,75.55,16.03,117.92,13.14,8.24,0.0,35.5863,0.4115,35.72,2029,H2,Jul-Dec
Ahmed Daniyal,Pakistan,Pace Bowler,32.75,1.0,1,84.0,-1.319,0,1,80.94,16.53,132.78,13.91,9.39,0.0,38.8152,0.2227,38.77,2029,H2,Jul-Dec
Akif Javed,Pakistan,Pace Bowler,34.75,0.625,1,89.0,-2.4335,0,1,43.16,14.29,120.78,10.82,10.09,0.0,33.9631,0.0094,33.95,2029,H2,Jul-Dec
Ali Raza,Pakistan,Pace Bowler,23.75,1.0,1,57.0,1.9702,1,0,154.2,25.68,178.67,38.19,7.15,0.0,63.9526,0.923,67.41,2029,H2,Jul-Dec
Ali Usman,Pakistan,Spin Bowler,38.75,0.05,1,67.2,-2.4045,0,1,18.79,12.23,115.6,5.06,7.85,0.0,29.637,0.0467,30.26,2029,H2,Jul-Dec
Arafat Minhas,Pakistan,Bowling All-Rounder,25.75,1.0,1,76.0,0.7105,1,0,389.22,38.93,168.25,17.95,7.05,0.0,56.2187,0.0373,55.89,2029,H2,Jul-Dec
Asif Afridi,Pakistan,Spin Bowler,42.75,0.0,0,74.0,-3.7192,0,1,8.51,9.97,103.65,3.26,8.19,0.0,25.5709,0.0337,26.41,2029,H2,Jul-Dec
Awais Zafar,Pakistan,Middle Order Batter,34.75,1.0,1,91.0,-0.1196,0,0,247.03,29.38,126.95,0.0,0.0,0.0,34.3587,0.1238,34.6,2029,H2,Jul-Dec
Azam Khan,Pakistan,Middle Order Batter,30.75,1.0,1,135.0,-1.3978,0,1,514.83,31.47,160.07,0.0,0.0,0.0,42.1598,0.6797,42.24,2029,H2,Jul-Dec
Azan Awais,Pakistan,Top Order Batter,25.75,1.0,1,64.0,1.4657,1,0,424.27,48.21,154.05,0.0,0.0,0.0,46.0291,0.9196,46.12,2029,H2,Jul-Dec
Babar Azam,Pakistan,Top Order Batter,34.75,0.875,1,321.0,-4.002,0,1,755.66,39.39,117.44,0.0,0.0,0.0,37.1115,0.2687,36.92,2029,H2,Jul-Dec
Faheem Ashraf,Pakistan,Bowling All-Rounder,35.75,0.4167,1,166.0,-5.63,0,1,227.83,26.55,138.05,11.74,8.7,0.0,42.3932,0.0023,41.91,2029,H2,Jul-Dec
Faisal Akram,Pakistan,Spin Bowler,26.75,1.0,1,75.0,-0.8802,0,1,56.8,13.09,133.73,17.91,7.44,0.0,40.3404,0.3926,40.39,2029,H2,Jul-Dec
Fakhar Zaman,Pakistan,Top Order Batter,39.75,0.0,0,250.0,-3.7993,0,1,204.94,29.35,127.24,0.0,0.0,0.0,34.2871,0.0167,35.0,2029,H2,Jul-Dec
Ghazi Ghori,Pakistan,Wicketkeeper,25.75,1.0,1,59.0,1.5715,1,0,288.88,40.23,146.43,0.0,0.0,0.0,41.6597,0.5753,41.76,2029,H2,Jul-Dec
Haris Rauf,Pakistan,Pace Bowler,35.75,0.125,1,179.0,-5.3646,0,1,27.44,12.49,115.56,10.22,9.76,0.0,32.0778,0.0072,32.27,2029,H2,Jul-Dec
Hasan Ali,Pakistan,Pace Bowler,34.75,0.625,1,203.0,-6.3549,0,1,150.47,11.03,124.25,18.36,10.13,0.0,37.8457,0.0463,36.78,2029,H2,Jul-Dec
Haseebullah Khan,Pakistan,Wicketkeeper,25.75,1.0,1,79.0,0.7097,1,0,484.5,39.52,162.74,0.0,0.0,0.0,45.1312,0.8541,45.25,2029,H2,Jul-Dec
Hassan Nawaz,Pakistan,Middle Order Batter,25.75,1.0,1,67.0,2.7233,1,0,714.32,59.63,189.01,0.0,0.0,0.0,57.1931,0.9585,56.81,2029,H2,Jul-Dec
Hussain Talat,Pakistan,Batting All-Rounder,33.75,1.0,1,146.0,-2.7353,0,1,403.81,25.64,122.88,8.1,9.62,0.0,37.6094,0.037,37.7,2029,H2,Jul-Dec
Iftikhar Ahmed,Pakistan,Batting All-Rounder,38.75,0.0,0,220.0,-5.7398,0,1,176.7,28.2,122.43,3.53,9.49,0.0,35.3218,0.0013,35.36,2029,H2,Jul-Dec
Imad Wasim,Pakistan,Bowling All-Rounder,40.75,0.0,0,300.0,-14.1405,0,1,6.31,18.5,109.63,1.18,9.3,0.0,28.1128,0.0009,28.84,2029,H2,Jul-Dec
Imam-ul-Haq,Pakistan,Top Order Batter,33.75,1.0,1,173.0,-2.0171,0,1,339.79,35.07,122.65,0.0,0.0,0.0,35.5858,0.4419,35.84,2029,H2,Jul-Dec
Irfan Khan,Pakistan,Top Order Batter,27.75,1.0,1,93.0,1.185,1,0,568.11,47.23,156.45,0.0,0.0,0.0,46.5864,0.9245,46.73,2029,H2,Jul-Dec
Jahandad Khan,Pakistan,Bowling All-Rounder,26.75,1.0,1,72.0,1.3953,1,0,372.85,44.21,175.57,15.55,7.37,0.0,57.907,0.0293,57.79,2029,H2,Jul-Dec
Kamran Ghulam,Pakistan,Top Order Batter,33.75,1.0,1,121.0,0.1517,0,0,475.0,35.19,131.79,0.0,0.0,0.0,37.7665,0.4292,37.84,2029,H2,Jul-Dec
Kashif Ali,Pakistan,Pace Bowler,27.75,1.0,1,69.0,-0.4077,0,0,111.76,18.14,155.09,16.13,7.84,0.0,45.1794,0.7034,45.21,2029,H2,Jul-Dec
Khawaja Nafay,Pakistan,Wicketkeeper,27.75,1.0,1,81.0,1.7416,1,0,764.97,53.82,186.35,0.0,0.0,0.0,54.9878,0.856,55.45,2029,H2,Jul-Dec
Khurram Shahzad,Pakistan,Pace Bowler,34.75,0.8929,1,93.5714,-1.5299,0,1,69.69,14.39,118.97,14.51,9.34,0.0,35.766,0.0244,35.2,2029,H2,Jul-Dec
Khushdil Shah,Pakistan,Batting All-Rounder,34.75,0.875,1,171.0,-4.2287,0,1,538.18,31.82,144.97,12.22,8.94,0.0,46.4697,0.1138,44.89,2029,H2,Jul-Dec
Maaz Sadaqat,Pakistan,Batting All-Rounder,24.75,1.0,1,62.0,2.134,1,0,507.46,53.91,192.72,13.32,6.92,0.0,63.6154,0.9397,62.7,2029,H2,Jul-Dec
Mir Hamza,Pakistan,Pace Bowler,36.75,0.7083,1,78.0,-1.4398,0,1,17.33,6.99,102.79,8.82,10.15,0.0,27.0599,0.0238,27.49,2029,H2,Jul-Dec
Mohammad Abbas,Pakistan,Pace Bowler,39.75,0.2083,1,55.0,-1.1655,0,1,11.71,6.95,95.27,3.96,10.31,0.0,23.0147,0.0059,23.29,2029,H2,Jul-Dec
Mohammad Ali,Pakistan,Pace Bowler,35.75,0.7083,1,94.0,-1.8843,0,1,52.45,10.64,117.71,12.39,10.43,0.0,33.0199,0.0093,33.16,2029,H2,Jul-Dec
Mohammad Amir,Pakistan,Pace Bowler,37.75,0.25,1,249.2,-10.3315,0,1,1.72,7.42,104.23,2.43,9.56,0.0,24.1723,0.0083,24.53,2029,H2,Jul-Dec
Mohammad Faiq,Pakistan,Middle Order Batter,26.75,1.0,1,58.0,1.9892,1,0,330.27,39.7,160.77,0.0,0.0,0.0,44.3752,0.6416,44.42,2029,H2,Jul-Dec
Mohammad Haris,Pakistan,Wicketkeeper,28.75,1.0,1,125.0,0.4973,0,0,752.85,38.48,173.47,0.0,0.0,0.0,47.626,0.8527,47.79,2029,H2,Jul-Dec
Mohammad Hasnain,Pakistan,Pace Bowler,29.75,1.0,1,158.0,-3.9654,0,1,60.12,11.42,143.7,25.04,8.09,0.0,45.3227,0.6105,45.2,2029,H2,Jul-Dec
Mohammad Huraira,Pakistan,Middle Order Batter,27.75,1.0,1,88.0,1.4568,1,0,646.64,42.71,148.08,0.0,0.0,0.0,43.765,0.7849,43.96,2029,H2,Jul-Dec
Mohammad Nawaz,Pakistan,Bowling All-Rounder,35.75,0.65,1,233.2,-7.9443,0,1,326.36,23.43,127.12,16.45,8.56,0.0,42.0685,0.0068,41.04,2029,H2,Jul-Dec
Mohammad Rizwan,Pakistan,Wicketkeeper,37.75,0.375,1,251.0,-3.8979,0,1,347.61,37.13,111.77,0.0,0.0,0.0,34.159,0.0052,34.69,2029,H2,Jul-Dec
Mohammad Wasim,Pakistan,Pace Bowler,28.75,1.0,1,116.0,-2.8649,0,1,61.41,12.78,133.89,19.44,8.37,0.0,40.8722,0.2265,40.85,2029,H2,Jul-Dec
Mubasir Khan,Pakistan,Bowling All-Rounder,27.75,1.0,1,96.0,0.1503,0,0,398.69,37.2,164.57,17.08,7.34,0.0,54.4531,0.011,54.31,2029,H2,Jul-Dec
Naseem Shah,Pakistan,Pace Bowler,26.75,1.0,1,132.0,-3.2703,0,1,61.71,12.81,137.25,24.14,7.63,0.0,44.1578,0.6223,44.12,2029,H2,Jul-Dec
Noman Ali,Pakistan,Spin Bowler,43.75,0.0,0,45.0,-0.9245,0,1,5.76,6.08,81.33,3.33,8.28,0.0,20.0465,0.0144,20.49,2029,H2,Jul-Dec
Omair Yousuf,Pakistan,Top Order Batter,31.75,1.0,1,98.0,0.3171,0,0,422.35,31.89,126.32,0.0,0.0,0.0,35.5216,0.5418,35.69,2029,H2,Jul-Dec
Qasim Akram,Pakistan,Batting All-Rounder,26.75,1.0,1,103.0,0.4116,0,0,244.1,29.67,151.33,11.38,7.68,0.0,46.0172,0.5339,46.11,2029,H2,Jul-Dec
Saad Masood,Pakistan,Top Order Batter,27.75,1.0,1,59.0,2.1277,1,0,368.26,43.55,148.95,0.0,0.0,0.0,43.4168,0.876,43.52,2029,H2,Jul-Dec
Sahibzada Farhan,Pakistan,Wicketkeeper,33.75,1.0,1,202.0,-0.6465,0,1,929.3,39.18,139.64,0.0,0.0,0.0,41.8154,0.3043,42.0,2029,H2,Jul-Dec
Saim Ayub,Pakistan,Batting All-Rounder,27.75,1.0,1,133.0,-1.6086,0,1,904.5,41.5,169.06,15.83,7.53,0.0,57.3925,0.8179,57.76,2029,H2,Jul-Dec
Sajid Khan,Pakistan,Spin Bowler,36.75,0.3125,1,81.0,-2.5628,0,1,27.45,11.02,110.54,8.79,8.11,0.0,30.1968,0.057,30.52,2029,H2,Jul-Dec
Salman Ali Agha,Pakistan,Batting All-Rounder,35.75,0.65,1,173.2,-5.2223,0,1,744.41,35.05,129.1,8.33,8.7,0.0,43.0146,0.0207,42.99,2029,H2,Jul-Dec
Salman Mirza,Pakistan,Pace Bowler,32.75,1.0,1,73.0,-0.3366,0,0,78.6,12.33,134.33,16.94,9.23,0.0,39.3944,0.1998,39.35,2029,H2,Jul-Dec
Sarfaraz Ahmed,Pakistan,Wicketkeeper,42.75,0.0,0,270.0,-3.4778,0,1,0.0,15.3,109.0,0.0,0.0,0.0,25.7574,0.0059,26.93,2029,H2,Jul-Dec
Saud Shakeel,Pakistan,Top Order Batter,34.75,1.0,1,124.0,0.0249,0,0,439.82,31.0,117.31,0.0,0.0,0.0,33.5514,0.1354,33.85,2029,H2,Jul-Dec
Shadab Khan,Pakistan,Bowling All-Rounder,31.75,1.0,1,250.0,-9.2801,0,1,650.39,29.5,148.23,26.53,7.95,0.0,54.3722,0.0121,54.34,2029,H2,Jul-Dec
Shaheen Afridi,Pakistan,Pace Bowler,29.75,1.0,1,205.0,-6.3658,0,1,68.39,12.81,130.62,36.34,7.69,0.0,49.2688,0.8649,48.98,2029,H2,Jul-Dec
Shahzaib Khan,Pakistan,Top Order Batter,27.75,1.0,1,62.0,1.912,1,0,340.64,42.27,164.53,0.0,0.0,0.0,45.941,0.8545,45.95,2029,H2,Jul-Dec
Shamyl Hussain,Pakistan,Middle Order Batter,24.75,1.0,1,61.0,2.6612,1,0,535.66,56.97,192.63,0.0,0.0,0.0,56.5503,0.9421,56.4,2029,H2,Jul-Dec
Shan Masood,Pakistan,Top Order Batter,39.75,0.0,0,111.0,-1.0017,0,1,89.62,23.89,115.67,0.0,0.0,0.0,30.0076,0.0109,30.7,2029,H2,Jul-Dec
Sufiyan Muqeem,Pakistan,Spin Bowler,28.75,1.0,1,84.0,-0.0545,0,0,120.03,19.05,154.22,31.29,7.08,0.0,53.4546,0.9358,53.55,2029,H2,Jul-Dec
Tayyab Tahir,Pakistan,Top Order Batter,35.75,0.85,1,134.2,0.0052,0,0,516.61,31.84,125.79,0.18,9.55,0.0,36.3099,0.0337,36.31,2029,H2,Jul-Dec
Ubaid Shah,Pakistan,Pace Bowler,24.75,1.0,1,64.0,0.4997,0,0,110.18,15.87,172.97,28.34,7.01,0.0,54.5166,0.9,54.27,2029,H2,Jul-Dec
Usama Mir,Pakistan,Spin Bowler,33.75,1.0,1,112.0,-2.3497,0,1,121.26,18.38,128.19,18.16,8.35,0.0,41.0425,0.4429,40.95,2029,H2,Jul-Dec
Usman Khan,Pakistan,Wicketkeeper,33.75,1.0,1,155.0,-1.0472,0,1,551.23,31.74,139.38,0.0,0.0,0.0,38.3555,0.0975,38.51,2029,H2,Jul-Dec
Usman Tariq,Pakistan,Spin Bowler,30.75,1.0,1,76.0,0.3567,0,0,119.68,18.81,154.6,30.67,7.04,0.0,53.1382,0.9633,53.02,2029,H2,Jul-Dec
Yasir Khan,Pakistan,Middle Order Batter,26.75,1.0,1,68.0,1.9169,1,0,478.09,46.36,169.19,0.0,0.0,0.0,48.517,0.8186,48.63,2029,H2,Jul-Dec
Zahid Mahmood,Pakistan,Pace Bowler,41.75,0.0,0,69.0,-2.0237,0,1,10.38,8.88,102.34,3.22,11.43,0.0,24.4601,0.0053,24.85,2029,H2,Jul-Dec
Zaman Khan,Pakistan,Pace Bowler,27.75,1.0,1,101.0,-1.551,0,1,91.57,15.11,154.8,27.62,7.86,0.0,50.12,0.418,49.76,2029,H2,Jul-Dec
Aiden Markram,South Africa,Top Order Batter,34.75,0.75,1,212.0,-4.6359,0,1,628.39,37.42,144.53,10.46,8.03,0.0,47.6671,0.3517,45.6,2029,H2,Jul-Dec
Alfred Mothoa,South Africa,Pace Bowler,27.75,1.0,1,57.0,1.813,1,0,103.18,16.29,159.91,28.79,7.57,0.0,52.1935,0.5117,51.84,2029,H2,Jul-Dec
Andile Phehlukwayo,South Africa,Bowling All-Rounder,33.75,1.0,1,195.0,-5.8101,0,1,340.35,24.28,138.54,20.53,8.92,0.0,46.6472,0.0063,46.59,2029,H2,Jul-Dec
Andile Simelane,South Africa,Bowling All-Rounder,25.75,1.0,1,73.0,0.5069,1,0,274.9,33.63,188.96,18.96,6.97,0.0,58.7724,0.0508,57.78,2029,H2,Jul-Dec
Anrich Nortje,South Africa,Pace Bowler,35.75,0.65,1,134.2,-3.3832,0,1,23.75,10.97,117.91,18.0,9.33,0.0,36.1814,0.0123,35.31,2029,H2,Jul-Dec
Beyers Swanepoel,South Africa,Pace Bowler,28.75,1.0,1,69.0,1.1181,1,0,137.16,18.11,156.14,29.75,8.02,0.0,52.532,0.6451,52.12,2029,H2,Jul-Dec
Bjorn Fortuin,South Africa,Spin Bowler,34.75,0.8125,1,136.0,-3.8407,0,1,62.07,12.28,126.5,21.08,7.59,0.0,40.3257,0.3815,39.4,2029,H2,Jul-Dec
Clyde Fortuin,South Africa,Wicketkeeper,33.75,1.0,1,117.0,-0.143,0,0,283.66,26.75,123.74,0.0,0.0,0.0,33.0119,0.045,33.35,2029,H2,Jul-Dec
Codi Yusuf,South Africa,Pace Bowler,27.75,1.0,1,66.0,0.9504,1,0,82.83,14.21,151.66,26.59,7.85,0.0,48.6687,0.4883,48.44,2029,H2,Jul-Dec
Connor Esterhuizen,South Africa,Wicketkeeper,24.75,1.0,1,58.0,4.7417,1,0,672.14,57.15,195.98,0.0,0.0,0.0,57.6365,0.6137,57.98,2029,H2,Jul-Dec
Corbin Bosch,South Africa,Bowling All-Rounder,34.75,1.0,1,128.0,-0.3171,0,0,713.47,38.04,150.21,19.51,8.86,0.0,53.7667,0.0044,53.6,2029,H2,Jul-Dec
Dane Paterson,South Africa,Pace Bowler,38.75,0.0,0,98.0,-3.2199,0,1,8.85,7.82,110.92,5.58,9.67,0.0,27.241,0.0233,27.84,2029,H2,Jul-Dec
Dane Piedt,South Africa,Spin Bowler,39.75,0.0,0,72.0,-2.2129,0,1,12.9,9.83,116.88,5.72,7.97,0.0,29.4276,0.1636,29.82,2029,H2,Jul-Dec
Daniel Smith,South Africa,Wicketkeeper,28.75,1.0,1,75.0,3.2974,1,0,654.68,57.89,195.61,0.0,0.0,0.0,57.7497,0.3704,57.91,2029,H2,Jul-Dec
David Bedingham,South Africa,Middle Order Batter,35.75,0.9062,1,102.0,0.8091,1,0,458.06,37.51,142.54,0.0,0.0,0.0,40.5253,0.543,39.59,2029,H2,Jul-Dec
David Miller,South Africa,Middle Order Batter,40.75,0.0,0,275.0,-5.4725,0,1,60.47,29.71,130.28,0.0,0.0,0.0,34.5818,0.0266,35.4,2029,H2,Jul-Dec
Dayyaan Galiem,South Africa,Bowling All-Rounder,31.75,1.0,1,85.0,-0.3724,0,0,299.44,27.47,142.01,12.37,8.61,0.0,43.9956,0.0053,44.02,2029,H2,Jul-Dec
Delano Potgieter,South Africa,Bowling All-Rounder,32.75,1.0,1,88.0,0.8641,1,0,470.46,38.1,171.23,23.06,7.96,0.0,59.201,0.0158,59.5,2029,H2,Jul-Dec
Dewald Brevis,South Africa,Middle Order Batter,26.75,1.0,1,135.0,3.1095,1,0,1578.51,53.1,181.92,11.18,8.43,0.0,62.7889,0.9051,62.02,2029,H2,Jul-Dec
Dian Forrester,South Africa,Batting All-Rounder,29.75,1.0,1,61.0,4.222,1,0,964.1,50.84,168.8,13.06,7.4,0.0,59.0418,0.8815,59.55,2029,H2,Jul-Dec
Donovan Ferreira,South Africa,Batting All-Rounder,31.75,1.0,1,123.0,-0.8932,0,1,703.07,39.75,175.55,14.33,8.22,0.0,56.5812,0.6431,56.43,2029,H2,Jul-Dec
Eathan Bosch,South Africa,Pace Bowler,31.75,1.0,1,106.0,-2.1321,0,1,63.89,11.57,135.5,20.23,8.76,0.0,41.1448,0.2587,41.08,2029,H2,Jul-Dec
Gavin Kaplan,South Africa,Middle Order Batter,26.75,1.0,1,64.0,4.2073,1,0,674.56,54.31,181.33,0.0,0.0,0.0,53.9203,0.8899,53.89,2029,H2,Jul-Dec
George Linde,South Africa,Bowling All-Rounder,37.75,0.0,0,127.0,-4.6307,0,1,81.88,22.38,122.55,7.1,8.75,0.0,35.2385,0.0015,35.07,2029,H2,Jul-Dec
Gerald Coetzee,South Africa,Pace Bowler,28.75,1.0,1,112.0,-1.4403,0,1,58.36,12.85,146.06,32.92,8.12,0.0,50.3428,0.5897,50.29,2029,H2,Jul-Dec
Gideon Peters,South Africa,Pace Bowler,27.75,1.0,1,64.0,1.223,1,0,101.57,14.44,153.17,28.0,8.08,0.0,49.7711,0.4911,49.76,2029,H2,Jul-Dec
Heinrich Klaasen,South Africa,Wicketkeeper,38.75,0.0,0,225.0,-3.319,0,1,222.45,43.94,174.5,0.0,0.0,0.0,48.0601,0.0642,46.18,2029,H2,Jul-Dec
Jason Smith,South Africa,Batting All-Rounder,34.75,1.0,1,108.0,0.5575,1,0,507.47,41.41,155.34,14.29,8.53,0.0,52.5727,0.5881,52.67,2029,H2,Jul-Dec
Jordan Hermann,South Africa,Top Order Batter,27.75,1.0,1,73.0,4.3332,1,0,845.02,63.02,199.67,0.0,0.0,0.0,60.6867,0.9624,59.75,2029,H2,Jul-Dec
Junaid Dawood,South Africa,Spin Bowler,27.75,1.0,1,59.0,1.4422,1,0,96.09,15.83,152.34,26.64,7.61,0.0,49.4325,0.7841,49.32,2029,H2,Jul-Dec
Junior Dala,South Africa,Pace Bowler,39.75,0.0,0,95.0,-3.7511,0,1,9.37,9.39,114.03,3.81,10.82,0.0,27.2534,0.0106,27.98,2029,H2,Jul-Dec
Kagiso Rabada,South Africa,Pace Bowler,34.75,0.85,1,220.2,-6.8845,0,1,47.88,10.51,128.45,31.81,8.59,0.0,45.4991,0.3228,45.2,2029,H2,Jul-Dec
Keshav Maharaj,South Africa,Spin Bowler,39.75,0.0,0,152.0,-5.6275,0,1,36.72,15.67,111.99,7.31,8.48,0.0,31.1184,0.0292,31.64,2029,H2,Jul-Dec
Kwena Maphaka,South Africa,Pace Bowler,23.75,1.0,1,84.0,0.5585,1,0,162.12,23.38,182.66,37.58,6.98,0.0,63.7482,0.943,63.33,2029,H2,Jul-Dec
Kyle Simmonds,South Africa,Spin Bowler,30.75,1.0,1,78.0,0.0644,0,0,118.18,15.69,137.14,27.99,7.71,0.0,47.2,0.7281,47.04,2029,H2,Jul-Dec
Kyle Verreynne,South Africa,Wicketkeeper,31.75,1.0,1,115.0,0.2038,0,0,424.8,38.5,143.19,0.0,0.0,0.0,40.8699,0.3007,40.97,2029,H2,Jul-Dec
Lesego Senokwane,South Africa,Top Order Batter,30.75,1.0,1,78.0,1.9391,1,0,465.66,43.64,162.66,0.0,0.0,0.0,46.3636,0.8433,46.49,2029,H2,Jul-Dec
Lesiba Ngoepe,South Africa,Top Order Batter,33.75,1.0,1,78.0,1.363,1,0,344.21,33.84,146.22,0.0,0.0,0.0,39.7572,0.4561,39.79,2029,H2,Jul-Dec
Lhuan-dre Pretorius,South Africa,Wicketkeeper,23.75,1.0,1,77.0,5.6486,1,0,1259.8,56.7,205.9,0.0,0.0,0.0,61.0573,0.9049,61.06,2029,H2,Jul-Dec
Lizaad Williams,South Africa,Pace Bowler,35.75,0.65,1,110.2,-2.386,0,1,27.32,8.89,113.67,15.16,9.86,0.0,33.1472,0.0069,33.03,2029,H2,Jul-Dec
Lungi Ngidi,South Africa,Pace Bowler,33.75,1.0,1,167.0,-3.4826,0,1,64.75,12.9,124.49,33.44,9.05,0.0,46.3051,0.5273,46.2,2029,H2,Jul-Dec
Lutho Sipamla,South Africa,Pace Bowler,31.75,1.0,1,109.0,-1.9532,0,1,45.52,11.88,127.07,18.56,9.07,0.0,38.6344,0.1362,38.6,2029,H2,Jul-Dec
Marco Jansen,South Africa,Bowling All-Rounder,29.75,1.0,1,162.0,-4.419,0,1,427.73,34.55,157.64,28.38,7.9,0.0,58.137,0.0087,57.75,2029,H2,Jul-Dec
Matthew Boast,South Africa,Pace Bowler,28.75,1.0,1,61.0,1.1296,1,0,92.17,14.34,145.37,24.62,8.2,0.0,46.413,0.4399,46.34,2029,H2,Jul-Dec
Matthew Breetzke,South Africa,Top Order Batter,30.75,1.0,1,132.0,1.4141,1,0,757.21,43.5,160.21,0.0,0.0,0.0,46.6649,0.8852,46.73,2029,H2,Jul-Dec
Meeka-eel Prince,South Africa,Wicketkeeper,24.75,1.0,1,68.0,3.4728,1,0,522.01,57.27,192.59,0.0,0.0,0.0,56.599,0.4313,56.49,2029,H2,Jul-Dec
Mihlali Mpongwana,South Africa,Pace Bowler,29.75,1.0,1,82.0,-0.2137,0,0,71.83,14.22,153.41,28.48,7.8,0.0,49.9797,0.658,49.76,2029,H2,Jul-Dec
Nandre Burger,South Africa,Pace Bowler,34.75,1.0,1,93.0,-0.4825,0,0,53.18,13.8,137.19,26.78,8.79,0.0,45.5678,0.4112,45.56,2029,H2,Jul-Dec
Nqaba Peter,South Africa,Spin Bowler,28.75,1.0,1,81.0,0.7718,1,0,132.47,20.23,160.3,36.13,7.18,0.0,57.5403,0.965,57.74,2029,H2,Jul-Dec
Nqobani Mokoena,South Africa,Pace Bowler,23.75,1.0,1,59.0,5.4474,1,0,308.88,32.38,180.92,57.73,7.01,0.0,77.2044,0.9268,69.46,2029,H2,Jul-Dec
Ottneil Baartman,South Africa,Pace Bowler,36.75,0.45,1,86.2,-1.7211,0,1,26.45,10.61,125.2,13.92,9.1,0.0,35.3851,0.0175,34.91,2029,H2,Jul-Dec
Patrick Kruger,South Africa,Bowling All-Rounder,33.75,1.0,1,98.0,-0.0171,0,0,363.85,33.79,151.48,19.28,8.6,0.0,51.6176,0.0031,51.6,2029,H2,Jul-Dec
Prenelan Subrayen,South Africa,Spin Bowler,35.75,0.875,1,97.0,-1.4844,0,1,135.54,20.07,124.35,25.76,7.89,0.0,44.954,0.5459,43.59,2029,H2,Jul-Dec
Quinton de Kock,South Africa,Wicketkeeper,36.75,0.0,0,250.0,-4.7413,0,1,25.5,33.01,142.95,0.0,0.0,0.0,37.9699,0.0108,38.53,2029,H2,Jul-Dec
Rassie van der Dussen,South Africa,Middle Order Batter,40.75,0.0,0,190.0,-3.4925,0,1,117.58,37.72,127.04,0.0,0.0,0.0,36.6458,0.0262,36.85,2029,H2,Jul-Dec
Reeza Hendricks,South Africa,Top Order Batter,40.75,0.0,0,184.0,-3.3506,0,1,98.97,27.24,128.27,0.0,0.0,0.0,33.5223,0.0204,34.32,2029,H2,Jul-Dec
Rubin Hermann,South Africa,Wicketkeeper,29.75,1.0,1,91.0,2.9463,1,0,960.52,61.61,190.91,0.0,0.0,0.0,58.8756,0.5418,57.92,2029,H2,Jul-Dec
Ryan Rickelton,South Africa,Wicketkeeper,33.75,1.0,1,151.0,-0.1004,0,0,808.55,47.35,163.85,0.0,0.0,0.0,48.7266,0.5963,48.65,2029,H2,Jul-Dec
Senuran Muthusamy,South Africa,Bowling All-Rounder,34.75,1.0,1,121.0,-1.1974,0,1,360.37,31.39,144.98,21.1,8.15,0.0,50.6413,0.0071,50.68,2029,H2,Jul-Dec
Shaun von Berg,South Africa,Spin Bowler,42.75,0.0,0,87.0,-2.6026,0,1,15.08,14.36,111.02,6.4,8.06,0.0,30.0691,0.0803,30.63,2029,H2,Jul-Dec
Simon Harmer,South Africa,Spin Bowler,40.75,0.0,0,108.0,-3.8085,0,1,36.24,14.26,112.51,7.89,8.12,0.0,31.1511,0.0424,31.62,2029,H2,Jul-Dec
Sinethemba Qeshile,South Africa,Wicketkeeper,29.75,1.0,1,97.0,0.9855,1,0,462.76,38.69,152.86,0.0,0.0,0.0,42.902,0.5222,43.07,2029,H2,Jul-Dec
Tabraiz Shamsi,South Africa,Spin Bowler,39.75,0.0417,1,185.0,-6.4223,0,1,25.92,12.0,110.06,11.75,8.35,0.0,31.9077,0.0407,31.92,2029,H2,Jul-Dec
Temba Bavuma,South Africa,Top Order Batter,39.75,0.0,0,103.0,-0.8742,0,1,59.11,26.16,119.81,0.0,0.0,0.0,31.4373,0.0125,32.04,2029,H2,Jul-Dec
Tony de Zorzi,South Africa,Top Order Batter,32.75,1.0,1,106.0,0.6683,1,0,426.44,36.75,153.8,0.0,0.0,0.0,42.369,0.7576,42.49,2029,H2,Jul-Dec
Tristan Stubbs,South Africa,Middle Order Batter,28.75,1.0,1,135.0,2.0421,1,0,1065.07,55.27,176.78,8.99,8.82,0.0,59.8196,0.8192,59.57,2029,H2,Jul-Dec
Tshepo Moreki,South Africa,Pace Bowler,34.75,1.0,1,91.0,-1.016,0,1,64.6,11.53,126.53,20.6,9.42,0.0,39.4821,0.1518,39.42,2029,H2,Jul-Dec
Wiaan Mulder,South Africa,Batting All-Rounder,31.75,1.0,1,146.0,-1.8822,0,1,620.59,40.27,161.92,22.25,7.71,0.0,58.1459,0.6667,57.73,2029,H2,Jul-Dec
A Dananjaya,Sri Lanka,Spin Bowler,30.75,1.0,1,85.0,0.2211,0,0,119.58,6.3,80.45,22.69,9.87,0.0,30.1195,0.2216,30.17,2029,H2,Jul-Dec
Ahan Wickramasinghe,Sri Lanka,Middle Order Batter,27.75,1.0,1,71.0,0.4929,0,0,188.81,23.4,146.12,0.0,0.0,0.0,36.0059,0.6971,36.21,2029,H2,Jul-Dec
Ashian Daniel,Sri Lanka,Spin Bowler,28.75,1.0,1,79.0,-1.5075,0,1,8.97,3.69,144.25,6.43,8.9,0.0,32.9415,0.5361,33.1,2029,H2,Jul-Dec
Asitha Fernando,Sri Lanka,Pace Bowler,33.75,1.0,1,79.0,0.1024,0,0,71.28,8.98,52.93,24.71,9.45,0.0,26.6429,0.122,26.49,2029,H2,Jul-Dec
Avishka Fernando,Sri Lanka,Top Order Batter,31.75,1.0,1,70.0,0.4543,0,0,163.4,18.73,145.57,0.0,0.0,0.0,34.3542,0.3516,34.61,2029,H2,Jul-Dec
Bhanuka Rajapaksa,Sri Lanka,Middle Order Batter,37.75,0.5417,1,60.0,-0.3592,0,0,179.47,19.12,99.05,0.0,0.0,0.0,25.5474,0.0104,26.5,2029,H2,Jul-Dec
Binura Fernando,Sri Lanka,Pace Bowler,34.75,1.0,1,79.0,-0.0578,0,0,160.21,11.94,52.02,22.98,11.72,0.0,26.4507,0.1353,26.38,2029,H2,Jul-Dec
Chamika Karunaratne,Sri Lanka,Bowling All-Rounder,33.75,1.0,1,98.0,-3.4557,0,1,214.75,6.0,114.84,13.78,10.55,0.0,32.1687,0.0113,32.24,2029,H2,Jul-Dec
Chamindu Wickramasinghe,Sri Lanka,Bowling All-Rounder,27.75,1.0,1,56.0,-0.0012,0,0,130.99,11.38,178.7,7.31,6.93,0.0,43.2785,0.8155,43.37,2029,H2,Jul-Dec
Chamindu Wijesinghe,Sri Lanka,Batting All-Rounder,27.75,1.0,1,63.0,-0.5596,0,1,64.87,18.03,133.34,4.93,6.41,0.0,35.3638,0.0799,35.46,2029,H2,Jul-Dec
Sahan Arachchige,Sri Lanka,Middle Order Batter,32.75,1.0,1,98.0,-0.6559,0,1,604.01,37.48,144.1,0.0,0.0,0.0,41.2264,0.8722,41.41,2029,H2,Jul-Dec
Dasun Shanaka,Sri Lanka,Batting All-Rounder,38.75,0.4643,1,53.7143,-0.6268,0,1,503.02,5.51,93.11,5.47,12.58,0.0,24.0606,0.0023,23.64,2029,H2,Jul-Dec
Dhananjaya Lakshan,Sri Lanka,Bowling All-Rounder,31.75,1.0,1,93.0,-2.4328,0,1,141.91,26.02,108.71,15.99,10.34,0.0,38.2865,0.0089,38.27,2029,H2,Jul-Dec
Dhananjaya de Silva,Sri Lanka,Batting All-Rounder,38.75,0.375,1,56.0,-1.1941,0,1,200.86,13.49,105.74,4.23,8.26,0.0,28.118,0.0026,28.53,2029,H2,Jul-Dec
Dilshan Madushanka,Sri Lanka,Pace Bowler,28.75,1.0,1,93.0,-0.6967,0,1,105.0,0.16,108.72,25.54,7.72,0.0,35.4923,0.6411,35.08,2029,H2,Jul-Dec
Sachindu Colombage,Sri Lanka,Spin Bowler,28.75,1.0,1,86.0,1.328,1,0,29.1,2.53,131.88,17.87,5.76,0.0,37.1153,0.9464,37.13,2029,H2,Jul-Dec
Dinesh Chandimal,Sri Lanka,Wicketkeeper,39.75,0.3214,1,66.4286,1.1167,1,0,304.78,24.99,121.64,0.0,0.0,0.0,32.1104,0.0108,32.6,2029,H2,Jul-Dec
Dulaj Samuditha,Sri Lanka,Bowling All-Rounder,27.75,1.0,1,62.0,-0.9467,0,1,64.46,21.51,95.57,2.36,7.71,0.0,27.4505,0.0016,28.08,2029,H2,Jul-Dec
Dulnith Sigera,Sri Lanka,Batting All-Rounder,22.75,1.0,1,62.0,-1.5247,0,1,74.35,17.56,133.06,3.48,9.38,0.0,33.718,0.0099,33.94,2029,H2,Jul-Dec
Dunith Wellalage,Sri Lanka,Bowling All-Rounder,26.75,1.0,1,63.0,-1.366,0,1,74.39,5.68,112.97,5.98,6.94,0.0,67.9398,0.9133,68.25,2029,H2,Jul-Dec
Dushan Hemantha,Sri Lanka,Bowling All-Rounder,34.75,0.75,1,70.0,-2.3672,0,1,298.24,14.11,107.47,6.0,9.26,0.0,29.6591,0.0027,30.14,2029,H2,Jul-Dec
Dushmantha Chameera,Sri Lanka,Pace Bowler,37.75,0.7083,1,71.0,1.9658,1,0,123.98,12.22,48.4,39.86,13.3,0.0,34.429,0.2762,33.88,2029,H2,Jul-Dec
Eshan Malinga,Sri Lanka,Pace Bowler,27.75,1.0,1,59.0,-1.4532,0,1,41.78,2.14,111.58,0.48,8.18,0.0,23.2692,0.0237,24.06,2029,H2,Jul-Dec
Garuka Sanketh,Sri Lanka,Pace Bowler,27.75,1.0,1,57.0,0.3614,0,0,49.29,6.1,123.26,12.29,6.97,0.0,33.2813,0.6478,33.46,2029,H2,Jul-Dec
Isitha Wijesundera,Sri Lanka,Pace Bowler,32.75,1.0,1,57.0,0.192,0,0,45.1,5.07,104.98,0.0,0.0,0.0,21.8788,0.0623,22.69,2029,H2,Jul-Dec
Janishka Perera,Sri Lanka,Top Order Batter,28.75,1.0,1,58.0,-0.5993,0,1,112.53,10.62,119.06,0.0,0.0,0.0,26.5366,0.2056,27.98,2029,H2,Jul-Dec
Janith Liyanage,Sri Lanka,Batting All-Rounder,33.75,1.0,1,82.0,-0.1418,0,0,411.52,24.92,108.36,13.92,8.3,0.0,37.8869,0.1057,37.86,2029,H2,Jul-Dec
Jeffrey Vandersay,Sri Lanka,Spin Bowler,39.75,0.0,0,47.0,-0.4163,0,0,11.96,5.07,105.09,5.09,8.38,0.0,25.2295,0.1906,25.38,2029,H2,Jul-Dec
Viran Chamuditha,Sri Lanka,Top Order Batter,28.75,1.0,1,80.0,-0.6104,0,1,466.6,34.5,156.89,0.0,0.0,0.0,42.3675,0.9558,42.49,2029,H2,Jul-Dec
Kamindu Mendis,Sri Lanka,Batting All-Rounder,30.75,1.0,1,100.0,0.8297,1,0,524.61,47.44,154.85,45.77,8.25,0.0,70.9655,0.9015,68.19,2029,H2,Jul-Dec
Kasun Rajitha,Sri Lanka,Pace Bowler,36.75,0.7083,1,67.0,0.8787,1,0,87.82,12.54,69.42,13.76,8.63,0.0,25.4075,0.0197,25.33,2029,H2,Jul-Dec
Kavija Gamage,Sri Lanka,Spin Bowler,22.75,1.0,1,85.0,-0.5785,0,1,61.02,10.88,127.82,15.44,7.34,0.0,37.2478,0.8473,37.25,2029,H2,Jul-Dec
Keshara Nuwantha,Sri Lanka,Bowling All-Rounder,27.75,1.0,1,64.0,0.5893,1,0,166.01,19.0,152.37,0.0,0.0,0.0,35.7586,0.0173,35.99,2029,H2,Jul-Dec
Kusal Mendis,Sri Lanka,Wicketkeeper,34.75,0.625,1,124.0,-7.5955,0,1,56.64,28.42,120.99,0.0,0.0,0.0,32.3715,0.1047,32.88,2029,H2,Jul-Dec
Kusal Perera,Sri Lanka,Wicketkeeper,39.75,0.0,0,64.0,-1.5804,0,1,97.08,13.38,132.57,0.0,0.0,0.0,29.971,0.0084,30.65,2029,H2,Jul-Dec
Lahiru Kumara,Sri Lanka,Pace Bowler,32.75,1.0,1,80.0,-0.5065,0,1,138.99,9.97,121.45,1.41,8.55,0.0,28.3287,0.1445,28.94,2029,H2,Jul-Dec
Lahiru Udara,Sri Lanka,Top Order Batter,35.75,0.8125,1,84.0,-1.3091,0,1,215.52,22.29,119.16,0.0,0.0,0.0,30.5291,0.0102,31.39,2029,H2,Jul-Dec
Lasith Croospulle,Sri Lanka,Top Order Batter,30.75,1.0,1,95.0,-0.4165,0,0,166.74,14.52,157.5,0.0,0.0,0.0,35.3361,0.7555,35.56,2029,H2,Jul-Dec
M Shiraz,Sri Lanka,Pace Bowler,34.75,1.0,1,82.0,-0.5763,0,1,8.77,8.89,115.01,7.69,7.31,0.0,29.9528,0.2923,30.25,2029,H2,Jul-Dec
Maheesh Theekshana,Sri Lanka,Spin Bowler,28.75,1.0,1,88.0,-1.1885,0,1,209.12,4.7,127.57,18.78,10.87,0.0,36.7755,0.3245,36.83,2029,H2,Jul-Dec
Mateesha Pathirana,Sri Lanka,Pace Bowler,26.75,1.0,1,57.0,-0.4757,0,0,14.41,11.93,116.27,3.35,9.04,0.0,28.5228,0.1099,29.08,2029,H2,Jul-Dec
Milan Rathnayake,Sri Lanka,Bowling All-Rounder,32.75,1.0,1,98.0,-2.0313,0,1,518.95,16.22,143.62,13.29,11.24,0.0,41.461,0.0114,41.44,2029,H2,Jul-Dec
Nipun Dhananjaya,Sri Lanka,Middle Order Batter,28.75,1.0,1,98.0,0.4466,0,0,300.88,34.64,138.57,0.0,0.0,0.0,38.4122,0.8184,38.53,2029,H2,Jul-Dec
Niroshan Dickwella,Sri Lanka,Wicketkeeper,36.75,0.3125,1,79.0,-1.8595,0,1,77.66,29.94,113.27,0.0,0.0,0.0,31.421,0.0046,32.06,2029,H2,Jul-Dec
Nishan Madushka,Sri Lanka,Wicketkeeper,29.75,1.0,1,87.0,-1.1655,0,1,348.65,12.6,150.86,0.0,0.0,0.0,33.9594,0.1775,34.17,2029,H2,Jul-Dec
Nishan Peiris,Sri Lanka,Pace Bowler,29.75,1.0,1,90.0,-0.4704,0,0,119.32,8.51,51.42,0.0,0.0,0.0,12.8399,0.03,13.63,2029,H2,Jul-Dec
Nuwan Thushara,Sri Lanka,Pace Bowler,33.75,1.0,1,92.0,-1.8645,0,1,31.57,0.43,107.47,17.1,9.99,0.0,30.2887,0.1006,30.46,2029,H2,Jul-Dec
Nuwanidu Fernando,Sri Lanka,Top Order Batter,30.75,1.0,1,82.0,0.0617,0,0,266.77,13.64,131.04,18.63,10.99,0.0,40.3362,0.2362,40.39,2029,H2,Jul-Dec
Oshada Fernando,Sri Lanka,Top Order Batter,37.75,0.0833,1,57.0,-0.9261,0,1,113.03,11.99,101.47,0.0,0.0,0.0,23.5769,0.0119,24.45,2029,H2,Jul-Dec
Pasindu Sooriyabandara,Sri Lanka,Top Order Batter,26.75,1.0,1,64.0,0.4625,0,0,21.59,28.24,160.66,0.0,0.0,0.0,34.8698,0.6987,30.89,2029,H2,Jul-Dec
Pathum Nissanka,Sri Lanka,Top Order Batter,31.75,1.0,1,133.0,-4.3377,0,1,441.75,55.0,157.02,0.0,0.0,0.0,48.7947,0.982,49.0,2029,H2,Jul-Dec
Pavan Rathnayake,Sri Lanka,Middle Order Batter,27.75,1.0,1,131.0,0.2704,0,0,368.58,11.92,116.17,0.0,0.0,0.0,27.108,0.0955,28.16,2029,H2,Jul-Dec
Pramod Madushan,Sri Lanka,Pace Bowler,32.75,1.0,1,67.0,0.6265,1,0,24.12,6.32,60.04,24.04,6.98,0.0,27.2308,0.2048,26.87,2029,H2,Jul-Dec
Ramesh Mendis,Sri Lanka,Bowling All-Rounder,34.75,1.0,1,83.0,-1.052,0,1,408.02,18.14,96.92,6.83,9.73,0.0,29.5634,0.0073,29.93,2029,H2,Jul-Dec
Ravindu Fernando,Sri Lanka,Batting All-Rounder,27.75,1.0,1,61.0,-0.3921,0,0,137.41,17.92,128.66,6.56,7.32,0.0,35.2038,0.0488,35.31,2029,H2,Jul-Dec
Ravindu Rasantha,Sri Lanka,Top Order Batter,28.75,1.0,1,95.0,-0.12,0,0,538.03,13.43,147.29,0.0,0.0,0.0,34.0641,0.4471,34.31,2029,H2,Jul-Dec
Sadeera Samarawickrama,Sri Lanka,Wicketkeeper,32.75,1.0,1,103.0,-1.6624,0,1,364.5,27.39,102.18,0.0,0.0,0.0,29.2813,0.0765,29.81,2029,H2,Jul-Dec
Sahan Kosala,Sri Lanka,Middle Order Batter,28.75,1.0,1,98.0,-0.9011,0,1,490.6,19.07,119.5,0.0,0.0,0.0,30.3501,0.4062,31.04,2029,H2,Jul-Dec
Sohan de Livera,Sri Lanka,Top Order Batter,29.75,1.0,1,60.0,0.0305,0,0,179.83,15.01,131.97,0.0,0.0,0.0,30.602,0.291,31.32,2029,H2,Jul-Dec
Sonal Dinusha,Sri Lanka,Batting All-Rounder,28.75,1.0,1,80.0,-3.5342,0,1,269.68,11.37,127.61,4.82,9.57,0.0,31.9314,0.0242,32.34,2029,H2,Jul-Dec
Tharindu Ratnayake,Sri Lanka,Bowling All-Rounder,33.75,1.0,1,105.0,0.7446,1,0,859.77,29.99,105.56,16.52,8.17,0.0,41.5938,0.0169,41.58,2029,H2,Jul-Dec
Traveen Mathew,Sri Lanka,Spin Bowler,28.75,1.0,1,76.0,-0.3721,0,0,37.26,0.01,48.97,32.25,6.58,0.0,27.5628,0.6151,26.76,2029,H2,Jul-Dec
V Viyaskanth,Sri Lanka,Spin Bowler,28.75,1.0,1,77.0,0.3392,0,0,25.32,7.36,69.89,41.57,6.76,0.0,38.7061,0.7977,38.65,2029,H2,Jul-Dec
Vigneshwaran Akash,Sri Lanka,Spin Bowler,22.75,1.0,1,58.0,0.0297,0,0,58.29,15.51,120.07,13.12,8.34,0.0,35.757,0.3528,35.85,2029,H2,Jul-Dec
Vimath Dinsara,Sri Lanka,Top Order Batter,23.75,1.0,1,70.0,-0.6986,0,1,23.89,21.56,121.82,0.0,0.0,0.0,30.2741,0.3383,30.92,2029,H2,Jul-Dec
Vishad Randika,Sri Lanka,Top Order Batter,32.75,1.0,1,84.0,1.8496,1,0,542.32,38.43,121.65,0.0,0.0,0.0,37.0219,0.7172,37.17,2029,H2,Jul-Dec
Vishen Halambage,Sri Lanka,Top Order Batter,24.75,1.0,1,64.0,-0.0245,0,0,119.14,22.48,146.49,0.0,0.0,0.0,35.5913,0.4397,35.85,2029,H2,Jul-Dec
Vishwa Fernando,Sri Lanka,Pace Bowler,37.75,0.3125,1,54.0,-0.4102,0,0,54.86,7.6,50.63,7.97,8.84,0.0,17.0599,0.0175,17.09,2029,H2,Jul-Dec
Wanindu Hasaranga,Sri Lanka,Bowling All-Rounder,32.75,1.0,1,120.0,0.6604,1,0,1187.92,50.35,118.11,26.11,8.84,0.0,56.2499,0.0174,55.87,2029,H2,Jul-Dec
A Phillip,West Indies,Top Order Batter,28.75,1.0,1,61.0,1.7336,1,0,333.27,40.82,161.14,0.0,0.0,0.0,44.8085,0.7503,44.88,2029,H2,Jul-Dec
Ackeem Auguste,West Indies,Middle Order Batter,26.75,1.0,1,79.0,3.2035,1,0,719.1,61.35,198.7,0.0,0.0,0.0,59.6189,0.8823,59.6,2029,H2,Jul-Dec
Akeal Hosein,West Indies,Spin Bowler,36.75,0.0833,1,192.0,-5.6308,0,1,51.61,19.92,118.59,11.96,7.91,0.0,36.3316,0.109,35.48,2029,H2,Jul-Dec
Alick Athanaze,West Indies,Top Order Batter,30.75,1.0,1,92.0,1.3106,1,0,561.05,40.74,160.78,0.0,0.0,0.0,45.353,0.7496,45.51,2029,H2,Jul-Dec
Alzarri Joseph,West Indies,Pace Bowler,33.75,1.0,1,200.0,-5.5718,0,1,46.28,9.68,114.29,31.59,9.59,0.0,42.2109,0.379,42.2,2029,H2,Jul-Dec
Amari Goodridge,West Indies,Pace Bowler,24.75,1.0,1,55.0,4.5821,1,0,155.03,17.38,187.34,45.69,7.24,0.0,66.9082,0.6671,67.26,2029,H2,Jul-Dec
Amir Jangoo,West Indies,Wicketkeeper,32.75,1.0,1,96.0,2.8956,1,0,742.08,49.86,164.69,0.0,0.0,0.0,49.4946,0.4573,49.55,2029,H2,Jul-Dec
Andre Fletcher,West Indies,Wicketkeeper,41.75,0.0,0,260.0,-5.1031,0,1,66.32,26.61,136.45,0.0,0.0,0.0,34.8099,0.005,35.54,2029,H2,Jul-Dec
Brandon King,West Indies,Top Order Batter,34.75,0.85,1,170.2,-2.2666,0,1,448.99,35.18,148.09,0.0,0.0,0.0,40.835,0.4818,40.72,2029,H2,Jul-Dec
Carlon Tuckett,West Indies,Pace Bowler,25.75,1.0,1,56.0,5.4784,1,0,174.11,19.11,171.03,58.41,7.82,0.0,70.8721,0.5006,67.27,2029,H2,Jul-Dec
Evin Lewis,West Indies,Top Order Batter,38.75,0.0,0,205.0,-3.6268,0,1,136.46,31.56,150.08,0.0,0.0,0.0,39.1991,0.0275,39.85,2029,H2,Jul-Dec
Fabian Allen,West Indies,Bowling All-Rounder,34.75,0.75,1,172.0,-4.9385,0,1,271.0,23.32,142.97,18.02,9.08,0.0,45.6618,0.0058,43.97,2029,H2,Jul-Dec
Giovonte Depeiza,West Indies,Top Order Batter,23.75,1.0,1,57.0,3.2421,1,0,452.47,51.47,200.98,0.0,0.0,0.0,56.1915,0.9657,55.97,2029,H2,Jul-Dec
Gudakesh Motie,West Indies,Spin Bowler,33.75,1.0,1,160.0,-3.2721,0,1,95.94,16.72,133.5,34.54,7.39,0.0,50.2699,0.9552,50.13,2029,H2,Jul-Dec
Hayden Walsh Jr,West Indies,Spin Bowler,36.75,0.3125,1,117.0,-3.2567,0,1,23.26,11.17,118.96,10.6,8.25,0.0,32.7742,0.0577,32.88,2029,H2,Jul-Dec
Jason Holder,West Indies,Bowling All-Rounder,37.75,0.25,1,242.2,-7.9999,0,1,179.11,26.52,138.43,12.81,8.95,0.0,42.8342,0.0019,42.05,2029,H2,Jul-Dec
Jayden Seales,West Indies,Pace Bowler,27.75,1.0,1,106.0,-0.9554,0,1,67.24,11.87,148.44,35.57,7.37,0.0,52.085,0.6827,51.84,2029,H2,Jul-Dec
Jediah Blades,West Indies,Pace Bowler,24.75,1.0,1,58.0,5.5864,1,0,264.87,31.87,212.55,50.81,6.72,0.0,79.4885,0.88,69.44,2029,H2,Jul-Dec
Jewel Andrew,West Indies,Wicketkeeper,22.75,1.0,1,61.0,5.436,1,0,887.56,56.65,206.05,0.0,0.0,0.0,60.0259,0.8751,59.78,2029,H2,Jul-Dec
Johann Jeremiah,West Indies,Top Order Batter,23.75,1.0,1,52.0,5.1937,1,0,735.75,61.75,222.46,0.0,0.0,0.0,64.3759,0.9776,67.06,2029,H2,Jul-Dec
Johann Layne,West Indies,Pace Bowler,26.75,1.0,1,65.0,6.686,1,0,236.87,23.03,196.69,74.02,7.15,0.0,85.5798,0.9011,69.27,2029,H2,Jul-Dec
John Campbell,West Indies,Top Order Batter,35.75,0.75,1,112.0,-0.4203,0,0,254.94,29.28,130.08,0.0,0.0,0.0,34.9532,0.0356,35.67,2029,H2,Jul-Dec
Johnson Charles,West Indies,Wicketkeeper,40.75,0.0,0,260.0,-5.5181,0,1,79.19,27.02,144.89,0.0,0.0,0.0,36.6038,0.0077,36.8,2029,H2,Jul-Dec
Jomel Warrican,West Indies,Spin Bowler,37.75,0.375,1,84.0,-1.6154,0,1,25.56,10.04,118.54,13.53,7.95,0.0,33.9424,0.3973,33.85,2029,H2,Jul-Dec
Joshua Da Silva,West Indies,Wicketkeeper,31.75,1.0,1,103.0,0.6613,1,0,402.37,34.54,144.75,0.0,0.0,0.0,39.8578,0.4314,39.89,2029,H2,Jul-Dec
Justin Greaves,West Indies,Batting All-Rounder,33.75,1.0,1,112.0,0.7026,1,0,540.56,38.03,146.65,14.94,9.23,0.0,50.1342,0.5496,49.92,2029,H2,Jul-Dec
Kavem Hodge,West Indies,Batting All-Rounder,36.75,0.75,1,96.2857,0.8229,1,0,472.77,37.07,153.32,11.59,8.72,0.0,49.2654,0.1803,46.65,2029,H2,Jul-Dec
Keacy Carty,West Indies,Middle Order Batter,32.75,1.0,1,99.0,2.0741,1,0,662.47,46.49,160.1,0.0,0.0,0.0,47.3217,0.5594,47.45,2029,H2,Jul-Dec
Kelvin Pittman,West Indies,Pace Bowler,22.75,1.0,1,58.0,5.6867,1,0,180.31,19.36,201.05,71.42,6.69,0.0,83.8811,0.8236,69.16,2029,H2,Jul-Dec
Kemar Paul,West Indies,Bowling All-Rounder,30.75,1.0,1,145.0,-2.8838,0,1,323.65,26.82,152.03,22.58,8.37,0.0,51.1839,0.0062,51.02,2029,H2,Jul-Dec
Kemar Roach,West Indies,Pace Bowler,41.75,0.0,0,91.0,-2.1615,0,1,6.71,6.93,96.53,5.47,10.53,0.0,23.9987,0.0139,23.78,2029,H2,Jul-Dec
Kevlon Anderson,West Indies,Top Order Batter,22.75,1.0,1,82.0,2.7518,1,0,626.78,53.56,197.47,0.0,0.0,0.0,56.6633,0.9801,56.49,2029,H2,Jul-Dec
Kirk McKenzie,West Indies,Top Order Batter,28.75,1.0,1,87.0,1.8536,1,0,561.46,42.67,173.77,0.0,0.0,0.0,48.4696,0.8616,48.64,2029,H2,Jul-Dec
Kraigg Brathwaite,West Indies,Top Order Batter,36.75,0.65,1,97.2,-0.4167,0,0,114.31,21.49,113.16,0.0,0.0,0.0,28.8349,0.0141,29.44,2029,H2,Jul-Dec
Kyle Mayers,West Indies,Bowling All-Rounder,36.75,0.3125,1,184.0,-5.3893,0,1,159.27,32.83,150.19,9.59,9.05,0.0,45.3361,0.0027,44.96,2029,H2,Jul-Dec
Marlon Samuels,West Indies,Batting All-Rounder,48.75,0.0,0,315.0,-13.621,0,1,0.0,11.01,81.2,0.0,12.72,0.0,19.2117,0.0014,19.35,2029,H2,Jul-Dec
Matthew Forde,West Indies,Bowling All-Rounder,27.75,1.0,1,92.0,0.9098,1,0,471.89,41.98,169.77,24.31,8.0,0.0,60.7935,0.0138,59.57,2029,H2,Jul-Dec
Mavendra Dindyal,West Indies,Middle Order Batter,27.75,1.0,1,72.0,3.2258,1,0,604.16,51.41,188.38,0.0,0.0,0.0,54.1673,0.8046,54.28,2029,H2,Jul-Dec
Mbeki Joseph,West Indies,Pace Bowler,26.75,1.0,1,59.0,2.3728,1,0,174.36,20.41,177.36,33.06,7.37,0.0,59.3473,0.8273,59.54,2029,H2,Jul-Dec
Mikyle Louis,West Indies,Middle Order Batter,27.75,1.0,1,71.0,3.2497,1,0,661.79,56.29,183.04,0.0,0.0,0.0,54.8394,0.8395,54.71,2029,H2,Jul-Dec
Nathan Edward,West Indies,Pace Bowler,28.75,1.0,1,64.0,1.9326,1,0,159.63,21.07,161.66,31.78,7.91,0.0,55.682,0.6006,55.36,2029,H2,Jul-Dec
Naveen Bidaisee,West Indies,Middle Order Batter,27.75,1.0,1,62.0,3.2931,1,0,500.46,50.7,178.65,0.0,0.0,0.0,51.775,0.712,51.65,2029,H2,Jul-Dec
Nicholas Pooran,West Indies,Wicketkeeper,33.75,1.0,1,315.0,-3.6378,0,1,789.23,37.05,156.39,0.0,0.0,0.0,43.9815,0.5905,44.17,2029,H2,Jul-Dec
Obed McCoy,West Indies,Pace Bowler,32.75,1.0,1,121.0,-1.9366,0,1,48.26,10.56,128.24,26.98,9.11,0.0,42.8515,0.3205,42.91,2029,H2,Jul-Dec
Odean Smith,West Indies,Bowling All-Rounder,33.75,1.0,1,138.0,-3.7938,0,1,221.85,23.24,144.71,19.38,10.3,0.0,46.3585,0.0049,46.34,2029,H2,Jul-Dec
Ramon Simmonds,West Indies,Pace Bowler,26.75,1.0,1,66.0,2.2807,1,0,196.45,22.2,188.12,34.14,7.26,0.0,62.6452,0.8147,61.93,2029,H2,Jul-Dec
Renico Smith,West Indies,Middle Order Batter,27.75,1.0,1,61.0,3.5166,1,0,388.46,43.21,175.22,0.0,0.0,0.0,48.4344,0.545,48.35,2029,H2,Jul-Dec
Rivaldo Clarke,West Indies,Wicketkeeper,23.75,1.0,1,69.0,3.9494,1,0,733.0,55.26,194.52,0.0,0.0,0.0,56.9289,0.6105,56.91,2029,H2,Jul-Dec
Romario Shepherd,West Indies,Bowling All-Rounder,34.75,0.8125,1,188.0,-5.1974,0,1,321.23,27.5,145.66,22.84,10.03,0.0,50.0143,0.0045,48.22,2029,H2,Jul-Dec
Roston Chase,West Indies,Batting All-Rounder,37.75,0.0,0,160.0,-4.3009,0,1,141.73,33.74,138.22,6.05,8.24,0.0,41.5682,0.0059,41.78,2029,H2,Jul-Dec
Rovman Powell,West Indies,Middle Order Batter,35.75,0.5625,1,221.5,-3.0588,0,1,362.27,31.57,148.84,0.0,0.0,0.0,39.5967,0.9221,40.46,2029,H2,Jul-Dec
Shai Hope,West Indies,Wicketkeeper,35.75,0.75,1,176.2857,-1.5342,0,1,474.84,36.98,141.04,0.0,0.0,0.0,40.1157,0.0251,40.52,2029,H2,Jul-Dec
Shamar Joseph,West Indies,Pace Bowler,29.75,1.0,1,73.0,0.627,1,0,70.15,10.62,146.62,28.8,7.66,0.0,47.7297,0.5005,47.58,2029,H2,Jul-Dec
Shamyl Springer,West Indies,Batting All-Rounder,25.75,1.0,1,75.0,2.7541,1,0,684.16,59.91,200.08,18.6,6.94,0.0,70.1833,0.9399,67.1,2029,H2,Jul-Dec
Shaqkere Parris,West Indies,Middle Order Batter,26.75,1.0,1,65.0,3.5507,1,0,684.42,57.82,201.77,0.0,0.0,0.0,58.9995,0.9166,59.6,2029,H2,Jul-Dec
Sherfane Rutherford,West Indies,Middle Order Batter,31.75,1.0,1,194.0,-1.4096,0,1,559.44,36.31,154.11,0.0,0.0,0.0,42.6631,0.514,42.84,2029,H2,Jul-Dec
Shimron Hetmyer,West Indies,Middle Order Batter,32.75,1.0,1,213.0,-2.5007,0,1,417.34,33.51,154.37,0.0,0.0,0.0,41.4306,0.6468,41.49,2029,H2,Jul-Dec
Tagenarine Chanderpaul,West Indies,Middle Order Batter,33.75,1.0,1,72.0,0.597,1,0,106.13,19.94,115.23,0.0,0.0,0.0,28.722,0.1289,29.39,2029,H2,Jul-Dec
Tevin Imlach,West Indies,Wicketkeeper,32.75,1.0,1,78.0,2.0347,1,0,431.22,37.62,148.47,0.0,0.0,0.0,41.6288,0.2583,41.62,2029,H2,Jul-Dec
Trevon Hinds,West Indies,Top Order Batter,28.75,1.0,1,62.0,3.6106,1,0,529.39,53.05,189.33,0.0,0.0,0.0,54.6585,0.8792,54.43,2029,H2,Jul-Dec
Voight Lawes,West Indies,Pace Bowler,28.75,1.0,1,57.0,2.1935,1,0,130.76,17.12,159.94,27.74,7.88,0.0,51.9143,0.5603,51.84,2029,H2,Jul-Dec
Zishan Motara,West Indies,Pace Bowler,25.75,1.0,1,53.0,5.4592,1,0,162.06,21.39,180.52,47.17,6.87,0.0,67.7599,0.6824,67.37,2029,H2,Jul-Dec
Ainsley Ndlovu,Zimbabwe,Top Order Batter,30.75,1.0,1,68.0,-0.2541,0,0,393.89,22.09,134.06,0.0,0.0,0.0,33.8411,0.6055,34.06,2029,H2,Jul-Dec
Antum Naqvi,Zimbabwe,Batting All-Rounder,21.75,1.0,1,73.0,1.1854,1,0,1072.15,57.24,205.76,16.74,7.11,0.0,70.5018,0.9315,67.1,2029,H2,Jul-Dec
Ben Curran,Zimbabwe,Top Order Batter,33.75,1.0,1,78.0,0.6625,1,0,510.58,32.54,131.68,0.0,0.0,0.0,37.0085,0.7226,37.1,2029,H2,Jul-Dec
Blessing Muzarabani,Zimbabwe,Pace Bowler,33.75,1.0,1,118.0,-4.3807,0,1,40.86,10.44,107.22,11.78,9.81,0.0,30.6683,0.1668,30.91,2029,H2,Jul-Dec
Brad Evans,Zimbabwe,Pace Bowler,32.75,1.0,1,92.0,-3.3226,0,1,252.75,20.56,148.9,12.12,9.07,0.0,42.7967,0.8861,42.92,2029,H2,Jul-Dec
Brandon Mavuta,Zimbabwe,Spin Bowler,32.75,1.0,1,79.0,-1.9702,0,1,145.97,13.99,123.97,12.36,8.36,0.0,35.8737,0.6379,35.91,2029,H2,Jul-Dec
Brendan Taylor,Zimbabwe,Wicketkeeper,43.75,0.0,0,92.0,-3.3095,0,1,0.0,12.02,95.97,0.0,0.0,0.0,22.2081,0.0138,23.42,2029,H2,Jul-Dec
Brian Bennett,Zimbabwe,Batting All-Rounder,25.75,1.0,1,91.0,0.0177,0,0,1101.03,45.73,191.56,24.82,7.08,0.0,68.4476,0.7542,67.1,2029,H2,Jul-Dec
Brian Mudzinganyama,Zimbabwe,Middle Order Batter,28.75,1.0,1,64.0,1.1695,1,0,385.45,29.55,159.4,0.0,0.0,0.0,41.0613,0.7898,41.06,2029,H2,Jul-Dec
Charlton Tshuma,Zimbabwe,Pace Bowler,29.75,1.0,1,51.0,-0.0503,0,0,23.72,5.69,106.47,11.55,8.28,0.0,29.1267,0.3124,29.25,2029,H2,Jul-Dec
Clive Chitumba,Zimbabwe,Wicketkeeper,30.75,1.0,1,52.0,1.1621,1,0,249.47,30.28,149.92,0.0,0.0,0.0,39.0813,0.3813,39.17,2029,H2,Jul-Dec
Clive Madande,Zimbabwe,Wicketkeeper,28.75,1.0,1,94.0,0.3928,0,0,780.27,34.51,160.63,0.0,0.0,0.0,43.9725,0.6794,44.17,2029,H2,Jul-Dec
Craig Ervine,Zimbabwe,Middle Order Batter,43.75,0.0,0,69.0,-1.6218,0,1,3.07,18.38,96.02,0.0,0.0,0.0,24.2342,0.0173,24.93,2029,H2,Jul-Dec
Dion Myers,Zimbabwe,Batting All-Rounder,27.75,1.0,1,88.0,0.5765,1,0,671.19,36.66,156.42,18.37,8.3,0.0,53.9234,0.7763,53.93,2029,H2,Jul-Dec
Ernest Masuku,Zimbabwe,Pace Bowler,31.75,1.0,1,67.0,-1.4373,0,1,42.89,3.98,102.97,7.73,8.96,0.0,25.8339,0.0713,26.55,2029,H2,Jul-Dec
Faraz Akram,Zimbabwe,Bowling All-Rounder,31.75,1.0,1,81.0,-0.4809,0,0,362.1,31.39,143.23,14.67,8.97,0.0,46.7812,0.0043,46.82,2029,H2,Jul-Dec
Graeme Cremer,Zimbabwe,Spin Bowler,42.75,0.0,0,105.0,-3.011,0,1,2.18,15.47,91.09,0.6,7.67,0.0,23.5931,0.0061,24.12,2029,H2,Jul-Dec
Innocent Kaia,Zimbabwe,Top Order Batter,37.75,0.4643,1,69.7143,-1.6456,0,1,9.84,15.35,115.18,0.0,0.0,0.0,26.9931,0.0224,28.14,2029,H2,Jul-Dec
John Campbell,Zimbabwe,Middle Order Batter,35.75,0.4167,1,75.0,-1.523,0,1,84.93,21.08,126.47,0.0,0.0,0.0,31.1909,0.0251,31.98,2029,H2,Jul-Dec
Joylord Gumbie,Zimbabwe,Wicketkeeper,33.75,1.0,1,72.0,-0.3911,0,0,152.59,21.79,118.9,0.0,0.0,0.0,30.1445,0.0323,30.76,2029,H2,Jul-Dec
Kian Blignaut,Zimbabwe,Pace Bowler,21.75,1.0,1,48.0,0.4958,0,0,37.97,9.23,122.18,13.11,7.22,0.0,34.387,0.4377,34.38,2029,H2,Jul-Dec
Kundai Matigimu,Zimbabwe,Pace Bowler,32.75,1.0,1,61.0,-0.7799,0,1,30.43,8.66,89.28,7.07,9.16,0.0,24.2547,0.0314,24.53,2029,H2,Jul-Dec
Luke Jongwe,Zimbabwe,Bowling All-Rounder,33.75,1.0,1,109.0,-5.1966,0,1,118.18,16.21,130.22,3.18,9.81,0.0,32.6425,0.0048,32.98,2029,H2,Jul-Dec
Milton Shumba,Zimbabwe,Middle Order Batter,28.75,1.0,1,81.0,0.6314,1,0,475.35,28.96,143.93,0.0,0.0,0.0,38.1428,0.8171,38.3,2029,H2,Jul-Dec
Nathaniel Mayavo,Zimbabwe,Wicketkeeper,32.75,1.0,1,67.0,0.1353,0,0,221.94,21.24,124.64,0.0,0.0,0.0,31.2729,0.0491,32.03,2029,H2,Jul-Dec
Newman Nyamhuri,Zimbabwe,Pace Bowler,23.75,1.0,1,57.0,-0.3207,0,0,22.11,7.94,107.21,13.39,7.81,0.0,31.0431,0.2676,31.24,2029,H2,Jul-Dec
Nick Welch,Zimbabwe,Top Order Batter,31.75,1.0,1,88.0,0.3692,0,0,660.16,36.41,156.27,0.0,0.0,0.0,43.3941,0.912,43.52,2029,H2,Jul-Dec
Panashe Taruvinga,Zimbabwe,Middle Order Batter,27.75,1.0,1,62.0,1.083,1,0,351.21,28.8,152.19,0.0,0.0,0.0,39.3375,0.8063,39.39,2029,H2,Jul-Dec
Prince Masvaure,Zimbabwe,Middle Order Batter,39.75,0.0,0,47.0,-0.7991,0,1,29.52,16.36,117.0,0.0,0.0,0.0,27.7183,0.0148,28.6,2029,H2,Jul-Dec
Richard Ngarava,Zimbabwe,Pace Bowler,31.75,1.0,1,116.0,-3.7105,0,1,34.42,8.84,115.93,18.0,8.83,0.0,35.2443,0.1891,35.15,2029,H2,Jul-Dec
Richmond Mutumbami,Zimbabwe,Wicketkeeper,38.75,0.375,1,64.0,-0.7787,0,1,7.97,16.44,113.27,0.0,0.0,0.0,26.9635,0.0097,28.13,2029,H2,Jul-Dec
Ryan Burl,Zimbabwe,Batting All-Rounder,35.75,0.5625,1,119.5,-4.2405,0,1,275.81,25.08,130.28,8.21,9.47,0.0,38.5824,0.0035,38.12,2029,H2,Jul-Dec
Sean Williams,Zimbabwe,Batting All-Rounder,43.75,0.0,0,81.0,-3.8006,0,1,3.66,19.14,118.07,1.11,9.49,0.0,29.868,0.0018,30.59,2029,H2,Jul-Dec
Sikandar Raza,Zimbabwe,Batting All-Rounder,43.75,0.0,0,136.0,-5.2566,0,1,246.12,31.4,142.63,7.53,9.09,0.0,42.5845,0.0052,42.77,2029,H2,Jul-Dec
Tadiwanashe Marumani,Zimbabwe,Wicketkeeper,27.75,1.0,1,94.0,1.1231,1,0,912.04,39.5,176.46,0.0,0.0,0.0,48.9716,0.9148,49.14,2029,H2,Jul-Dec
Tafadzwa Tsiga,Zimbabwe,Wicketkeeper,29.75,1.0,1,59.0,1.6812,1,0,391.96,39.0,167.1,0.0,0.0,0.0,45.5485,0.5328,45.71,2029,H2,Jul-Dec
Takudzwanashe Kaitano,Zimbabwe,Top Order Batter,35.75,0.85,1,71.2,-0.0939,0,0,242.62,20.57,119.0,0.0,0.0,0.0,30.0313,0.0389,30.75,2029,H2,Jul-Dec
Tanaka Chivanga,Zimbabwe,Pace Bowler,33.75,1.0,1,72.0,-1.7525,0,1,19.32,4.91,89.55,5.72,9.9,0.0,22.2676,0.0168,22.77,2029,H2,Jul-Dec
Tapiwa Mufudza,Zimbabwe,Spin Bowler,31.75,1.0,1,56.0,0.833,1,0,232.23,21.86,134.3,13.85,8.27,0.0,41.3919,0.623,41.37,2029,H2,Jul-Dec
Tashinga Musekiwa,Zimbabwe,Batting All-Rounder,28.75,1.0,1,61.0,1.6975,1,0,452.48,47.32,182.07,8.7,8.19,0.0,56.5851,0.6884,56.44,2029,H2,Jul-Dec
Tendekai Gwandu,Zimbabwe,Pace Bowler,28.75,1.0,1,58.0,-0.2618,0,0,25.65,6.65,102.42,10.76,8.48,0.0,28.1993,0.1485,28.24,2029,H2,Jul-Dec
Tinotenda Maposa,Zimbabwe,Pace Bowler,32.75,1.0,1,66.0,-0.6329,0,1,28.58,7.21,93.2,11.24,9.7,0.0,26.6433,0.0351,27.13,2029,H2,Jul-Dec
Tony Munyonga,Zimbabwe,Batting All-Rounder,33.75,1.0,1,74.0,-0.1083,0,0,252.12,25.27,129.91,9.57,9.97,0.0,39.1402,0.0498,39.13,2029,H2,Jul-Dec
Victor Nyauchi,Zimbabwe,Pace Bowler,37.75,0.0,0,49.0,-2.4468,0,1,1.01,4.42,83.93,0.3,10.19,0.0,18.0988,0.0038,18.42,2029,H2,Jul-Dec
Vincent Masekesa,Zimbabwe,Batting All-Rounder,27.75,1.0,1,54.0,2.1751,1,0,338.93,38.44,165.65,8.95,8.62,0.0,50.3383,0.4701,50.45,2029,H2,Jul-Dec
Wellington Masakadza,Zimbabwe,Spin Bowler,36.75,0.0,0,91.0,-4.6965,0,1,26.04,12.6,108.82,3.52,8.33,0.0,27.5543,0.0396,28.12,2029,H2,Jul-Dec
Wessly Madhevere,Zimbabwe,Batting All-Rounder,28.75,1.0,1,108.0,-1.4508,0,1,506.01,35.0,155.53,13.23,8.21,0.0,50.0925,0.4714,49.92,2029,H2,Jul-Dec
William Mashinge,Zimbabwe,Batting All-Rounder,32.75,1.0,1,69.0,0.3719,0,0,304.92,25.69,144.85,10.32,8.83,0.0,42.8823,0.3135,42.92,2029,H2,Jul-Dec
A M Ghazanfar,Afghanistan,Spin Bowler,24.25,1.0,1,79.0,0.2611,0,0,162.76,21.58,153.85,45.87,7.4,0.0,59.1198,0.8748,59.63,2030,H1,Jan-Jun
Abdul Malik,Afghanistan,Middle Order Batter,33.25,1.0,1,92.0,0.113,0,0,777.98,30.23,122.76,0.0,0.0,0.0,34.2027,0.4602,34.37,2030,H1,Jan-Jun
Abdul Rahman,Afghanistan,Pace Bowler,31.25,1.0,1,81.0,-0.187,0,0,83.03,13.36,118.98,24.03,10.07,0.0,38.6732,0.3744,38.59,2030,H1,Jan-Jun
Azizullah Mia Khil,Afghanistan,Top Order Batter,29.25,1.0,1,72.0,1.5864,1,0,651.06,44.06,157.25,0.0,0.0,0.0,44.5361,0.8188,44.68,2030,H1,Jan-Jun
Azmatullah Omarzai,Afghanistan,Bowling All-Rounder,30.25,1.0,1,126.0,-0.2253,0,0,1334.94,33.44,146.65,34.91,9.32,0.0,58.8376,0.0124,57.72,2030,H1,Jan-Jun
Bahir Shah,Afghanistan,Top Order Batter,29.25,1.0,1,81.0,1.6629,1,0,819.41,51.74,155.82,0.0,0.0,0.0,47.0759,0.8533,47.18,2030,H1,Jan-Jun
Bashir Ahmad,Afghanistan,Bowling All-Rounder,30.25,1.0,1,78.0,0.8182,1,0,630.41,33.03,149.35,25.64,8.64,0.0,52.8679,0.0227,52.67,2030,H1,Jan-Jun
Bilal Sami,Afghanistan,Pace Bowler,29.25,1.0,1,77.0,0.183,0,0,100.41,14.61,132.07,31.68,8.69,0.0,45.5152,0.7158,45.38,2030,H1,Jan-Jun
Darwish Rasooli,Afghanistan,Top Order Batter,31.25,1.0,1,112.0,0.5099,1,0,1270.6,34.68,140.85,0.0,0.0,0.0,40.2854,0.8769,40.5,2030,H1,Jan-Jun
Faisal Khan Ahmadzai,Afghanistan,Pace Bowler,30.25,1.0,1,69.0,0.4318,0,0,91.68,13.51,116.18,25.79,9.79,0.0,39.1208,0.4178,39.06,2030,H1,Jan-Jun
Fareed Ahmad,Afghanistan,Pace Bowler,35.25,0.9167,1,91.6667,-0.8811,0,1,68.09,9.95,100.41,20.19,11.87,0.0,32.0312,0.0538,31.78,2030,H1,Jan-Jun
Faridoon Dawoodzai,Afghanistan,Pace Bowler,30.25,1.0,1,74.0,0.438,0,0,111.78,18.05,131.28,32.54,8.67,0.0,46.8762,0.855,46.88,2030,H1,Jan-Jun
Fazalhaq Farooqi,Afghanistan,Pace Bowler,29.25,1.0,1,120.0,-1.822,0,1,95.76,11.59,121.71,30.32,9.45,0.0,41.85,0.5975,41.94,2030,H1,Jan-Jun
Gulbadin Naib,Afghanistan,Batting All-Rounder,39.25,0.0,0,83.0,-1.7571,0,1,189.29,23.38,115.29,4.56,11.2,0.0,31.6519,0.0023,31.84,2030,H1,Jan-Jun
Hashmatullah Shahidi,Afghanistan,Top Order Batter,35.25,0.9583,1,67.3333,0.2726,0,0,332.63,29.25,104.11,0.0,0.0,0.0,29.2054,0.0955,29.63,2030,H1,Jan-Jun
Ibrahim Zadran,Afghanistan,Top Order Batter,28.25,1.0,1,121.0,0.6468,1,0,1433.77,45.82,138.79,0.0,0.0,0.0,43.7518,0.893,43.95,2030,H1,Jan-Jun
Ikram Ali Khil,Afghanistan,Wicketkeeper,28.25,1.0,1,88.0,0.4632,0,0,650.57,33.47,136.57,0.0,0.0,0.0,37.4291,0.3551,37.51,2030,H1,Jan-Jun
Karim Janat,Afghanistan,Bowling All-Rounder,31.25,1.0,1,130.0,-0.6727,0,1,1079.52,33.44,145.52,37.12,9.3,0.0,59.019,0.012,59.48,2030,H1,Jan-Jun
Khatir Stanikzai,Afghanistan,Top Order Batter,31.25,1.0,1,85.0,1.6788,1,0,769.01,46.05,148.59,0.0,0.0,0.0,43.8466,0.7185,43.97,2030,H1,Jan-Jun
Mohammad Ishaq,Afghanistan,Wicketkeeper,28.25,1.0,1,80.0,1.6437,1,0,760.12,42.23,151.2,0.0,0.0,0.0,43.1418,0.4088,43.22,2030,H1,Jan-Jun
Mohammad Nabi,Afghanistan,Bowling All-Rounder,45.25,0.0,0,165.0,-4.6677,0,1,198.48,23.22,124.88,6.02,10.18,0.0,34.2576,0.0017,34.32,2030,H1,Jan-Jun
Mohammad Saleem,Afghanistan,Pace Bowler,28.25,1.0,1,73.0,0.7139,1,0,124.41,20.1,132.09,31.99,8.86,0.0,47.386,0.888,47.35,2030,H1,Jan-Jun
Mujeeb Ur Rahman,Afghanistan,Spin Bowler,29.25,1.0,1,125.0,-1.6436,0,1,132.62,18.44,130.19,31.74,8.51,0.0,46.4853,0.5758,46.48,2030,H1,Jan-Jun
Munir Ahmad Kakar,Afghanistan,Wicketkeeper,31.25,1.0,1,83.0,1.085,1,0,622.57,38.39,137.43,0.0,0.0,0.0,39.0189,0.323,39.08,2030,H1,Jan-Jun
Najibullah Zadran,Afghanistan,Wicketkeeper,36.25,0.75,1,116.2,0.1429,0,0,839.28,31.56,129.22,0.0,0.0,0.0,35.984,0.0333,36.13,2030,H1,Jan-Jun
Nangeyalia Kharote,Afghanistan,Spin Bowler,26.25,1.0,1,76.0,0.757,1,0,504.78,32.41,154.82,38.66,7.49,0.0,59.9856,0.9706,59.67,2030,H1,Jan-Jun
Naveed Zadran,Afghanistan,Pace Bowler,29.25,1.0,1,80.0,0.2856,0,0,115.67,18.7,130.36,33.02,8.73,0.0,47.1384,0.8644,47.04,2030,H1,Jan-Jun
Naveen-ul-Haq,Afghanistan,Pace Bowler,30.25,1.0,1,126.0,-1.6287,0,1,125.96,15.74,135.49,35.1,8.74,0.0,48.2385,0.8612,48.17,2030,H1,Jan-Jun
Nazifullah Amiri,Afghanistan,Middle Order Batter,27.25,1.0,1,68.0,1.7685,1,0,632.99,41.63,150.03,0.0,0.0,0.0,42.3939,0.8235,42.47,2030,H1,Jan-Jun
Noor Ahmad,Afghanistan,Spin Bowler,25.25,1.0,1,112.0,-0.1641,0,0,204.76,22.92,147.5,52.21,7.82,0.0,61.4688,0.9537,61.88,2030,H1,Jan-Jun
Qais Ahmad,Afghanistan,Spin Bowler,29.25,1.0,1,102.0,-0.4247,0,0,145.36,17.66,132.51,38.55,9.28,0.0,49.924,0.7607,49.76,2030,H1,Jan-Jun
Rahmanullah Gurbaz,Afghanistan,Wicketkeeper,28.25,1.0,1,138.0,0.5803,1,0,1881.2,42.89,155.27,0.0,0.0,0.0,47.153,0.9459,47.18,2030,H1,Jan-Jun
Rahmat Shah,Afghanistan,Top Order Batter,37.25,0.4375,1,57.5,0.8401,1,0,358.91,35.12,111.95,0.0,0.0,0.0,32.5382,0.0222,32.78,2030,H1,Jan-Jun
Rashid Khan,Afghanistan,Spin Bowler,31.25,1.0,1,219.0,-2.9602,0,1,458.08,22.33,146.19,42.56,8.12,0.0,56.935,0.8735,56.73,2030,H1,Jan-Jun
Riaz Hassan,Afghanistan,Middle Order Batter,30.25,1.0,1,88.0,1.0325,1,0,784.67,44.21,148.28,0.0,0.0,0.0,43.2684,0.8177,43.27,2030,H1,Jan-Jun
Rohullah Arab,Afghanistan,Pace Bowler,28.25,1.0,1,71.0,0.3158,0,0,97.19,13.86,129.56,30.03,8.74,0.0,43.9896,0.7322,44.0,2030,H1,Jan-Jun
Sediqullah Atal,Afghanistan,Top Order Batter,28.25,1.0,1,95.0,2.5862,1,0,1636.26,56.87,160.69,0.0,0.0,0.0,51.7768,0.9788,51.7,2030,H1,Jan-Jun
Shahidullah Kamal,Afghanistan,Middle Order Batter,34.25,1.0,1,106.0,0.9346,1,0,865.93,37.51,123.9,0.0,0.0,0.0,36.882,0.7534,37.03,2030,H1,Jan-Jun
Sharafuddin Ashraf,Afghanistan,Batting All-Rounder,34.25,1.0,1,92.0,0.3228,0,0,571.97,31.57,128.96,22.92,10.17,0.0,46.8815,0.8314,46.9,2030,H1,Jan-Jun
Wafiullah Tarakhil,Afghanistan,Top Order Batter,26.25,1.0,1,87.0,2.35,1,0,1094.43,55.4,176.11,0.0,0.0,0.0,52.7365,0.9796,52.78,2030,H1,Jan-Jun
Wahidullah Zadran,Afghanistan,Top Order Batter,26.25,1.0,1,70.0,2.3664,1,0,952.05,54.75,177.37,0.0,0.0,0.0,52.3861,0.9785,52.38,2030,H1,Jan-Jun
Zia-Ur-Rehman Abdul Malik,Afghanistan,Spin Bowler,29.25,1.0,1,75.0,0.0996,0,0,163.65,17.01,131.33,33.82,8.62,0.0,47.3454,0.643,47.35,2030,H1,Jan-Jun
Zubaid Akbari,Afghanistan,Middle Order Batter,27.25,1.0,1,91.0,2.3588,1,0,1049.86,51.98,155.05,0.0,0.0,0.0,47.632,0.9296,47.73,2030,H1,Jan-Jun
Aaron Hardie,Australia,Bowling All-Rounder,31.25,1.0,1,134.0,0.0569,0,0,352.83,29.97,152.29,6.01,9.26,0.0,41.9931,0.0112,41.99,2030,H1,Jan-Jun
Adam Zampa,Australia,Spin Bowler,38.25,0.4583,1,195.3333,-0.9363,0,1,1.41,5.29,85.42,9.19,9.51,0.0,22.5082,0.4452,22.66,2030,H1,Jan-Jun
Alex Carey,Australia,Wicketkeeper,38.25,0.35,1,131.6,-0.0803,0,0,105.54,26.6,128.3,0.0,0.0,0.0,32.2995,0.006,32.76,2030,H1,Jan-Jun
Ashton Agar,Australia,Spin Bowler,36.25,0.625,1,121.0,-2.5906,0,1,0.0,0.0,57.75,0.0,10.34,0.0,11.0916,0.0039,11.31,2030,H1,Jan-Jun
Beau Webster,Australia,Bowling All-Rounder,36.25,0.6875,1,123.0,1.238,1,0,278.04,39.63,140.26,7.49,9.56,0.0,43.1762,0.0134,43.07,2030,H1,Jan-Jun
Ben Dwarshuis,Australia,Pace Bowler,35.25,0.9375,1,116.5,-0.475,0,0,16.96,12.87,108.91,6.99,10.72,0.0,28.0214,0.4054,28.4,2030,H1,Jan-Jun
Ben Kellaway,Australia,Batting All-Rounder,25.25,1.0,1,59.0,2.6313,1,0,215.41,42.06,192.54,9.72,8.1,0.0,54.8709,0.9015,54.64,2030,H1,Jan-Jun
Ben Manenti,Australia,Bowling All-Rounder,33.25,1.0,1,89.0,-0.4378,0,0,96.89,18.44,112.69,4.45,10.32,0.0,29.4522,0.0039,29.88,2030,H1,Jan-Jun
Billy Stanlake,Australia,Pace Bowler,35.25,0.7917,1,76.6667,-1.7067,0,1,0.0,0.0,49.19,0.0,12.36,0.0,9.2781,0.0024,2.7,2030,H1,Jan-Jun
Brendan Doggett,Australia,Pace Bowler,35.25,0.9583,1,82.3333,-1.3174,0,1,0.21,0.21,55.47,3.47,11.3,0.0,12.3215,0.0057,12.41,2030,H1,Jan-Jun
Cameron Gannon,Australia,Pace Bowler,39.25,0.0,0,40.0,-1.3033,0,1,0.0,0.0,50.14,0.44,12.29,0.0,9.6778,0.0023,10.22,2030,H1,Jan-Jun
Cameron Green,Australia,Batting All-Rounder,31.25,1.0,1,134.0,-0.7316,0,1,165.57,28.59,150.3,3.63,8.56,0.0,39.6414,0.0048,39.73,2030,H1,Jan-Jun
Campbell Kellaway,Australia,Top Order Batter,28.25,1.0,1,79.0,1.1715,1,0,226.63,34.69,152.72,0.0,0.0,0.0,39.6687,0.8748,39.76,2030,H1,Jan-Jun
Cooper Connolly,Australia,Batting All-Rounder,26.25,1.0,1,89.0,-0.1967,0,0,281.8,28.4,174.16,6.82,7.91,0.0,46.0541,0.5043,46.14,2030,H1,Jan-Jun
Corey Rocchiccioli,Australia,Spin Bowler,33.25,1.0,1,79.0,-0.398,0,0,2.18,5.09,82.01,5.35,9.47,0.0,19.934,0.5854,20.32,2030,H1,Jan-Jun
Fergus O'Neill,Australia,Pace Bowler,29.25,1.0,1,74.0,-0.1415,0,0,6.64,6.64,90.61,7.16,8.8,0.0,23.0244,0.0763,23.27,2030,H1,Jan-Jun
Glenn Maxwell,Australia,Batting All-Rounder,42.25,0.0,0,280.0,-1.6008,0,1,87.09,27.04,129.99,0.82,10.96,0.0,33.4336,0.0016,33.84,2030,H1,Jan-Jun
Harry Nielsen,Australia,Wicketkeeper,34.25,1.0,1,114.0,-0.3452,0,0,136.03,22.46,112.48,0.0,0.0,0.0,28.1584,0.0533,28.9,2030,H1,Jan-Jun
Henry Hunt,Australia,Top Order Batter,32.25,1.0,1,79.0,0.0857,0,0,101.61,26.58,121.89,0.0,0.0,0.0,31.0843,0.3204,31.7,2030,H1,Jan-Jun
Henry Thornton,Australia,Pace Bowler,34.25,1.0,1,94.0,-0.9972,0,1,4.04,4.04,78.96,1.66,10.91,0.0,17.0497,0.0152,17.49,2030,H1,Jan-Jun
Jack Edwards,Australia,Batting All-Rounder,30.25,1.0,1,104.0,-0.0389,0,0,191.76,27.83,131.5,4.96,9.05,0.0,36.5327,0.0469,36.65,2030,H1,Jan-Jun
Jake Fraser-McGurk,Australia,Top Order Batter,28.25,1.0,1,109.0,-1.1408,0,1,59.04,20.3,150.99,0.0,0.0,0.0,34.4876,0.333,34.71,2030,H1,Jan-Jun
Jake Lehmann,Australia,Middle Order Batter,37.25,0.25,1,73.0,-0.689,0,1,10.71,17.84,93.26,0.0,0.0,0.0,22.8113,0.0199,23.77,2030,H1,Jan-Jun
Jake Weatherald,Australia,Top Order Batter,36.25,0.375,1,162.0,-1.4736,0,1,93.92,20.7,118.42,0.0,0.0,0.0,28.616,0.015,29.29,2030,H1,Jan-Jun
Jason Behrendorff,Australia,Pace Bowler,40.25,0.1071,1,123.4286,-1.5558,0,1,0.0,2.45,57.62,0.65,12.03,0.0,11.9523,0.0027,12.85,2030,H1,Jan-Jun
Jason Sangha,Australia,Middle Order Batter,31.25,1.0,1,109.0,-0.8228,0,1,105.02,20.19,132.72,0.0,0.0,0.0,31.1635,0.2752,31.67,2030,H1,Jan-Jun
Jhye Richardson,Australia,Pace Bowler,33.25,1.0,1,134.0,-1.2043,0,1,0.0,3.61,68.28,2.55,10.36,0.0,15.4128,0.0143,16.03,2030,H1,Jan-Jun
Joel Davies,Australia,Middle Order Batter,26.25,1.0,1,52.0,1.6709,1,0,196.0,35.85,172.9,0.0,0.0,0.0,43.7129,0.892,43.94,2030,H1,Jan-Jun
Jordan Buckingham,Australia,Pace Bowler,29.25,1.0,1,64.0,0.0019,0,0,11.56,11.56,97.69,5.71,9.05,0.0,25.1128,0.2624,25.53,2030,H1,Jan-Jun
Josh Hazlewood,Australia,Pace Bowler,39.25,0.15,1,134.8,-0.0129,0,0,0.0,7.31,73.93,6.67,11.6,0.0,19.4827,0.0249,19.89,2030,H1,Jan-Jun
Josh Inglis,Australia,Wicketkeeper,35.25,0.95,1,182.0,0.9603,1,0,512.28,34.15,144.25,0.0,0.0,0.0,38.6969,0.4879,38.47,2030,H1,Jan-Jun
Josh Philippe,Australia,Wicketkeeper,33.25,1.0,1,174.0,-1.2467,0,1,117.01,20.35,135.99,0.0,0.0,0.0,31.8563,0.0794,32.31,2030,H1,Jan-Jun
Lance Morris,Australia,Pace Bowler,32.25,1.0,1,69.0,-0.863,0,1,0.0,0.0,47.47,4.2,10.74,0.0,11.1814,0.0101,7.53,2030,H1,Jan-Jun
Liam Hatcher,Australia,Pace Bowler,33.25,1.0,1,89.0,-0.8792,0,1,4.94,4.94,72.05,1.94,11.58,0.0,16.1015,0.0179,16.43,2030,H1,Jan-Jun
Liam Scott,Australia,Batting All-Rounder,29.25,1.0,1,89.0,1.8581,1,0,419.25,44.87,153.72,8.13,8.74,0.0,48.1257,0.5822,48.01,2030,H1,Jan-Jun
Mackenzie Harvey,Australia,Wicketkeeper,29.25,1.0,1,109.0,-0.8832,0,1,41.02,19.21,134.75,0.0,0.0,0.0,31.0691,0.0753,31.64,2030,H1,Jan-Jun
Mahli Beardman,Australia,Pace Bowler,24.25,1.0,1,49.0,0.6064,1,0,9.06,9.06,119.18,5.66,8.36,0.0,28.4572,0.652,28.81,2030,H1,Jan-Jun
Marcus Stoinis,Australia,Batting All-Rounder,41.25,0.0,0,280.0,-1.9301,0,1,47.13,19.57,120.28,0.94,9.85,0.0,29.4221,0.0014,29.83,2030,H1,Jan-Jun
Marnus Labuschagne,Australia,Top Order Batter,36.25,0.6875,1,143.0,-0.6708,0,1,68.06,22.9,111.75,0.0,0.0,0.0,27.9717,0.0199,28.76,2030,H1,Jan-Jun
Matthew Gilkes,Australia,Wicketkeeper,31.25,1.0,1,124.0,-0.842,0,1,118.6,22.6,131.26,0.0,0.0,0.0,31.6647,0.0655,32.16,2030,H1,Jan-Jun
Matthew Kuhnemann,Australia,Spin Bowler,33.25,1.0,1,89.0,0.1065,0,0,2.62,7.31,95.18,7.45,9.68,0.0,24.0756,0.7233,24.29,2030,H1,Jan-Jun
Matthew Renshaw,Australia,Middle Order Batter,34.25,1.0,1,184.0,-0.3812,0,0,226.01,28.15,117.71,0.0,11.91,0.0,31.3548,0.0838,32.02,2030,H1,Jan-Jun
Matthew Short,Australia,Batting All-Rounder,34.25,0.9583,1,202.3333,-2.1208,0,1,229.85,23.37,132.02,1.76,10.04,0.0,33.6524,0.006,33.95,2030,H1,Jan-Jun
Matthew Wade,Australia,Wicketkeeper,42.25,0.0,0,250.0,-2.8062,0,1,0.0,7.71,91.0,0.0,0.0,0.0,19.2608,0.0065,19.85,2030,H1,Jan-Jun
Michael Neser,Australia,Bowling All-Rounder,40.25,0.0,0,115.0,-0.2891,0,0,38.01,26.71,124.06,1.61,9.96,0.0,32.6017,0.0008,32.88,2030,H1,Jan-Jun
Mitchell Marsh,Australia,Bowling All-Rounder,38.25,0.5357,1,198.0,-0.2303,0,0,300.6,31.05,131.63,1.9,10.74,0.0,36.1024,0.0023,36.09,2030,H1,Jan-Jun
Mitchell Owen,Australia,Batting All-Rounder,29.25,1.0,1,94.0,1.3378,1,0,467.93,38.5,184.51,3.73,8.75,0.0,49.9054,0.6811,49.95,2030,H1,Jan-Jun
Mitchell Starc,Australia,Pace Bowler,40.25,0.0,0,160.0,-1.3683,0,1,0.0,1.91,78.29,2.09,12.13,0.0,16.3484,0.0061,16.74,2030,H1,Jan-Jun
Mitchell Stoinis,Australia,Batting All-Rounder,41.25,0.0,0,280.0,-1.9301,0,1,45.0,18.68,114.83,0.89,10.31,0.0,28.0395,0.0013,28.77,2030,H1,Jan-Jun
Nathan Ellis,Australia,Pace Bowler,35.25,0.9583,1,132.3333,-0.9057,0,1,0.79,7.75,89.95,6.39,10.8,0.0,22.5631,0.0362,22.81,2030,H1,Jan-Jun
Nathan Lyon,Australia,Spin Bowler,42.25,0.0,0,40.0,-0.8548,0,1,0.0,0.0,55.44,0.38,8.96,0.0,11.0471,0.0039,10.98,2030,H1,Jan-Jun
Nathan McAndrew,Australia,Bowling All-Rounder,35.25,0.9643,1,117.5714,-0.432,0,0,128.08,21.0,116.75,6.18,9.86,0.0,31.9887,0.0051,32.2,2030,H1,Jan-Jun
Nathan McSweeney,Australia,Middle Order Batter,31.25,1.0,1,99.0,-0.2544,0,0,101.63,21.47,130.59,0.0,0.0,0.0,31.1476,0.3413,31.67,2030,H1,Jan-Jun
Nikhil Chaudhary,Australia,Batting All-Rounder,34.25,1.0,1,104.0,0.8368,1,0,338.7,28.53,143.42,6.9,10.32,0.0,40.1429,0.2771,40.16,2030,H1,Jan-Jun
Oliver Peake,Australia,Middle Order Batter,24.25,1.0,1,46.0,2.4338,1,0,166.65,42.81,204.82,0.0,0.0,0.0,51.7295,0.9027,51.65,2030,H1,Jan-Jun
Pat Cummins,Australia,Pace Bowler,37.25,0.4375,1,114.5,-1.4021,0,1,4.84,7.06,80.36,2.39,11.29,0.0,18.5539,0.0074,18.88,2030,H1,Jan-Jun
Riley Meredith,Australia,Pace Bowler,34.25,1.0,1,134.0,-1.2877,0,1,0.0,2.47,54.57,1.44,11.91,0.0,11.7871,0.0061,12.82,2030,H1,Jan-Jun
Sam Elliott,Australia,Pace Bowler,28.25,1.0,1,56.0,-0.1524,0,0,15.84,10.71,91.1,4.05,9.33,0.0,22.7734,0.0373,23.14,2030,H1,Jan-Jun
Sam Konstas,Australia,Top Order Batter,24.25,1.0,1,66.0,2.6206,1,0,653.51,43.6,216.46,0.0,0.0,0.0,55.471,0.9806,55.37,2030,H1,Jan-Jun
Scott Boland,Australia,Pace Bowler,41.25,0.0,0,35.0,-0.9798,0,1,0.0,0.0,52.81,0.2,11.78,0.0,10.1067,0.0031,10.11,2030,H1,Jan-Jun
Sean Abbott,Australia,Bowling All-Rounder,38.25,0.2917,1,179.6667,-1.8323,0,1,38.1,14.08,108.52,3.23,10.43,0.0,26.5667,0.001,27.45,2030,H1,Jan-Jun
Spencer Johnson,Australia,Pace Bowler,34.25,1.0,1,89.0,-0.5233,0,1,5.67,6.25,79.57,6.29,10.88,0.0,20.1187,0.0565,20.41,2030,H1,Jan-Jun
Steven Smith,Australia,Top Order Batter,41.25,0.0,0,180.0,-0.982,0,1,30.37,20.59,117.11,0.0,0.0,0.0,28.1646,0.0222,28.97,2030,H1,Jan-Jun
Tanveer Sangha,Australia,Spin Bowler,28.25,1.0,1,94.0,-0.4902,0,0,0.0,4.85,80.52,9.45,8.89,0.0,21.6802,0.7854,21.68,2030,H1,Jan-Jun
Tim David,Australia,Middle Order Batter,34.25,1.0,1,174.0,-0.1106,0,0,301.23,31.85,163.8,0.0,0.0,0.0,41.0742,0.7995,41.19,2030,H1,Jan-Jun
Todd Murphy,Australia,Spin Bowler,29.25,1.0,1,54.0,-1.0761,0,1,0.0,0.0,54.5,1.39,9.15,0.0,11.3355,0.0101,12.24,2030,H1,Jan-Jun
Travis Head,Australia,Top Order Batter,36.25,0.75,1,205.2,-0.27,0,0,412.71,33.77,167.49,0.0,0.0,0.0,42.6545,0.5767,42.6,2030,H1,Jan-Jun
Will Sutherland,Australia,Bowling All-Rounder,30.25,1.0,1,124.0,-0.099,0,0,205.67,29.01,139.89,6.99,8.73,0.0,39.5503,0.0084,39.6,2030,H1,Jan-Jun
Xavier Bartlett,Australia,Pace Bowler,31.25,1.0,1,84.0,-0.4806,0,0,13.12,10.97,113.81,6.02,9.08,0.0,28.0972,0.6641,28.63,2030,H1,Jan-Jun
A. G. Saqlain,Bangladesh,Bowling All-Rounder,28.25,1.0,1,52.0,1.5243,1,0,220.06,31.77,155.93,19.86,8.26,0.0,49.8333,0.0131,49.92,2030,H1,Jan-Jun
Abdul Gaffar Saqlain,Bangladesh,Bowling All-Rounder,28.25,1.0,1,52.0,1.5243,1,0,231.21,33.38,163.83,20.86,7.86,0.0,52.4067,0.0165,52.27,2030,H1,Jan-Jun
Afif Hossain,Bangladesh,Batting All-Rounder,30.25,1.0,1,166.0,-2.0747,0,1,145.46,18.83,139.5,6.93,8.79,0.0,36.1596,0.0365,36.22,2030,H1,Jan-Jun
Akbar Ali,Bangladesh,Wicketkeeper,29.25,1.0,1,68.0,1.424,1,0,535.68,33.34,151.83,0.0,0.0,0.0,39.9298,0.3118,39.99,2030,H1,Jan-Jun
Amite Hasan,Bangladesh,Middle Order Batter,29.25,1.0,1,65.0,1.6032,1,0,407.51,34.29,148.84,0.0,0.0,0.0,39.3129,0.782,39.39,2030,H1,Jan-Jun
Anamul Haque,Bangladesh,Wicketkeeper,37.25,0.4375,1,157.5,-1.296,0,1,86.12,17.46,114.52,0.0,0.0,0.0,26.8745,0.0054,28.12,2030,H1,Jan-Jun
Ebadat Hossain,Bangladesh,Pace Bowler,36.25,0.6875,1,68.0,0.4398,0,0,19.02,12.27,100.27,12.18,10.56,0.0,28.7931,0.0208,28.76,2030,H1,Jan-Jun
Hasan Mahmud,Bangladesh,Pace Bowler,31.25,1.0,1,117.0,-0.667,0,1,88.04,12.83,119.13,36.59,8.79,0.0,44.9088,0.8391,44.82,2030,H1,Jan-Jun
Hasan Murad,Bangladesh,Spin Bowler,28.25,1.0,1,72.0,1.4761,1,0,89.75,20.59,131.55,35.41,7.44,0.0,49.3088,0.9641,48.98,2030,H1,Jan-Jun
Jaker Ali,Bangladesh,Wicketkeeper,32.25,1.0,1,101.0,1.2723,1,0,681.62,36.37,148.7,0.0,0.0,0.0,40.6684,0.5419,40.78,2030,H1,Jan-Jun
Jishan Alam,Bangladesh,Top Order Batter,28.25,1.0,1,65.0,1.6795,1,0,492.8,38.36,161.71,0.0,0.0,0.0,43.1958,0.8559,43.22,2030,H1,Jan-Jun
Khaled Ahmed,Bangladesh,Pace Bowler,37.25,0.6786,1,93.8571,0.4571,0,0,31.43,13.65,98.87,18.38,11.06,0.0,31.9708,0.0131,31.86,2030,H1,Jan-Jun
Litton Das,Bangladesh,Wicketkeeper,35.25,0.9583,1,242.3333,-0.81,0,1,511.81,30.28,136.3,0.0,0.0,0.0,36.0255,0.0618,35.76,2030,H1,Jan-Jun
Mahedi Hasan,Bangladesh,Batting All-Rounder,35.25,0.9167,1,183.6667,0.0353,0,0,543.62,28.82,134.35,28.39,9.49,0.0,49.749,0.6223,48.27,2030,H1,Jan-Jun
Mahidul Islam Ankon,Bangladesh,Wicketkeeper,29.25,1.0,1,79.0,1.7718,1,0,521.01,42.18,164.99,0.0,0.0,0.0,45.0543,0.7143,45.2,2030,H1,Jan-Jun
Mahmudul Hasan Joy,Bangladesh,Middle Order Batter,29.25,1.0,1,106.0,0.2224,0,0,416.07,28.91,134.62,0.0,0.0,0.0,35.032,0.7184,35.21,2030,H1,Jan-Jun
Mahmudullah,Bangladesh,Batting All-Rounder,44.25,0.0,0,250.0,-5.119,0,1,0.0,16.74,122.3,0.0,10.39,0.0,28.2736,0.0011,29.1,2030,H1,Jan-Jun
Mehidy Hasan Miraz,Bangladesh,Bowling All-Rounder,32.25,1.0,1,202.0,-0.4125,0,0,616.36,32.96,136.44,35.95,8.04,0.0,55.5687,0.0155,55.3,2030,H1,Jan-Jun
Mohammad Naim,Bangladesh,Top Order Batter,30.25,1.0,1,142.0,-1.1598,0,1,236.26,23.25,136.36,0.0,0.0,0.0,33.1369,0.2863,33.4,2030,H1,Jan-Jun
Mohammad Saifuddin,Bangladesh,Bowling All-Rounder,33.25,1.0,1,145.0,-0.5889,0,1,342.53,21.45,126.03,28.23,9.89,0.0,45.2562,0.0137,45.2,2030,H1,Jan-Jun
Mominul Haque,Bangladesh,Top Order Batter,38.25,0.35,1,109.6,-0.4437,0,0,100.25,21.32,111.08,0.0,0.0,0.0,27.4507,0.0168,28.37,2030,H1,Jan-Jun
Mosaddek Hossain,Bangladesh,Batting All-Rounder,34.25,1.0,1,171.0,-1.0736,0,1,303.23,22.62,126.68,12.49,9.24,0.0,38.0039,0.1047,38.03,2030,H1,Jan-Jun
Musfik Hasan,Bangladesh,Pace Bowler,26.25,1.0,1,58.0,1.3273,1,0,52.23,15.54,131.54,29.19,7.61,0.0,44.5685,0.8176,44.52,2030,H1,Jan-Jun
Mushfiqur Rahim,Bangladesh,Wicketkeeper,43.25,0.0,0,190.0,-1.6022,0,1,3.48,20.23,105.68,0.0,0.0,0.0,25.8446,0.0083,26.59,2030,H1,Jan-Jun
Mustafizur Rahman,Bangladesh,Pace Bowler,34.25,1.0,1,239.0,-1.4401,0,1,41.29,10.66,95.43,33.36,9.94,0.0,37.9253,0.3032,38.0,2030,H1,Jan-Jun
Nahid Rana,Bangladesh,Pace Bowler,27.25,1.0,1,98.0,0.6137,1,0,47.62,13.11,118.86,45.12,8.04,0.0,49.1614,0.8,48.98,2030,H1,Jan-Jun
Najmul Hossain Apu,Bangladesh,Spin Bowler,31.25,1.0,1,61.0,1.293,1,0,62.46,14.09,114.81,26.83,8.46,0.0,39.6895,0.4248,39.67,2030,H1,Jan-Jun
Najmul Hossain Shanto,Bangladesh,Middle Order Batter,31.25,1.0,1,152.0,-0.2388,0,0,614.63,34.42,135.78,0.0,0.0,0.0,37.4743,0.774,37.64,2030,H1,Jan-Jun
Nasum Ahmed,Bangladesh,Spin Bowler,36.25,0.375,1,151.0,-1.324,0,1,23.27,10.54,96.3,17.61,8.26,0.0,30.5525,0.0515,30.21,2030,H1,Jan-Jun
Nasum Ahmed Jr,Bangladesh,Spin Bowler,25.25,1.0,1,53.0,1.0085,1,0,69.67,13.84,134.77,26.34,7.21,0.0,43.4001,0.8537,43.36,2030,H1,Jan-Jun
Nayeem Hasan,Bangladesh,Spin Bowler,29.25,1.0,1,85.0,-0.6,0,1,55.34,14.11,110.55,23.14,7.75,0.0,37.2159,0.5354,37.16,2030,H1,Jan-Jun
Nurul Hasan,Bangladesh,Wicketkeeper,37.25,0.55,1,166.4,0.0764,0,0,261.74,24.32,124.37,0.0,0.0,0.0,31.292,0.0071,31.86,2030,H1,Jan-Jun
Parvez Hossain Emon,Bangladesh,Wicketkeeper,28.25,1.0,1,99.0,1.3541,1,0,773.68,39.92,158.49,0.0,0.0,0.0,43.8349,0.7214,43.97,2030,H1,Jan-Jun
Pritom Kumar,Bangladesh,Wicketkeeper,26.25,1.0,1,62.0,1.8842,1,0,534.08,40.98,171.78,0.0,0.0,0.0,45.9921,0.6424,46.13,2030,H1,Jan-Jun
Rejaur Rahman Raja,Bangladesh,Pace Bowler,29.25,1.0,1,67.0,1.2786,1,0,68.66,15.51,125.55,31.7,8.03,0.0,44.6227,0.7736,44.71,2030,H1,Jan-Jun
Ripon Mondol,Bangladesh,Pace Bowler,27.25,1.0,1,63.0,1.2736,1,0,53.87,15.63,123.55,32.62,8.06,0.0,44.6904,0.77,44.71,2030,H1,Jan-Jun
Rishad Hossain,Bangladesh,Spin Bowler,27.25,1.0,1,125.0,1.8401,1,0,742.35,38.93,188.96,49.95,7.31,0.0,74.5908,0.9857,69.15,2030,H1,Jan-Jun
Saif Hassan,Bangladesh,Top Order Batter,31.25,1.0,1,116.0,1.1672,1,0,646.25,31.93,145.73,0.0,0.0,0.0,38.6587,0.8228,38.75,2030,H1,Jan-Jun
Shadman Islam,Bangladesh,Top Order Batter,34.25,1.0,1,98.0,0.6824,1,0,334.89,28.66,114.75,0.0,0.0,0.0,31.0202,0.266,31.68,2030,H1,Jan-Jun
Shahadat Hossain,Bangladesh,Middle Order Batter,28.25,1.0,1,71.0,1.697,1,0,431.27,37.22,146.33,0.0,0.0,0.0,39.8046,0.8068,39.89,2030,H1,Jan-Jun
Shakib Al Hasan,Bangladesh,Batting All-Rounder,43.25,0.0,0,310.0,-8.1687,0,1,0.0,16.11,118.85,0.0,9.64,0.0,27.5369,0.0011,28.51,2030,H1,Jan-Jun
Shamim Hossain,Bangladesh,Batting All-Rounder,29.25,1.0,1,110.0,1.7462,1,0,708.48,38.99,159.56,18.6,8.57,0.0,53.3716,0.7773,53.22,2030,H1,Jan-Jun
Shoriful Islam,Bangladesh,Pace Bowler,29.25,1.0,1,138.0,-1.0289,0,1,74.38,15.07,120.06,33.5,8.34,0.0,44.2979,0.6836,44.26,2030,H1,Jan-Jun
Soumya Sarkar,Bangladesh,Batting All-Rounder,37.25,0.1875,1,186.0,-1.854,0,1,100.92,18.98,121.32,4.17,10.14,0.0,31.1275,0.0017,31.68,2030,H1,Jan-Jun
Taijul Islam,Bangladesh,Spin Bowler,38.25,0.2917,1,112.6667,-3.1901,0,1,11.91,8.57,84.46,6.06,8.38,0.0,22.0166,0.0482,22.06,2030,H1,Jan-Jun
Tanvir Islam,Bangladesh,Spin Bowler,33.25,1.0,1,106.0,0.2649,0,0,71.21,14.42,103.05,40.63,8.32,0.0,44.4118,0.6925,44.26,2030,H1,Jan-Jun
Tanzid Hasan,Bangladesh,Top Order Batter,29.25,1.0,1,116.0,0.865,1,0,862.34,41.23,165.6,0.0,0.0,0.0,45.8059,0.9712,45.89,2030,H1,Jan-Jun
Tanzim Hasan Sakib,Bangladesh,Pace Bowler,27.25,1.0,1,108.0,0.2146,0,0,111.17,21.26,147.5,35.59,8.53,0.0,52.4104,0.8767,52.12,2030,H1,Jan-Jun
Taskin Ahmed,Bangladesh,Pace Bowler,35.25,0.875,1,177.0,-0.8099,0,1,50.52,10.68,98.9,30.93,10.1,0.0,37.3918,0.0639,36.04,2030,H1,Jan-Jun
Towhid Hridoy,Bangladesh,Top Order Batter,29.25,1.0,1,139.0,1.2181,1,0,984.52,38.75,155.36,2.02,8.49,0.0,45.1456,0.8696,45.25,2030,H1,Jan-Jun
Yasir Ali Chowdhury,Bangladesh,Middle Order Batter,34.25,1.0,1,117.0,0.2857,0,0,349.94,24.7,119.16,0.0,0.0,0.0,30.6741,0.3315,31.2,2030,H1,Jan-Jun
Zakir Hasan,Bangladesh,Middle Order Batter,32.25,1.0,1,95.0,0.2371,0,0,372.14,26.33,127.53,0.0,0.0,0.0,32.7979,0.3851,33.17,2030,H1,Jan-Jun
Adil Rashid,England,Spin Bowler,42.25,0.0,0,310.0,-2.4712,0,1,7.74,7.24,86.72,4.87,8.53,0.0,21.4089,0.0488,21.57,2030,H1,Jan-Jun
Alex Horton,England,Wicketkeeper,27.25,1.0,1,51.0,1.5789,1,0,385.66,36.98,161.62,0.0,0.0,0.0,42.4655,0.5689,42.47,2030,H1,Jan-Jun
Aneurin Donald,England,Top Order Batter,33.25,1.0,1,60.0,1.3941,1,0,448.46,31.43,139.05,0.0,0.0,0.0,36.7191,0.6639,36.89,2030,H1,Jan-Jun
Archie Vaughan,England,Batting All-Rounder,25.25,1.0,1,58.0,1.6592,1,0,477.8,34.15,159.51,14.66,7.99,0.0,49.436,0.6363,49.48,2030,H1,Jan-Jun
Ben Duckett,England,Top Order Batter,35.25,0.9583,1,196.3333,0.0295,0,0,736.93,26.13,134.17,0.0,0.0,0.0,34.9699,0.2721,35.28,2030,H1,Jan-Jun
Ben Foakes,England,Wicketkeeper,37.25,0.625,1,124.0,-0.026,0,0,152.41,23.73,110.04,0.0,0.0,0.0,28.1353,0.0049,28.87,2030,H1,Jan-Jun
Ben Geddes,England,Top Order Batter,28.25,1.0,1,70.0,1.5171,1,0,559.42,35.96,155.97,0.0,0.0,0.0,41.5697,0.8611,41.62,2030,H1,Jan-Jun
Brydon Carse,England,Pace Bowler,35.25,0.75,1,107.2,-1.578,0,1,72.94,14.42,121.31,28.95,11.25,0.0,41.6785,0.1239,40.77,2030,H1,Jan-Jun
Chris Jordan,England,Pace Bowler,41.25,0.0,0,290.0,-1.3062,0,1,73.76,14.92,127.76,6.94,11.9,0.0,32.1776,0.0201,32.36,2030,H1,Jan-Jun
Chris Woakes,England,Bowling All-Rounder,41.25,0.0,0,162.0,-2.2158,0,1,5.63,15.38,114.44,1.71,9.55,0.0,27.3564,0.0008,28.41,2030,H1,Jan-Jun
Dan Lawrence,England,Batting All-Rounder,33.25,1.0,1,153.0,0.1571,0,0,689.94,28.0,127.06,4.66,9.63,0.0,36.8723,0.0971,37.04,2030,H1,Jan-Jun
Dan Mousley,England,Batting All-Rounder,29.25,1.0,1,116.0,1.2956,1,0,877.86,40.72,168.56,24.57,7.91,0.0,59.1037,0.8501,59.5,2030,H1,Jan-Jun
Emilio Gay,England,Middle Order Batter,33.25,1.0,1,108.0,0.3313,0,0,590.44,28.66,128.89,0.0,0.0,0.0,34.3585,0.7375,34.54,2030,H1,Jan-Jun
Farhan Ahmed,England,Spin Bowler,23.25,1.0,1,52.0,1.6927,1,0,82.7,18.27,145.78,31.13,7.11,0.0,49.2249,0.959,48.98,2030,H1,Jan-Jun
George Bell,England,Wicketkeeper,27.25,1.0,1,68.0,1.3427,1,0,511.22,34.09,154.4,0.0,0.0,0.0,40.5731,0.5287,40.62,2030,H1,Jan-Jun
George Hill,England,Batting All-Rounder,31.25,1.0,1,95.0,1.3489,1,0,673.14,33.46,156.65,19.39,8.28,0.0,51.4824,0.8074,51.27,2030,H1,Jan-Jun
George Thomas,England,Top Order Batter,28.25,1.0,1,77.0,0.9642,1,0,594.64,33.18,156.6,0.0,0.0,0.0,40.9329,0.9338,40.98,2030,H1,Jan-Jun
Gus Atkinson,England,Pace Bowler,32.25,1.0,1,111.0,-0.7545,0,1,59.1,11.97,123.5,37.49,9.48,0.0,45.7138,0.7864,45.57,2030,H1,Jan-Jun
Harry Brook,England,Middle Order Batter,31.25,1.0,1,138.0,0.0425,0,0,764.02,38.21,149.46,0.84,8.95,0.0,42.6173,0.6551,42.62,2030,H1,Jan-Jun
Henry Crocombe,England,Pace Bowler,28.25,1.0,1,62.0,1.0613,1,0,53.29,15.47,122.05,29.85,8.27,0.0,42.9582,0.6616,43.04,2030,H1,Jan-Jun
Jack Carson,England,Spin Bowler,29.25,1.0,1,72.0,0.8131,1,0,82.73,18.28,125.35,33.4,8.38,0.0,46.2347,0.7712,46.2,2030,H1,Jan-Jun
Jack Haynes,England,Top Order Batter,29.25,1.0,1,107.0,0.7935,1,0,731.3,34.32,162.39,0.0,0.0,0.0,42.7356,0.9563,42.72,2030,H1,Jan-Jun
Jack Leach,England,Spin Bowler,39.25,0.0,0,111.0,-3.0806,0,1,0.0,9.5,94.43,0.0,9.38,0.0,20.9884,0.0075,21.59,2030,H1,Jan-Jun
Jacob Bethell,England,Batting All-Rounder,26.25,1.0,1,103.0,1.7171,1,0,1005.48,46.54,183.62,20.85,8.14,0.0,62.1735,0.9238,61.85,2030,H1,Jan-Jun
James Anderson,England,Pace Bowler,48.25,0.0,0,44.0,-0.2803,0,0,0.0,0.0,0.0,0.0,10.05,0.0,0.3332,0.0025,0.52,2030,H1,Jan-Jun
James Coles,England,Batting All-Rounder,26.25,1.0,1,65.0,1.9435,1,0,555.92,37.34,166.94,20.21,7.89,0.0,54.7571,0.8018,54.68,2030,H1,Jan-Jun
James Rew,England,Wicketkeeper,26.25,1.0,1,79.0,1.3442,1,0,778.02,38.15,162.75,0.0,0.0,0.0,44.1016,0.6585,44.29,2030,H1,Jan-Jun
Jamie Overton,England,Bowling All-Rounder,36.25,0.5833,1,144.3333,-0.8828,0,1,274.48,21.48,130.07,19.44,10.38,0.0,41.4595,0.0048,40.31,2030,H1,Jan-Jun
Jamie Smith,England,Wicketkeeper,29.25,1.0,1,97.0,1.6322,1,0,894.86,45.55,173.1,0.0,0.0,0.0,48.6179,0.8621,48.68,2030,H1,Jan-Jun
Joe Root,England,Batting All-Rounder,39.25,0.15,1,66.8,-0.2888,0,0,110.92,23.44,109.33,0.38,9.97,0.0,28.4412,0.0018,29.06,2030,H1,Jan-Jun
Jofra Archer,England,Pace Bowler,35.25,0.9375,1,125.5,-0.9242,0,1,40.29,15.19,120.51,24.28,10.03,0.0,39.5308,0.235,39.05,2030,H1,Jan-Jun
Jonny Bairstow,England,Wicketkeeper,41.25,0.0,0,185.0,-0.9841,0,1,47.5,20.97,117.85,0.0,0.0,0.0,28.4658,0.0048,29.2,2030,H1,Jan-Jun
Jordan Cox,England,Wicketkeeper,29.25,1.0,1,123.0,1.6457,1,0,1057.69,42.35,167.95,0.0,0.0,0.0,47.119,0.8467,47.19,2030,H1,Jan-Jun
Jos Buttler,England,Wicketkeeper,39.25,0.0,0,240.0,-0.9772,0,1,158.34,28.64,128.41,0.0,0.0,0.0,33.0877,0.0051,33.99,2030,H1,Jan-Jun
Josh Hull,England,Pace Bowler,26.25,1.0,1,63.0,1.6136,1,0,60.17,18.19,146.54,35.68,7.64,0.0,51.3815,0.9059,51.12,2030,H1,Jan-Jun
Josh Tongue,England,Pace Bowler,32.25,1.0,1,85.0,-0.131,0,0,35.88,18.43,120.78,18.95,9.04,0.0,38.0933,0.2718,38.11,2030,H1,Jan-Jun
Liam Dawson,England,Bowling All-Rounder,40.25,0.0,0,225.0,-1.7665,0,1,129.36,23.25,115.18,5.14,9.21,0.0,31.9734,0.0013,32.18,2030,H1,Jan-Jun
Liam Livingstone,England,Batting All-Rounder,37.25,0.4375,1,219.5,-1.325,0,1,472.72,29.66,148.43,10.12,9.88,0.0,43.4273,0.0089,43.25,2030,H1,Jan-Jun
Luc Benkenstein,England,Batting All-Rounder,25.25,1.0,1,56.0,1.9507,1,0,505.21,39.63,179.75,18.91,7.29,0.0,57.2175,0.9179,56.79,2030,H1,Jan-Jun
Luke Wood,England,Pace Bowler,34.25,1.0,1,166.0,-0.8336,0,1,60.62,10.3,109.71,27.27,11.11,0.0,37.4072,0.2576,37.38,2030,H1,Jan-Jun
Mark Wood,England,Pace Bowler,40.25,0.0,0,91.0,-1.0975,0,1,4.55,9.75,97.31,4.03,12.62,0.0,23.2233,0.0099,23.37,2030,H1,Jan-Jun
Matthew Fisher,England,Pace Bowler,33.25,1.0,1,95.0,-0.1627,0,0,52.13,19.73,114.37,23.08,9.64,0.0,39.2698,0.4718,39.19,2030,H1,Jan-Jun
Matthew Potts,England,Pace Bowler,31.25,1.0,1,102.0,-0.9343,0,1,99.28,16.75,121.21,26.2,9.44,0.0,41.3252,0.7066,41.29,2030,H1,Jan-Jun
Ollie Pope,England,Top Order Batter,32.25,1.0,1,125.0,-0.3969,0,0,270.34,23.67,121.28,0.0,8.87,0.0,31.1604,0.0952,31.66,2030,H1,Jan-Jun
Ollie Robinson,England,Pace Bowler,31.25,1.0,1,85.0,-0.344,0,0,52.95,18.0,122.13,22.28,8.78,0.0,39.9382,0.5726,39.87,2030,H1,Jan-Jun
Olly Stone,England,Pace Bowler,36.25,0.5833,1,91.3333,-0.6313,0,1,25.71,21.16,111.75,13.8,10.19,0.0,34.518,0.0096,34.2,2030,H1,Jan-Jun
Phil Salt,England,Wicketkeeper,34.25,1.0,1,224.0,-0.7439,0,1,812.11,29.98,147.74,0.0,0.0,0.0,38.889,0.327,39.0,2030,H1,Jan-Jun
Reece Topley,England,Pace Bowler,36.25,0.5833,1,123.3333,-0.2871,0,0,33.64,18.06,107.7,18.63,10.92,0.0,35.1149,0.0148,34.64,2030,H1,Jan-Jun
Rehan Ahmed,England,Spin Bowler,25.25,1.0,1,110.0,0.6019,1,0,490.57,29.11,161.35,42.67,7.44,0.0,62.1373,0.9843,61.96,2030,H1,Jan-Jun
Rocky Flintoff,England,Middle Order Batter,24.25,1.0,1,52.0,1.9777,1,0,449.72,44.05,169.03,0.0,0.0,0.0,46.1878,0.9264,46.35,2030,H1,Jan-Jun
Sam Cook,England,Pace Bowler,32.25,1.0,1,105.0,-0.4917,0,0,50.41,17.14,115.9,26.28,9.03,0.0,40.4231,0.4812,40.39,2030,H1,Jan-Jun
Sam Curran,England,Bowling All-Rounder,32.25,1.0,1,247.0,-1.3161,0,1,689.3,25.82,139.87,26.09,9.05,0.0,49.2002,0.0108,48.98,2030,H1,Jan-Jun
Saqib Mahmood,England,Pace Bowler,33.25,1.0,1,113.0,0.4241,0,0,60.87,20.52,116.03,30.42,9.68,0.0,43.4402,0.6618,43.36,2030,H1,Jan-Jun
Shoaib Bashir,England,Spin Bowler,26.25,1.0,1,81.0,-0.8332,0,1,45.22,13.96,129.92,25.93,7.29,0.0,42.242,0.7105,42.3,2030,H1,Jan-Jun
Sonny Baker,England,Pace Bowler,25.25,1.0,1,71.0,1.2902,1,0,73.88,21.2,147.16,38.22,7.29,0.0,53.7862,0.9529,53.55,2030,H1,Jan-Jun
Tom Banton,England,Wicketkeeper,32.25,1.0,1,156.0,0.3394,0,0,752.4,29.65,138.53,0.0,0.0,0.0,36.9039,0.365,37.05,2030,H1,Jan-Jun
Tom Hartley,England,Spin Bowler,31.25,1.0,1,88.0,-2.6271,0,1,23.11,12.99,119.34,5.86,8.2,0.0,29.8571,0.426,30.3,2030,H1,Jan-Jun
Tom Rew,England,Wicketkeeper,25.25,1.0,1,54.0,1.6948,1,0,421.81,41.7,168.41,0.0,0.0,0.0,45.2771,0.8069,45.37,2030,H1,Jan-Jun
Will Jacks,England,Batting All-Rounder,31.25,1.0,1,173.0,-1.133,0,1,925.78,29.58,162.82,15.03,8.83,0.0,49.8958,0.7243,49.92,2030,H1,Jan-Jun
Zak Crawley,England,Top Order Batter,32.25,1.0,1,120.0,0.301,0,0,463.35,29.97,142.26,0.0,0.0,0.0,36.9131,0.7915,37.05,2030,H1,Jan-Jun
Abhishek Sharma,India,Top Order Batter,30.25,1.0,1,154.0,-1.0461,0,1,444.91,28.85,114.46,0.0,0.0,0.0,31.3233,0.9681,32.0,2030,H1,Jan-Jun
Akash Deep,India,Pace Bowler,33.25,1.0,1,79.0,0.2085,0,0,38.57,10.6,100.58,3.44,6.15,0.0,25.0222,0.1645,25.18,2030,H1,Jan-Jun
Akshat Raghuwanshi,India,Top Order Batter,25.25,1.0,1,58.0,-1.1288,0,1,85.76,9.28,175.95,0.0,0.0,0.0,35.8552,0.5613,36.04,2030,H1,Jan-Jun
Aman Mokhade,India,Middle Order Batter,28.25,1.0,1,98.0,-0.5901,0,1,171.01,22.89,149.39,0.0,0.0,0.0,35.2852,0.5962,35.52,2030,H1,Jan-Jun
Angkrish Raghuwanshi,India,Wicketkeeper,28.25,1.0,1,49.0,-2.521,0,1,120.25,1.8,160.94,0.0,0.0,0.0,30.8548,0.1269,31.33,2030,H1,Jan-Jun
Anshul Kamboj,India,Pace Bowler,29.25,1.0,1,93.0,-1.0825,0,1,10.26,5.83,95.2,0.0,8.87,0.0,20.1202,0.8124,20.67,2030,H1,Jan-Jun
Arshdeep Singh,India,Pace Bowler,31.25,1.0,1,184.0,-0.3774,0,0,143.61,4.72,67.91,20.43,7.7,0.0,25.2941,0.1183,25.42,2030,H1,Jan-Jun
Atharva Taide,India,Top Order Batter,28.25,1.0,1,42.0,-1.1721,0,1,63.52,8.9,161.84,0.0,0.0,0.0,33.0407,0.136,33.29,2030,H1,Jan-Jun
Auqib Nabi,India,Bowling All-Rounder,29.25,1.0,1,46.0,-0.435,0,0,57.19,24.92,121.08,2.53,7.2,0.0,32.5196,0.0043,32.83,2030,H1,Jan-Jun
Avesh Khan,India,Pace Bowler,33.25,1.0,1,164.0,-0.4319,0,0,55.94,16.57,61.06,6.31,7.19,0.0,20.5982,0.0109,20.87,2030,H1,Jan-Jun
Axar Patel,India,Bowling All-Rounder,36.25,0.7917,1,246.6667,-0.3129,0,0,329.16,15.51,103.43,2.96,7.02,0.0,27.3399,0.0015,27.97,2030,H1,Jan-Jun
Ayush Mhatre,India,Top Order Batter,23.25,1.0,1,53.0,-3.5146,0,1,691.72,0.0,210.37,0.0,0.0,0.0,41.0988,0.8761,41.17,2030,H1,Jan-Jun
Brijesh Sharma,India,Pace Bowler,28.25,1.0,1,92.0,1.4587,1,0,66.57,53.16,51.14,29.68,10.05,0.0,40.8955,0.7067,40.84,2030,H1,Jan-Jun
Devdutt Padikkal,India,Top Order Batter,30.25,1.0,1,81.0,-0.148,0,0,140.95,14.8,179.08,0.0,0.0,0.0,38.2791,0.8289,38.41,2030,H1,Jan-Jun
Dhruv Jurel,India,Wicketkeeper,29.25,1.0,1,65.0,0.2749,0,0,88.34,36.57,162.51,0.0,0.0,0.0,41.698,0.7248,41.76,2030,H1,Jan-Jun
Digvesh Rathi,India,Spin Bowler,30.25,1.0,1,74.0,-0.4432,0,0,40.96,0.0,125.71,11.69,11.27,0.0,29.5343,0.362,29.75,2030,H1,Jan-Jun
Gurnoor Brar,India,Pace Bowler,29.25,1.0,1,67.0,1.0542,1,0,20.79,13.04,150.92,12.8,5.97,0.0,39.7885,0.8951,39.8,2030,H1,Jan-Jun
Hardik Pandya,India,Batting All-Rounder,36.25,0.55,1,318.4,-2.4222,0,1,19.18,9.83,119.85,0.0,11.31,0.0,25.6482,0.0018,26.5,2030,H1,Jan-Jun
Harsh Dubey,India,Bowling All-Rounder,28.25,1.0,1,101.0,0.5519,1,0,335.6,30.26,117.53,13.62,9.38,0.0,39.251,0.0206,39.23,2030,H1,Jan-Jun
Harshit Rana,India,Pace Bowler,27.25,1.0,1,77.0,0.9683,1,0,22.11,10.71,107.8,37.49,11.61,0.0,42.0317,0.6951,42.07,2030,H1,Jan-Jun
Ishan Kishan,India,Wicketkeeper,32.25,1.0,1,204.0,-0.093,0,0,648.11,13.62,127.64,0.0,0.0,0.0,29.6807,0.8266,30.03,2030,H1,Jan-Jun
Jasprit Bumrah,India,Pace Bowler,36.25,0.8214,1,247.7143,-0.5424,0,1,64.73,6.04,55.47,58.65,7.29,0.0,42.0041,0.758,40.14,2030,H1,Jan-Jun
Jitesh Sharma,India,Wicketkeeper,36.25,0.7917,1,126.6667,-1.2451,0,1,137.94,21.12,102.85,0.0,0.0,0.0,25.9534,0.0064,26.64,2030,H1,Jan-Jun
KL Rahul,India,Wicketkeeper,38.25,0.5357,1,278.0,0.6889,1,0,192.14,41.42,149.25,0.0,0.0,0.0,40.985,0.0367,41.35,2030,H1,Jan-Jun
KS Bharat,India,Wicketkeeper,36.25,0.375,1,34.0,-0.8691,0,1,37.05,9.44,115.28,0.0,0.0,0.0,24.4298,0.0065,25.17,2030,H1,Jan-Jun
Kartik Sharma,India,Wicketkeeper,25.25,1.0,1,64.0,0.6468,1,0,77.29,54.45,109.42,0.0,0.0,0.0,37.2127,0.4009,37.27,2030,H1,Jan-Jun
Khaleel Ahmed,India,Pace Bowler,32.25,1.0,1,76.0,-0.1598,0,0,1.32,20.67,109.94,1.36,10.82,0.0,27.7842,0.1142,28.62,2030,H1,Jan-Jun
Kuldeep Yadav,India,Spin Bowler,35.25,1.0,1,214.0,3.496,1,0,0.0,6.36,130.63,77.45,7.36,0.0,65.1811,0.9696,66.51,2030,H1,Jan-Jun
Kumar Kushagra,India,Wicketkeeper,25.25,1.0,1,63.0,-1.6401,0,1,68.76,13.0,119.36,0.0,0.0,0.0,26.3678,0.0514,27.43,2030,H1,Jan-Jun
Manav Suthar,India,Spin Bowler,28.25,1.0,1,44.0,1.0889,1,0,17.12,19.05,111.87,14.16,7.88,0.0,34.4363,0.7875,34.4,2030,H1,Jan-Jun
Mangesh Yadav,India,Pace Bowler,27.25,1.0,1,92.0,0.1741,0,0,48.32,16.56,89.94,12.99,8.13,0.0,29.0332,0.2127,29.05,2030,H1,Jan-Jun
Mayank Yadav,India,Pace Bowler,28.25,1.0,1,54.0,0.8293,1,0,0.45,5.44,97.24,19.93,7.87,0.0,30.325,0.235,30.39,2030,H1,Jan-Jun
Mohammed Shami,India,Pace Bowler,40.25,0.0,0,180.0,-0.0391,0,0,0.0,4.72,74.92,5.92,11.21,0.0,18.548,0.0161,18.78,2030,H1,Jan-Jun
Mohammed Siraj,India,Pace Bowler,36.25,0.8214,1,207.7143,1.0389,1,0,0.0,2.64,121.94,31.35,11.27,0.0,39.1695,0.5387,38.23,2030,H1,Jan-Jun
Mukesh Kumar,India,Pace Bowler,36.25,0.4375,1,76.5,-2.0445,0,1,18.07,0.0,96.91,0.24,12.12,0.0,18.3876,0.0031,18.84,2030,H1,Jan-Jun
Nithish Kumar Reddy,India,Batting All-Rounder,27.25,1.0,1,766.0,-3.183,0,1,0.0,20.33,128.66,0.0,0.0,0.0,30.1617,0.9257,30.69,2030,H1,Jan-Jun
Prabhsimran Singh,India,Wicketkeeper,30.25,1.0,1,104.0,-0.1166,0,0,192.9,33.06,127.08,0.0,0.0,0.0,34.2851,0.081,34.47,2030,H1,Jan-Jun
Prashant Veer,India,Bowling All-Rounder,28.25,1.0,1,64.0,0.7999,1,0,37.58,38.62,139.63,0.0,0.0,0.0,37.9098,0.0244,37.96,2030,H1,Jan-Jun
Prasidh Krishna,India,Pace Bowler,34.25,1.0,1,134.0,2.1223,1,0,11.22,12.64,85.7,32.44,11.77,0.0,35.968,0.2202,36.04,2030,H1,Jan-Jun
Prince Yadav,India,Pace Bowler,29.25,1.0,1,94.0,1.4899,1,0,0.0,15.84,140.04,16.04,7.86,0.0,39.6006,0.7968,39.63,2030,H1,Jan-Jun
Priyansh Arya,India,Top Order Batter,29.25,1.0,0,89.0,-0.3519,0,0,771.35,36.57,205.41,1.72,14.27,0.0,52.4649,0.8062,52.38,2030,H1,Jan-Jun
Rajat Patidar,India,Middle Order Batter,36.25,0.375,1,25.0,-0.8666,0,1,14.3,13.57,106.55,0.0,0.0,0.0,23.9993,0.8166,24.66,2030,H1,Jan-Jun
Ramandeep Singh,India,Batting All-Rounder,33.25,1.0,1,90.0,0.4274,0,0,149.92,34.66,144.18,0.0,0.0,0.0,37.8545,0.5302,37.96,2030,H1,Jan-Jun
Ravi Bishnoi,India,Spin Bowler,30.25,1.0,1,164.0,0.7192,1,0,26.88,27.37,83.16,13.84,10.41,0.0,31.0678,0.4723,31.36,2030,H1,Jan-Jun
Rinku Singh,India,Middle Order Batter,33.25,1.0,1,164.0,-0.1732,0,0,130.09,32.19,179.56,0.0,0.0,0.0,43.6591,0.9155,43.94,2030,H1,Jan-Jun
Rishabh Pant,India,Wicketkeeper,32.25,1.0,1,254.0,-0.0922,0,0,473.49,43.44,109.74,0.0,0.0,0.0,34.9818,0.0611,35.1,2030,H1,Jan-Jun
Riyan Parag,India,Batting All-Rounder,28.25,1.0,1,164.0,-1.6051,0,1,201.36,19.64,140.51,0.0,0.0,0.0,32.7135,0.0288,33.04,2030,H1,Jan-Jun
Sai Sudharsan,India,Top Order Batter,28.25,1.0,1,72.0,-2.2145,0,1,56.44,9.76,97.29,0.0,0.0,0.0,21.2173,0.0466,21.87,2030,H1,Jan-Jun
Sakib Hussain,India,Pace Bowler,25.25,1.0,1,40.0,-1.0797,0,1,39.37,7.33,94.95,5.07,9.38,0.0,23.0158,0.0209,23.4,2030,H1,Jan-Jun
Salil Arora,India,Wicketkeeper,27.25,1.0,1,82.0,-0.0849,0,0,174.45,25.65,140.52,0.0,0.0,0.0,34.4807,0.1068,34.72,2030,H1,Jan-Jun
Sanju Samson,India,Wicketkeeper,35.25,0.95,0,252.0,0.3517,0,0,139.9,40.54,140.88,0.0,0.0,0.0,39.0091,0.2341,38.73,2030,H1,Jan-Jun
Sarfaraz Khan,India,Middle Order Batter,32.25,1.0,1,58.0,-0.8484,0,1,51.28,29.34,107.72,0.0,0.0,0.0,29.1428,0.1584,29.58,2030,H1,Jan-Jun
Sarthak Ranjan,India,Middle Order Batter,27.25,1.0,1,42.0,0.1947,0,0,136.02,33.29,143.52,0.0,0.0,0.0,37.2742,0.4596,37.37,2030,H1,Jan-Jun
Shardul Thakur,India,Bowling All-Rounder,38.25,0.35,1,171.6,-0.5712,0,1,173.12,19.2,96.46,6.69,12.57,0.0,27.7226,0.0026,28.02,2030,H1,Jan-Jun
Shivam Dube,India,Batting All-Rounder,37.25,0.7188,1,194.25,1.0385,1,0,104.73,47.08,136.6,0.0,0.0,0.0,40.1139,0.159,40.54,2030,H1,Jan-Jun
Shreyas Iyer,India,Middle Order Batter,35.25,0.9375,1,211.5,-0.4469,0,0,641.48,10.96,126.63,0.0,0.0,0.0,28.6602,0.0557,29.26,2030,H1,Jan-Jun
Shubman Gill,India,Top Order Batter,31.25,1.0,1,174.0,-2.0093,0,1,113.46,35.79,135.33,0.0,0.0,0.0,36.4465,0.5623,36.58,2030,H1,Jan-Jun
Suryakumar Yadav,India,Middle Order Batter,40.25,0.0,0,300.0,-0.7683,0,1,180.33,20.42,146.41,0.0,0.0,0.0,33.9979,0.0201,34.6,2030,H1,Jan-Jun
Suryansh Shedge,India,Batting All-Rounder,26.25,1.0,1,50.0,-0.081,0,0,31.82,43.64,97.33,0.0,0.0,0.0,31.522,0.0264,31.94,2030,H1,Jan-Jun
Tejasvi Dahiya,India,Wicketkeeper,26.25,1.0,1,53.0,-0.261,0,0,85.18,40.41,129.2,0.0,0.0,0.0,36.637,0.1388,36.73,2030,H1,Jan-Jun
Tilak Varma,India,Middle Order Batter,27.25,1.0,1,156.0,0.6118,1,0,321.66,44.42,112.62,0.0,0.0,0.0,35.4072,0.743,35.58,2030,H1,Jan-Jun
Tushar Deshpande,India,Pace Bowler,35.25,0.9375,1,80.5,1.157,1,0,0.11,15.48,102.97,7.4,8.56,0.0,28.1822,0.1756,28.45,2030,H1,Jan-Jun
Vaibhav Suryavanshi,India,Top Order Batter,19.25,1.0,1,68.0,1.4098,1,0,378.74,13.42,231.72,0.0,0.0,0.0,48.3443,0.9627,48.34,2030,H1,Jan-Jun
Varun Chakravarthy,India,Spin Bowler,39.25,0.2917,1,159.6667,-0.7789,0,1,67.81,3.15,100.0,5.42,8.35,0.0,23.1076,0.0652,23.21,2030,H1,Jan-Jun
Washington Sundar,India,Bowling All-Rounder,30.25,1.0,1,184.0,1.6614,1,0,583.25,33.67,159.09,9.21,8.42,0.0,46.7378,0.0107,46.82,2030,H1,Jan-Jun
Yash Thakur,India,Pace Bowler,30.25,1.0,1,46.0,0.6618,1,0,0.0,13.57,123.37,11.75,7.43,0.0,33.7847,0.2744,33.96,2030,H1,Jan-Jun
Yashasvi Jaiswal,India,Top Order Batter,28.25,1.0,1,134.0,-1.196,0,1,400.73,27.61,128.71,0.0,0.0,0.0,33.4878,0.3536,33.69,2030,H1,Jan-Jun
Adam Leckey,Ireland,Pace Bowler,25.25,1.0,1,54.0,1.5556,1,0,60.59,18.35,126.78,25.86,7.76,0.0,42.8933,0.6983,42.9,2030,H1,Jan-Jun
Andrew Balbirnie,Ireland,Top Order Batter,39.25,0.0,0,210.0,-1.5368,0,1,104.27,26.05,122.42,0.0,0.0,0.0,31.0285,0.0194,31.71,2030,H1,Jan-Jun
Andy McBrine,Ireland,Bowling All-Rounder,37.25,0.625,1,140.0,0.2661,0,0,320.29,26.12,117.79,22.2,9.41,0.0,42.1956,0.0086,40.99,2030,H1,Jan-Jun
Barry McCarthy,Ireland,Pace Bowler,37.25,0.0,0,122.0,-1.1615,0,1,20.48,15.4,109.21,8.94,10.37,0.0,29.86,0.0321,30.0,2030,H1,Jan-Jun
Ben Calitz,Ireland,Middle Order Batter,29.25,1.0,1,72.0,1.7128,1,0,618.61,41.87,165.34,0.0,0.0,0.0,45.2903,0.8744,45.37,2030,H1,Jan-Jun
Ben White,Ireland,Spin Bowler,31.25,1.0,1,105.0,-0.2689,0,0,65.69,16.39,119.5,36.36,7.82,0.0,46.0838,0.9417,46.0,2030,H1,Jan-Jun
Cade Carmichael,Ireland,Middle Order Batter,28.25,1.0,1,82.0,1.8287,1,0,686.69,42.88,160.56,0.0,0.0,0.0,44.8908,0.8601,44.99,2030,H1,Jan-Jun
Chris de Freitas,Ireland,Top Order Batter,29.25,1.0,1,59.0,1.464,1,0,345.01,35.56,158.81,0.0,0.0,0.0,41.3953,0.8104,41.46,2030,H1,Jan-Jun
Cian Carmichael,Ireland,Middle Order Batter,28.25,1.0,1,52.0,1.7146,1,0,272.27,38.07,157.62,0.0,0.0,0.0,41.7429,0.762,41.76,2030,H1,Jan-Jun
Craig Young,Ireland,Pace Bowler,38.25,0.1875,1,107.0,-0.605,0,1,18.46,10.9,97.41,11.04,11.42,0.0,27.1825,0.0184,26.86,2030,H1,Jan-Jun
Curtis Campher,Ireland,Bowling All-Rounder,31.25,1.0,1,172.0,-0.185,0,0,676.32,38.35,153.72,33.56,8.26,0.0,59.3939,0.0162,59.47,2030,H1,Jan-Jun
Fionn Hand,Ireland,Pace Bowler,32.25,1.0,1,123.0,-0.18,0,0,68.27,13.0,115.17,32.35,9.17,0.0,42.0234,0.6103,42.06,2030,H1,Jan-Jun
Gareth Delany,Ireland,Batting All-Rounder,33.25,1.0,1,146.0,-0.242,0,0,461.54,26.58,132.47,17.75,9.53,0.0,43.2639,0.4558,43.24,2030,H1,Jan-Jun
Gavin Hoey,Ireland,Spin Bowler,27.25,1.0,1,86.0,1.7968,1,0,275.6,34.52,163.7,35.35,7.54,0.0,60.0323,0.9777,59.69,2030,H1,Jan-Jun
Gavin Roulston,Ireland,Middle Order Batter,27.25,1.0,1,62.0,2.2199,1,0,386.56,43.64,153.6,0.0,0.0,0.0,43.006,0.7874,43.08,2030,H1,Jan-Jun
George Dockrell,Ireland,Batting All-Rounder,37.25,0.4375,1,178.5,-0.9186,0,1,209.96,22.35,113.41,8.63,9.48,0.0,33.2565,0.0036,33.3,2030,H1,Jan-Jun
Graham Hume,Ireland,Pace Bowler,39.25,0.0,0,112.0,-0.8702,0,1,15.29,12.73,107.08,8.45,10.63,0.0,28.3587,0.04,28.56,2030,H1,Jan-Jun
Harry Tector,Ireland,Middle Order Batter,30.25,1.0,1,191.0,0.5617,1,0,972.15,39.32,144.24,1.56,9.09,0.0,42.8769,0.5851,42.94,2030,H1,Jan-Jun
Jai Moondra,Ireland,Pace Bowler,27.25,1.0,1,61.0,1.2794,1,0,51.68,15.0,118.14,26.78,8.31,0.0,40.5653,0.5075,40.5,2030,H1,Jan-Jun
Jake Egan,Ireland,Top Order Batter,26.25,1.0,1,58.0,2.0547,1,0,460.21,46.02,174.4,0.0,0.0,0.0,47.8228,0.9596,47.76,2030,H1,Jan-Jun
James West,Ireland,Top Order Batter,27.25,1.0,1,60.0,1.9257,1,0,394.59,39.46,153.22,0.0,0.0,0.0,41.6781,0.8751,41.76,2030,H1,Jan-Jun
Jordan Neill,Ireland,Pace Bowler,28.25,1.0,1,75.0,0.7448,1,0,56.58,12.49,118.09,29.11,8.25,0.0,40.9562,0.5089,40.94,2030,H1,Jan-Jun
Josh Little,Ireland,Pace Bowler,30.25,1.0,1,138.0,-0.6058,0,1,58.16,22.17,133.03,35.55,7.81,0.0,49.9657,0.8902,49.76,2030,H1,Jan-Jun
Liam McCarthy,Ireland,Pace Bowler,31.25,1.0,1,81.0,0.9,1,0,72.49,16.13,124.72,34.83,8.15,0.0,46.1783,0.8427,46.2,2030,H1,Jan-Jun
Lorcan Tucker,Ireland,Wicketkeeper,34.25,1.0,1,146.0,0.6262,1,0,657.58,29.67,130.37,0.0,0.0,0.0,35.1267,0.2558,35.3,2030,H1,Jan-Jun
Luke Murray,Ireland,Wicketkeeper,27.25,1.0,1,55.0,2.0995,1,0,377.64,41.24,156.63,0.0,0.0,0.0,42.814,0.6581,42.94,2030,H1,Jan-Jun
Mark Adair,Ireland,Bowling All-Rounder,34.25,0.9167,1,195.6667,-2.7203,0,1,221.72,20.05,126.26,23.65,9.99,0.0,42.2822,0.0089,41.54,2030,H1,Jan-Jun
Matt Hollard,Ireland,Batting All-Rounder,27.25,1.0,1,63.0,2.2392,1,0,327.24,37.94,161.19,21.07,8.05,0.0,53.6317,0.8638,53.53,2030,H1,Jan-Jun
Matthew Foster,Ireland,Pace Bowler,30.25,1.0,1,72.0,0.9301,1,0,64.3,14.53,118.21,30.89,8.35,0.0,42.4772,0.5312,42.46,2030,H1,Jan-Jun
Matthew Humphreys,Ireland,Spin Bowler,27.25,1.0,1,89.0,0.3361,0,0,80.76,15.09,119.68,34.35,7.98,0.0,44.7402,0.9167,44.71,2030,H1,Jan-Jun
Morgan Topping,Ireland,Middle Order Batter,26.25,1.0,1,66.0,1.9243,1,0,566.13,44.94,183.33,0.0,0.0,0.0,49.4499,0.919,49.51,2030,H1,Jan-Jun
Neil Rock,Ireland,Wicketkeeper,29.25,1.0,1,95.0,1.1088,1,0,434.71,34.69,148.77,0.0,0.0,0.0,39.4961,0.5397,39.53,2030,H1,Jan-Jun
Paul Stirling,Ireland,Top Order Batter,39.25,0.125,1,364.0,-3.9428,0,1,175.23,20.75,112.48,0.18,11.38,0.0,28.1163,0.0048,28.84,2030,H1,Jan-Jun
Peter Moor,Ireland,Wicketkeeper,39.25,0.2917,1,113.6667,-0.7194,0,1,24.4,18.0,107.43,0.0,0.0,0.0,25.5465,0.0095,26.39,2030,H1,Jan-Jun
Reuben Wilson,Ireland,Pace Bowler,25.25,1.0,1,65.0,2.0247,1,0,162.47,29.79,161.57,31.57,7.61,0.0,56.0089,0.9163,55.85,2030,H1,Jan-Jun
Ross Adair,Ireland,Top Order Batter,35.25,0.9688,1,108.75,1.0886,1,0,695.22,34.24,141.39,0.0,0.0,0.0,38.6872,0.7018,38.68,2030,H1,Jan-Jun
Sam Topping,Ireland,Top Order Batter,27.25,1.0,1,68.0,2.1039,1,0,551.19,45.86,172.23,0.0,0.0,0.0,47.6156,0.9537,47.76,2030,H1,Jan-Jun
Scott Macbeth,Ireland,Pace Bowler,29.25,1.0,1,56.0,1.3168,1,0,59.1,17.25,114.62,24.69,8.41,0.0,39.5712,0.5099,39.48,2030,H1,Jan-Jun
Seamus Lynch,Ireland,Wicketkeeper,28.25,1.0,1,65.0,1.9137,1,0,446.98,39.32,154.63,0.0,0.0,0.0,42.0413,0.6441,42.08,2030,H1,Jan-Jun
Sebastian Dijkstra,Ireland,Top Order Batter,26.25,1.0,1,51.0,1.7423,1,0,301.88,37.79,157.45,0.0,0.0,0.0,41.7059,0.8045,41.76,2030,H1,Jan-Jun
Stephen Doheny,Ireland,Wicketkeeper,30.25,1.0,1,82.0,1.3805,1,0,566.67,36.68,151.7,0.0,0.0,0.0,41.0115,0.5969,41.06,2030,H1,Jan-Jun
Theo van Woerkom,Ireland,Pace Bowler,34.25,1.0,1,88.0,0.3037,0,0,52.2,12.1,103.29,21.77,10.51,0.0,34.1061,0.079,34.03,2030,H1,Jan-Jun
Tim Tector,Ireland,Top Order Batter,27.25,1.0,1,75.0,1.835,1,0,575.43,39.36,159.93,0.0,0.0,0.0,43.3937,0.8814,43.39,2030,H1,Jan-Jun
Tom Mayes,Ireland,Pace Bowler,28.25,1.0,1,70.0,1.4192,1,0,75.64,17.18,124.25,32.59,8.12,0.0,45.3275,0.8245,45.2,2030,H1,Jan-Jun
Adam Milne,New Zealand,Pace Bowler,38.25,0.0,0,205.0,-2.7416,0,1,10.08,13.44,108.77,4.69,10.26,0.0,27.0791,0.0136,27.76,2030,H1,Jan-Jun
Adithya Ashok,New Zealand,Spin Bowler,27.25,1.0,1,68.0,0.5063,1,0,65.18,12.32,117.42,26.91,8.17,0.0,39.7392,0.6603,39.68,2030,H1,Jan-Jun
Ajaz Patel,New Zealand,Spin Bowler,41.25,0.0,0,87.0,-2.1014,0,1,0.1,5.74,78.71,0.91,8.87,0.0,17.4287,0.0061,17.55,2030,H1,Jan-Jun
Ben Lister,New Zealand,Pace Bowler,34.25,1.0,1,113.0,0.2451,0,0,62.94,15.79,108.33,35.1,10.03,0.0,42.8065,0.4524,42.91,2030,H1,Jan-Jun
Ben Sears,New Zealand,Pace Bowler,32.25,1.0,1,108.0,0.6785,1,0,49.81,15.63,114.17,41.4,8.97,0.0,47.0628,0.7378,47.03,2030,H1,Jan-Jun
Benjamin Jacobs,New Zealand,Middle Order Batter,28.25,1.0,1,59.0,1.7755,1,0,399.16,39.79,168.74,0.0,0.0,0.0,44.6929,0.869,44.88,2030,H1,Jan-Jun
Bharat Popli,New Zealand,Middle Order Batter,38.25,0.35,1,78.6,0.6414,1,0,232.39,26.79,120.3,0.0,0.0,0.0,31.207,0.047,31.89,2030,H1,Jan-Jun
Blair Tickner,New Zealand,Pace Bowler,36.25,0.4375,1,118.5,-1.5152,0,1,16.13,10.97,101.77,10.83,10.78,0.0,27.9797,0.0161,28.14,2030,H1,Jan-Jun
Cole McConchie,New Zealand,Batting All-Rounder,34.25,1.0,1,125.0,0.317,0,0,433.54,26.24,121.46,15.47,9.46,0.0,39.9176,0.9957,39.89,2030,H1,Jan-Jun
Curtis Heaphy,New Zealand,Batting All-Rounder,28.25,1.0,1,68.0,2.177,1,0,492.66,35.28,149.56,20.51,8.72,0.0,50.6902,0.7368,50.73,2030,H1,Jan-Jun
Dane Cleaver,New Zealand,Wicketkeeper,37.25,0.4375,1,92.5,0.3728,0,0,207.56,25.24,117.98,0.0,0.0,0.0,30.2316,0.007,30.83,2030,H1,Jan-Jun
Daryl Foxcroft,New Zealand,Batting All-Rounder,31.25,1.0,1,95.0,2.694,1,0,709.62,42.38,161.05,22.61,8.42,0.0,56.6853,0.6536,56.35,2030,H1,Jan-Jun
Daryl Mitchell,New Zealand,Batting All-Rounder,39.25,0.0,0,176.0,-2.055,0,1,103.15,25.41,123.97,1.57,10.48,0.0,32.2774,0.0016,32.63,2030,H1,Jan-Jun
Devon Conway,New Zealand,Wicketkeeper,39.25,0.2917,1,193.6667,-1.1313,0,1,250.82,30.55,126.54,0.0,0.0,0.0,33.5738,0.0059,34.34,2030,H1,Jan-Jun
Finn Allen,New Zealand,Top Order Batter,31.25,1.0,1,204.0,-0.609,0,1,917.47,37.63,178.86,0.0,0.0,0.0,47.3334,0.9891,47.52,2030,H1,Jan-Jun
Fraser Sheat,New Zealand,Pace Bowler,28.25,1.0,1,69.0,1.0563,1,0,67.22,15.16,121.61,30.58,8.05,0.0,43.2216,0.7282,43.24,2030,H1,Jan-Jun
Glenn Phillips,New Zealand,Batting All-Rounder,34.25,1.0,1,244.0,-1.0925,0,1,801.75,31.28,152.64,17.7,9.25,0.0,49.4158,0.5698,49.48,2030,H1,Jan-Jun
Henry Nicholls,New Zealand,Top Order Batter,39.25,0.0,0,92.0,-0.8467,0,1,27.53,15.49,104.86,0.0,0.0,0.0,24.3067,0.0171,25.01,2030,H1,Jan-Jun
Ish Sodhi,New Zealand,Spin Bowler,37.25,0.0,0,190.0,-2.8392,0,1,3.73,8.63,82.83,3.07,9.33,0.0,20.0775,0.0106,20.47,2030,H1,Jan-Jun
Jacob Cumming,New Zealand,Top Order Batter,28.25,1.0,1,65.0,1.6302,1,0,495.87,34.92,150.84,0.0,0.0,0.0,40.1198,0.7849,40.2,2030,H1,Jan-Jun
Jacob Duffy,New Zealand,Pace Bowler,35.25,0.95,1,110.0,0.6264,1,0,57.09,13.48,109.93,40.93,9.51,0.0,45.3163,0.5755,44.88,2030,H1,Jan-Jun
Jayden Lennox,New Zealand,Pace Bowler,28.25,1.0,1,55.0,1.422,1,0,48.91,15.27,125.06,28.66,7.81,0.0,42.9601,0.6434,43.04,2030,H1,Jan-Jun
Jesse Tashkoff,New Zealand,Batting All-Rounder,31.25,1.0,1,73.0,1.9317,1,0,502.92,32.1,143.84,21.61,8.99,0.0,49.1691,0.5127,49.12,2030,H1,Jan-Jun
Jimmy Neesham,New Zealand,Bowling All-Rounder,39.25,0.125,1,229.0,-1.7576,0,1,111.15,21.92,130.91,6.54,10.11,0.0,35.014,0.0016,34.92,2030,H1,Jan-Jun
Josh Clarkson,New Zealand,Batting All-Rounder,33.25,1.0,1,99.0,1.7479,1,0,644.62,32.21,143.37,20.94,9.14,0.0,49.1469,0.5161,49.12,2030,H1,Jan-Jun
Katene Clarke,New Zealand,Middle Order Batter,29.25,1.0,1,71.0,1.3911,1,0,524.41,35.91,160.15,0.0,0.0,0.0,42.2407,0.7896,42.31,2030,H1,Jan-Jun
Kristian Clarke,New Zealand,Bowling All-Rounder,28.25,1.0,1,65.0,2.0148,1,0,478.05,34.18,160.66,25.08,7.88,0.0,54.7956,0.0199,54.67,2030,H1,Jan-Jun
Kyle Jamieson,New Zealand,Pace Bowler,35.25,0.875,1,123.0,-0.7898,0,1,53.06,10.97,112.09,23.94,9.8,0.0,36.5653,0.0531,35.61,2030,H1,Jan-Jun
Lachlan Stackpole,New Zealand,Middle Order Batter,27.25,1.0,1,56.0,1.5963,1,0,348.08,34.4,156.51,0.0,0.0,0.0,40.6188,0.7929,40.66,2030,H1,Jan-Jun
Lockie Ferguson,New Zealand,Pace Bowler,39.25,0.0,0,137.0,-1.4912,0,1,8.44,11.57,108.1,6.21,10.56,0.0,27.0856,0.0359,27.67,2030,H1,Jan-Jun
Mark Chapman,New Zealand,Middle Order Batter,35.25,0.9583,1,175.3333,-0.1849,0,0,563.97,29.32,134.74,11.35,9.72,0.0,41.638,0.5228,41.32,2030,H1,Jan-Jun
Matt Bacon,New Zealand,Pace Bowler,35.25,0.9375,1,74.5,0.496,0,0,38.1,8.67,98.13,22.54,10.28,0.0,32.4603,0.0422,32.08,2030,H1,Jan-Jun
Matt Henry,New Zealand,Pace Bowler,38.25,0.0,0,151.0,-1.2099,0,1,8.84,8.69,93.84,6.73,11.14,0.0,23.7284,0.0127,23.62,2030,H1,Jan-Jun
Matthew Boyle,New Zealand,Top Order Batter,28.25,1.0,1,63.0,1.8639,1,0,448.9,38.82,162.0,0.0,0.0,0.0,43.2714,0.9023,43.27,2030,H1,Jan-Jun
Matthew Fisher,New Zealand,Pace Bowler,29.25,1.0,1,58.0,1.1706,1,0,44.22,12.42,120.25,29.43,7.95,0.0,41.5236,0.6173,41.5,2030,H1,Jan-Jun
Max Chu,New Zealand,Wicketkeeper,31.25,1.0,1,65.0,1.7809,1,0,443.31,38.16,159.24,0.0,0.0,0.0,42.5383,0.654,42.59,2030,H1,Jan-Jun
Michael Bracewell,New Zealand,Batting All-Rounder,39.25,0.0,0,130.0,0.2842,0,0,159.84,30.47,132.94,7.01,9.75,0.0,38.4212,0.0089,38.06,2030,H1,Jan-Jun
Michael Rae,New Zealand,Pace Bowler,35.25,0.9583,1,78.3333,0.3883,0,0,34.49,11.03,106.02,23.23,9.47,0.0,35.0981,0.0424,34.85,2030,H1,Jan-Jun
Mitchell Hay,New Zealand,Wicketkeeper,34.25,1.0,1,96.0,1.6301,1,0,602.34,34.96,139.3,0.0,0.0,0.0,38.2642,0.1661,38.35,2030,H1,Jan-Jun
Mitchell Santner,New Zealand,Spin Bowler,38.25,0.0,0,235.0,-1.1739,0,1,120.84,25.94,118.12,8.69,8.7,0.0,35.1499,0.0586,34.93,2030,H1,Jan-Jun
Muhammad Abbas,New Zealand,Middle Order Batter,29.25,1.0,1,46.0,0.4289,0,0,48.89,14.66,123.4,0.0,0.0,0.0,27.5768,0.0814,28.54,2030,H1,Jan-Jun
Nathan Smith,New Zealand,Pace Bowler,31.25,1.0,1,104.0,1.0242,1,0,212.3,27.2,145.97,33.78,8.66,0.0,53.3049,0.927,53.07,2030,H1,Jan-Jun
Nicholas Kelly,New Zealand,Top Order Batter,34.25,1.0,1,78.0,1.5429,1,0,538.27,30.45,138.98,0.0,0.0,0.0,36.6505,0.615,36.8,2030,H1,Jan-Jun
Rachin Ravindra,New Zealand,Batting All-Rounder,30.25,1.0,1,125.0,1.1799,1,0,903.45,39.54,157.58,24.08,8.63,0.0,56.377,0.8846,56.35,2030,H1,Jan-Jun
Rhys Mariu,New Zealand,Middle Order Batter,28.25,1.0,1,77.0,1.561,1,0,550.76,34.84,150.15,0.0,0.0,0.0,40.1156,0.7824,40.2,2030,H1,Jan-Jun
Rohit Gulati,New Zealand,Middle Order Batter,28.25,1.0,1,54.0,1.37,1,0,285.23,31.99,153.01,0.0,0.0,0.0,39.0563,0.7191,39.17,2030,H1,Jan-Jun
Simon Johnston,New Zealand,Top Order Batter,27.25,1.0,1,58.0,1.7344,1,0,327.4,39.11,157.98,0.0,0.0,0.0,42.2782,0.8579,42.35,2030,H1,Jan-Jun
Simon Keene,New Zealand,Pace Bowler,28.25,1.0,1,58.0,1.3555,1,0,60.74,17.73,118.79,26.37,8.18,0.0,41.3713,0.5969,41.34,2030,H1,Jan-Jun
Tim Pringle,New Zealand,Spin Bowler,26.25,1.0,1,73.0,2.0348,1,0,413.15,37.56,170.49,32.08,7.58,0.0,60.9922,0.975,59.7,2030,H1,Jan-Jun
Tim Robinson,New Zealand,Middle Order Batter,27.25,1.0,1,88.0,1.8791,1,0,864.17,42.5,168.95,0.0,0.0,0.0,46.8256,0.9325,46.83,2030,H1,Jan-Jun
Tim Seifert,New Zealand,Wicketkeeper,35.25,0.9167,1,220.6667,-0.0866,0,0,720.77,31.82,133.49,0.0,0.0,0.0,36.5395,0.0638,36.4,2030,H1,Jan-Jun
Tim Southee,New Zealand,Pace Bowler,41.25,0.0,0,220.0,-3.6596,0,1,0.0,2.75,89.69,0.0,12.12,0.0,17.7123,0.0051,18.26,2030,H1,Jan-Jun
Tom Blundell,New Zealand,Wicketkeeper,39.25,0.3929,1,85.1429,-0.1062,0,0,106.43,18.96,101.58,0.0,0.0,0.0,24.9696,0.0042,25.54,2030,H1,Jan-Jun
Tom Latham,New Zealand,Wicketkeeper,38.25,0.5357,1,146.0,-0.706,0,1,128.0,20.49,107.38,0.0,0.0,0.0,26.5805,0.005,27.64,2030,H1,Jan-Jun
Trent Boult,New Zealand,Pace Bowler,41.25,0.0,0,168.0,-3.7224,0,1,0.09,5.44,88.82,0.0,12.37,0.0,18.3503,0.0044,18.87,2030,H1,Jan-Jun
Will ORourke,New Zealand,Pace Bowler,29.25,1.0,1,86.0,1.0569,1,0,79.7,18.03,122.61,39.55,8.45,0.0,48.6412,0.8753,48.45,2030,H1,Jan-Jun
Will Young,New Zealand,Top Order Batter,38.25,0.4583,1,128.3333,0.3727,0,0,261.21,26.69,112.5,0.0,0.0,0.0,29.7966,0.0283,30.19,2030,H1,Jan-Jun
Zak Foulkes,New Zealand,Bowling All-Rounder,28.25,1.0,1,80.0,2.7363,1,0,615.35,44.31,171.16,33.59,7.75,0.0,64.4339,0.0259,66.76,2030,H1,Jan-Jun
Zak Gibson,New Zealand,Pace Bowler,28.25,1.0,1,52.0,1.4501,1,0,49.81,15.55,127.75,28.12,7.76,0.0,43.2974,0.7028,43.24,2030,H1,Jan-Jun
Aamir Jamal,Pakistan,Bowling All-Rounder,34.25,1.0,1,112.0,-1.391,0,1,78.84,20.71,116.34,4.14,10.32,0.0,30.6278,0.0028,31.12,2030,H1,Jan-Jun
Abbas Afridi,Pakistan,Pace Bowler,29.25,1.0,1,106.0,-1.7444,0,1,29.76,11.17,145.61,11.48,7.96,0.0,37.0358,0.3681,37.06,2030,H1,Jan-Jun
Abdul Faseeh,Pakistan,Top Order Batter,27.25,1.0,1,38.0,-0.0047,0,0,9.52,10.07,129.32,0.0,0.0,0.0,27.1724,0.2734,28.2,2030,H1,Jan-Jun
Abdul Faseeh Jr,Pakistan,Top Order Batter,27.25,1.0,1,39.0,1.0261,1,0,71.09,17.58,158.97,0.0,0.0,0.0,35.1801,0.2466,35.42,2030,H1,Jan-Jun
Abdul Samad,Pakistan,Middle Order Batter,28.25,1.0,1,116.0,-0.621,0,1,487.07,35.6,158.69,0.0,0.0,0.0,41.7714,0.8123,41.76,2030,H1,Jan-Jun
Abdullah Fazal,Pakistan,Middle Order Batter,31.25,1.0,1,72.0,0.4397,0,0,253.38,32.79,129.65,0.0,0.0,0.0,34.8474,0.6147,35.02,2030,H1,Jan-Jun
Abdullah Shafique,Pakistan,Top Order Batter,30.25,1.0,1,146.0,-2.3273,0,1,425.25,38.89,140.94,0.0,0.0,0.0,39.2914,0.6836,39.39,2030,H1,Jan-Jun
Abrar Ahmed,Pakistan,Spin Bowler,31.25,1.0,1,126.0,-5.5395,0,1,69.7,16.39,120.18,8.66,8.1,0.0,32.5747,0.4023,32.81,2030,H1,Jan-Jun
Ahmed Daniyal,Pakistan,Pace Bowler,33.25,1.0,1,88.0,-1.319,0,1,76.89,16.51,130.48,11.95,9.73,0.0,35.8913,0.091,35.94,2030,H1,Jan-Jun
Akif Javed,Pakistan,Pace Bowler,35.25,0.375,1,83.0,-2.4335,0,1,29.42,14.0,116.55,6.74,10.65,0.0,29.7149,0.009,30.28,2030,H1,Jan-Jun
Ali Raza,Pakistan,Pace Bowler,24.25,1.0,1,61.0,1.9702,1,0,155.26,25.85,176.99,37.45,7.37,0.0,60.6087,0.897,59.6,2030,H1,Jan-Jun
Ali Usman,Pakistan,Spin Bowler,39.25,0.0,0,66.0,-2.4045,0,1,15.41,12.11,113.54,3.66,8.02,0.0,27.4404,0.0265,28.18,2030,H1,Jan-Jun
Arafat Minhas,Pakistan,Bowling All-Rounder,26.25,1.0,1,80.0,0.7105,1,0,402.0,41.22,175.79,18.06,6.83,0.0,56.3906,0.0353,56.39,2030,H1,Jan-Jun
Asif Afridi,Pakistan,Spin Bowler,43.25,0.0,0,74.0,-3.7192,0,1,6.34,9.32,96.7,2.19,8.74,0.0,22.5545,0.0113,22.84,2030,H1,Jan-Jun
Awais Zafar,Pakistan,Middle Order Batter,35.25,0.9643,1,93.5714,-0.1196,0,0,218.78,29.81,127.51,0.0,0.0,0.0,33.4417,0.0743,33.72,2030,H1,Jan-Jun
Azam Khan,Pakistan,Middle Order Batter,31.25,1.0,1,139.0,-1.3978,0,1,469.86,32.6,164.37,0.0,0.0,0.0,41.8687,0.6682,41.99,2030,H1,Jan-Jun
Azan Awais,Pakistan,Top Order Batter,26.25,1.0,1,68.0,1.4657,1,0,407.25,47.53,149.64,0.0,0.0,0.0,43.512,0.8864,43.7,2030,H1,Jan-Jun
Babar Azam,Pakistan,Top Order Batter,35.25,0.7917,1,321.6667,-4.002,0,1,609.68,38.52,115.13,0.0,0.0,0.0,34.8547,0.1158,35.46,2030,H1,Jan-Jun
Faheem Ashraf,Pakistan,Bowling All-Rounder,36.25,0.25,1,162.0,-5.63,0,1,153.25,25.05,129.83,7.21,9.31,0.0,36.3274,0.0017,35.71,2030,H1,Jan-Jun
Faisal Akram,Pakistan,Spin Bowler,27.25,1.0,1,79.0,-0.8802,0,1,55.23,13.17,133.55,16.26,7.59,0.0,37.8896,0.3001,37.84,2030,H1,Jan-Jun
Fakhar Zaman,Pakistan,Top Order Batter,40.25,0.0,0,250.0,-3.7993,0,1,187.16,31.26,134.82,0.0,0.0,0.0,35.1658,0.0161,35.7,2030,H1,Jan-Jun
Ghazi Ghori,Pakistan,Wicketkeeper,26.25,1.0,1,63.0,1.5715,1,0,313.65,44.7,159.61,0.0,0.0,0.0,44.2556,0.7107,44.43,2030,H1,Jan-Jun
Haris Rauf,Pakistan,Pace Bowler,36.25,0.0,0,176.0,-5.3646,0,1,19.31,12.76,116.55,6.0,9.86,0.0,29.0465,0.0155,29.54,2030,H1,Jan-Jun
Hasan Ali,Pakistan,Pace Bowler,35.25,0.375,1,197.0,-6.3549,0,1,104.48,11.2,126.07,11.74,10.17,0.0,33.3545,0.0231,33.4,2030,H1,Jan-Jun
Haseebullah Khan,Pakistan,Wicketkeeper,26.25,1.0,1,83.0,0.7097,1,0,443.27,36.93,151.11,0.0,0.0,0.0,40.6421,0.6821,40.78,2030,H1,Jan-Jun
Hassan Nawaz,Pakistan,Middle Order Batter,26.25,1.0,1,71.0,2.7233,1,0,740.64,61.47,194.33,0.0,0.0,0.0,57.0375,0.9536,56.77,2030,H1,Jan-Jun
Hussain Talat,Pakistan,Batting All-Rounder,34.25,0.875,1,145.0,-2.7353,0,1,368.81,28.11,134.46,6.99,8.87,0.0,38.6791,0.0112,37.69,2030,H1,Jan-Jun
Iftikhar Ahmed,Pakistan,Batting All-Rounder,39.25,0.0,0,220.0,-5.7398,0,1,159.22,30.04,130.04,3.18,9.0,0.0,35.9824,0.0013,35.95,2030,H1,Jan-Jun
Imad Wasim,Pakistan,Bowling All-Rounder,41.25,0.0,0,300.0,-14.1405,0,1,0.0,19.25,116.0,0.21,8.89,0.0,28.1857,0.001,28.96,2030,H1,Jan-Jun
Imam-ul-Haq,Pakistan,Top Order Batter,34.25,0.9167,1,173.6667,-2.0171,0,1,246.82,32.54,113.64,0.0,0.0,0.0,31.7601,0.0883,32.04,2030,H1,Jan-Jun
Irfan Khan,Pakistan,Top Order Batter,28.25,1.0,1,97.0,1.185,1,0,567.72,49.38,160.5,0.0,0.0,0.0,46.5445,0.9262,46.63,2030,H1,Jan-Jun
Jahandad Khan,Pakistan,Bowling All-Rounder,27.25,1.0,1,76.0,1.3953,1,0,352.75,42.63,166.12,14.0,7.9,0.0,52.6212,0.017,52.68,2030,H1,Jan-Jun
Kamran Ghulam,Pakistan,Top Order Batter,34.25,1.0,1,125.0,0.1517,0,0,440.35,34.72,128.89,0.0,0.0,0.0,35.8042,0.2765,35.98,2030,H1,Jan-Jun
Kashif Ali,Pakistan,Pace Bowler,28.25,1.0,1,73.0,-0.4077,0,0,104.91,17.53,147.63,14.17,8.32,0.0,40.8096,0.4255,40.79,2030,H1,Jan-Jun
Khawaja Nafay,Pakistan,Wicketkeeper,28.25,1.0,1,85.0,1.7416,1,0,757.76,54.98,187.51,0.0,0.0,0.0,53.8237,0.8485,53.97,2030,H1,Jan-Jun
Khurram Shahzad,Pakistan,Pace Bowler,35.25,0.8214,1,94.7143,-1.5299,0,1,65.27,15.27,124.73,12.71,9.1,0.0,34.8742,0.0354,34.71,2030,H1,Jan-Jun
Khushdil Shah,Pakistan,Batting All-Rounder,35.25,0.7917,1,171.6667,-4.2287,0,1,461.37,32.42,146.72,9.53,8.91,0.0,43.7803,0.0219,43.48,2030,H1,Jan-Jun
Maaz Sadaqat,Pakistan,Batting All-Rounder,25.25,1.0,1,66.0,2.134,1,0,489.47,52.85,186.25,12.66,7.27,0.0,59.3733,0.9137,59.56,2030,H1,Jan-Jun
Mir Hamza,Pakistan,Pace Bowler,37.25,0.625,1,78.0,-1.4398,0,1,15.01,7.0,103.52,7.09,10.38,0.0,25.303,0.0211,25.23,2030,H1,Jan-Jun
Mohammad Abbas,Pakistan,Pace Bowler,40.25,0.125,1,53.0,-1.1655,0,1,9.63,7.08,97.51,3.02,10.44,0.0,22.1854,0.0062,22.52,2030,H1,Jan-Jun
Mohammad Ali,Pakistan,Pace Bowler,36.25,0.625,1,94.0,-1.8843,0,1,48.98,11.44,126.44,10.77,9.95,0.0,32.8997,0.0116,32.97,2030,H1,Jan-Jun
Mohammad Amir,Pakistan,Pace Bowler,38.25,0.15,1,246.8,-10.3315,0,1,0.0,6.97,98.62,0.04,10.35,0.0,20.8826,0.0039,21.35,2030,H1,Jan-Jun
Mohammad Faiq,Pakistan,Middle Order Batter,27.25,1.0,1,62.0,1.9892,1,0,343.98,42.23,168.59,0.0,0.0,0.0,45.2612,0.7075,45.37,2030,H1,Jan-Jun
Mohammad Haris,Pakistan,Wicketkeeper,29.25,1.0,1,129.0,0.4973,0,0,747.78,39.75,176.87,0.0,0.0,0.0,47.1485,0.8226,47.21,2030,H1,Jan-Jun
Mohammad Hasnain,Pakistan,Pace Bowler,30.25,1.0,1,162.0,-3.9654,0,1,51.35,10.76,134.25,19.52,8.74,0.0,38.638,0.1957,38.61,2030,H1,Jan-Jun
Mohammad Huraira,Pakistan,Middle Order Batter,28.25,1.0,1,92.0,1.4568,1,0,677.79,45.99,157.52,0.0,0.0,0.0,45.2497,0.8152,45.36,2030,H1,Jan-Jun
Mohammad Nawaz,Pakistan,Bowling All-Rounder,36.25,0.55,1,232.4,-7.9443,0,1,227.83,21.81,118.63,11.24,9.28,0.0,35.4267,0.0013,34.95,2030,H1,Jan-Jun
Mohammad Rizwan,Pakistan,Wicketkeeper,38.25,0.2917,1,249.6667,-3.8979,0,1,270.8,38.37,115.48,0.0,0.0,0.0,33.9528,0.0047,34.59,2030,H1,Jan-Jun
Mohammad Wasim,Pakistan,Pace Bowler,29.25,1.0,1,120.0,-2.8649,0,1,61.07,13.46,139.42,16.98,8.12,0.0,39.3288,0.2564,39.27,2030,H1,Jan-Jun
Mubasir Khan,Pakistan,Bowling All-Rounder,28.25,1.0,1,100.0,0.1503,0,0,358.61,34.4,150.75,14.73,8.11,0.0,47.5601,0.0047,47.5,2030,H1,Jan-Jun
Naseem Shah,Pakistan,Pace Bowler,27.25,1.0,1,136.0,-3.2703,0,1,61.61,13.98,148.02,22.13,7.16,0.0,43.846,0.6563,43.82,2030,H1,Jan-Jun
Noman Ali,Pakistan,Spin Bowler,44.25,0.0,0,45.0,-0.9245,0,1,5.53,6.22,83.13,3.14,8.11,0.0,19.653,0.014,19.98,2030,H1,Jan-Jun
Omair Yousuf,Pakistan,Top Order Batter,32.25,1.0,1,102.0,0.3171,0,0,432.95,34.4,135.23,0.0,0.0,0.0,36.8714,0.6653,37.03,2030,H1,Jan-Jun
Qasim Akram,Pakistan,Batting All-Rounder,27.25,1.0,1,107.0,0.4116,0,0,228.47,29.02,146.94,10.77,8.0,0.0,42.9285,0.3439,42.92,2030,H1,Jan-Jun
Saad Masood,Pakistan,Top Order Batter,28.25,1.0,1,63.0,2.1277,1,0,415.02,49.88,167.7,0.0,0.0,0.0,47.6282,0.9385,47.76,2030,H1,Jan-Jun
Sahibzada Farhan,Pakistan,Wicketkeeper,34.25,1.0,1,206.0,-0.6465,0,1,885.99,39.88,140.68,0.0,0.0,0.0,40.7985,0.2977,40.88,2030,H1,Jan-Jun
Saim Ayub,Pakistan,Batting All-Rounder,28.25,1.0,1,137.0,-1.6086,0,1,806.02,39.2,158.65,13.92,8.07,0.0,51.3328,0.7187,51.27,2030,H1,Jan-Jun
Sajid Khan,Pakistan,Spin Bowler,37.25,0.1875,1,78.0,-2.5628,0,1,20.14,10.76,107.98,6.21,8.33,0.0,27.1891,0.0664,27.76,2030,H1,Jan-Jun
Salman Ali Agha,Pakistan,Batting All-Rounder,36.25,0.55,1,172.4,-5.2223,0,1,584.37,34.05,124.63,6.27,9.07,0.0,38.858,0.0062,38.55,2030,H1,Jan-Jun
Salman Mirza,Pakistan,Pace Bowler,33.25,1.0,1,77.0,-0.3366,0,0,81.63,13.14,141.67,16.57,8.95,0.0,39.3522,0.1954,39.27,2030,H1,Jan-Jun
Sarfaraz Ahmed,Pakistan,Wicketkeeper,43.25,0.0,0,270.0,-3.4778,0,1,0.0,14.72,107.35,0.0,0.0,0.0,24.4618,0.0052,25.08,2030,H1,Jan-Jun
Saud Shakeel,Pakistan,Top Order Batter,35.25,0.9167,1,124.6667,0.0249,0,0,433.21,34.15,128.48,0.0,0.0,0.0,35.5337,0.1181,35.33,2030,H1,Jan-Jun
Shadab Khan,Pakistan,Bowling All-Rounder,32.25,1.0,1,254.0,-9.2801,0,1,547.45,29.22,146.57,20.87,8.11,0.0,48.7193,0.0092,48.59,2030,H1,Jan-Jun
Shaheen Afridi,Pakistan,Pace Bowler,30.25,1.0,1,209.0,-6.3658,0,1,62.38,13.33,135.56,31.38,7.52,0.0,45.7671,0.8501,45.73,2030,H1,Jan-Jun
Shahzaib Khan,Pakistan,Top Order Batter,28.25,1.0,1,66.0,1.912,1,0,339.88,43.23,165.94,0.0,0.0,0.0,45.0606,0.8627,45.2,2030,H1,Jan-Jun
Shamyl Hussain,Pakistan,Middle Order Batter,25.25,1.0,1,65.0,2.6612,1,0,513.31,54.98,184.24,0.0,0.0,0.0,52.5477,0.9205,52.31,2030,H1,Jan-Jun
Shan Masood,Pakistan,Top Order Batter,40.25,0.0,0,111.0,-1.0017,0,1,79.89,24.01,116.45,0.0,0.0,0.0,29.2221,0.0109,29.77,2030,H1,Jan-Jun
Sufiyan Muqeem,Pakistan,Spin Bowler,29.25,1.0,1,88.0,-0.0545,0,0,132.57,21.63,173.43,33.55,6.4,0.0,56.9549,0.9158,56.79,2030,H1,Jan-Jun
Tayyab Tahir,Pakistan,Top Order Batter,36.25,0.75,1,134.2,0.0052,0,0,466.66,32.98,129.3,0.17,9.39,0.0,36.0407,0.0188,36.03,2030,H1,Jan-Jun
Ubaid Shah,Pakistan,Pace Bowler,25.25,1.0,1,68.0,0.4997,0,0,109.27,15.92,171.19,27.17,7.2,0.0,51.3623,0.8929,51.24,2030,H1,Jan-Jun
Usama Mir,Pakistan,Spin Bowler,34.25,0.9375,1,113.5,-2.3497,0,1,104.6,17.7,123.12,14.78,8.71,0.0,36.5053,0.1967,35.96,2030,H1,Jan-Jun
Usman Khan,Pakistan,Wicketkeeper,34.25,1.0,1,159.0,-1.0472,0,1,539.66,34.18,148.89,0.0,0.0,0.0,39.6479,0.2194,39.73,2030,H1,Jan-Jun
Usman Tariq,Pakistan,Spin Bowler,31.25,1.0,1,80.0,0.3567,0,0,113.38,18.2,147.72,28.38,7.45,0.0,48.2141,0.923,48.17,2030,H1,Jan-Jun
Yasir Khan,Pakistan,Middle Order Batter,27.25,1.0,1,72.0,1.9169,1,0,518.06,51.16,184.37,0.0,0.0,0.0,51.4163,0.8774,51.31,2030,H1,Jan-Jun
Zahid Mahmood,Pakistan,Pace Bowler,42.25,0.0,0,69.0,-2.0237,0,1,9.36,8.55,98.33,2.55,12.36,0.0,22.3564,0.0034,22.56,2030,H1,Jan-Jun
Zaman Khan,Pakistan,Pace Bowler,28.25,1.0,1,105.0,-1.551,0,1,87.8,15.0,152.47,24.82,8.08,0.0,46.1661,0.4347,46.19,2030,H1,Jan-Jun
Aiden Markram,South Africa,Top Order Batter,35.25,0.5833,1,209.3333,-4.6359,0,1,456.76,35.91,137.8,7.38,8.48,0.0,42.19,0.0326,42.35,2030,H1,Jan-Jun
Alfred Mothoa,South Africa,Pace Bowler,28.25,1.0,1,61.0,1.813,1,0,109.06,17.22,166.8,29.73,7.4,0.0,52.1439,0.6676,51.85,2030,H1,Jan-Jun
Andile Phehlukwayo,South Africa,Bowling All-Rounder,34.25,0.9583,1,197.3333,-5.8101,0,1,289.82,24.63,140.62,16.77,8.86,0.0,43.3504,0.0046,42.55,2030,H1,Jan-Jun
Andile Simelane,South Africa,Bowling All-Rounder,26.25,1.0,1,77.0,0.5069,1,0,258.18,32.26,180.16,17.3,7.42,0.0,53.5457,0.032,53.54,2030,H1,Jan-Jun
Anrich Nortje,South Africa,Pace Bowler,36.25,0.55,1,133.4,-3.3832,0,1,19.0,10.5,112.29,13.37,10.04,0.0,31.1486,0.0086,31.32,2030,H1,Jan-Jun
Beyers Swanepoel,South Africa,Pace Bowler,29.25,1.0,1,73.0,1.1181,1,0,137.88,18.43,157.6,29.47,8.09,0.0,50.5895,0.6041,50.54,2030,H1,Jan-Jun
Bjorn Fortuin,South Africa,Spin Bowler,35.25,0.6875,1,135.0,-3.8407,0,1,46.91,11.28,117.83,15.16,8.2,0.0,33.6783,0.0426,33.59,2030,H1,Jan-Jun
Clyde Fortuin,South Africa,Wicketkeeper,34.25,1.0,1,121.0,-0.143,0,0,271.08,27.94,128.49,0.0,0.0,0.0,33.195,0.0374,33.48,2030,H1,Jan-Jun
Codi Yusuf,South Africa,Pace Bowler,28.25,1.0,1,70.0,0.9504,1,0,81.09,14.07,148.66,25.5,8.16,0.0,45.4683,0.4196,45.38,2030,H1,Jan-Jun
Connor Esterhuizen,South Africa,Wicketkeeper,25.25,1.0,1,62.0,4.7417,1,0,704.14,56.46,198.33,0.0,0.0,0.0,56.1534,0.5851,56.04,2030,H1,Jan-Jun
Corbin Bosch,South Africa,Bowling All-Rounder,35.25,0.9643,1,130.5714,-0.3171,0,0,695.59,39.17,152.68,18.06,8.79,0.0,51.8011,0.004,50.37,2030,H1,Jan-Jun
Dane Paterson,South Africa,Pace Bowler,39.25,0.0,0,98.0,-3.2199,0,1,7.85,7.55,107.85,4.53,10.25,0.0,25.022,0.0111,25.2,2030,H1,Jan-Jun
Dane Piedt,South Africa,Spin Bowler,40.25,0.0,0,72.0,-2.2129,0,1,11.48,9.4,112.2,4.85,8.37,0.0,26.8636,0.0963,27.59,2030,H1,Jan-Jun
Daniel Smith,South Africa,Wicketkeeper,29.25,1.0,1,79.0,3.2974,1,0,661.56,58.9,196.02,0.0,0.0,0.0,56.3522,0.2822,56.49,2030,H1,Jan-Jun
David Bedingham,South Africa,Middle Order Batter,36.25,0.8438,1,103.5,0.8091,1,0,419.22,37.55,141.41,0.0,0.0,0.0,38.953,0.2813,39.07,2030,H1,Jan-Jun
David Miller,South Africa,Middle Order Batter,41.25,0.0,0,275.0,-5.4725,0,1,33.86,32.01,141.51,0.0,0.0,0.0,36.2291,0.0273,36.38,2030,H1,Jan-Jun
Dayyaan Galiem,South Africa,Bowling All-Rounder,32.25,1.0,1,89.0,-0.3724,0,0,282.11,27.31,140.16,11.5,8.81,0.0,41.4868,0.005,41.49,2030,H1,Jan-Jun
Delano Potgieter,South Africa,Bowling All-Rounder,33.25,1.0,1,92.0,0.8641,1,0,419.13,34.89,155.68,20.41,8.88,0.0,51.4381,0.0078,51.27,2030,H1,Jan-Jun
Dewald Brevis,South Africa,Middle Order Batter,27.25,1.0,1,139.0,3.1095,1,0,1569.87,53.12,179.01,11.21,8.63,0.0,60.0366,0.9003,59.6,2030,H1,Jan-Jun
Dian Forrester,South Africa,Batting All-Rounder,30.25,1.0,1,65.0,4.222,1,0,981.39,50.56,165.26,13.27,7.63,0.0,56.2981,0.8546,56.38,2030,H1,Jan-Jun
Donovan Ferreira,South Africa,Batting All-Rounder,32.25,1.0,1,127.0,-0.8932,0,1,661.65,39.23,171.84,13.03,8.47,0.0,52.8997,0.5807,52.67,2030,H1,Jan-Jun
Eathan Bosch,South Africa,Pace Bowler,32.25,1.0,1,110.0,-2.1321,0,1,60.61,11.57,135.34,17.69,8.97,0.0,38.1775,0.1393,38.18,2030,H1,Jan-Jun
Gavin Kaplan,South Africa,Middle Order Batter,27.25,1.0,1,68.0,4.2073,1,0,748.33,59.02,196.04,0.0,0.0,0.0,56.6286,0.9017,56.41,2030,H1,Jan-Jun
George Linde,South Africa,Bowling All-Rounder,38.25,0.0,0,127.0,-4.6307,0,1,79.16,24.35,133.15,6.72,8.14,0.0,36.5003,0.0024,35.96,2030,H1,Jan-Jun
Gerald Coetzee,South Africa,Pace Bowler,29.25,1.0,1,116.0,-1.4403,0,1,55.02,12.95,146.16,30.84,8.2,0.0,47.1988,0.445,47.04,2030,H1,Jan-Jun
Gideon Peters,South Africa,Pace Bowler,28.25,1.0,1,68.0,1.223,1,0,101.54,14.49,152.24,27.29,8.3,0.0,47.1718,0.3857,47.04,2030,H1,Jan-Jun
Heinrich Klaasen,South Africa,Wicketkeeper,39.25,0.0,0,225.0,-3.319,0,1,173.28,39.71,157.43,0.0,0.0,0.0,41.9399,0.0199,42.35,2030,H1,Jan-Jun
Jason Smith,South Africa,Batting All-Rounder,35.25,0.95,1,110.0,0.5575,1,0,423.52,37.28,138.02,11.7,9.72,0.0,44.476,0.1309,43.86,2030,H1,Jan-Jun
Jordan Hermann,South Africa,Top Order Batter,28.25,1.0,1,77.0,4.3332,1,0,822.87,59.12,191.69,0.0,0.0,0.0,56.0487,0.9553,55.97,2030,H1,Jan-Jun
Junaid Dawood,South Africa,Spin Bowler,28.25,1.0,1,63.0,1.4422,1,0,106.57,17.62,167.73,28.68,7.08,0.0,52.0007,0.9143,51.87,2030,H1,Jan-Jun
Junior Dala,South Africa,Pace Bowler,40.25,0.0,0,95.0,-3.7511,0,1,8.78,9.78,118.43,2.99,10.72,0.0,26.8715,0.0112,27.85,2030,H1,Jan-Jun
Kagiso Rabada,South Africa,Pace Bowler,35.25,0.75,1,220.2,-6.8845,0,1,38.97,10.38,126.42,23.78,8.92,0.0,39.0828,0.032,38.0,2030,H1,Jan-Jun
Keshav Maharaj,South Africa,Spin Bowler,40.25,0.0,0,152.0,-5.6275,0,1,32.23,15.66,111.67,6.02,8.53,0.0,29.2796,0.0285,29.64,2030,H1,Jan-Jun
Kwena Maphaka,South Africa,Pace Bowler,24.25,1.0,1,88.0,0.5585,1,0,163.29,23.8,183.35,36.36,7.07,0.0,60.7354,0.935,59.6,2030,H1,Jan-Jun
Kyle Simmonds,South Africa,Spin Bowler,31.25,1.0,1,82.0,0.0644,0,0,130.3,17.62,153.7,30.41,6.95,0.0,50.3266,0.8926,50.29,2030,H1,Jan-Jun
Kyle Verreynne,South Africa,Wicketkeeper,32.25,1.0,1,119.0,0.2038,0,0,388.24,37.62,138.87,0.0,0.0,0.0,38.4153,0.1129,38.53,2030,H1,Jan-Jun
Lesego Senokwane,South Africa,Top Order Batter,31.25,1.0,1,82.0,1.9391,1,0,475.69,45.7,168.44,0.0,0.0,0.0,46.6528,0.8549,46.74,2030,H1,Jan-Jun
Lesiba Ngoepe,South Africa,Top Order Batter,34.25,1.0,1,82.0,1.363,1,0,310.41,31.18,133.81,0.0,0.0,0.0,35.2877,0.2397,35.51,2030,H1,Jan-Jun
Lhuan-dre Pretorius,South Africa,Wicketkeeper,24.25,1.0,1,81.0,5.6486,1,0,1428.49,60.62,222.29,0.0,0.0,0.0,63.8749,0.9024,67.11,2030,H1,Jan-Jun
Lizaad Williams,South Africa,Pace Bowler,36.25,0.55,1,109.4,-2.386,0,1,23.17,8.81,112.34,11.79,10.25,0.0,29.8497,0.008,29.88,2030,H1,Jan-Jun
Lungi Ngidi,South Africa,Pace Bowler,34.25,0.95,1,169.0,-3.4826,0,1,59.57,13.18,125.98,29.25,9.13,0.0,42.5615,0.2975,42.23,2030,H1,Jan-Jun
Lutho Sipamla,South Africa,Pace Bowler,32.25,1.0,1,113.0,-1.9532,0,1,47.1,13.11,139.22,17.58,8.5,0.0,39.3664,0.1977,39.27,2030,H1,Jan-Jun
Marco Jansen,South Africa,Bowling All-Rounder,30.25,1.0,1,166.0,-4.419,0,1,398.09,35.19,159.52,24.82,7.89,0.0,54.5444,0.0085,54.31,2030,H1,Jan-Jun
Matthew Boast,South Africa,Pace Bowler,29.25,1.0,1,65.0,1.1296,1,0,93.32,14.56,146.03,24.29,8.32,0.0,44.5345,0.3962,44.52,2030,H1,Jan-Jun
Matthew Breetzke,South Africa,Top Order Batter,31.25,1.0,1,136.0,1.4141,1,0,792.52,46.87,170.96,0.0,0.0,0.0,48.3434,0.9351,48.36,2030,H1,Jan-Jun
Meeka-eel Prince,South Africa,Wicketkeeper,25.25,1.0,1,72.0,3.4728,1,0,552.19,59.67,200.76,0.0,0.0,0.0,57.1765,0.3663,56.87,2030,H1,Jan-Jun
Mihlali Mpongwana,South Africa,Pace Bowler,30.25,1.0,1,86.0,-0.2137,0,0,64.5,13.35,144.51,25.66,8.44,0.0,44.4508,0.4528,44.52,2030,H1,Jan-Jun
Nandre Burger,South Africa,Pace Bowler,35.25,0.9167,1,93.6667,-0.4825,0,0,47.84,13.93,137.12,23.77,9.03,0.0,42.1699,0.1606,41.43,2030,H1,Jan-Jun
Nqaba Peter,South Africa,Spin Bowler,29.25,1.0,1,85.0,0.7718,1,0,131.22,20.49,160.69,35.32,7.28,0.0,54.8343,0.9654,54.64,2030,H1,Jan-Jun
Nqobani Mokoena,South Africa,Pace Bowler,24.25,1.0,1,63.0,5.4474,1,0,302.88,31.32,170.55,56.59,7.6,0.0,70.8128,0.8913,69.45,2030,H1,Jan-Jun
Ottneil Baartman,South Africa,Pace Bowler,37.25,0.35,1,84.6,-1.7211,0,1,21.86,10.4,122.8,10.87,9.56,0.0,31.9317,0.0267,32.12,2030,H1,Jan-Jun
Patrick Kruger,South Africa,Bowling All-Rounder,34.25,1.0,1,102.0,-0.0171,0,0,337.62,32.61,145.02,17.56,9.1,0.0,47.0914,0.0023,47.17,2030,H1,Jan-Jun
Prenelan Subrayen,South Africa,Spin Bowler,36.25,0.7917,1,97.6667,-1.4844,0,1,126.67,20.87,128.72,23.17,7.68,0.0,42.9052,0.3001,41.9,2030,H1,Jan-Jun
Quinton de Kock,South Africa,Wicketkeeper,37.25,0.0,0,250.0,-4.7413,0,1,4.63,32.77,142.35,0.0,0.0,0.0,36.5391,0.0099,36.82,2030,H1,Jan-Jun
Rassie van der Dussen,South Africa,Middle Order Batter,41.25,0.0,0,190.0,-3.4925,0,1,83.73,35.33,118.98,0.0,0.0,0.0,33.1684,0.0156,34.07,2030,H1,Jan-Jun
Reeza Hendricks,South Africa,Top Order Batter,41.25,0.0,0,184.0,-3.3506,0,1,74.02,27.38,129.49,0.0,0.0,0.0,32.6748,0.0215,33.25,2030,H1,Jan-Jun
Rubin Hermann,South Africa,Wicketkeeper,30.25,1.0,1,95.0,2.9463,1,0,886.53,57.14,175.75,0.0,0.0,0.0,52.6362,0.4556,52.77,2030,H1,Jan-Jun
Ryan Rickelton,South Africa,Wicketkeeper,34.25,1.0,1,155.0,-0.1004,0,0,750.5,46.4,159.9,0.0,0.0,0.0,46.0177,0.4088,46.13,2030,H1,Jan-Jun
Senuran Muthusamy,South Africa,Bowling All-Rounder,35.25,0.875,1,120.0,-1.1974,0,1,307.73,30.83,142.05,17.75,8.44,0.0,46.1195,0.0039,44.67,2030,H1,Jan-Jun
Shaun von Berg,South Africa,Spin Bowler,43.25,0.0,0,87.0,-2.6026,0,1,13.47,14.72,113.82,5.83,7.89,0.0,29.3781,0.0931,29.78,2030,H1,Jan-Jun
Simon Harmer,South Africa,Spin Bowler,41.25,0.0,0,108.0,-3.8085,0,1,35.62,15.25,120.83,7.5,7.6,0.0,31.7953,0.0927,32.0,2030,H1,Jan-Jun
Sinethemba Qeshile,South Africa,Wicketkeeper,30.25,1.0,1,101.0,0.9855,1,0,481.44,42.07,164.29,0.0,0.0,0.0,44.7822,0.6295,44.89,2030,H1,Jan-Jun
Tabraiz Shamsi,South Africa,Spin Bowler,40.25,0.0,0,184.0,-6.4223,0,1,21.33,12.21,111.85,9.01,8.25,0.0,29.7486,0.0611,29.93,2030,H1,Jan-Jun
Temba Bavuma,South Africa,Top Order Batter,40.25,0.0,0,103.0,-0.8742,0,1,49.09,26.14,119.58,0.0,0.0,0.0,30.3751,0.0125,30.96,2030,H1,Jan-Jun
Tony de Zorzi,South Africa,Top Order Batter,33.25,1.0,1,110.0,0.6683,1,0,402.09,36.64,152.27,0.0,0.0,0.0,40.6583,0.6674,40.78,2030,H1,Jan-Jun
Tristan Stubbs,South Africa,Middle Order Batter,29.25,1.0,1,139.0,2.0421,1,0,1126.05,59.63,188.71,9.66,8.34,0.0,61.9286,0.8193,61.97,2030,H1,Jan-Jun
Tshepo Moreki,South Africa,Pace Bowler,35.25,0.9583,1,93.3333,-1.016,0,1,58.95,11.12,121.47,17.57,10.08,0.0,35.2179,0.0236,35.2,2030,H1,Jan-Jun
Wiaan Mulder,South Africa,Batting All-Rounder,32.25,1.0,1,150.0,-1.8822,0,1,549.89,37.66,150.64,18.77,8.39,0.0,50.9831,0.5546,51.03,2030,H1,Jan-Jun
A Dananjaya,Sri Lanka,Spin Bowler,31.25,1.0,1,89.0,0.2211,0,0,126.34,6.55,83.44,23.6,9.56,0.0,29.9243,0.2171,29.91,2030,H1,Jan-Jun
Ahan Wickramasinghe,Sri Lanka,Middle Order Batter,28.25,1.0,1,75.0,0.4929,0,0,191.7,25.19,154.24,0.0,0.0,0.0,36.9518,0.7459,37.1,2030,H1,Jan-Jun
Ashian Daniel,Sri Lanka,Spin Bowler,29.25,1.0,1,83.0,-1.5075,0,1,3.83,3.23,140.76,4.97,9.34,0.0,30.186,0.5349,30.48,2030,H1,Jan-Jun
Asitha Fernando,Sri Lanka,Pace Bowler,34.25,1.0,1,83.0,0.1024,0,0,62.08,8.33,47.58,22.95,10.45,0.0,23.1512,0.0326,22.55,2030,H1,Jan-Jun
Avishka Fernando,Sri Lanka,Top Order Batter,32.25,1.0,1,74.0,0.4543,0,0,156.09,17.94,138.96,0.0,0.0,0.0,31.7806,0.3426,32.27,2030,H1,Jan-Jun
Bhanuka Rajapaksa,Sri Lanka,Middle Order Batter,38.25,0.4583,1,59.3333,-0.3592,0,0,171.48,20.17,104.43,0.0,0.0,0.0,26.0494,0.0115,26.75,2030,H1,Jan-Jun
Binura Fernando,Sri Lanka,Pace Bowler,35.25,0.95,1,81.0,-0.0578,0,0,156.97,12.12,49.84,21.62,12.22,0.0,24.1518,0.0409,23.65,2030,H1,Jan-Jun
Chamika Karunaratne,Sri Lanka,Bowling All-Rounder,34.25,0.875,1,97.0,-3.4557,0,1,160.53,4.46,111.32,12.0,10.95,0.0,28.7207,0.0056,28.74,2030,H1,Jan-Jun
Chamindu Wickramasinghe,Sri Lanka,Bowling All-Rounder,28.25,1.0,1,60.0,-0.0012,0,0,123.95,10.34,170.9,6.84,7.31,0.0,39.6405,0.9113,39.72,2030,H1,Jan-Jun
Chamindu Wijesinghe,Sri Lanka,Batting All-Rounder,28.25,1.0,1,67.0,-0.5596,0,1,57.38,18.09,133.16,4.49,6.31,0.0,33.9147,0.0456,34.03,2030,H1,Jan-Jun
Wanuja Sahan,Sri Lanka,Middle Order Batter,33.25,1.0,1,102.0,-0.6559,0,1,591.38,38.08,147.67,0.0,0.0,0.0,40.7535,0.8863,40.84,2030,H1,Jan-Jun
Dasun Shanaka,Sri Lanka,Batting All-Rounder,39.25,0.3929,1,53.1429,-0.6268,0,1,498.51,4.59,95.49,5.17,12.25,0.0,23.2392,0.0026,23.09,2030,H1,Jan-Jun
Dhananjaya Lakshan,Sri Lanka,Bowling All-Rounder,32.25,1.0,1,97.0,-2.4328,0,1,99.35,25.92,106.69,15.29,10.61,0.0,35.9069,0.0063,35.92,2030,H1,Jan-Jun
Dhananjaya de Silva,Sri Lanka,Batting All-Rounder,39.25,0.2917,1,54.6667,-1.1941,0,1,181.73,13.16,107.21,3.65,8.06,0.0,27.0173,0.0015,27.71,2030,H1,Jan-Jun
Dilshan Madushanka,Sri Lanka,Pace Bowler,29.25,1.0,1,97.0,-0.6967,0,1,97.13,0.0,107.36,24.8,7.82,0.0,33.2155,0.4825,32.89,2030,H1,Jan-Jun
Sachindu Colombage,Sri Lanka,Spin Bowler,29.25,1.0,1,90.0,1.328,1,0,29.87,2.31,136.12,18.51,5.52,0.0,36.7491,0.9436,36.79,2030,H1,Jan-Jun
Dinesh Chandimal,Sri Lanka,Wicketkeeper,40.25,0.25,1,65.2857,1.1167,1,0,286.24,26.28,125.16,0.0,0.0,0.0,32.1059,0.0111,32.63,2030,H1,Jan-Jun
Dulaj Samuditha,Sri Lanka,Bowling All-Rounder,28.25,1.0,1,66.0,-0.9467,0,1,58.51,24.32,101.96,2.02,6.95,0.0,28.5825,0.0019,29.11,2030,H1,Jan-Jun
Dulnith Sigera,Sri Lanka,Batting All-Rounder,23.25,1.0,1,66.0,-1.5247,0,1,69.89,19.02,143.87,2.97,8.78,0.0,34.8884,0.0134,34.99,2030,H1,Jan-Jun
Dunith Wellalage,Sri Lanka,Bowling All-Rounder,27.25,1.0,1,67.0,-1.366,0,1,65.12,5.38,117.79,5.97,6.51,0.0,67.8346,0.9966,58.32,2030,H1,Jan-Jun
Dushan Hemantha,Sri Lanka,Bowling All-Rounder,35.25,0.5833,1,67.3333,-2.3672,0,1,253.38,13.66,110.6,5.05,9.0,0.0,28.5107,0.0019,28.89,2030,H1,Jan-Jun
Dushmantha Chameera,Sri Lanka,Pace Bowler,38.25,0.625,1,71.0,1.9658,1,0,124.07,13.2,50.81,39.3,13.0,0.0,33.1802,0.1925,32.35,2030,H1,Jan-Jun
Eshan Malinga,Sri Lanka,Pace Bowler,28.25,1.0,1,63.0,-1.4532,0,1,41.71,1.7,114.18,0.0,7.97,0.0,22.6623,0.0264,23.52,2030,H1,Jan-Jun
Garuka Sanketh,Sri Lanka,Pace Bowler,28.25,1.0,1,61.0,0.3614,0,0,53.59,6.51,134.93,12.94,6.34,0.0,34.8277,0.7395,34.8,2030,H1,Jan-Jun
Isitha Wijesundera,Sri Lanka,Pace Bowler,33.25,1.0,1,61.0,0.192,0,0,41.52,4.99,103.11,0.0,0.0,0.0,20.8055,0.0469,21.45,2030,H1,Jan-Jun
Janishka Perera,Sri Lanka,Top Order Batter,29.25,1.0,1,62.0,-0.5993,0,1,109.61,10.48,120.64,0.0,0.0,0.0,25.9473,0.1758,26.7,2030,H1,Jan-Jun
Janith Liyanage,Sri Lanka,Batting All-Rounder,34.25,1.0,1,86.0,-0.1418,0,0,390.9,24.36,104.84,13.49,8.48,0.0,35.3131,0.046,35.32,2030,H1,Jan-Jun
Jeffrey Vandersay,Sri Lanka,Spin Bowler,40.25,0.0,0,47.0,-0.4163,0,0,10.81,5.02,103.74,4.87,8.51,0.0,23.9237,0.1405,23.85,2030,H1,Jan-Jun
Viran Chamuditha,Sri Lanka,Top Order Batter,27.25,1.0,1,74.0,-0.6104,0,1,160.24,25.21,122.81,0.0,0.0,0.0,30.2399,0.4146,30.37,2030,H1,Jan-Jun
Kamindu Mendis,Sri Lanka,Batting All-Rounder,31.25,1.0,1,104.0,0.8297,1,0,455.83,45.74,147.77,44.58,8.71,0.0,65.2639,0.8883,67.01,2030,H1,Jan-Jun
Kasun Rajitha,Sri Lanka,Pace Bowler,37.25,0.625,1,67.0,0.8787,1,0,85.62,13.61,72.18,13.13,8.27,0.0,24.9526,0.0157,24.48,2030,H1,Jan-Jun
Kavija Gamage,Sri Lanka,Spin Bowler,23.25,1.0,1,89.0,-0.5785,0,1,57.21,10.49,122.6,14.23,7.67,0.0,34.0138,0.8746,34.15,2030,H1,Jan-Jun
Keshara Nuwantha,Sri Lanka,Bowling All-Rounder,28.25,1.0,1,68.0,0.5893,1,0,158.54,18.39,147.32,0.0,0.0,0.0,33.4878,0.0201,33.69,2030,H1,Jan-Jun
Kusal Mendis,Sri Lanka,Wicketkeeper,35.25,0.375,1,118.0,-7.5955,0,1,0.0,28.81,126.79,0.0,0.0,0.0,32.4063,0.0724,32.8,2030,H1,Jan-Jun
Kusal Perera,Sri Lanka,Wicketkeeper,40.25,0.0,0,64.0,-1.5804,0,1,94.81,13.01,140.01,0.0,0.0,0.0,30.3021,0.0092,30.94,2030,H1,Jan-Jun
Lahiru Kumara,Sri Lanka,Pace Bowler,33.25,1.0,1,84.0,-0.5065,0,1,148.63,10.5,129.23,0.58,8.22,0.0,28.6916,0.1126,29.37,2030,H1,Jan-Jun
Lahiru Udara,Sri Lanka,Top Order Batter,36.25,0.6875,1,83.0,-1.3091,0,1,163.68,21.92,116.3,0.0,0.0,0.0,28.7826,0.0053,29.44,2030,H1,Jan-Jun
Lasith Croospulle,Sri Lanka,Top Order Batter,31.25,1.0,1,99.0,-0.4165,0,0,160.01,13.44,155.02,0.0,0.0,0.0,33.417,0.2338,33.68,2030,H1,Jan-Jun
M Shiraz,Sri Lanka,Pace Bowler,35.25,0.95,1,84.0,-0.5763,0,1,4.57,8.41,108.97,5.92,7.86,0.0,26.5676,0.1439,27.4,2030,H1,Jan-Jun
Maheesh Theekshana,Sri Lanka,Spin Bowler,29.25,1.0,1,92.0,-1.1885,0,1,194.16,4.03,117.5,16.08,12.3,0.0,31.7021,0.2945,31.8,2030,H1,Jan-Jun
Mateesha Pathirana,Sri Lanka,Pace Bowler,27.25,1.0,1,61.0,-0.4757,0,0,10.81,12.59,119.43,2.65,8.97,0.0,28.0023,0.1915,28.78,2030,H1,Jan-Jun
Milan Rathnayake,Sri Lanka,Bowling All-Rounder,33.25,1.0,1,102.0,-2.0313,0,1,502.77,15.72,144.45,12.73,11.49,0.0,39.5896,0.0111,39.54,2030,H1,Jan-Jun
Nipun Dhananjaya,Sri Lanka,Middle Order Batter,29.25,1.0,1,102.0,0.4466,0,0,318.9,38.23,152.41,0.0,0.0,0.0,40.9446,0.8675,40.98,2030,H1,Jan-Jun
Niroshan Dickwella,Sri Lanka,Wicketkeeper,37.25,0.1875,1,76.0,-1.8595,0,1,44.61,29.32,109.92,0.0,0.0,0.0,29.5298,0.0047,29.99,2030,H1,Jan-Jun
Nishan Madushka,Sri Lanka,Wicketkeeper,30.25,1.0,1,91.0,-1.1655,0,1,314.57,10.72,141.82,0.0,0.0,0.0,30.5375,0.1953,31.08,2030,H1,Jan-Jun
Nishan Peiris,Sri Lanka,Pace Bowler,30.25,1.0,1,94.0,-0.4704,0,0,123.28,8.53,49.85,0.0,0.0,0.0,12.1541,0.0229,7.09,2030,H1,Jan-Jun
Nuwan Thushara,Sri Lanka,Pace Bowler,34.25,0.9375,1,93.5,-1.8645,0,1,26.77,0.12,106.33,14.9,10.41,0.0,27.5829,0.0379,27.65,2030,H1,Jan-Jun
Nuwanidu Fernando,Sri Lanka,Top Order Batter,31.25,1.0,1,86.0,0.0617,0,0,263.87,13.67,129.22,17.3,11.57,0.0,37.6992,0.2219,37.68,2030,H1,Jan-Jun
Oshada Fernando,Sri Lanka,Top Order Batter,38.25,0.0,0,55.0,-0.9261,0,1,93.92,11.39,100.25,0.0,0.0,0.0,22.3712,0.0119,23.39,2030,H1,Jan-Jun
Pasindu Sooriyabandara,Sri Lanka,Top Order Batter,27.25,1.0,1,68.0,0.4625,0,0,9.7,26.79,147.99,0.0,0.0,0.0,35.7779,0.7219,35.99,2030,H1,Jan-Jun
Pathum Nissanka,Sri Lanka,Top Order Batter,32.25,1.0,1,137.0,-4.3377,0,1,284.07,49.11,140.95,0.0,0.0,0.0,42.0358,0.9242,42.08,2030,H1,Jan-Jun
Pavan Rathnayake,Sri Lanka,Middle Order Batter,28.25,1.0,1,135.0,0.2704,0,0,352.48,10.96,103.47,0.0,0.0,0.0,23.5447,0.0414,24.42,2030,H1,Jan-Jun
Pramod Madushan,Sri Lanka,Pace Bowler,33.25,1.0,1,71.0,0.6265,1,0,22.76,6.19,57.19,24.62,6.91,0.0,25.6667,0.1147,25.71,2030,H1,Jan-Jun
Ramesh Mendis,Sri Lanka,Bowling All-Rounder,35.25,0.9583,1,85.3333,-1.052,0,1,392.71,17.4,94.62,5.97,9.94,0.0,27.3559,0.0052,27.95,2030,H1,Jan-Jun
Ravindu Fernando,Sri Lanka,Batting All-Rounder,28.25,1.0,1,65.0,-0.3921,0,0,129.28,17.66,126.0,6.17,7.45,0.0,33.1371,0.0292,33.31,2030,H1,Jan-Jun
Ravindu Rasantha,Sri Lanka,Top Order Batter,29.25,1.0,1,99.0,-0.12,0,0,516.18,11.86,139.0,0.0,0.0,0.0,30.9073,0.4481,31.42,2030,H1,Jan-Jun
Sadeera Samarawickrama,Sri Lanka,Wicketkeeper,33.25,1.0,1,107.0,-1.6624,0,1,310.8,25.36,94.39,0.0,0.0,0.0,26.139,0.0355,27.14,2030,H1,Jan-Jun
Sahan Kosala,Sri Lanka,Middle Order Batter,29.25,1.0,1,102.0,-0.9011,0,1,486.15,18.55,120.33,0.0,0.0,0.0,29.3819,0.3742,29.81,2030,H1,Jan-Jun
Sohan de Livera,Sri Lanka,Top Order Batter,30.25,1.0,1,64.0,0.0305,0,0,169.67,14.21,124.04,0.0,0.0,0.0,27.8872,0.2597,28.81,2030,H1,Jan-Jun
Sonal Dinusha,Sri Lanka,Batting All-Rounder,29.25,1.0,1,84.0,-3.5342,0,1,252.4,10.85,134.3,4.11,9.12,0.0,31.5983,0.011,32.04,2030,H1,Jan-Jun
Tharindu Ratnayake,Sri Lanka,Bowling All-Rounder,34.25,1.0,1,109.0,0.7446,1,0,840.38,29.37,102.25,15.94,8.35,0.0,38.8103,0.012,38.78,2030,H1,Jan-Jun
Traveen Mathew,Sri Lanka,Spin Bowler,29.25,1.0,1,80.0,-0.3721,0,0,36.26,0.0,51.9,35.54,5.95,0.0,28.4923,0.675,27.78,2030,H1,Jan-Jun
V Viyaskanth,Sri Lanka,Spin Bowler,29.25,1.0,1,81.0,0.3392,0,0,21.11,7.07,65.27,41.6,6.88,0.0,35.7795,0.5996,35.6,2030,H1,Jan-Jun
Vigneshwaran Akash,Sri Lanka,Spin Bowler,23.25,1.0,1,62.0,0.0297,0,0,58.66,16.27,121.92,13.37,8.27,0.0,35.1094,0.9478,45.18,2030,H1,Jan-Jun
Vimath Dinsara,Sri Lanka,Top Order Batter,24.25,1.0,1,74.0,-0.6986,0,1,10.2,22.99,125.43,0.0,0.0,0.0,30.3993,0.3406,30.99,2030,H1,Jan-Jun
Sineth Jayawardena,Sri Lanka,Top Order Batter,33.25,1.0,1,88.0,1.8496,1,0,569.95,40.36,124.08,0.0,0.0,0.0,36.9827,0.7295,37.09,2030,H1,Jan-Jun
Vishad Randika,Sri Lanka,Top Order Batter,33.25,1.0,1,88.0,1.8496,1,0,569.95,40.36,124.08,0.0,0.0,0.0,36.9827,0.7295,37.09,2030,H1,Jan-Jun
Vishen Halambage,Sri Lanka,Top Order Batter,32.25,1.0,1,92.0,-0.0245,0,0,445.99,38.32,158.16,0.0,0.0,0.0,46.7776,0.8065,47.98,2030,H1,Jan-Jun
Vishwa Fernando,Sri Lanka,Pace Bowler,38.25,0.1875,1,51.0,-0.4102,0,0,46.49,7.53,50.68,6.45,8.97,0.0,15.5629,0.0147,16.04,2030,H1,Jan-Jun
Wanindu Hasaranga,Sri Lanka,Bowling All-Rounder,33.25,1.0,1,124.0,0.6604,1,0,1093.6,47.59,108.77,24.15,9.63,0.0,50.1039,0.0177,49.9,2030,H1,Jan-Jun
A Phillip,West Indies,Top Order Batter,29.25,1.0,1,65.0,1.7336,1,0,329.29,41.23,160.99,0.0,0.0,0.0,43.4946,0.6577,43.41,2030,H1,Jan-Jun
Ackeem Auguste,West Indies,Middle Order Batter,27.25,1.0,1,83.0,3.2035,1,0,706.22,59.85,194.19,0.0,0.0,0.0,56.4222,0.8638,56.41,2030,H1,Jan-Jun
Akeal Hosein,West Indies,Spin Bowler,37.25,0.0,0,190.0,-5.6308,0,1,40.2,21.84,129.28,9.07,7.28,0.0,36.2516,0.1549,35.49,2030,H1,Jan-Jun
Alick Athanaze,West Indies,Top Order Batter,31.25,1.0,1,96.0,1.3106,1,0,541.75,40.55,158.3,0.0,0.0,0.0,43.3614,0.6675,43.39,2030,H1,Jan-Jun
Alzarri Joseph,West Indies,Pace Bowler,34.25,0.9167,1,200.6667,-5.5718,0,1,40.05,9.99,118.05,26.48,9.47,0.0,38.6383,0.1119,37.67,2030,H1,Jan-Jun
Amari Goodridge,West Indies,Pace Bowler,25.25,1.0,1,59.0,4.5821,1,0,157.81,17.52,186.86,46.46,7.46,0.0,64.3101,0.5497,66.68,2030,H1,Jan-Jun
Amir Jangoo,West Indies,Wicketkeeper,33.25,1.0,1,100.0,2.8956,1,0,725.76,49.54,161.66,0.0,0.0,0.0,47.24,0.4018,47.44,2030,H1,Jan-Jun
Andre Fletcher,West Indies,Wicketkeeper,42.25,0.0,0,260.0,-5.1031,0,1,33.76,25.34,130.41,0.0,0.0,0.0,32.1133,0.005,32.63,2030,H1,Jan-Jun
Brandon King,West Indies,Top Order Batter,35.25,0.75,1,170.2,-2.2666,0,1,345.09,34.32,144.48,0.0,0.0,0.0,38.3372,0.0982,38.83,2030,H1,Jan-Jun
Carlon Tuckett,West Indies,Pace Bowler,26.25,1.0,1,60.0,5.4784,1,0,202.14,21.95,193.6,67.79,7.1,0.0,77.6004,0.7179,69.23,2030,H1,Jan-Jun
Evin Lewis,West Indies,Top Order Batter,39.25,0.0,0,205.0,-3.6268,0,1,97.56,28.83,137.33,0.0,0.0,0.0,34.6481,0.0174,35.4,2030,H1,Jan-Jun
Fabian Allen,West Indies,Bowling All-Rounder,35.25,0.5833,1,169.3333,-4.9385,0,1,193.14,22.9,140.69,13.39,9.31,0.0,40.8398,0.0025,40.12,2030,H1,Jan-Jun
Giovonte Depeiza,West Indies,Top Order Batter,24.25,1.0,1,61.0,3.2421,1,0,462.15,52.9,203.02,0.0,0.0,0.0,55.2831,0.9595,55.37,2030,H1,Jan-Jun
Gudakesh Motie,West Indies,Spin Bowler,34.25,0.9583,1,162.3333,-3.2721,0,1,86.53,16.7,133.07,30.35,7.47,0.0,45.9049,0.9081,45.24,2030,H1,Jan-Jun
Hayden Walsh Jr,West Indies,Spin Bowler,37.25,0.1875,1,114.0,-3.2567,0,1,17.92,11.42,121.06,7.62,8.17,0.0,30.5536,0.137,31.01,2030,H1,Jan-Jun
Jason Holder,West Indies,Bowling All-Rounder,38.25,0.15,1,239.8,-7.9999,0,1,114.03,25.12,131.3,8.73,9.52,0.0,37.2306,0.0015,36.72,2030,H1,Jan-Jun
Jayden Seales,West Indies,Pace Bowler,28.25,1.0,1,110.0,-0.9554,0,1,67.62,12.15,152.25,34.21,7.32,0.0,49.9776,0.673,49.76,2030,H1,Jan-Jun
Jediah Blades,West Indies,Pace Bowler,25.25,1.0,1,62.0,5.5864,1,0,258.91,31.0,203.2,49.53,7.23,0.0,73.3268,0.8628,69.32,2030,H1,Jan-Jun
Jewel Andrew,West Indies,Wicketkeeper,23.25,1.0,1,65.0,5.436,1,0,977.17,58.24,213.54,0.0,0.0,0.0,60.2838,0.8775,59.78,2030,H1,Jan-Jun
Johann Jeremiah,West Indies,Top Order Batter,24.25,1.0,1,56.0,5.1937,1,0,727.85,57.51,210.87,0.0,0.0,0.0,58.8834,0.9774,58.01,2030,H1,Jan-Jun
Johann Layne,West Indies,Pace Bowler,27.25,1.0,1,69.0,6.686,1,0,253.65,24.39,206.66,79.22,7.01,0.0,86.5595,0.8845,69.3,2030,H1,Jan-Jun
John Campbell,West Indies,Top Order Batter,36.25,0.5833,1,109.3333,-0.4203,0,0,201.89,30.24,133.92,0.0,0.0,0.0,34.7256,0.0156,35.42,2030,H1,Jan-Jun
Johnson Charles,West Indies,Wicketkeeper,41.25,0.0,0,260.0,-5.5181,0,1,43.7,26.84,144.96,0.0,0.0,0.0,35.3192,0.0072,35.8,2030,H1,Jan-Jun
Jomel Warrican,West Indies,Spin Bowler,38.25,0.2917,1,82.6667,-1.6154,0,1,23.01,10.8,128.25,12.09,7.42,0.0,34.0814,0.5514,34.02,2030,H1,Jan-Jun
Joshua Da Silva,West Indies,Wicketkeeper,32.25,1.0,1,107.0,0.6613,1,0,387.22,35.09,145.8,0.0,0.0,0.0,38.9341,0.3029,39.0,2030,H1,Jan-Jun
Justin Greaves,West Indies,Batting All-Rounder,34.25,1.0,1,116.0,0.7026,1,0,534.68,38.97,148.82,14.5,9.23,0.0,48.7614,0.3597,48.7,2030,H1,Jan-Jun
Kavem Hodge,West Indies,Batting All-Rounder,37.25,0.6786,1,96.8571,0.8229,1,0,401.19,34.57,141.53,9.54,9.61,0.0,43.1988,0.02,43.04,2030,H1,Jan-Jun
Keacy Carty,West Indies,Middle Order Batter,33.25,1.0,1,103.0,2.0741,1,0,600.2,43.15,146.7,0.0,0.0,0.0,42.1471,0.316,42.22,2030,H1,Jan-Jun
Kelvin Pittman,West Indies,Pace Bowler,23.25,1.0,1,62.0,5.6867,1,0,179.37,19.07,195.54,71.03,7.08,0.0,78.6148,0.8268,69.09,2030,H1,Jan-Jun
Kemar Paul,West Indies,Bowling All-Rounder,31.25,1.0,1,149.0,-2.8838,0,1,305.55,28.57,161.55,21.7,7.95,0.0,51.1038,0.007,51.03,2030,H1,Jan-Jun
Kemar Roach,West Indies,Pace Bowler,42.25,0.0,0,91.0,-2.1615,0,1,5.98,6.88,96.45,4.8,10.97,0.0,22.7269,0.0057,23.09,2030,H1,Jan-Jun
Kevlon Anderson,West Indies,Top Order Batter,23.25,1.0,1,86.0,2.7518,1,0,717.58,61.0,223.73,0.0,0.0,0.0,62.3272,0.9794,62.07,2030,H1,Jan-Jun
Kirk McKenzie,West Indies,Top Order Batter,29.25,1.0,1,91.0,1.8536,1,0,533.34,41.65,167.91,0.0,0.0,0.0,45.4716,0.7745,45.55,2030,H1,Jan-Jun
Kraigg Brathwaite,West Indies,Top Order Batter,37.25,0.55,1,96.4,-0.4167,0,0,86.22,21.09,111.33,0.0,0.0,0.0,27.3889,0.0136,28.37,2030,H1,Jan-Jun
Kyle Mayers,West Indies,Bowling All-Rounder,37.25,0.1875,1,181.0,-5.3893,0,1,82.9,29.4,134.92,6.45,10.15,0.0,37.9256,0.002,37.78,2030,H1,Jan-Jun
Marlon Samuels,West Indies,Batting All-Rounder,49.25,0.0,0,315.0,-13.621,0,1,0.0,10.46,80.03,0.0,12.93,0.0,18.1952,0.0014,17.94,2030,H1,Jan-Jun
Matthew Forde,West Indies,Bowling All-Rounder,28.25,1.0,1,96.0,0.9098,1,0,480.31,43.75,174.87,24.02,7.88,0.0,59.8659,0.0144,59.55,2030,H1,Jan-Jun
Mavendra Dindyal,West Indies,Middle Order Batter,28.25,1.0,1,76.0,3.2258,1,0,616.53,52.76,190.71,0.0,0.0,0.0,53.3588,0.7634,53.25,2030,H1,Jan-Jun
Mbeki Joseph,West Indies,Pace Bowler,27.25,1.0,1,63.0,2.3728,1,0,170.58,19.88,169.66,31.14,7.92,0.0,54.2315,0.5808,54.29,2030,H1,Jan-Jun
Mikyle Louis,West Indies,Middle Order Batter,28.25,1.0,1,75.0,3.2497,1,0,647.65,55.52,177.76,0.0,0.0,0.0,51.8668,0.706,52.03,2030,H1,Jan-Jun
Nathan Edward,West Indies,Pace Bowler,29.25,1.0,1,68.0,1.9326,1,0,168.64,22.19,168.2,32.5,7.78,0.0,55.3577,0.6439,55.3,2030,H1,Jan-Jun
Naveen Bidaisee,West Indies,Middle Order Batter,28.25,1.0,1,66.0,3.2931,1,0,529.01,53.88,186.95,0.0,0.0,0.0,52.7605,0.6861,52.71,2030,H1,Jan-Jun
Nicholas Pooran,West Indies,Wicketkeeper,34.25,0.9167,1,315.6667,-3.6378,0,1,641.18,36.73,154.47,0.0,0.0,0.0,41.7472,0.2509,41.1,2030,H1,Jan-Jun
Obed McCoy,West Indies,Pace Bowler,33.25,1.0,1,125.0,-1.9366,0,1,47.99,11.2,135.33,25.88,8.82,0.0,42.0711,0.2861,42.04,2030,H1,Jan-Jun
Odean Smith,West Indies,Bowling All-Rounder,34.25,0.9375,1,139.5,-3.7938,0,1,193.01,24.74,153.2,17.26,9.81,0.0,45.5655,0.0039,44.68,2030,H1,Jan-Jun
Ramon Simmonds,West Indies,Pace Bowler,27.25,1.0,1,70.0,2.2807,1,0,202.48,22.71,190.42,33.87,7.36,0.0,60.5337,0.7907,59.6,2030,H1,Jan-Jun
Renico Smith,West Indies,Middle Order Batter,28.25,1.0,1,65.0,3.5166,1,0,435.29,48.52,193.42,0.0,0.0,0.0,52.0755,0.6926,52.04,2030,H1,Jan-Jun
Rivaldo Clarke,West Indies,Wicketkeeper,24.25,1.0,1,73.0,3.9494,1,0,782.02,56.91,201.97,0.0,0.0,0.0,57.1833,0.5991,56.87,2030,H1,Jan-Jun
Romario Shepherd,West Indies,Bowling All-Rounder,35.25,0.6875,1,187.0,-5.1974,0,1,269.65,29.75,157.73,19.72,9.33,0.0,49.4308,0.0049,46.81,2030,H1,Jan-Jun
Roston Chase,West Indies,Batting All-Rounder,38.25,0.0,0,160.0,-4.3009,0,1,114.3,32.26,132.05,5.23,8.72,0.0,37.9689,0.0052,37.74,2030,H1,Jan-Jun
Rovman Powell,West Indies,Middle Order Batter,36.25,0.4375,1,219.5,-3.0588,0,1,255.85,30.92,145.51,0.0,0.0,0.0,37.247,0.9149,38.0,2030,H1,Jan-Jun
Shai Hope,West Indies,Wicketkeeper,36.25,0.6786,1,176.8571,-1.5342,0,1,369.7,34.59,131.41,0.0,0.0,0.0,36.0434,0.0049,36.14,2030,H1,Jan-Jun
Shamar Joseph,West Indies,Pace Bowler,30.25,1.0,1,77.0,0.627,1,0,67.08,10.16,139.43,26.46,8.23,0.0,42.9655,0.9968,43.04,2030,H1,Jan-Jun
Shamyl Springer,West Indies,Batting All-Rounder,26.25,1.0,1,79.0,2.7541,1,0,694.94,61.07,202.59,18.43,6.98,0.0,68.4087,0.5263,67.1,2030,H1,Jan-Jun
Shaqkere Parris,West Indies,Middle Order Batter,27.25,1.0,1,69.0,3.5507,1,0,718.41,60.64,209.81,0.0,0.0,0.0,59.617,0.9102,59.6,2030,H1,Jan-Jun
Sherfane Rutherford,West Indies,Middle Order Batter,32.25,1.0,1,198.0,-1.4096,0,1,507.46,37.25,157.12,0.0,0.0,0.0,42.0381,0.503,42.08,2030,H1,Jan-Jun
Shimron Hetmyer,West Indies,Middle Order Batter,33.25,1.0,1,217.0,-2.5007,0,1,321.94,32.13,148.0,0.0,0.0,0.0,38.2624,0.5198,38.35,2030,H1,Jan-Jun
Tagenarine Chanderpaul,West Indies,Middle Order Batter,34.25,1.0,1,76.0,0.597,1,0,99.48,19.95,114.45,0.0,0.0,0.0,27.6595,0.0922,28.55,2030,H1,Jan-Jun
Tevin Imlach,West Indies,Wicketkeeper,33.25,1.0,1,82.0,2.0347,1,0,425.13,37.58,146.67,0.0,0.0,0.0,39.9616,0.1904,39.99,2030,H1,Jan-Jun
Trevon Hinds,West Indies,Top Order Batter,29.25,1.0,1,66.0,3.6106,1,0,522.71,52.61,184.56,0.0,0.0,0.0,51.9081,0.8081,52.1,2030,H1,Jan-Jun
Voight Lawes,West Indies,Pace Bowler,29.25,1.0,1,61.0,2.1935,1,0,134.93,17.6,162.21,27.87,7.97,0.0,50.4296,0.4895,50.29,2030,H1,Jan-Jun
Zishan Motara,West Indies,Pace Bowler,26.25,1.0,1,57.0,5.4592,1,0,168.62,22.04,183.91,48.98,6.89,0.0,66.5565,0.6694,67.37,2030,H1,Jan-Jun
Ainsley Ndlovu,Zimbabwe,Top Order Batter,31.25,1.0,1,72.0,-0.2541,0,0,372.22,21.4,130.67,0.0,0.0,0.0,31.8769,0.5276,32.43,2030,H1,Jan-Jun
Antum Naqvi,Zimbabwe,Batting All-Rounder,22.25,1.0,1,77.0,1.1854,1,0,1136.85,61.23,220.05,17.19,6.72,0.0,72.3898,0.9274,67.11,2030,H1,Jan-Jun
Ben Curran,Zimbabwe,Top Order Batter,34.25,1.0,1,82.0,0.6625,1,0,520.22,34.69,138.39,0.0,0.0,0.0,37.7882,0.697,37.89,2030,H1,Jan-Jun
Blessing Muzarabani,Zimbabwe,Pace Bowler,34.25,0.875,1,117.0,-4.3807,0,1,33.6,11.48,118.11,9.07,9.09,0.0,30.6073,0.1252,31.11,2030,H1,Jan-Jun
Brad Evans,Zimbabwe,Pace Bowler,33.25,1.0,1,96.0,-3.3226,0,1,217.37,19.83,144.01,9.52,9.52,0.0,38.6569,0.7516,38.69,2030,H1,Jan-Jun
Brandon Mavuta,Zimbabwe,Spin Bowler,33.25,1.0,1,83.0,-1.9702,0,1,140.43,14.8,132.05,11.69,7.87,0.0,36.0346,0.8093,36.13,2030,H1,Jan-Jun
Brendan Taylor,Zimbabwe,Wicketkeeper,44.25,0.0,0,92.0,-3.3095,0,1,0.0,9.98,83.14,0.0,0.0,0.0,18.4858,0.0125,19.05,2030,H1,Jan-Jun
Brian Bennett,Zimbabwe,Batting All-Rounder,26.25,1.0,1,95.0,0.0177,0,0,1026.59,44.54,184.68,23.48,7.42,0.0,63.2682,0.7136,61.88,2030,H1,Jan-Jun
Brian Mudzinganyama,Zimbabwe,Middle Order Batter,29.25,1.0,1,68.0,1.1695,1,0,384.87,30.56,162.76,0.0,0.0,0.0,40.7125,0.773,40.79,2030,H1,Jan-Jun
Charlton Tshuma,Zimbabwe,Pace Bowler,30.25,1.0,1,55.0,-0.0503,0,0,22.36,5.42,102.16,10.43,8.86,0.0,26.4467,0.1478,26.97,2030,H1,Jan-Jun
Clive Chitumba,Zimbabwe,Wicketkeeper,31.25,1.0,1,56.0,1.1621,1,0,239.54,30.15,147.6,0.0,0.0,0.0,37.3579,0.3072,37.45,2030,H1,Jan-Jun
Clive Madande,Zimbabwe,Wicketkeeper,29.25,1.0,1,98.0,0.3928,0,0,777.79,35.73,164.68,0.0,0.0,0.0,43.7215,0.6934,43.93,2030,H1,Jan-Jun
Craig Ervine,Zimbabwe,Middle Order Batter,44.25,0.0,0,69.0,-1.6218,0,1,0.0,19.22,101.2,0.0,0.0,0.0,24.6887,0.0186,25.24,2030,H1,Jan-Jun
Dion Myers,Zimbabwe,Batting All-Rounder,28.25,1.0,1,92.0,0.5765,1,0,668.1,37.66,159.21,18.41,8.23,0.0,52.7613,0.7644,52.67,2030,H1,Jan-Jun
Ernest Masuku,Zimbabwe,Pace Bowler,32.25,1.0,1,71.0,-1.4373,0,1,41.5,3.85,101.19,5.98,9.38,0.0,23.5699,0.0298,23.86,2030,H1,Jan-Jun
Faraz Akram,Zimbabwe,Bowling All-Rounder,32.25,1.0,1,85.0,-0.4809,0,0,358.31,32.62,146.79,13.84,8.87,0.0,45.6953,0.0044,45.7,2030,H1,Jan-Jun
Graeme Cremer,Zimbabwe,Spin Bowler,43.25,0.0,0,105.0,-3.011,0,1,0.0,15.65,91.07,0.21,7.64,0.0,22.6721,0.0061,23.02,2030,H1,Jan-Jun
Innocent Kaia,Zimbabwe,Top Order Batter,38.25,0.3929,1,69.1429,-1.6456,0,1,0.0,14.87,114.24,0.0,0.0,0.0,25.7957,0.0205,26.61,2030,H1,Jan-Jun
John Campbell,Zimbabwe,Middle Order Batter,36.25,0.25,1,71.0,-1.523,0,1,51.33,21.34,129.54,0.0,0.0,0.0,30.7748,0.0261,31.43,2030,H1,Jan-Jun
Joylord Gumbie,Zimbabwe,Wicketkeeper,34.25,1.0,1,76.0,-0.3911,0,0,130.42,22.11,120.49,0.0,0.0,0.0,29.5335,0.0353,30.05,2030,H1,Jan-Jun
Kian Blignaut,Zimbabwe,Pace Bowler,22.25,1.0,1,52.0,0.4958,0,0,37.41,9.16,119.56,12.3,7.55,0.0,32.0661,0.3505,32.14,2030,H1,Jan-Jun
Kundai Matigimu,Zimbabwe,Pace Bowler,33.25,1.0,1,65.0,-0.7799,0,1,28.52,8.34,84.89,5.62,9.91,0.0,21.6075,0.0108,21.92,2030,H1,Jan-Jun
Luke Jongwe,Zimbabwe,Bowling All-Rounder,34.25,0.9375,1,110.5,-5.1966,0,1,83.08,16.25,130.99,1.11,9.86,0.0,30.5884,0.0031,31.03,2030,H1,Jan-Jun
Milton Shumba,Zimbabwe,Middle Order Batter,29.25,1.0,1,85.0,0.6314,1,0,458.48,28.91,142.52,0.0,0.0,0.0,36.6242,0.7657,36.74,2030,H1,Jan-Jun
Nathaniel Mayavo,Zimbabwe,Wicketkeeper,33.25,1.0,1,71.0,0.1353,0,0,212.77,21.58,126.44,0.0,0.0,0.0,30.7077,0.0457,31.25,2030,H1,Jan-Jun
Newman Nyamhuri,Zimbabwe,Pace Bowler,24.25,1.0,1,61.0,-0.3207,0,0,24.68,9.13,121.93,14.17,7.01,0.0,33.5202,0.6459,33.57,2030,H1,Jan-Jun
Nick Welch,Zimbabwe,Top Order Batter,32.25,1.0,1,92.0,0.3692,0,0,625.51,35.99,153.1,0.0,0.0,0.0,41.2221,0.8744,41.38,2030,H1,Jan-Jun
Panashe Taruvinga,Zimbabwe,Middle Order Batter,28.25,1.0,1,66.0,1.083,1,0,341.83,28.75,150.16,0.0,0.0,0.0,37.6863,0.7767,37.78,2030,H1,Jan-Jun
Prince Masvaure,Zimbabwe,Middle Order Batter,40.25,0.0,0,47.0,-0.7991,0,1,20.77,14.83,107.57,0.0,0.0,0.0,24.593,0.0201,25.18,2030,H1,Jan-Jun
Richard Ngarava,Zimbabwe,Pace Bowler,32.25,1.0,1,120.0,-3.7105,0,1,28.5,9.46,123.7,15.69,8.45,0.0,34.3801,0.2643,34.34,2030,H1,Jan-Jun
Richmond Mutumbami,Zimbabwe,Wicketkeeper,39.25,0.2917,1,62.6667,-0.7787,0,1,0.0,16.45,113.38,0.0,0.0,0.0,26.1183,0.0091,27.05,2030,H1,Jan-Jun
Ryan Burl,Zimbabwe,Batting All-Rounder,36.25,0.4375,1,117.5,-4.2405,0,1,226.98,26.64,137.27,5.95,9.11,0.0,37.8189,0.0029,37.55,2030,H1,Jan-Jun
Sean Williams,Zimbabwe,Batting All-Rounder,44.25,0.0,0,81.0,-3.8006,0,1,0.0,17.64,110.47,0.71,10.28,0.0,26.6995,0.0018,27.68,2030,H1,Jan-Jun
Sikandar Raza,Zimbabwe,Batting All-Rounder,44.25,0.0,0,136.0,-5.2566,0,1,220.51,31.02,140.15,6.61,9.39,0.0,39.9592,0.0049,39.89,2030,H1,Jan-Jun
Tadiwanashe Marumani,Zimbabwe,Wicketkeeper,28.25,1.0,1,98.0,1.1231,1,0,831.48,37.17,163.91,0.0,0.0,0.0,44.164,0.7803,44.29,2030,H1,Jan-Jun
Tafadzwa Tsiga,Zimbabwe,Wicketkeeper,30.25,1.0,1,63.0,1.6812,1,0,366.83,37.67,158.91,0.0,0.0,0.0,42.1188,0.292,42.17,2030,H1,Jan-Jun
Takudzwanashe Kaitano,Zimbabwe,Top Order Batter,36.25,0.75,1,71.2,-0.0939,0,0,214.42,21.03,121.54,0.0,0.0,0.0,29.6279,0.0213,30.07,2030,H1,Jan-Jun
Tanaka Chivanga,Zimbabwe,Pace Bowler,34.25,0.9375,1,73.5,-1.7525,0,1,17.02,4.77,87.02,3.8,10.5,0.0,19.9131,0.0075,20.37,2030,H1,Jan-Jun
Tapiwa Mufudza,Zimbabwe,Spin Bowler,32.25,1.0,1,60.0,0.833,1,0,221.37,21.29,129.35,12.94,8.7,0.0,38.1849,0.574,38.21,2030,H1,Jan-Jun
Tashinga Musekiwa,Zimbabwe,Batting All-Rounder,29.25,1.0,1,65.0,1.6975,1,0,424.02,46.08,174.33,8.03,8.69,0.0,52.3216,0.5895,52.3,2030,H1,Jan-Jun
Tendekai Gwandu,Zimbabwe,Pace Bowler,29.25,1.0,1,62.0,-0.2618,0,0,25.15,6.63,102.09,9.91,8.68,0.0,26.5879,0.1207,27.17,2030,H1,Jan-Jun
Tinotenda Maposa,Zimbabwe,Pace Bowler,33.25,1.0,1,70.0,-0.6329,0,1,28.8,7.39,94.46,10.25,9.85,0.0,25.3861,0.0187,25.68,2030,H1,Jan-Jun
Tony Munyonga,Zimbabwe,Batting All-Rounder,34.25,1.0,1,78.0,-0.1083,0,0,237.8,25.45,129.58,9.02,10.14,0.0,37.4022,0.0324,37.42,2030,H1,Jan-Jun
Victor Nyauchi,Zimbabwe,Pace Bowler,38.25,0.0,0,49.0,-2.4468,0,1,0.51,4.33,82.66,0.0,10.68,0.0,17.0328,0.0035,17.58,2030,H1,Jan-Jun
Vincent Masekesa,Zimbabwe,Batting All-Rounder,28.25,1.0,1,58.0,2.1751,1,0,370.76,43.06,182.47,9.66,7.96,0.0,53.7166,0.6531,53.57,2030,H1,Jan-Jun
Wellington Masakadza,Zimbabwe,Spin Bowler,37.25,0.0,0,91.0,-4.6965,0,1,18.97,12.6,108.87,2.51,8.38,0.0,26.0906,0.0297,27.05,2030,H1,Jan-Jun
Wessly Madhevere,Zimbabwe,Batting All-Rounder,29.25,1.0,1,112.0,-1.4508,0,1,476.2,36.57,160.74,12.58,8.05,0.0,49.369,0.3194,49.3,2030,H1,Jan-Jun
William Mashinge,Zimbabwe,Batting All-Rounder,33.25,1.0,1,73.0,0.3719,0,0,284.37,25.05,139.85,9.58,9.28,0.0,39.7243,0.2195,39.78,2030,H1,Jan-Jun
A M Ghazanfar,Afghanistan,Spin Bowler,24.75,1.0,1,83.0,0.2611,0,0,161.67,21.38,150.36,44.47,7.66,0.0,57.3299,0.8591,57.72,2030,H2,Jul-Dec
Abdul Malik,Afghanistan,Middle Order Batter,33.75,1.0,1,96.0,0.113,0,0,766.72,30.19,122.19,0.0,0.0,0.0,34.0309,0.4553,34.29,2030,H2,Jul-Dec
Abdul Rahman,Afghanistan,Pace Bowler,31.75,1.0,1,85.0,-0.187,0,0,88.63,14.28,125.84,24.7,9.7,0.0,40.448,0.6491,40.38,2030,H2,Jul-Dec
Azizullah Mia Khil,Afghanistan,Top Order Batter,29.75,1.0,1,76.0,1.5864,1,0,632.18,42.91,150.76,0.0,0.0,0.0,42.8886,0.7225,42.94,2030,H2,Jul-Dec
Azmatullah Omarzai,Afghanistan,Bowling All-Rounder,30.75,1.0,1,130.0,-0.2253,0,0,1468.55,37.13,161.76,37.74,8.51,0.0,64.3917,0.0153,66.71,2030,H2,Jul-Dec
Bahir Shah,Afghanistan,Top Order Batter,29.75,1.0,1,85.0,1.6629,1,0,767.02,48.62,144.41,0.0,0.0,0.0,43.814,0.6708,43.85,2030,H2,Jul-Dec
Bashir Ahmad,Afghanistan,Bowling All-Rounder,30.75,1.0,1,82.0,0.8182,1,0,605.92,31.67,141.72,24.09,9.18,0.0,49.9161,0.0239,49.9,2030,H2,Jul-Dec
Bilal Sami,Afghanistan,Pace Bowler,29.75,1.0,1,81.0,0.183,0,0,94.72,13.67,122.48,29.07,9.46,0.0,41.8005,0.5692,41.83,2030,H2,Jul-Dec
Darwish Rasooli,Afghanistan,Top Order Batter,31.75,1.0,1,116.0,0.5099,1,0,1283.23,35.21,142.51,0.0,0.0,0.0,40.7632,0.8792,40.84,2030,H2,Jul-Dec
Faisal Khan Ahmadzai,Afghanistan,Pace Bowler,30.75,1.0,1,73.0,0.4318,0,0,99.49,14.56,123.55,27.08,9.35,0.0,41.3386,0.6802,41.29,2030,H2,Jul-Dec
Fareed Ahmad,Afghanistan,Pace Bowler,35.75,0.75,1,89.0,-0.8811,0,1,59.8,9.98,100.88,16.99,12.03,0.0,30.3964,0.0174,30.53,2030,H2,Jul-Dec
Faridoon Dawoodzai,Afghanistan,Pace Bowler,30.75,1.0,1,78.0,0.438,0,0,100.85,16.31,116.33,28.4,9.94,0.0,41.0831,0.6395,41.07,2030,H2,Jul-Dec
Fazalhaq Farooqi,Afghanistan,Pace Bowler,29.75,1.0,1,124.0,-1.822,0,1,104.61,12.66,133.51,31.41,8.71,0.0,44.8324,0.734,44.82,2030,H2,Jul-Dec
Gulbadin Naib,Afghanistan,Batting All-Rounder,39.75,0.0,0,83.0,-1.7571,0,1,178.2,22.76,112.38,4.22,11.58,0.0,30.6338,0.0023,30.87,2030,H2,Jul-Dec
Hashmatullah Shahidi,Afghanistan,Top Order Batter,35.75,0.875,1,68.0,0.2726,0,0,315.06,29.89,105.83,0.0,0.0,0.0,29.6568,0.0402,29.89,2030,H2,Jul-Dec
Ibrahim Zadran,Afghanistan,Top Order Batter,28.75,1.0,1,125.0,0.6468,1,0,1421.33,46.03,138.32,0.0,0.0,0.0,43.6625,0.8916,43.83,2030,H2,Jul-Dec
Ikram Ali Khil,Afghanistan,Wicketkeeper,28.75,1.0,1,92.0,0.4632,0,0,651.17,33.9,137.56,0.0,0.0,0.0,37.7213,0.356,37.81,2030,H2,Jul-Dec
Karim Janat,Afghanistan,Bowling All-Rounder,31.75,1.0,1,134.0,-0.6727,0,1,1013.86,31.8,137.57,34.13,9.92,0.0,55.0402,0.0108,55.3,2030,H2,Jul-Dec
Khatir Stanikzai,Afghanistan,Top Order Batter,31.75,1.0,1,89.0,1.6788,1,0,767.88,46.13,146.54,0.0,0.0,0.0,43.4532,0.6504,43.39,2030,H2,Jul-Dec
Mohammad Ishaq,Afghanistan,Wicketkeeper,28.75,1.0,1,84.0,1.6437,1,0,772.52,42.92,151.48,0.0,0.0,0.0,43.4074,0.4615,43.39,2030,H2,Jul-Dec
Mohammad Nabi,Afghanistan,Bowling All-Rounder,45.75,0.0,0,165.0,-4.6677,0,1,164.09,20.75,111.71,4.83,11.51,0.0,30.1583,0.0009,30.44,2030,H2,Jul-Dec
Mohammad Saleem,Afghanistan,Pace Bowler,28.75,1.0,1,77.0,0.7139,1,0,116.08,18.77,120.99,29.2,9.75,0.0,43.1599,0.7795,43.18,2030,H2,Jul-Dec
Mujeeb Ur Rahman,Afghanistan,Spin Bowler,29.75,1.0,1,129.0,-1.6436,0,1,144.29,20.41,142.2,32.61,7.9,0.0,49.6692,0.766,49.6,2030,H2,Jul-Dec
Munir Ahmad Kakar,Afghanistan,Wicketkeeper,31.75,1.0,1,87.0,1.085,1,0,635.83,39.51,139.71,0.0,0.0,0.0,39.7957,0.4402,39.89,2030,H2,Jul-Dec
Najibullah Zadran,Afghanistan,Wicketkeeper,36.75,0.65,1,115.4,0.1429,0,0,730.69,30.55,124.29,0.0,0.0,0.0,34.4352,0.0135,35.1,2030,H2,Jul-Dec
Nangeyalia Kharote,Afghanistan,Spin Bowler,26.75,1.0,1,80.0,0.757,1,0,499.09,31.99,151.26,37.6,7.74,0.0,58.3141,0.9691,57.79,2030,H2,Jul-Dec
Naveed Zadran,Afghanistan,Pace Bowler,29.75,1.0,1,84.0,0.2856,0,0,117.71,19.05,130.31,32.55,8.81,0.0,46.7576,0.8821,46.68,2030,H2,Jul-Dec
Naveen-ul-Haq,Afghanistan,Pace Bowler,30.75,1.0,1,130.0,-1.6287,0,1,111.96,13.99,120.6,29.51,10.0,0.0,41.731,0.7552,41.61,2030,H2,Jul-Dec
Nazifullah Amiri,Afghanistan,Middle Order Batter,27.75,1.0,1,72.0,1.7685,1,0,688.48,45.05,159.98,0.0,0.0,0.0,45.4175,0.8881,45.55,2030,H2,Jul-Dec
Noor Ahmad,Afghanistan,Spin Bowler,25.75,1.0,1,116.0,-0.1641,0,0,223.36,25.1,159.42,55.48,7.33,0.0,65.7336,0.9671,66.8,2030,H2,Jul-Dec
Qais Ahmad,Afghanistan,Spin Bowler,29.75,1.0,1,106.0,-0.4247,0,0,154.03,18.72,140.02,39.95,8.88,0.0,52.1387,0.808,51.84,2030,H2,Jul-Dec
Rahmanullah Gurbaz,Afghanistan,Wicketkeeper,28.75,1.0,1,142.0,0.5803,1,0,2052.79,47.45,170.3,0.0,0.0,0.0,51.7846,0.964,51.71,2030,H2,Jul-Dec
Rahmat Shah,Afghanistan,Top Order Batter,37.75,0.3125,1,54.5,0.8401,1,0,294.46,34.0,107.21,0.0,0.0,0.0,31.1146,0.0188,31.59,2030,H2,Jul-Dec
Rashid Khan,Afghanistan,Spin Bowler,31.75,1.0,1,223.0,-2.9602,0,1,461.92,22.53,147.81,40.42,8.08,0.0,55.9702,0.878,55.81,2030,H2,Jul-Dec
Riaz Hassan,Afghanistan,Middle Order Batter,30.75,1.0,1,92.0,1.0325,1,0,720.78,41.04,135.96,0.0,0.0,0.0,39.7937,0.7748,39.89,2030,H2,Jul-Dec
Rohullah Arab,Afghanistan,Pace Bowler,28.75,1.0,1,75.0,0.3158,0,0,92.04,12.95,120.11,27.7,9.51,0.0,40.46,0.6254,40.39,2030,H2,Jul-Dec
Sediqullah Atal,Afghanistan,Top Order Batter,28.75,1.0,1,99.0,2.5862,1,0,1645.74,57.26,159.63,0.0,0.0,0.0,51.6841,0.9788,51.7,2030,H2,Jul-Dec
Shahidullah Kamal,Afghanistan,Middle Order Batter,34.75,1.0,1,110.0,0.9346,1,0,897.04,39.1,128.22,0.0,0.0,0.0,38.2341,0.7693,38.29,2030,H2,Jul-Dec
Sharafuddin Ashraf,Afghanistan,Batting All-Rounder,34.75,1.0,1,96.0,0.3228,0,0,561.44,31.23,126.52,22.14,10.46,0.0,45.7008,0.8347,45.57,2030,H2,Jul-Dec
Wafiullah Tarakhil,Afghanistan,Top Order Batter,26.75,1.0,1,91.0,2.35,1,0,1017.44,51.62,160.73,0.0,0.0,0.0,48.4591,0.9748,48.6,2030,H2,Jul-Dec
Wahidullah Zadran,Afghanistan,Top Order Batter,26.75,1.0,1,74.0,2.3664,1,0,953.82,54.49,173.84,0.0,0.0,0.0,51.6119,0.9781,51.72,2030,H2,Jul-Dec
Zia-Ur-Rehman Abdul Malik,Afghanistan,Spin Bowler,29.75,1.0,1,79.0,0.0996,0,0,162.1,16.8,128.72,32.8,8.88,0.0,46.0027,0.657,45.96,2030,H2,Jul-Dec
Zubaid Akbari,Afghanistan,Middle Order Batter,27.75,1.0,1,95.0,2.3588,1,0,1133.03,56.12,164.61,0.0,0.0,0.0,50.873,0.9562,50.77,2030,H2,Jul-Dec
Aaron Hardie,Australia,Bowling All-Rounder,31.75,1.0,1,138.0,0.0569,0,0,344.21,29.12,148.75,5.62,9.58,0.0,40.7387,0.012,40.8,2030,H2,Jul-Dec
Adam Zampa,Australia,Spin Bowler,38.75,0.375,1,194.0,-0.9363,0,1,0.46,4.79,81.08,7.76,9.97,0.0,20.7124,0.3597,20.75,2030,H2,Jul-Dec
Alex Carey,Australia,Wicketkeeper,38.75,0.25,1,129.2,-0.0803,0,0,82.75,24.73,120.02,0.0,0.0,0.0,30.0989,0.0059,30.55,2030,H2,Jul-Dec
Ashton Agar,Australia,Spin Bowler,36.75,0.5417,1,120.3333,-2.5906,0,1,0.0,0.0,56.67,0.0,10.21,0.0,10.9011,0.0039,10.95,2030,H2,Jul-Dec
Beau Webster,Australia,Bowling All-Rounder,36.75,0.5625,1,121.0,1.238,1,0,249.32,40.22,141.48,6.73,9.57,0.0,43.0541,0.0092,42.88,2030,H2,Jul-Dec
Ben Dwarshuis,Australia,Pace Bowler,35.75,0.8125,1,115.5,-0.475,0,0,14.83,13.21,110.56,6.09,10.67,0.0,27.9346,0.2194,28.35,2030,H2,Jul-Dec
Ben Kellaway,Australia,Batting All-Rounder,25.75,1.0,1,63.0,2.6313,1,0,240.65,46.29,209.74,10.93,7.61,0.0,60.0251,0.9133,59.56,2030,H2,Jul-Dec
Ben Manenti,Australia,Bowling All-Rounder,33.75,1.0,1,93.0,-0.4378,0,0,101.82,19.39,118.94,4.4,9.86,0.0,30.9092,0.0041,31.36,2030,H2,Jul-Dec
Billy Stanlake,Australia,Pace Bowler,35.75,0.7083,1,76.6667,-1.7067,0,1,0.0,0.0,51.32,0.0,12.27,0.0,9.6831,0.0023,10.2,2030,H2,Jul-Dec
Brendan Doggett,Australia,Pace Bowler,35.75,0.875,1,83.0,-1.3174,0,1,0.07,0.07,52.16,2.88,11.85,0.0,11.2939,0.0048,12.31,2030,H2,Jul-Dec
Cameron Gannon,Australia,Pace Bowler,39.75,0.0,0,40.0,-1.3033,0,1,0.0,0.0,50.47,0.36,12.76,0.0,9.6569,0.0022,10.22,2030,H2,Jul-Dec
Cameron Green,Australia,Batting All-Rounder,31.75,1.0,1,138.0,-0.7316,0,1,168.28,30.15,160.92,3.55,8.02,0.0,42.1168,0.0061,42.11,2030,H2,Jul-Dec
Campbell Kellaway,Australia,Top Order Batter,28.75,1.0,1,83.0,1.1715,1,0,234.06,35.72,155.94,0.0,0.0,0.0,40.5772,0.8842,40.62,2030,H2,Jul-Dec
Cooper Connolly,Australia,Batting All-Rounder,26.75,1.0,1,93.0,-0.1967,0,0,272.6,27.47,171.3,6.54,8.19,0.0,44.9325,0.3517,44.99,2030,H2,Jul-Dec
Corey Rocchiccioli,Australia,Spin Bowler,33.75,1.0,1,83.0,-0.398,0,0,1.63,4.9,79.13,4.86,9.87,0.0,18.9949,0.6154,19.35,2030,H2,Jul-Dec
Fergus O'Neill,Australia,Pace Bowler,29.75,1.0,1,78.0,-0.1415,0,0,6.71,6.71,91.03,6.99,8.84,0.0,22.9724,0.0774,23.27,2030,H2,Jul-Dec
Glenn Maxwell,Australia,Batting All-Rounder,42.75,0.0,0,280.0,-1.6008,0,1,79.96,26.32,127.31,0.68,11.24,0.0,32.5647,0.0016,32.89,2030,H2,Jul-Dec
Harry Nielsen,Australia,Wicketkeeper,34.75,1.0,1,118.0,-0.3452,0,0,130.63,22.23,112.19,0.0,0.0,0.0,28.0026,0.0495,28.78,2030,H2,Jul-Dec
Henry Hunt,Australia,Top Order Batter,32.75,1.0,1,83.0,0.0857,0,0,102.79,27.26,125.56,0.0,0.0,0.0,31.9612,0.3301,32.46,2030,H2,Jul-Dec
Henry Thornton,Australia,Pace Bowler,34.75,1.0,1,98.0,-0.9972,0,1,3.4,3.4,70.5,1.07,12.35,0.0,14.8244,0.0108,15.15,2030,H2,Jul-Dec
Jack Edwards,Australia,Batting All-Rounder,30.75,1.0,1,108.0,-0.0389,0,0,197.86,28.92,136.4,5.02,8.77,0.0,37.8114,0.0996,37.87,2030,H2,Jul-Dec
Jake Fraser-McGurk,Australia,Top Order Batter,28.75,1.0,1,113.0,-1.1408,0,1,44.95,22.31,168.66,0.0,0.0,0.0,38.3408,0.8217,38.45,2030,H2,Jul-Dec
Jake Lehmann,Australia,Middle Order Batter,37.75,0.0833,1,67.6667,-0.689,0,1,5.8,18.23,95.48,0.0,0.0,0.0,23.3202,0.019,24.15,2030,H2,Jul-Dec
Jake Weatherald,Australia,Top Order Batter,36.75,0.125,1,154.0,-1.4736,0,1,61.3,20.87,123.57,0.0,0.0,0.0,29.524,0.0167,30.05,2030,H2,Jul-Dec
Jason Behrendorff,Australia,Pace Bowler,40.75,0.0357,1,121.1429,-1.5558,0,1,0.0,2.39,57.6,0.33,12.14,0.0,11.7577,0.0026,12.82,2030,H2,Jul-Dec
Jason Sangha,Australia,Middle Order Batter,31.75,1.0,1,113.0,-0.8228,0,1,85.41,17.56,118.85,0.0,0.0,0.0,27.6964,0.1012,28.6,2030,H2,Jul-Dec
Jhye Richardson,Australia,Pace Bowler,33.75,1.0,1,138.0,-1.2043,0,1,0.0,3.15,61.66,1.76,11.49,0.0,13.5024,0.011,13.81,2030,H2,Jul-Dec
Joel Davies,Australia,Middle Order Batter,26.75,1.0,1,56.0,1.6709,1,0,201.38,36.12,171.8,0.0,0.0,0.0,43.5727,0.8817,43.7,2030,H2,Jul-Dec
Jordan Buckingham,Australia,Pace Bowler,29.75,1.0,1,68.0,0.0019,0,0,11.14,11.14,92.69,5.37,9.58,0.0,23.748,0.0994,23.96,2030,H2,Jul-Dec
Josh Hazlewood,Australia,Pace Bowler,39.75,0.05,1,131.6,-0.0129,0,0,0.0,7.6,76.12,5.62,11.54,0.0,19.4262,0.0247,19.71,2030,H2,Jul-Dec
Josh Inglis,Australia,Wicketkeeper,35.75,0.85,1,182.0,0.9603,1,0,486.17,35.02,147.56,0.0,0.0,0.0,39.483,0.2538,39.99,2030,H2,Jul-Dec
Josh Philippe,Australia,Wicketkeeper,33.75,1.0,1,178.0,-1.2467,0,1,91.74,18.97,130.42,0.0,0.0,0.0,30.3053,0.0797,30.85,2030,H2,Jul-Dec
Lance Morris,Australia,Pace Bowler,32.75,1.0,1,73.0,-0.863,0,1,0.0,0.0,50.26,4.24,10.44,0.0,11.7274,0.0103,12.38,2030,H2,Jul-Dec
Liam Hatcher,Australia,Pace Bowler,33.75,1.0,1,93.0,-0.8792,0,1,4.79,4.79,70.48,1.49,11.9,0.0,15.4933,0.0144,16.3,2030,H2,Jul-Dec
Liam Scott,Australia,Batting All-Rounder,29.75,1.0,1,93.0,1.8581,1,0,455.58,48.52,163.15,8.54,8.34,0.0,51.2794,0.839,51.27,2030,H2,Jul-Dec
Mackenzie Harvey,Australia,Wicketkeeper,29.75,1.0,1,113.0,-0.8832,0,1,25.21,18.3,131.49,0.0,0.0,0.0,30.1197,0.1417,30.52,2030,H2,Jul-Dec
Mahli Beardman,Australia,Pace Bowler,24.75,1.0,1,53.0,0.6064,1,0,9.83,9.83,127.45,6.02,8.01,0.0,30.4229,0.6934,30.88,2030,H2,Jul-Dec
Marcus Stoinis,Australia,Batting All-Rounder,41.75,0.0,0,280.0,-1.9301,0,1,38.86,18.29,115.26,0.83,10.21,0.0,27.9405,0.0014,28.73,2030,H2,Jul-Dec
Marnus Labuschagne,Australia,Top Order Batter,36.75,0.5625,1,141.0,-0.6708,0,1,50.4,21.86,107.46,0.0,0.0,0.0,26.7882,0.0194,27.73,2030,H2,Jul-Dec
Matthew Gilkes,Australia,Wicketkeeper,31.75,1.0,1,128.0,-0.842,0,1,105.02,22.08,130.49,0.0,0.0,0.0,31.3049,0.0653,31.94,2030,H2,Jul-Dec
Matthew Kuhnemann,Australia,Spin Bowler,33.75,1.0,1,93.0,0.1065,0,0,2.12,7.59,98.75,7.57,9.46,0.0,24.8528,0.7538,24.92,2030,H2,Jul-Dec
Matthew Renshaw,Australia,Middle Order Batter,34.75,1.0,1,188.0,-0.3812,0,0,217.82,28.27,118.34,0.0,11.97,0.0,31.4585,0.0837,32.02,2030,H2,Jul-Dec
Matthew Short,Australia,Batting All-Rounder,34.75,0.875,1,203.0,-2.1208,0,1,197.07,22.6,130.95,1.26,10.15,0.0,32.8337,0.0056,33.07,2030,H2,Jul-Dec
Matthew Wade,Australia,Wicketkeeper,42.75,0.0,0,250.0,-2.8062,0,1,0.0,5.93,77.86,0.0,0.0,0.0,16.2546,0.0051,16.97,2030,H2,Jul-Dec
Michael Neser,Australia,Bowling All-Rounder,40.75,0.0,0,115.0,-0.2891,0,0,35.61,25.96,120.16,1.44,10.37,0.0,31.466,0.0008,31.84,2030,H2,Jul-Dec
Mitchell Marsh,Australia,Bowling All-Rounder,38.75,0.4643,1,197.4286,-0.2303,0,0,294.49,33.09,140.78,1.7,10.12,0.0,38.3569,0.0027,38.74,2030,H2,Jul-Dec
Mitchell Owen,Australia,Batting All-Rounder,29.75,1.0,1,98.0,1.3378,1,0,498.85,40.59,193.07,3.7,8.45,0.0,52.198,0.7202,52.03,2030,H2,Jul-Dec
Mitchell Starc,Australia,Pace Bowler,40.75,0.0,0,160.0,-1.3683,0,1,0.0,1.51,74.85,1.81,12.98,0.0,15.3558,0.0044,15.15,2030,H2,Jul-Dec
Mitchell Stoinis,Australia,Batting All-Rounder,41.75,0.0,0,280.0,-1.9301,0,1,35.71,16.81,105.91,0.76,11.11,0.0,25.594,0.0013,26.16,2030,H2,Jul-Dec
Nathan Ellis,Australia,Pace Bowler,35.75,0.875,1,133.0,-0.9057,0,1,0.27,7.65,88.91,5.5,11.03,0.0,21.8262,0.0296,22.07,2030,H2,Jul-Dec
Nathan Lyon,Australia,Spin Bowler,42.75,0.0,0,40.0,-0.8548,0,1,0.0,0.0,49.36,0.34,9.89,0.0,9.7426,0.0031,3.79,2030,H2,Jul-Dec
Nathan McAndrew,Australia,Bowling All-Rounder,35.75,0.8929,1,118.7143,-0.432,0,0,120.42,20.82,116.14,5.52,9.95,0.0,31.4037,0.0044,31.66,2030,H2,Jul-Dec
Nathan McSweeney,Australia,Middle Order Batter,31.75,1.0,1,103.0,-0.2544,0,0,102.99,22.77,141.49,0.0,0.0,0.0,33.5647,0.3704,33.85,2030,H2,Jul-Dec
Nikhil Chaudhary,Australia,Batting All-Rounder,34.75,1.0,1,108.0,0.8368,1,0,361.8,29.96,150.51,7.07,9.94,0.0,42.0233,0.2932,42.02,2030,H2,Jul-Dec
Oliver Peake,Australia,Middle Order Batter,24.75,1.0,1,50.0,2.4338,1,0,172.64,43.47,206.03,0.0,0.0,0.0,52.1338,0.9264,52.04,2030,H2,Jul-Dec
Pat Cummins,Australia,Pace Bowler,37.75,0.3125,1,111.5,-1.4021,0,1,2.72,6.53,75.9,1.7,11.99,0.0,17.1249,0.0096,17.52,2030,H2,Jul-Dec
Riley Meredith,Australia,Pace Bowler,34.75,1.0,1,138.0,-1.2877,0,1,0.0,2.39,54.26,0.9,11.84,0.0,11.4376,0.0053,12.66,2030,H2,Jul-Dec
Sam Elliott,Australia,Pace Bowler,28.75,1.0,1,60.0,-0.1524,0,0,17.32,11.38,95.77,4.11,8.91,0.0,23.908,0.0834,24.15,2030,H2,Jul-Dec
Sam Konstas,Australia,Top Order Batter,24.75,1.0,1,70.0,2.6206,1,0,694.97,45.11,222.1,0.0,0.0,0.0,57.0552,0.9805,56.89,2030,H2,Jul-Dec
Scott Boland,Australia,Pace Bowler,41.75,0.0,0,35.0,-0.9798,0,1,0.0,0.0,52.2,0.13,12.59,0.0,9.8828,0.0031,10.11,2030,H2,Jul-Dec
Sean Abbott,Australia,Bowling All-Rounder,38.75,0.2083,1,177.6667,-1.8323,0,1,28.85,14.11,110.79,2.68,10.15,0.0,26.7042,0.001,27.53,2030,H2,Jul-Dec
Spencer Johnson,Australia,Pace Bowler,34.75,1.0,1,93.0,-0.5233,0,1,5.09,5.96,75.97,5.82,11.46,0.0,19.0157,0.0559,19.37,2030,H2,Jul-Dec
Steven Smith,Australia,Top Order Batter,41.75,0.0,0,180.0,-0.982,0,1,26.22,21.06,122.09,0.0,0.0,0.0,29.2103,0.049,29.77,2030,H2,Jul-Dec
Tanveer Sangha,Australia,Spin Bowler,28.75,1.0,1,98.0,-0.4902,0,0,0.0,4.8,81.4,9.53,8.77,0.0,21.8134,0.7885,21.93,2030,H2,Jul-Dec
Tim David,Australia,Middle Order Batter,34.75,1.0,1,178.0,-0.1106,0,0,289.3,31.93,164.68,0.0,0.0,0.0,41.2013,0.7977,41.19,2030,H2,Jul-Dec
Todd Murphy,Australia,Spin Bowler,29.75,1.0,1,58.0,-1.0761,0,1,0.0,0.0,56.64,1.27,8.63,0.0,11.7489,0.015,12.29,2030,H2,Jul-Dec
Travis Head,Australia,Top Order Batter,36.75,0.65,1,204.4,-0.27,0,0,336.22,30.37,152.63,0.0,0.0,0.0,38.6015,0.0715,39.1,2030,H2,Jul-Dec
Will Sutherland,Australia,Bowling All-Rounder,30.75,1.0,1,128.0,-0.099,0,0,210.55,29.92,144.54,6.91,8.51,0.0,40.6328,0.0086,40.74,2030,H2,Jul-Dec
Xavier Bartlett,Australia,Pace Bowler,31.75,1.0,1,88.0,-0.4806,0,0,11.91,9.99,103.53,5.05,10.12,0.0,25.1941,0.437,25.39,2030,H2,Jul-Dec
A. G. Saqlain,Bangladesh,Bowling All-Rounder,28.75,1.0,1,56.0,1.5243,1,0,230.33,32.87,160.08,20.69,8.16,0.0,51.2271,0.0153,51.27,2030,H2,Jul-Dec
Abdul Gaffar Saqlain,Bangladesh,Bowling All-Rounder,28.75,1.0,1,56.0,1.5243,1,0,230.24,32.86,160.03,20.68,8.16,0.0,51.2096,0.0153,51.03,2030,H2,Jul-Dec
Afif Hossain,Bangladesh,Batting All-Rounder,30.75,1.0,1,170.0,-2.0747,0,1,107.75,17.3,130.89,6.01,9.44,0.0,33.3577,0.0191,33.61,2030,H2,Jul-Dec
Akbar Ali,Bangladesh,Wicketkeeper,29.75,1.0,1,72.0,1.424,1,0,561.65,34.62,156.63,0.0,0.0,0.0,41.2598,0.3534,41.38,2030,H2,Jul-Dec
Amite Hasan,Bangladesh,Middle Order Batter,29.75,1.0,1,69.0,1.6032,1,0,427.87,35.86,153.68,0.0,0.0,0.0,40.7244,0.7976,40.79,2030,H2,Jul-Dec
Anamul Haque,Bangladesh,Wicketkeeper,37.75,0.3125,1,154.5,-1.296,0,1,61.11,16.99,113.49,0.0,0.0,0.0,26.4551,0.0057,27.35,2030,H2,Jul-Dec
Ebadat Hossain,Bangladesh,Pace Bowler,36.75,0.5625,1,66.0,0.4398,0,0,16.7,12.28,98.57,10.26,11.04,0.0,27.3927,0.0225,27.69,2030,H2,Jul-Dec
Hasan Mahmud,Bangladesh,Pace Bowler,31.75,1.0,1,121.0,-0.667,0,1,89.96,13.0,121.58,36.27,8.74,0.0,45.0154,0.8443,45.03,2030,H2,Jul-Dec
Hasan Murad,Bangladesh,Spin Bowler,28.75,1.0,1,76.0,1.4761,1,0,92.24,21.14,132.52,35.84,7.48,0.0,49.6009,0.9614,49.32,2030,H2,Jul-Dec
Jaker Ali,Bangladesh,Wicketkeeper,32.75,1.0,1,105.0,1.2723,1,0,651.34,34.74,140.79,0.0,0.0,0.0,38.5818,0.3198,38.61,2030,H2,Jul-Dec
Jishan Alam,Bangladesh,Top Order Batter,28.75,1.0,1,69.0,1.6795,1,0,473.24,36.78,152.84,0.0,0.0,0.0,40.9719,0.8166,41.06,2030,H2,Jul-Dec
Khaled Ahmed,Bangladesh,Pace Bowler,37.75,0.6071,1,93.8571,0.4571,0,0,30.77,14.39,102.29,17.25,10.98,0.0,32.1603,0.0145,32.0,2030,H2,Jul-Dec
Litton Das,Bangladesh,Wicketkeeper,35.75,0.875,1,243.0,-0.81,0,1,413.43,27.51,123.39,0.0,0.0,0.0,32.4762,0.0367,32.97,2030,H2,Jul-Dec
Mahedi Hasan,Bangladesh,Batting All-Rounder,35.75,0.75,1,181.0,0.0353,0,0,520.78,31.78,147.39,26.52,8.77,0.0,52.0213,0.4074,48.34,2030,H2,Jul-Dec
Mahidul Islam Ankon,Bangladesh,Wicketkeeper,29.75,1.0,1,83.0,1.7718,1,0,529.91,42.95,165.61,0.0,0.0,0.0,45.3964,0.7547,45.55,2030,H2,Jul-Dec
Mahmudul Hasan Joy,Bangladesh,Middle Order Batter,29.75,1.0,1,110.0,0.2224,0,0,393.9,27.47,128.06,0.0,0.0,0.0,33.2831,0.5012,33.64,2030,H2,Jul-Dec
Mahmudullah,Bangladesh,Batting All-Rounder,44.75,0.0,0,250.0,-5.119,0,1,0.0,14.78,111.05,0.0,11.61,0.0,25.4171,0.0011,26.0,2030,H2,Jul-Dec
Mehidy Hasan Miraz,Bangladesh,Bowling All-Rounder,32.75,1.0,1,206.0,-0.4125,0,0,576.29,31.18,127.76,32.73,8.67,0.0,51.3457,0.0116,51.13,2030,H2,Jul-Dec
Mohammad Naim,Bangladesh,Top Order Batter,30.75,1.0,1,146.0,-1.1598,0,1,210.15,23.16,137.31,0.0,0.0,0.0,33.1943,0.2797,33.47,2030,H2,Jul-Dec
Mohammad Saifuddin,Bangladesh,Bowling All-Rounder,33.75,1.0,1,149.0,-0.5889,0,1,369.91,23.51,138.13,30.29,9.09,0.0,49.1259,0.0139,48.98,2030,H2,Jul-Dec
Mominul Haque,Bangladesh,Top Order Batter,38.75,0.25,1,107.2,-0.4437,0,0,81.13,20.98,109.74,0.0,0.0,0.0,27.0285,0.0174,27.87,2030,H2,Jul-Dec
Mosaddek Hossain,Bangladesh,Batting All-Rounder,34.75,1.0,1,175.0,-1.0736,0,1,279.95,22.02,124.17,11.95,9.52,0.0,36.8761,0.0712,36.93,2030,H2,Jul-Dec
Musfik Hasan,Bangladesh,Pace Bowler,26.75,1.0,1,62.0,1.3273,1,0,52.13,15.47,128.12,28.8,7.9,0.0,43.4354,0.7325,43.36,2030,H2,Jul-Dec
Mushfiqur Rahim,Bangladesh,Wicketkeeper,43.75,0.0,0,190.0,-1.6022,0,1,1.16,19.54,102.61,0.0,0.0,0.0,25.0396,0.0075,25.76,2030,H2,Jul-Dec
Mustafizur Rahman,Bangladesh,Pace Bowler,34.75,1.0,1,243.0,-1.4401,0,1,35.88,10.01,89.87,30.23,10.69,0.0,34.8313,0.0751,34.09,2030,H2,Jul-Dec
Nahid Rana,Bangladesh,Pace Bowler,27.75,1.0,1,102.0,0.6137,1,0,53.87,14.7,132.45,50.16,7.26,0.0,54.5004,0.9404,54.25,2030,H2,Jul-Dec
Najmul Hossain Apu,Bangladesh,Spin Bowler,31.75,1.0,1,65.0,1.293,1,0,63.38,14.25,114.61,27.18,8.55,0.0,39.6577,0.4198,39.62,2030,H2,Jul-Dec
Najmul Hossain Shanto,Bangladesh,Middle Order Batter,31.75,1.0,1,156.0,-0.2388,0,0,580.57,33.79,132.55,0.0,0.0,0.0,36.5602,0.7361,36.73,2030,H2,Jul-Dec
Nasum Ahmed,Bangladesh,Spin Bowler,36.75,0.125,1,143.0,-1.324,0,1,14.03,9.87,90.75,11.18,8.78,0.0,25.944,0.0596,25.86,2030,H2,Jul-Dec
Nasum Ahmed Jr,Bangladesh,Spin Bowler,25.75,1.0,1,57.0,1.0085,1,0,72.45,14.11,137.55,27.19,7.16,0.0,44.231,0.9118,44.12,2030,H2,Jul-Dec
Nayeem Hasan,Bangladesh,Spin Bowler,29.75,1.0,1,89.0,-0.6,0,1,56.72,14.61,114.41,23.16,7.55,0.0,37.9728,0.5739,37.95,2030,H2,Jul-Dec
Nurul Hasan,Bangladesh,Wicketkeeper,37.75,0.45,1,164.8,0.0764,0,0,219.64,23.24,118.58,0.0,0.0,0.0,29.7465,0.0054,30.21,2030,H2,Jul-Dec
Parvez Hossain Emon,Bangladesh,Wicketkeeper,28.75,1.0,1,103.0,1.3541,1,0,781.73,40.25,158.35,0.0,0.0,0.0,43.8995,0.7233,43.85,2030,H2,Jul-Dec
Pritom Kumar,Bangladesh,Wicketkeeper,26.75,1.0,1,66.0,1.8842,1,0,517.02,39.48,163.19,0.0,0.0,0.0,43.849,0.4763,43.85,2030,H2,Jul-Dec
Rejaur Rahman Raja,Bangladesh,Pace Bowler,29.75,1.0,1,71.0,1.2786,1,0,68.29,15.39,122.6,31.26,8.32,0.0,43.5295,0.6906,43.66,2030,H2,Jul-Dec
Ripon Mondol,Bangladesh,Pace Bowler,27.75,1.0,1,67.0,1.2736,1,0,59.59,17.23,133.54,35.73,7.53,0.0,48.4427,0.8616,48.17,2030,H2,Jul-Dec
Rishad Hossain,Bangladesh,Spin Bowler,27.75,1.0,1,129.0,1.8401,1,0,727.59,38.08,182.86,48.51,7.61,0.0,72.0076,0.9833,69.16,2030,H2,Jul-Dec
Saif Hassan,Bangladesh,Top Order Batter,31.75,1.0,1,120.0,1.1672,1,0,673.02,33.01,149.94,0.0,0.0,0.0,39.8208,0.9114,39.89,2030,H2,Jul-Dec
Shadman Islam,Bangladesh,Top Order Batter,34.75,1.0,1,102.0,0.6824,1,0,318.78,27.55,109.37,0.0,0.0,0.0,29.6129,0.2555,29.96,2030,H2,Jul-Dec
Shahadat Hossain,Bangladesh,Middle Order Batter,28.75,1.0,1,75.0,1.697,1,0,462.72,39.93,154.68,0.0,0.0,0.0,42.2496,0.8137,42.31,2030,H2,Jul-Dec
Shakib Al Hasan,Bangladesh,Batting All-Rounder,43.75,0.0,0,310.0,-8.1687,0,1,0.0,14.42,109.32,0.0,10.57,0.0,25.0968,0.0011,25.71,2030,H2,Jul-Dec
Shamim Hossain,Bangladesh,Batting All-Rounder,29.75,1.0,1,114.0,1.7462,1,0,778.59,42.94,173.66,20.3,7.95,0.0,58.1846,0.8977,57.78,2030,H2,Jul-Dec
Shoriful Islam,Bangladesh,Pace Bowler,29.75,1.0,1,142.0,-1.0289,0,1,78.74,16.08,127.17,34.14,7.93,0.0,46.0949,0.7897,45.98,2030,H2,Jul-Dec
Soumya Sarkar,Bangladesh,Batting All-Rounder,37.75,0.0625,1,182.0,-1.854,0,1,65.34,17.29,111.52,2.94,11.09,0.0,27.9262,0.0017,28.62,2030,H2,Jul-Dec
Taijul Islam,Bangladesh,Spin Bowler,38.75,0.2083,1,110.6667,-3.1901,0,1,8.11,7.44,75.15,3.86,9.41,0.0,18.6274,0.0105,18.84,2030,H2,Jul-Dec
Tanvir Islam,Bangladesh,Spin Bowler,33.75,1.0,1,110.0,0.2649,0,0,71.64,14.62,103.63,40.84,8.34,0.0,44.3933,0.6925,44.26,2030,H2,Jul-Dec
Tanzid Hasan,Bangladesh,Top Order Batter,29.75,1.0,1,120.0,0.865,1,0,864.07,41.73,166.41,0.0,0.0,0.0,46.0808,0.9762,46.15,2030,H2,Jul-Dec
Tanzim Hasan Sakib,Bangladesh,Pace Bowler,27.75,1.0,1,112.0,0.2146,0,0,118.36,22.66,156.54,37.42,8.14,0.0,55.2429,0.914,55.28,2030,H2,Jul-Dec
Taskin Ahmed,Bangladesh,Pace Bowler,35.75,0.625,1,171.0,-0.8099,0,1,37.29,10.06,94.03,23.1,10.8,0.0,32.1637,0.0119,31.4,2030,H2,Jul-Dec
Towhid Hridoy,Bangladesh,Top Order Batter,29.75,1.0,1,143.0,1.2181,1,0,1060.75,41.9,166.39,2.09,8.0,0.0,48.4513,0.9474,48.34,2030,H2,Jul-Dec
Yasir Ali Chowdhury,Bangladesh,Middle Order Batter,34.75,1.0,1,121.0,0.2857,0,0,348.19,24.87,119.84,0.0,0.0,0.0,30.8291,0.324,31.38,2030,H2,Jul-Dec
Zakir Hasan,Bangladesh,Middle Order Batter,32.75,1.0,1,99.0,0.2371,0,0,334.82,23.79,115.4,0.0,0.0,0.0,29.6335,0.2818,30.04,2030,H2,Jul-Dec
Adil Rashid,England,Spin Bowler,42.75,0.0,0,310.0,-2.4712,0,1,6.17,6.76,82.77,4.17,8.91,0.0,20.0669,0.0134,20.41,2030,H2,Jul-Dec
Alex Horton,England,Wicketkeeper,27.75,1.0,1,55.0,1.5789,1,0,371.25,35.31,152.27,0.0,0.0,0.0,40.1391,0.479,40.2,2030,H2,Jul-Dec
Aneurin Donald,England,Top Order Batter,33.75,1.0,1,64.0,1.3941,1,0,417.9,28.95,126.98,0.0,0.0,0.0,33.5989,0.3972,33.85,2030,H2,Jul-Dec
Archie Vaughan,England,Batting All-Rounder,25.75,1.0,1,62.0,1.6592,1,0,516.22,36.52,168.92,15.74,7.64,0.0,52.4854,0.8622,52.27,2030,H2,Jul-Dec
Ben Duckett,England,Top Order Batter,35.75,0.875,1,197.0,0.0295,0,0,654.08,24.71,127.32,0.0,0.0,0.0,33.0082,0.2346,33.76,2030,H2,Jul-Dec
Ben Foakes,England,Wicketkeeper,37.75,0.5417,1,123.3333,-0.026,0,0,139.63,24.38,112.47,0.0,0.0,0.0,28.7364,0.0049,29.32,2030,H2,Jul-Dec
Ben Geddes,England,Top Order Batter,28.75,1.0,1,74.0,1.5171,1,0,568.29,36.35,155.75,0.0,0.0,0.0,41.6422,0.861,41.75,2030,H2,Jul-Dec
Brydon Carse,England,Pace Bowler,35.75,0.65,1,106.4,-1.578,0,1,63.61,13.88,118.69,25.02,11.66,0.0,38.8466,0.0487,37.71,2030,H2,Jul-Dec
Chris Jordan,England,Pace Bowler,41.75,0.0,0,290.0,-1.3062,0,1,70.16,14.48,125.38,6.48,12.45,0.0,31.2513,0.0195,31.68,2030,H2,Jul-Dec
Chris Woakes,England,Bowling All-Rounder,41.75,0.0,0,162.0,-2.2158,0,1,2.31,14.14,107.17,1.28,10.25,0.0,25.2748,0.0007,25.79,2030,H2,Jul-Dec
Dan Lawrence,England,Batting All-Rounder,33.75,1.0,1,157.0,0.1571,0,0,697.89,28.34,128.4,4.53,9.6,0.0,37.13,0.0458,37.23,2030,H2,Jul-Dec
Dan Mousley,England,Batting All-Rounder,29.75,1.0,1,120.0,1.2956,1,0,882.48,40.78,167.2,24.29,8.05,0.0,58.5106,0.8621,57.74,2030,H2,Jul-Dec
Emilio Gay,England,Middle Order Batter,33.75,1.0,1,112.0,0.3313,0,0,607.46,29.49,132.41,0.0,0.0,0.0,35.293,0.8336,35.49,2030,H2,Jul-Dec
Farhan Ahmed,England,Spin Bowler,23.75,1.0,1,56.0,1.6927,1,0,87.07,19.17,150.29,32.54,7.02,0.0,50.823,0.9705,50.58,2030,H2,Jul-Dec
George Bell,England,Wicketkeeper,27.75,1.0,1,72.0,1.3427,1,0,530.24,35.08,157.45,0.0,0.0,0.0,41.4682,0.5536,41.55,2030,H2,Jul-Dec
George Hill,England,Batting All-Rounder,31.75,1.0,1,99.0,1.3489,1,0,672.37,33.18,154.31,19.11,8.5,0.0,50.6151,0.8043,50.69,2030,H2,Jul-Dec
George Thomas,England,Top Order Batter,28.75,1.0,1,81.0,0.9642,1,0,593.24,32.89,154.21,0.0,0.0,0.0,40.3649,0.929,40.5,2030,H2,Jul-Dec
Gus Atkinson,England,Pace Bowler,32.75,1.0,1,115.0,-0.7545,0,1,56.91,11.36,119.08,35.1,9.99,0.0,43.2007,0.6484,43.2,2030,H2,Jul-Dec
Harry Brook,England,Middle Order Batter,31.75,1.0,1,142.0,0.0425,0,0,795.01,40.38,156.97,0.81,8.57,0.0,44.7754,0.821,44.88,2030,H2,Jul-Dec
Henry Crocombe,England,Pace Bowler,28.75,1.0,1,66.0,1.0613,1,0,56.41,16.31,126.1,31.17,8.08,0.0,44.436,0.8114,44.26,2030,H2,Jul-Dec
Jack Carson,England,Spin Bowler,29.75,1.0,1,76.0,0.8131,1,0,90.53,19.92,135.02,36.08,7.89,0.0,49.714,0.9577,49.6,2030,H2,Jul-Dec
Jack Haynes,England,Top Order Batter,29.75,1.0,1,111.0,0.7935,1,0,690.25,32.3,152.32,0.0,0.0,0.0,40.0952,0.9307,40.2,2030,H2,Jul-Dec
Jack Leach,England,Spin Bowler,39.75,0.0,0,111.0,-3.0806,0,1,0.0,8.7,87.67,0.0,10.09,0.0,19.3651,0.0057,20.04,2030,H2,Jul-Dec
Jacob Bethell,England,Batting All-Rounder,26.75,1.0,1,107.0,1.7171,1,0,1022.25,46.99,183.34,20.56,8.23,0.0,61.961,0.9031,61.89,2030,H2,Jul-Dec
James Anderson,England,Pace Bowler,48.75,0.0,0,44.0,-0.2803,0,0,0.0,0.0,0.0,0.0,10.34,0.0,0.3009,0.0025,0.48,2030,H2,Jul-Dec
James Coles,England,Batting All-Rounder,26.75,1.0,1,69.0,1.9435,1,0,562.23,37.44,165.47,20.24,8.04,0.0,54.3386,0.7832,54.24,2030,H2,Jul-Dec
James Rew,England,Wicketkeeper,26.75,1.0,1,83.0,1.3442,1,0,780.59,37.81,160.18,0.0,0.0,0.0,43.4925,0.6147,43.39,2030,H2,Jul-Dec
Jamie Overton,England,Bowling All-Rounder,36.75,0.4167,1,140.3333,-0.8828,0,1,241.34,22.72,137.02,16.66,9.89,0.0,41.6124,0.0028,40.94,2030,H2,Jul-Dec
Jamie Smith,England,Wicketkeeper,29.75,1.0,1,101.0,1.6322,1,0,821.03,41.47,155.73,0.0,0.0,0.0,43.8898,0.5991,43.85,2030,H2,Jul-Dec
Joe Root,England,Batting All-Rounder,39.75,0.05,1,63.6,-0.2888,0,0,87.24,21.88,102.66,0.25,10.67,0.0,26.479,0.0016,27.32,2030,H2,Jul-Dec
Jofra Archer,England,Pace Bowler,35.75,0.8125,1,124.5,-0.9242,0,1,32.57,13.75,108.66,18.97,11.33,0.0,33.9543,0.0277,33.6,2030,H2,Jul-Dec
Jonny Bairstow,England,Wicketkeeper,41.75,0.0,0,185.0,-0.9841,0,1,44.49,22.66,127.5,0.0,0.0,0.0,30.7593,0.0052,31.28,2030,H2,Jul-Dec
Jordan Cox,England,Wicketkeeper,29.75,1.0,1,127.0,1.6457,1,0,1058.04,42.19,165.94,0.0,0.0,0.0,46.6605,0.8149,46.74,2030,H2,Jul-Dec
Jos Buttler,England,Wicketkeeper,39.75,0.0,0,240.0,-0.9772,0,1,158.66,30.03,134.64,0.0,0.0,0.0,34.6553,0.0052,35.34,2030,H2,Jul-Dec
Josh Hull,England,Pace Bowler,26.75,1.0,1,67.0,1.6136,1,0,57.29,17.3,136.45,33.47,8.29,0.0,47.7455,0.7881,47.58,2030,H2,Jul-Dec
Josh Tongue,England,Pace Bowler,32.75,1.0,1,89.0,-0.131,0,0,32.78,17.1,110.36,16.49,10.06,0.0,34.2442,0.0648,34.17,2030,H2,Jul-Dec
Liam Dawson,England,Bowling All-Rounder,40.75,0.0,0,225.0,-1.7665,0,1,118.29,21.72,107.8,4.52,9.92,0.0,29.6354,0.0008,29.85,2030,H2,Jul-Dec
Liam Livingstone,England,Batting All-Rounder,37.75,0.3125,1,216.5,-1.325,0,1,391.07,29.38,146.73,8.26,10.05,0.0,41.781,0.0079,42.14,2030,H2,Jul-Dec
Luc Benkenstein,England,Batting All-Rounder,25.75,1.0,1,60.0,1.9507,1,0,520.9,40.42,181.11,19.21,7.33,0.0,57.7199,0.9091,57.79,2030,H2,Jul-Dec
Luke Wood,England,Pace Bowler,34.75,1.0,1,170.0,-0.8336,0,1,57.86,9.91,105.59,25.46,11.7,0.0,35.3802,0.1645,35.16,2030,H2,Jul-Dec
Mark Wood,England,Pace Bowler,40.75,0.0,0,91.0,-1.0975,0,1,4.26,9.6,95.63,3.65,13.17,0.0,22.5965,0.0087,22.62,2030,H2,Jul-Dec
Matthew Fisher,England,Pace Bowler,33.75,1.0,1,99.0,-0.1627,0,0,51.19,19.79,112.81,22.01,9.93,0.0,38.2629,0.2195,38.22,2030,H2,Jul-Dec
Matthew Potts,England,Pace Bowler,31.75,1.0,1,106.0,-0.9343,0,1,107.82,17.98,131.46,27.49,8.81,0.0,44.1695,0.8033,44.12,2030,H2,Jul-Dec
Ollie Pope,England,Top Order Batter,32.75,1.0,1,129.0,-0.3969,0,0,253.37,22.77,116.89,0.0,9.21,0.0,29.9367,0.0826,30.31,2030,H2,Jul-Dec
Ollie Robinson,England,Pace Bowler,31.75,1.0,1,89.0,-0.344,0,0,51.17,17.6,118.05,20.66,9.22,0.0,38.022,0.2341,37.99,2030,H2,Jul-Dec
Olly Stone,England,Pace Bowler,36.75,0.4167,1,87.3333,-0.6313,0,1,20.13,20.36,105.3,10.16,11.01,0.0,31.0832,0.0152,31.48,2030,H2,Jul-Dec
Phil Salt,England,Wicketkeeper,34.75,1.0,1,228.0,-0.7439,0,1,763.69,28.89,142.78,0.0,0.0,0.0,37.4708,0.2872,37.65,2030,H2,Jul-Dec
Reece Topley,England,Pace Bowler,36.75,0.4167,1,119.3333,-0.2871,0,0,29.25,19.19,112.67,15.71,10.67,0.0,34.8516,0.0174,34.48,2030,H2,Jul-Dec
Rehan Ahmed,England,Spin Bowler,25.75,1.0,1,114.0,0.6019,1,0,536.95,31.59,174.16,45.7,6.93,0.0,66.693,0.9867,67.47,2030,H2,Jul-Dec
Rocky Flintoff,England,Middle Order Batter,24.75,1.0,1,56.0,1.9777,1,0,491.87,47.86,180.84,0.0,0.0,0.0,49.6381,0.9508,49.79,2030,H2,Jul-Dec
Sam Cook,England,Pace Bowler,32.75,1.0,1,109.0,-0.4917,0,0,50.33,17.31,115.82,25.22,9.23,0.0,39.7201,0.4876,39.67,2030,H2,Jul-Dec
Sam Curran,England,Bowling All-Rounder,32.75,1.0,1,251.0,-1.3161,0,1,643.94,24.39,132.98,24.11,9.56,0.0,46.1143,0.0108,45.99,2030,H2,Jul-Dec
Saqib Mahmood,England,Pace Bowler,33.75,1.0,1,117.0,0.4241,0,0,60.94,20.71,114.44,29.35,9.97,0.0,42.4222,0.6073,42.44,2030,H2,Jul-Dec
Shoaib Bashir,England,Spin Bowler,26.75,1.0,1,85.0,-0.8332,0,1,45.46,14.05,131.18,25.23,7.3,0.0,41.9654,0.7221,41.84,2030,H2,Jul-Dec
Sonny Baker,England,Pace Bowler,25.75,1.0,1,75.0,1.2902,1,0,72.12,20.59,140.48,36.88,7.69,0.0,51.3196,0.9276,51.12,2030,H2,Jul-Dec
Tom Banton,England,Wicketkeeper,32.75,1.0,1,160.0,0.3394,0,0,818.15,32.46,150.96,0.0,0.0,0.0,40.2375,0.6455,40.28,2030,H2,Jul-Dec
Tom Hartley,England,Spin Bowler,31.75,1.0,1,92.0,-2.6271,0,1,19.08,12.34,115.35,3.72,8.49,0.0,27.7481,0.1673,28.34,2030,H2,Jul-Dec
Tom Rew,England,Wicketkeeper,25.75,1.0,1,58.0,1.6948,1,0,451.49,44.35,176.62,0.0,0.0,0.0,47.6675,0.8563,47.76,2030,H2,Jul-Dec
Will Jacks,England,Batting All-Rounder,31.75,1.0,1,177.0,-1.133,0,1,939.22,30.34,167.13,14.83,8.65,0.0,50.7677,0.7442,50.73,2030,H2,Jul-Dec
Zak Crawley,England,Top Order Batter,32.75,1.0,1,124.0,0.301,0,0,429.97,28.07,132.86,0.0,0.0,0.0,34.4609,0.5211,34.59,2030,H2,Jul-Dec
Abhishek Sharma,India,Top Order Batter,30.75,1.0,1,158.0,-1.0461,0,1,436.57,28.72,111.61,0.0,0.0,0.0,30.7088,0.9661,31.1,2030,H2,Jul-Dec
Akash Deep,India,Pace Bowler,33.75,1.0,1,83.0,0.2085,0,0,35.83,9.69,91.49,2.94,6.55,0.0,22.6144,0.0306,22.84,2030,H2,Jul-Dec
Akshat Raghuwanshi,India,Top Order Batter,25.75,1.0,1,62.0,-1.1288,0,1,82.45,7.29,169.26,0.0,0.0,0.0,33.9644,0.307,34.15,2030,H2,Jul-Dec
Aman Mokhade,India,Middle Order Batter,28.75,1.0,1,102.0,-0.5901,0,1,168.98,22.28,148.89,0.0,0.0,0.0,34.9763,0.5424,35.18,2030,H2,Jul-Dec
Angkrish Raghuwanshi,India,Wicketkeeper,28.75,1.0,1,53.0,-2.521,0,1,126.62,0.62,166.25,0.0,0.0,0.0,31.4838,0.1269,31.9,2030,H2,Jul-Dec
Anshul Kamboj,India,Pace Bowler,29.75,1.0,1,97.0,-1.0825,0,1,9.72,5.43,92.55,0.0,9.13,0.0,19.4423,0.8111,19.97,2030,H2,Jul-Dec
Arshdeep Singh,India,Pace Bowler,31.75,1.0,1,188.0,-0.3774,0,0,144.7,4.19,62.75,19.65,8.03,0.0,23.5749,0.046,23.02,2030,H2,Jul-Dec
Atharva Taide,India,Top Order Batter,28.75,1.0,1,46.0,-1.1721,0,1,57.84,7.18,156.2,0.0,0.0,0.0,31.4248,0.1585,31.89,2030,H2,Jul-Dec
Auqib Nabi,India,Bowling All-Rounder,29.75,1.0,1,50.0,-0.435,0,0,45.88,24.41,118.01,2.2,7.34,0.0,31.5164,0.0045,32.02,2030,H2,Jul-Dec
Avesh Khan,India,Pace Bowler,33.75,1.0,1,168.0,-0.4319,0,0,60.7,18.01,61.63,5.84,6.79,0.0,20.9797,0.0127,21.22,2030,H2,Jul-Dec
Axar Patel,India,Bowling All-Rounder,36.75,0.7083,1,246.6667,-0.3129,0,0,303.27,14.88,99.47,2.32,7.02,0.0,25.9813,0.0013,26.25,2030,H2,Jul-Dec
Ayush Mhatre,India,Top Order Batter,23.75,1.0,1,57.0,-3.5146,0,1,791.65,0.0,225.72,0.0,0.0,0.0,44.2077,0.9076,44.24,2030,H2,Jul-Dec
Brijesh Sharma,India,Pace Bowler,28.75,1.0,1,96.0,1.4587,1,0,62.56,52.12,48.57,29.01,10.82,0.0,39.4543,0.6735,39.41,2030,H2,Jul-Dec
Devdutt Padikkal,India,Top Order Batter,30.75,1.0,1,85.0,-0.148,0,0,147.39,14.75,190.69,0.0,0.0,0.0,40.423,0.6703,40.53,2030,H2,Jul-Dec
Dhruv Jurel,India,Wicketkeeper,29.75,1.0,1,69.0,0.2749,0,0,85.49,36.62,162.68,0.0,0.0,0.0,41.7074,0.7287,41.75,2030,H2,Jul-Dec
Digvesh Rathi,India,Spin Bowler,30.75,1.0,1,78.0,-0.4432,0,0,39.7,0.0,118.69,11.24,12.24,0.0,27.8161,0.3255,28.21,2030,H2,Jul-Dec
Gurnoor Brar,India,Pace Bowler,29.75,1.0,1,71.0,1.0542,1,0,22.55,13.65,159.52,13.42,5.61,0.0,41.9069,0.902,41.93,2030,H2,Jul-Dec
Hardik Pandya,India,Batting All-Rounder,36.75,0.45,1,316.8,-2.4222,0,1,6.52,9.31,120.49,0.0,11.42,0.0,25.5452,0.0018,26.3,2030,H2,Jul-Dec
Harsh Dubey,India,Bowling All-Rounder,28.75,1.0,1,105.0,0.5519,1,0,350.26,30.87,118.77,14.22,9.3,0.0,39.895,0.0208,39.9,2030,H2,Jul-Dec
Harshit Rana,India,Pace Bowler,27.75,1.0,1,81.0,0.9683,1,0,24.81,12.28,119.59,42.61,10.69,0.0,47.0376,0.8644,46.89,2030,H2,Jul-Dec
Ishan Kishan,India,Wicketkeeper,32.75,1.0,1,208.0,-0.093,0,0,659.77,12.86,128.51,0.0,0.0,0.0,29.6244,0.9278,30.0,2030,H2,Jul-Dec
Jasprit Bumrah,India,Pace Bowler,36.75,0.75,1,248.2857,-0.5424,0,1,59.08,5.34,49.99,51.02,7.72,0.0,36.5605,0.3727,35.03,2030,H2,Jul-Dec
Jitesh Sharma,India,Wicketkeeper,36.75,0.7083,1,126.6667,-1.2451,0,1,116.85,20.63,101.41,0.0,0.0,0.0,25.4628,0.0056,26.16,2030,H2,Jul-Dec
KL Rahul,India,Wicketkeeper,38.75,0.4643,1,277.4286,0.6889,1,0,153.61,39.3,140.04,0.0,0.0,0.0,38.4832,0.0189,38.81,2030,H2,Jul-Dec
KS Bharat,India,Wicketkeeper,36.75,0.125,1,26.0,-0.8691,0,1,23.94,8.36,109.75,0.0,0.0,0.0,23.0182,0.0138,24.02,2030,H2,Jul-Dec
Kartik Sharma,India,Wicketkeeper,25.75,1.0,1,68.0,0.6468,1,0,82.69,60.09,113.92,0.0,0.0,0.0,39.7659,0.5841,39.77,2030,H2,Jul-Dec
Khaleel Ahmed,India,Pace Bowler,32.75,1.0,1,80.0,-0.1598,0,0,0.42,20.14,104.04,0.84,11.77,0.0,26.1381,0.0863,26.68,2030,H2,Jul-Dec
Kuldeep Yadav,India,Spin Bowler,35.75,1.0,1,218.0,3.496,1,0,0.0,6.13,130.56,79.28,7.38,0.0,65.4464,0.9694,66.51,2030,H2,Jul-Dec
Kumar Kushagra,India,Wicketkeeper,25.75,1.0,1,67.0,-1.6401,0,1,68.37,12.19,122.14,0.0,0.0,0.0,26.6234,0.0489,27.73,2030,H2,Jul-Dec
Manav Suthar,India,Spin Bowler,28.75,1.0,1,48.0,1.0889,1,0,17.49,20.53,117.19,15.27,7.51,0.0,36.3852,0.8614,36.42,2030,H2,Jul-Dec
Mangesh Yadav,India,Pace Bowler,27.75,1.0,1,96.0,0.1741,0,0,52.32,18.07,94.82,13.92,7.69,0.0,30.8553,0.2371,31.07,2030,H2,Jul-Dec
Mayank Yadav,India,Pace Bowler,28.75,1.0,1,58.0,0.8293,1,0,0.16,5.92,106.9,22.65,7.14,0.0,33.6152,0.5234,33.19,2030,H2,Jul-Dec
Mohammed Shami,India,Pace Bowler,40.75,0.0,0,180.0,-0.0391,0,0,0.0,4.42,73.38,5.73,11.69,0.0,17.9811,0.0161,18.13,2030,H2,Jul-Dec
Mohammed Siraj,India,Pace Bowler,36.75,0.75,1,208.2857,1.0389,1,0,0.0,2.63,135.69,32.18,10.46,0.0,42.0071,0.522,41.09,2030,H2,Jul-Dec
Mukesh Kumar,India,Pace Bowler,36.75,0.3125,1,73.5,-2.0445,0,1,14.17,0.0,86.15,0.07,13.97,0.0,16.1284,0.0028,16.43,2030,H2,Jul-Dec
Nithish Kumar Reddy,India,Batting All-Rounder,27.75,1.0,1,770.0,-3.183,0,1,0.0,21.5,136.68,0.0,0.0,0.0,31.9984,0.925,32.51,2030,H2,Jul-Dec
Prabhsimran Singh,India,Wicketkeeper,30.75,1.0,1,108.0,-0.1166,0,0,189.21,32.23,122.74,0.0,0.0,0.0,33.1882,0.0779,33.47,2030,H2,Jul-Dec
Prashant Veer,India,Bowling All-Rounder,28.75,1.0,1,68.0,0.7999,1,0,32.44,39.28,137.4,0.0,0.0,0.0,37.6548,0.0258,37.77,2030,H2,Jul-Dec
Prasidh Krishna,India,Pace Bowler,34.75,1.0,1,138.0,2.1223,1,0,9.77,13.2,87.06,33.66,11.87,0.0,36.7468,0.3739,36.91,2030,H2,Jul-Dec
Prince Yadav,India,Pace Bowler,29.75,1.0,1,98.0,1.4899,1,0,0.0,16.32,144.27,16.71,7.74,0.0,40.753,0.8179,40.72,2030,H2,Jul-Dec
Priyansh Arya,India,Top Order Batter,29.75,1.0,0,93.0,-0.3519,0,0,857.12,39.58,220.78,1.94,13.46,0.0,56.5996,0.8175,56.5,2030,H2,Jul-Dec
Rajat Patidar,India,Middle Order Batter,36.75,0.125,1,17.0,-0.8666,0,1,8.51,12.93,106.33,0.0,0.0,0.0,23.7342,0.8151,24.52,2030,H2,Jul-Dec
Ramandeep Singh,India,Batting All-Rounder,33.75,1.0,1,94.0,0.4274,0,0,148.78,34.91,145.22,0.0,0.0,0.0,38.0958,0.6173,38.24,2030,H2,Jul-Dec
Ravi Bishnoi,India,Spin Bowler,30.75,1.0,1,168.0,0.7192,1,0,24.6,29.08,83.53,14.47,10.33,0.0,31.8601,0.4742,31.87,2030,H2,Jul-Dec
Rinku Singh,India,Middle Order Batter,33.75,1.0,1,168.0,-0.1732,0,0,101.71,31.47,175.19,0.0,0.0,0.0,42.514,0.8589,42.57,2030,H2,Jul-Dec
Rishabh Pant,India,Wicketkeeper,32.75,1.0,1,258.0,-0.0922,0,0,415.78,40.04,97.14,0.0,0.0,0.0,31.4094,0.9361,31.79,2030,H2,Jul-Dec
Riyan Parag,India,Batting All-Rounder,28.75,1.0,1,168.0,-1.6051,0,1,199.35,19.54,148.01,0.0,0.0,0.0,34.057,0.0294,34.31,2030,H2,Jul-Dec
Sai Sudharsan,India,Top Order Batter,28.75,1.0,1,76.0,-2.2145,0,1,53.23,8.23,94.24,0.0,0.0,0.0,20.1613,0.0446,21.02,2030,H2,Jul-Dec
Sakib Hussain,India,Pace Bowler,25.75,1.0,1,44.0,-1.0797,0,1,38.08,6.44,88.82,4.58,10.15,0.0,21.2016,0.0107,21.44,2030,H2,Jul-Dec
Salil Arora,India,Wicketkeeper,27.75,1.0,1,86.0,-0.0849,0,0,176.2,26.0,143.86,0.0,0.0,0.0,35.1933,0.1737,35.41,2030,H2,Jul-Dec
Sanju Samson,India,Wicketkeeper,35.75,0.85,0,252.0,0.3517,0,0,107.0,43.16,147.11,0.0,0.0,0.0,40.8566,0.1933,40.72,2030,H2,Jul-Dec
Sarfaraz Khan,India,Middle Order Batter,32.75,1.0,1,62.0,-0.8484,0,1,47.25,28.3,103.75,0.0,0.0,0.0,28.0549,0.0769,28.77,2030,H2,Jul-Dec
Sarthak Ranjan,India,Middle Order Batter,27.75,1.0,1,46.0,0.1947,0,0,128.96,31.01,132.28,0.0,0.0,0.0,34.4334,0.1992,34.59,2030,H2,Jul-Dec
Shardul Thakur,India,Bowling All-Rounder,38.75,0.25,1,169.2,-0.5712,0,1,158.52,19.09,96.05,5.78,12.68,0.0,27.0643,0.0014,27.65,2030,H2,Jul-Dec
Shivam Dube,India,Batting All-Rounder,37.75,0.6562,1,194.75,1.0385,1,0,88.03,46.79,132.91,0.0,0.0,0.0,39.2624,0.0784,39.75,2030,H2,Jul-Dec
Shreyas Iyer,India,Middle Order Batter,35.75,0.8125,1,210.5,-0.4469,0,0,608.18,10.21,131.26,0.0,0.0,0.0,29.188,0.0414,29.69,2030,H2,Jul-Dec
Shubman Gill,India,Top Order Batter,31.75,1.0,1,178.0,-2.0093,0,1,65.72,37.39,141.74,0.0,0.0,0.0,37.9782,0.6571,38.08,2030,H2,Jul-Dec
Suryakumar Yadav,India,Middle Order Batter,40.75,0.0,0,300.0,-0.7683,0,1,178.78,19.89,146.52,0.0,0.0,0.0,33.8298,0.0199,34.45,2030,H2,Jul-Dec
Suryansh Shedge,India,Batting All-Rounder,26.75,1.0,1,54.0,-0.081,0,0,26.88,46.46,97.9,0.0,0.0,0.0,32.4569,0.0271,32.67,2030,H2,Jul-Dec
Tejasvi Dahiya,India,Wicketkeeper,26.75,1.0,1,57.0,-0.261,0,0,84.32,41.44,129.82,0.0,0.0,0.0,37.0402,0.1899,37.17,2030,H2,Jul-Dec
Tilak Varma,India,Middle Order Batter,27.75,1.0,1,160.0,0.6118,1,0,334.64,47.23,115.56,0.0,0.0,0.0,36.8265,0.8046,36.92,2030,H2,Jul-Dec
Tushar Deshpande,India,Pace Bowler,35.75,0.8125,1,79.5,1.157,1,0,0.04,16.68,109.13,7.09,8.21,0.0,29.5456,0.1513,29.83,2030,H2,Jul-Dec
Vaibhav Suryavanshi,India,Top Order Batter,19.75,1.0,1,72.0,1.4098,1,0,377.97,11.5,215.18,0.0,0.0,0.0,44.63,0.9483,44.86,2030,H2,Jul-Dec
Varun Chakravarthy,India,Spin Bowler,39.75,0.2083,1,157.6667,-0.7789,0,1,64.6,2.67,103.39,4.72,8.08,0.0,23.2464,0.1008,23.43,2030,H2,Jul-Dec
Washington Sundar,India,Bowling All-Rounder,30.75,1.0,1,188.0,1.6614,1,0,613.53,34.71,162.81,9.26,8.4,0.0,47.7615,0.0106,47.72,2030,H2,Jul-Dec
Yash Thakur,India,Pace Bowler,30.75,1.0,1,50.0,0.6618,1,0,0.0,13.65,123.29,11.62,7.5,0.0,33.6101,0.8189,33.76,2030,H2,Jul-Dec
Yashasvi Jaiswal,India,Top Order Batter,28.75,1.0,1,138.0,-1.196,0,1,383.21,27.5,129.95,0.0,0.0,0.0,33.6162,0.3037,33.85,2030,H2,Jul-Dec
Adam Leckey,Ireland,Pace Bowler,25.75,1.0,1,58.0,1.5556,1,0,64.43,19.5,131.04,27.2,7.58,0.0,44.5425,0.84,44.52,2030,H2,Jul-Dec
Andrew Balbirnie,Ireland,Top Order Batter,39.75,0.0,0,210.0,-1.5368,0,1,89.97,25.25,119.38,0.0,0.0,0.0,30.1579,0.0197,30.64,2030,H2,Jul-Dec
Andy McBrine,Ireland,Bowling All-Rounder,37.75,0.5417,1,139.3333,0.2661,0,0,293.5,26.19,117.84,20.24,9.51,0.0,41.019,0.0047,39.74,2030,H2,Jul-Dec
Barry McCarthy,Ireland,Pace Bowler,37.75,0.0,0,122.0,-1.1615,0,1,18.37,14.1,100.13,7.79,11.55,0.0,26.9961,0.0249,27.51,2030,H2,Jul-Dec
Ben Calitz,Ireland,Middle Order Batter,29.75,1.0,1,76.0,1.7128,1,0,642.54,43.39,169.24,0.0,0.0,0.0,46.5148,0.8824,46.63,2030,H2,Jul-Dec
Ben White,Ireland,Spin Bowler,31.75,1.0,1,109.0,-0.2689,0,0,59.66,14.88,109.65,33.14,8.57,0.0,41.7949,0.7139,41.92,2030,H2,Jul-Dec
Cade Carmichael,Ireland,Middle Order Batter,28.75,1.0,1,86.0,1.8287,1,0,701.55,43.65,161.48,0.0,0.0,0.0,45.3053,0.8768,45.37,2030,H2,Jul-Dec
Chris de Freitas,Ireland,Top Order Batter,29.75,1.0,1,63.0,1.464,1,0,346.82,35.54,156.5,0.0,0.0,0.0,40.9331,0.7988,40.98,2030,H2,Jul-Dec
Cian Carmichael,Ireland,Middle Order Batter,28.75,1.0,1,56.0,1.7146,1,0,271.29,37.88,153.89,0.0,0.0,0.0,40.9556,0.762,41.06,2030,H2,Jul-Dec
Craig Young,Ireland,Pace Bowler,38.75,0.0625,1,103.0,-0.605,0,1,15.29,11.42,101.25,8.77,11.26,0.0,26.8818,0.0229,27.46,2030,H2,Jul-Dec
Curtis Campher,Ireland,Bowling All-Rounder,31.75,1.0,1,176.0,-0.185,0,0,614.21,35.55,141.4,30.11,9.06,0.0,53.9976,0.0113,53.84,2030,H2,Jul-Dec
Fionn Hand,Ireland,Pace Bowler,32.75,1.0,1,127.0,-0.18,0,0,65.78,12.54,110.84,30.38,9.69,0.0,39.8032,0.589,39.77,2030,H2,Jul-Dec
Gareth Delany,Ireland,Batting All-Rounder,33.75,1.0,1,150.0,-0.242,0,0,472.26,27.79,137.79,18.08,9.22,0.0,44.7181,0.5482,44.72,2030,H2,Jul-Dec
Gavin Hoey,Ireland,Spin Bowler,27.75,1.0,1,90.0,1.7968,1,0,300.52,37.64,176.04,37.99,7.11,0.0,64.4705,0.983,66.98,2030,H2,Jul-Dec
Gavin Roulston,Ireland,Middle Order Batter,27.75,1.0,1,66.0,2.2199,1,0,406.29,46.02,158.26,0.0,0.0,0.0,44.6261,0.8395,44.87,2030,H2,Jul-Dec
George Dockrell,Ireland,Batting All-Rounder,37.75,0.3125,1,175.5,-0.9186,0,1,163.65,21.2,107.92,6.84,10.06,0.0,30.7263,0.0036,31.05,2030,H2,Jul-Dec
Graham Hume,Ireland,Pace Bowler,39.75,0.0,0,112.0,-0.8702,0,1,15.23,12.68,106.98,8.04,10.95,0.0,28.017,0.04,28.3,2030,H2,Jul-Dec
Harry Tector,Ireland,Middle Order Batter,30.75,1.0,1,195.0,0.5617,1,0,939.32,38.47,140.21,1.45,9.46,0.0,41.6171,0.5679,41.59,2030,H2,Jul-Dec
Jai Moondra,Ireland,Pace Bowler,27.75,1.0,1,65.0,1.2794,1,0,56.38,16.3,125.98,29.02,7.86,0.0,43.416,0.7502,43.36,2030,H2,Jul-Dec
Jake Egan,Ireland,Top Order Batter,26.75,1.0,1,62.0,2.0547,1,0,486.25,48.63,181.01,0.0,0.0,0.0,49.8899,0.9661,49.97,2030,H2,Jul-Dec
James West,Ireland,Top Order Batter,27.75,1.0,1,64.0,1.9257,1,0,438.87,43.89,167.21,0.0,0.0,0.0,45.7352,0.9434,45.89,2030,H2,Jul-Dec
Jordan Neill,Ireland,Pace Bowler,28.75,1.0,1,79.0,0.7448,1,0,59.75,13.14,122.93,30.3,8.01,0.0,42.4776,0.7061,42.46,2030,H2,Jul-Dec
Josh Little,Ireland,Pace Bowler,30.75,1.0,1,142.0,-0.6058,0,1,54.94,21.39,126.33,32.38,8.35,0.0,46.5599,0.8136,46.48,2030,H2,Jul-Dec
Liam McCarthy,Ireland,Pace Bowler,31.75,1.0,1,85.0,0.9,1,0,67.16,14.89,113.44,31.51,9.11,0.0,41.6451,0.5928,41.61,2030,H2,Jul-Dec
Lorcan Tucker,Ireland,Wicketkeeper,34.75,1.0,1,150.0,0.6262,1,0,672.39,30.56,133.77,0.0,0.0,0.0,36.0504,0.3443,36.25,2030,H2,Jul-Dec
Luke Murray,Ireland,Wicketkeeper,27.75,1.0,1,59.0,2.0995,1,0,379.24,41.45,154.12,0.0,0.0,0.0,42.3828,0.6648,42.45,2030,H2,Jul-Dec
Mark Adair,Ireland,Bowling All-Rounder,34.75,0.75,1,193.0,-2.7203,0,1,161.51,18.46,117.17,18.32,10.82,0.0,37.0742,0.0077,36.2,2030,H2,Jul-Dec
Matt Hollard,Ireland,Batting All-Rounder,27.75,1.0,1,67.0,2.2392,1,0,350.1,40.36,169.11,22.46,7.78,0.0,56.4644,0.9028,56.36,2030,H2,Jul-Dec
Matthew Foster,Ireland,Pace Bowler,30.75,1.0,1,76.0,0.9301,1,0,66.34,14.95,119.5,31.09,8.41,0.0,42.7114,0.6261,42.69,2030,H2,Jul-Dec
Matthew Humphreys,Ireland,Spin Bowler,27.75,1.0,1,93.0,0.3361,0,0,85.27,15.85,124.79,35.55,7.76,0.0,46.3171,0.9469,46.2,2030,H2,Jul-Dec
Morgan Topping,Ireland,Middle Order Batter,26.75,1.0,1,70.0,1.9243,1,0,567.76,44.9,180.36,0.0,0.0,0.0,48.85,0.919,49.02,2030,H2,Jul-Dec
Neil Rock,Ireland,Wicketkeeper,29.75,1.0,1,99.0,1.1088,1,0,434.96,34.97,148.5,0.0,0.0,0.0,39.5042,0.5387,39.53,2030,H2,Jul-Dec
Paul Stirling,Ireland,Top Order Batter,39.75,0.0417,1,361.3333,-3.9428,0,1,132.79,20.98,114.56,0.06,11.24,0.0,28.3949,0.0048,29.01,2030,H2,Jul-Dec
Peter Moor,Ireland,Wicketkeeper,39.75,0.2083,1,111.6667,-0.7194,0,1,13.52,17.73,106.2,0.0,0.0,0.0,25.1905,0.0108,25.79,2030,H2,Jul-Dec
Reuben Wilson,Ireland,Pace Bowler,25.75,1.0,1,69.0,2.0247,1,0,183.89,33.48,179.52,35.57,6.94,0.0,62.4068,0.9613,61.95,2030,H2,Jul-Dec
Ross Adair,Ireland,Top Order Batter,35.75,0.9062,1,110.25,1.0886,1,0,683.54,35.26,144.79,0.0,0.0,0.0,39.5752,0.6219,39.09,2030,H2,Jul-Dec
Sam Topping,Ireland,Top Order Batter,27.75,1.0,1,72.0,2.1039,1,0,567.74,47.24,174.11,0.0,0.0,0.0,48.3978,0.9528,48.34,2030,H2,Jul-Dec
Scott Macbeth,Ireland,Pace Bowler,29.75,1.0,1,60.0,1.3168,1,0,64.47,18.76,122.14,26.73,7.97,0.0,42.3408,0.7236,42.3,2030,H2,Jul-Dec
Seamus Lynch,Ireland,Wicketkeeper,28.75,1.0,1,69.0,1.9137,1,0,494.43,43.47,168.09,0.0,0.0,0.0,45.9221,0.8188,45.95,2030,H2,Jul-Dec
Sebastian Dijkstra,Ireland,Top Order Batter,26.75,1.0,1,55.0,1.7423,1,0,340.29,42.6,174.2,0.0,0.0,0.0,46.3787,0.9192,46.51,2030,H2,Jul-Dec
Stephen Doheny,Ireland,Wicketkeeper,30.75,1.0,1,86.0,1.3805,1,0,608.84,39.45,161.32,0.0,0.0,0.0,43.74,0.6868,43.83,2030,H2,Jul-Dec
Theo van Woerkom,Ireland,Pace Bowler,34.75,1.0,1,92.0,0.3037,0,0,53.28,12.28,103.97,21.5,10.67,0.0,33.9826,0.0772,33.87,2030,H2,Jul-Dec
Tim Tector,Ireland,Top Order Batter,27.75,1.0,1,79.0,1.835,1,0,571.63,39.04,156.33,0.0,0.0,0.0,42.5817,0.8638,42.57,2030,H2,Jul-Dec
Tom Mayes,Ireland,Pace Bowler,28.75,1.0,1,74.0,1.4192,1,0,80.52,18.25,129.38,34.22,7.88,0.0,47.225,0.8729,47.29,2030,H2,Jul-Dec
Adam Milne,New Zealand,Pace Bowler,38.75,0.0,0,205.0,-2.7416,0,1,9.32,12.86,103.99,3.81,10.95,0.0,25.4502,0.0099,25.96,2030,H2,Jul-Dec
Adithya Ashok,New Zealand,Spin Bowler,27.75,1.0,1,72.0,0.5063,1,0,73.35,13.52,129.67,29.67,7.5,0.0,43.6975,0.9027,43.8,2030,H2,Jul-Dec
Ajaz Patel,New Zealand,Spin Bowler,41.75,0.0,0,87.0,-2.1014,0,1,0.03,5.75,79.9,0.45,8.71,0.0,17.4393,0.0062,17.61,2030,H2,Jul-Dec
Ben Lister,New Zealand,Pace Bowler,34.75,1.0,1,117.0,0.2451,0,0,62.09,15.58,105.68,33.52,10.47,0.0,41.176,0.4314,41.07,2030,H2,Jul-Dec
Ben Sears,New Zealand,Pace Bowler,32.75,1.0,1,112.0,0.6785,1,0,50.94,16.02,115.19,41.3,9.04,0.0,47.023,0.7393,46.89,2030,H2,Jul-Dec
Benjamin Jacobs,New Zealand,Middle Order Batter,28.75,1.0,1,63.0,1.7755,1,0,400.18,39.67,165.86,0.0,0.0,0.0,44.0883,0.7976,44.14,2030,H2,Jul-Dec
Bharat Popli,New Zealand,Middle Order Batter,38.75,0.25,1,76.2,0.6414,1,0,201.62,26.62,119.21,0.0,0.0,0.0,30.8481,0.0434,31.38,2030,H2,Jul-Dec
Blair Tickner,New Zealand,Pace Bowler,36.75,0.3125,1,115.5,-1.5152,0,1,13.72,11.36,106.06,8.93,10.54,0.0,27.9158,0.0274,28.13,2030,H2,Jul-Dec
Cole McConchie,New Zealand,Batting All-Rounder,34.75,1.0,1,129.0,0.317,0,0,407.21,24.85,114.76,14.52,10.13,0.0,37.489,0.9393,37.53,2030,H2,Jul-Dec
Curtis Heaphy,New Zealand,Batting All-Rounder,28.75,1.0,1,72.0,2.177,1,0,545.75,38.93,162.96,22.68,8.1,0.0,55.4491,0.8079,55.32,2030,H2,Jul-Dec
Dane Cleaver,New Zealand,Wicketkeeper,37.75,0.3125,1,89.5,0.3728,0,0,186.77,26.79,124.87,0.0,0.0,0.0,31.9168,0.0102,32.38,2030,H2,Jul-Dec
Daryl Foxcroft,New Zealand,Batting All-Rounder,31.75,1.0,1,99.0,2.694,1,0,692.48,41.21,154.97,21.95,8.89,0.0,54.5529,0.6149,54.23,2030,H2,Jul-Dec
Daryl Mitchell,New Zealand,Batting All-Rounder,39.75,0.0,0,176.0,-2.055,0,1,96.61,25.57,125.22,1.35,10.47,0.0,32.4018,0.0016,32.67,2030,H2,Jul-Dec
Devon Conway,New Zealand,Wicketkeeper,39.75,0.2083,1,191.6667,-1.1313,0,1,195.08,28.38,117.77,0.0,0.0,0.0,31.0993,0.0052,31.66,2030,H2,Jul-Dec
Finn Allen,New Zealand,Top Order Batter,31.75,1.0,1,208.0,-0.609,0,1,867.84,36.61,173.69,0.0,0.0,0.0,45.8859,0.9869,45.95,2030,H2,Jul-Dec
Fraser Sheat,New Zealand,Pace Bowler,28.75,1.0,1,73.0,1.0563,1,0,67.84,15.25,120.33,30.45,8.21,0.0,42.6909,0.6381,42.69,2030,H2,Jul-Dec
Glenn Phillips,New Zealand,Batting All-Rounder,34.75,1.0,1,248.0,-1.0925,0,1,757.76,30.08,146.75,16.35,9.68,0.0,46.961,0.4254,47.02,2030,H2,Jul-Dec
Henry Nicholls,New Zealand,Top Order Batter,39.75,0.0,0,92.0,-0.8467,0,1,21.09,13.99,96.28,0.0,0.0,0.0,22.2153,0.0237,23.28,2030,H2,Jul-Dec
Ish Sodhi,New Zealand,Spin Bowler,37.75,0.0,0,190.0,-2.8392,0,1,2.27,9.07,87.47,2.61,8.81,0.0,20.9019,0.0176,21.29,2030,H2,Jul-Dec
Jacob Cumming,New Zealand,Top Order Batter,28.75,1.0,1,69.0,1.6302,1,0,557.54,39.06,166.65,0.0,0.0,0.0,44.4769,0.8771,44.69,2030,H2,Jul-Dec
Jacob Duffy,New Zealand,Pace Bowler,35.75,0.85,1,110.0,0.6264,1,0,52.38,13.23,107.4,36.6,9.93,0.0,42.3126,0.2399,42.32,2030,H2,Jul-Dec
Jayden Lennox,New Zealand,Pace Bowler,28.75,1.0,1,59.0,1.422,1,0,48.36,15.03,120.52,28.08,8.18,0.0,41.4651,0.632,41.41,2030,H2,Jul-Dec
Jesse Tashkoff,New Zealand,Batting All-Rounder,31.75,1.0,1,77.0,1.9317,1,0,505.28,32.01,142.1,21.57,9.23,0.0,48.59,0.5363,48.59,2030,H2,Jul-Dec
Jimmy Neesham,New Zealand,Bowling All-Rounder,39.75,0.0417,1,226.3333,-1.7576,0,1,80.67,20.15,120.54,4.93,11.02,0.0,31.4973,0.0009,31.77,2030,H2,Jul-Dec
Josh Clarkson,New Zealand,Batting All-Rounder,33.75,1.0,1,103.0,1.7479,1,0,634.52,31.5,138.8,20.46,9.52,0.0,47.5878,0.5084,47.49,2030,H2,Jul-Dec
Katene Clarke,New Zealand,Middle Order Batter,29.75,1.0,1,75.0,1.3911,1,0,530.11,36.09,159.5,0.0,0.0,0.0,42.1594,0.7929,42.22,2030,H2,Jul-Dec
Kristian Clarke,New Zealand,Bowling All-Rounder,28.75,1.0,1,69.0,2.0148,1,0,463.06,32.78,152.83,24.19,8.39,0.0,52.1271,0.0164,52.0,2030,H2,Jul-Dec
Kyle Jamieson,New Zealand,Pace Bowler,35.75,0.625,1,117.0,-0.7898,0,1,39.12,10.0,103.21,17.13,10.84,0.0,30.9708,0.0111,31.2,2030,H2,Jul-Dec
Lachlan Stackpole,New Zealand,Middle Order Batter,27.75,1.0,1,60.0,1.5963,1,0,384.67,37.68,169.37,0.0,0.0,0.0,44.0935,0.8883,44.26,2030,H2,Jul-Dec
Lockie Ferguson,New Zealand,Pace Bowler,39.75,0.0,0,137.0,-1.4912,0,1,7.97,11.35,105.98,5.65,10.99,0.0,26.2429,0.0356,26.92,2030,H2,Jul-Dec
Mark Chapman,New Zealand,Middle Order Batter,35.75,0.875,1,176.0,-0.1849,0,0,536.73,30.15,138.22,10.66,9.56,0.0,42.0521,0.4056,41.12,2030,H2,Jul-Dec
Matt Bacon,New Zealand,Pace Bowler,35.75,0.8125,1,73.5,0.496,0,0,33.49,8.34,93.91,19.41,10.95,0.0,29.8024,0.0189,29.73,2030,H2,Jul-Dec
Matt Henry,New Zealand,Pace Bowler,38.75,0.0,0,151.0,-1.2099,0,1,9.41,9.53,103.42,7.0,10.32,0.0,25.9445,0.0265,26.34,2030,H2,Jul-Dec
Matthew Boyle,New Zealand,Top Order Batter,28.75,1.0,1,67.0,1.8639,1,0,472.67,40.79,167.47,0.0,0.0,0.0,44.9282,0.9291,44.99,2030,H2,Jul-Dec
Matthew Fisher,New Zealand,Pace Bowler,29.75,1.0,1,62.0,1.1706,1,0,45.35,12.66,121.3,30.16,7.96,0.0,41.93,0.6451,41.94,2030,H2,Jul-Dec
Max Chu,New Zealand,Wicketkeeper,31.75,1.0,1,69.0,1.7809,1,0,454.12,39.0,160.5,0.0,0.0,0.0,43.029,0.6495,43.08,2030,H2,Jul-Dec
Michael Bracewell,New Zealand,Batting All-Rounder,39.75,0.0,0,130.0,0.2842,0,0,157.41,30.41,132.14,6.87,9.91,0.0,38.082,0.0089,37.7,2030,H2,Jul-Dec
Michael Rae,New Zealand,Pace Bowler,35.75,0.875,1,79.0,0.3883,0,0,31.07,10.59,101.0,20.47,10.15,0.0,32.4165,0.0295,32.04,2030,H2,Jul-Dec
Mitchell Hay,New Zealand,Wicketkeeper,34.75,1.0,1,100.0,1.6301,1,0,583.26,33.75,132.82,0.0,0.0,0.0,36.6058,0.1163,36.73,2030,H2,Jul-Dec
Mitchell Santner,New Zealand,Spin Bowler,38.75,0.0,0,235.0,-1.1739,0,1,117.94,25.94,118.03,8.49,8.72,0.0,34.9409,0.0586,34.77,2030,H2,Jul-Dec
Muhammad Abbas,New Zealand,Middle Order Batter,29.75,1.0,1,50.0,0.4289,0,0,50.7,14.63,124.02,0.0,0.0,0.0,27.6722,0.1644,28.62,2030,H2,Jul-Dec
Nathan Smith,New Zealand,Pace Bowler,31.75,1.0,1,108.0,1.0242,1,0,213.69,27.22,144.58,33.12,8.89,0.0,52.4426,0.9286,52.13,2030,H2,Jul-Dec
Nicholas Kelly,New Zealand,Top Order Batter,34.75,1.0,1,82.0,1.5429,1,0,559.42,31.27,141.78,0.0,0.0,0.0,37.4565,0.6479,37.65,2030,H2,Jul-Dec
Rachin Ravindra,New Zealand,Batting All-Rounder,30.75,1.0,1,129.0,1.1799,1,0,973.09,42.71,169.21,25.77,8.12,0.0,60.424,0.9461,59.48,2030,H2,Jul-Dec
Rhys Mariu,New Zealand,Middle Order Batter,28.75,1.0,1,81.0,1.561,1,0,573.6,36.03,153.88,0.0,0.0,0.0,41.2096,0.792,41.19,2030,H2,Jul-Dec
Rohit Gulati,New Zealand,Middle Order Batter,28.75,1.0,1,58.0,1.37,1,0,296.19,32.93,155.8,0.0,0.0,0.0,39.8671,0.7929,39.89,2030,H2,Jul-Dec
Simon Johnston,New Zealand,Top Order Batter,27.75,1.0,1,62.0,1.7344,1,0,337.8,40.2,159.99,0.0,0.0,0.0,42.9845,0.8565,43.08,2030,H2,Jul-Dec
Simon Keene,New Zealand,Pace Bowler,28.75,1.0,1,62.0,1.3555,1,0,61.79,17.98,118.13,26.6,8.3,0.0,41.2169,0.5718,41.26,2030,H2,Jul-Dec
Tim Pringle,New Zealand,Spin Bowler,26.75,1.0,1,77.0,2.0348,1,0,449.61,40.23,181.08,34.38,7.22,0.0,64.8326,0.9822,66.99,2030,H2,Jul-Dec
Tim Robinson,New Zealand,Middle Order Batter,27.75,1.0,1,92.0,1.8791,1,0,961.84,46.89,184.81,0.0,0.0,0.0,51.3598,0.961,51.31,2030,H2,Jul-Dec
Tim Seifert,New Zealand,Wicketkeeper,35.75,0.75,1,218.0,-0.0866,0,0,621.17,31.92,133.44,0.0,0.0,0.0,36.2653,0.0283,36.43,2030,H2,Jul-Dec
Tim Southee,New Zealand,Pace Bowler,41.75,0.0,0,220.0,-3.6596,0,1,0.0,2.31,82.5,0.0,13.53,0.0,16.1113,0.0049,16.61,2030,H2,Jul-Dec
Tom Blundell,New Zealand,Wicketkeeper,39.75,0.3214,1,84.0,-0.1062,0,0,99.37,19.91,107.03,0.0,0.0,0.0,26.2449,0.0049,27.04,2030,H2,Jul-Dec
Tom Latham,New Zealand,Wicketkeeper,38.75,0.4643,1,145.4286,-0.706,0,1,113.61,21.28,112.33,0.0,0.0,0.0,27.6922,0.005,28.47,2030,H2,Jul-Dec
Trent Boult,New Zealand,Pace Bowler,41.75,0.0,0,168.0,-3.7224,0,1,0.03,5.23,86.4,0.0,13.09,0.0,17.7652,0.0044,18.26,2030,H2,Jul-Dec
Will ORourke,New Zealand,Pace Bowler,29.75,1.0,1,90.0,1.0569,1,0,81.57,18.41,122.95,39.62,8.53,0.0,48.5608,0.8828,48.45,2030,H2,Jul-Dec
Will Young,New Zealand,Top Order Batter,38.75,0.375,1,127.0,0.3727,0,0,232.71,26.48,111.15,0.0,0.0,0.0,29.3845,0.0275,29.72,2030,H2,Jul-Dec
Zak Foulkes,New Zealand,Bowling All-Rounder,28.75,1.0,1,84.0,2.7363,1,0,577.86,41.41,157.38,31.25,8.53,0.0,59.3172,0.0174,59.52,2030,H2,Jul-Dec
Zak Gibson,New Zealand,Pace Bowler,28.75,1.0,1,56.0,1.4501,1,0,47.11,14.64,117.92,26.39,8.5,0.0,39.9777,0.4572,39.87,2030,H2,Jul-Dec
Aamir Jamal,Pakistan,Bowling All-Rounder,34.75,1.0,1,116.0,-1.391,0,1,65.75,21.07,117.95,3.57,10.18,0.0,30.6956,0.0027,31.07,2030,H2,Jul-Dec
Abbas Afridi,Pakistan,Pace Bowler,29.75,1.0,1,110.0,-1.7444,0,1,25.93,11.31,146.85,9.76,7.94,0.0,36.367,0.3564,36.44,2030,H2,Jul-Dec
Abdul Faseeh,Pakistan,Top Order Batter,27.75,1.0,1,42.0,-0.0047,0,0,9.65,10.35,132.86,0.0,0.0,0.0,27.9036,0.2729,28.78,2030,H2,Jul-Dec
Abdul Faseeh Jr,Pakistan,Top Order Batter,27.75,1.0,1,43.0,1.0261,1,0,70.68,17.24,153.83,0.0,0.0,0.0,34.0915,0.1544,34.35,2030,H2,Jul-Dec
Abdul Samad,Pakistan,Middle Order Batter,28.75,1.0,1,120.0,-0.621,0,1,434.3,34.24,151.26,0.0,0.0,0.0,39.7948,0.7656,39.89,2030,H2,Jul-Dec
Abdullah Fazal,Pakistan,Middle Order Batter,31.75,1.0,1,76.0,0.4397,0,0,244.44,33.08,130.14,0.0,0.0,0.0,34.98,0.6083,35.17,2030,H2,Jul-Dec
Abdullah Shafique,Pakistan,Top Order Batter,30.75,1.0,1,150.0,-2.3273,0,1,332.26,37.71,135.98,0.0,0.0,0.0,37.7243,0.5234,37.81,2030,H2,Jul-Dec
Abrar Ahmed,Pakistan,Spin Bowler,31.75,1.0,1,130.0,-5.5395,0,1,64.47,16.97,124.09,4.04,7.85,0.0,31.2014,0.4314,31.63,2030,H2,Jul-Dec
Ahmed Daniyal,Pakistan,Pace Bowler,33.75,1.0,1,92.0,-1.319,0,1,77.28,17.46,135.76,10.7,9.52,0.0,36.4915,0.1223,36.49,2030,H2,Jul-Dec
Akif Javed,Pakistan,Pace Bowler,35.75,0.125,1,75.0,-2.4335,0,1,18.68,14.12,115.84,3.88,10.93,0.0,28.11,0.0064,28.89,2030,H2,Jul-Dec
Ali Raza,Pakistan,Pace Bowler,24.75,1.0,1,65.0,1.9702,1,0,161.43,26.88,181.18,38.0,7.33,0.0,61.7129,0.9162,61.94,2030,H2,Jul-Dec
Ali Usman,Pakistan,Spin Bowler,39.75,0.0,0,66.0,-2.4045,0,1,12.98,10.93,101.67,2.68,8.98,0.0,24.1568,0.0115,24.51,2030,H2,Jul-Dec
Arafat Minhas,Pakistan,Bowling All-Rounder,26.75,1.0,1,84.0,0.7105,1,0,367.19,38.57,162.41,16.06,7.49,0.0,51.681,0.0205,51.61,2030,H2,Jul-Dec
Asif Afridi,Pakistan,Spin Bowler,43.75,0.0,0,74.0,-3.7192,0,1,4.61,9.04,93.6,1.29,8.99,0.0,21.3748,0.0091,21.72,2030,H2,Jul-Dec
Awais Zafar,Pakistan,Middle Order Batter,35.75,0.8929,1,94.7143,-0.1196,0,0,179.11,29.13,123.35,0.0,0.0,0.0,32.3273,0.0711,32.66,2030,H2,Jul-Dec
Azam Khan,Pakistan,Middle Order Batter,31.75,1.0,1,143.0,-1.3978,0,1,409.09,32.66,163.29,0.0,0.0,0.0,41.4902,0.6654,41.55,2030,H2,Jul-Dec
Azan Awais,Pakistan,Top Order Batter,26.75,1.0,1,72.0,1.4657,1,0,426.75,51.12,158.64,0.0,0.0,0.0,46.3113,0.9158,46.35,2030,H2,Jul-Dec
Babar Azam,Pakistan,Top Order Batter,35.75,0.7083,1,321.6667,-4.002,0,1,491.5,38.48,115.26,0.0,0.0,0.0,34.5225,0.0435,35.09,2030,H2,Jul-Dec
Faheem Ashraf,Pakistan,Bowling All-Rounder,36.75,0.0833,1,156.6667,-5.63,0,1,103.24,25.39,131.15,4.29,9.28,0.0,35.0583,0.0007,35.09,2030,H2,Jul-Dec
Faisal Akram,Pakistan,Spin Bowler,27.75,1.0,1,83.0,-0.8802,0,1,55.83,13.77,138.63,15.25,7.44,0.0,38.4347,0.4081,38.41,2030,H2,Jul-Dec
Fakhar Zaman,Pakistan,Top Order Batter,40.75,0.0,0,250.0,-3.7993,0,1,149.91,29.95,128.5,0.0,0.0,0.0,33.4604,0.0159,34.14,2030,H2,Jul-Dec
Ghazi Ghori,Pakistan,Wicketkeeper,26.75,1.0,1,67.0,1.5715,1,0,302.71,44.11,154.64,0.0,0.0,0.0,43.085,0.5823,43.08,2030,H2,Jul-Dec
Haris Rauf,Pakistan,Pace Bowler,36.75,0.0,0,176.0,-5.3646,0,1,17.64,12.8,115.39,4.56,10.14,0.0,28.0437,0.0088,28.67,2030,H2,Jul-Dec
Hasan Ali,Pakistan,Pace Bowler,35.75,0.125,1,189.0,-6.3549,0,1,64.54,11.22,126.24,6.58,10.36,0.0,30.6644,0.0311,31.11,2030,H2,Jul-Dec
Haseebullah Khan,Pakistan,Wicketkeeper,26.75,1.0,1,87.0,0.7097,1,0,484.54,41.23,167.62,0.0,0.0,0.0,45.1229,0.8671,45.25,2030,H2,Jul-Dec
Hassan Nawaz,Pakistan,Middle Order Batter,26.75,1.0,1,75.0,2.7233,1,0,771.49,62.65,200.78,0.0,0.0,0.0,58.6417,0.9534,57.78,2030,H2,Jul-Dec
Hussain Talat,Pakistan,Batting All-Rounder,34.75,0.625,1,139.0,-2.7353,0,1,249.28,26.3,125.52,4.34,9.58,0.0,34.6609,0.0012,34.79,2030,H2,Jul-Dec
Iftikhar Ahmed,Pakistan,Batting All-Rounder,39.75,0.0,0,220.0,-5.7398,0,1,123.53,28.38,122.53,2.46,9.63,0.0,33.4794,0.0013,33.68,2030,H2,Jul-Dec
Imad Wasim,Pakistan,Bowling All-Rounder,41.75,0.0,0,300.0,-14.1405,0,1,0.0,16.78,102.85,0.06,10.13,0.0,24.6934,0.0008,25.19,2030,H2,Jul-Dec
Imam-ul-Haq,Pakistan,Top Order Batter,34.75,0.75,1,171.0,-2.0171,0,1,171.03,32.89,114.72,0.0,0.0,0.0,31.8427,0.0222,32.16,2030,H2,Jul-Dec
Irfan Khan,Pakistan,Top Order Batter,28.75,1.0,1,101.0,1.185,1,0,516.9,47.01,150.05,0.0,0.0,0.0,43.6958,0.9055,43.83,2030,H2,Jul-Dec
Jahandad Khan,Pakistan,Bowling All-Rounder,27.75,1.0,1,80.0,1.3953,1,0,386.24,47.53,181.91,14.58,7.31,0.0,57.4404,0.0287,57.74,2030,H2,Jul-Dec
Kamran Ghulam,Pakistan,Top Order Batter,34.75,1.0,1,129.0,0.1517,0,0,374.05,31.44,115.72,0.0,0.0,0.0,32.1378,0.0857,32.51,2030,H2,Jul-Dec
Kashif Ali,Pakistan,Pace Bowler,28.75,1.0,1,77.0,-0.4077,0,0,102.56,17.63,146.32,12.9,8.47,0.0,39.8225,0.4076,39.83,2030,H2,Jul-Dec
Khawaja Nafay,Pakistan,Wicketkeeper,28.75,1.0,1,89.0,1.7416,1,0,679.73,50.83,170.83,0.0,0.0,0.0,49.1866,0.833,49.22,2030,H2,Jul-Dec
Khurram Shahzad,Pakistan,Pace Bowler,35.75,0.75,1,95.2857,-1.5299,0,1,53.86,14.35,115.82,9.72,10.01,0.0,31.2106,0.0087,31.59,2030,H2,Jul-Dec
Khushdil Shah,Pakistan,Batting All-Rounder,35.75,0.7083,1,171.6667,-4.2287,0,1,352.67,29.86,134.22,6.41,9.81,0.0,38.6239,0.0066,38.28,2030,H2,Jul-Dec
Maaz Sadaqat,Pakistan,Batting All-Rounder,25.75,1.0,1,70.0,2.134,1,0,496.59,54.45,189.32,12.67,7.26,0.0,60.327,0.9123,59.56,2030,H2,Jul-Dec
Mir Hamza,Pakistan,Pace Bowler,37.75,0.5417,1,77.3333,-1.4398,0,1,12.14,6.61,98.25,5.25,11.26,0.0,23.1393,0.0061,23.35,2030,H2,Jul-Dec
Mohammad Abbas,Pakistan,Pace Bowler,40.75,0.0417,1,50.3333,-1.1655,0,1,6.83,6.38,88.22,1.97,11.97,0.0,19.5237,0.0039,19.93,2030,H2,Jul-Dec
Mohammad Ali,Pakistan,Pace Bowler,36.75,0.5417,1,93.3333,-1.8843,0,1,39.85,10.81,119.31,8.07,10.81,0.0,29.8455,0.0146,30.23,2030,H2,Jul-Dec
Mohammad Amir,Pakistan,Pace Bowler,38.75,0.05,1,243.6,-10.3315,0,1,0.0,6.42,91.31,0.01,11.46,0.0,19.1953,0.0038,19.62,2030,H2,Jul-Dec
Mohammad Faiq,Pakistan,Middle Order Batter,27.75,1.0,1,66.0,1.9892,1,0,375.75,47.06,185.39,0.0,0.0,0.0,49.9279,0.8437,49.95,2030,H2,Jul-Dec
Mohammad Haris,Pakistan,Wicketkeeper,29.75,1.0,1,133.0,0.4973,0,0,679.1,37.55,164.93,0.0,0.0,0.0,44.0244,0.6048,44.04,2030,H2,Jul-Dec
Mohammad Hasnain,Pakistan,Pace Bowler,30.75,1.0,1,166.0,-3.9654,0,1,48.61,11.34,140.18,16.3,8.48,0.0,38.2507,0.168,38.2,2030,H2,Jul-Dec
Mohammad Huraira,Pakistan,Middle Order Batter,28.75,1.0,1,96.0,1.4568,1,0,680.98,47.43,160.57,0.0,0.0,0.0,46.2347,0.8212,46.35,2030,H2,Jul-Dec
Mohammad Nawaz,Pakistan,Bowling All-Rounder,36.75,0.45,1,230.8,-7.9443,0,1,171.27,23.01,125.46,8.17,8.87,0.0,35.3973,0.0012,35.04,2030,H2,Jul-Dec
Mohammad Rizwan,Pakistan,Wicketkeeper,38.75,0.2083,1,247.6667,-3.8979,0,1,186.58,36.68,110.4,0.0,0.0,0.0,32.2364,0.0044,32.51,2030,H2,Jul-Dec
Mohammad Wasim,Pakistan,Pace Bowler,29.75,1.0,1,124.0,-2.8649,0,1,62.36,14.58,149.28,14.76,7.66,0.0,40.4004,0.3444,40.41,2030,H2,Jul-Dec
Mubasir Khan,Pakistan,Bowling All-Rounder,28.75,1.0,1,104.0,0.1503,0,0,387.06,38.15,165.69,15.2,7.47,0.0,51.8077,0.008,51.61,2030,H2,Jul-Dec
Naseem Shah,Pakistan,Pace Bowler,27.75,1.0,1,140.0,-3.2703,0,1,52.04,12.96,135.69,16.79,7.9,0.0,38.2689,0.2034,38.27,2030,H2,Jul-Dec
Noman Ali,Pakistan,Spin Bowler,44.75,0.0,0,45.0,-0.9245,0,1,5.03,6.04,80.71,2.78,8.36,0.0,18.8845,0.0107,19.41,2030,H2,Jul-Dec
Omair Yousuf,Pakistan,Top Order Batter,32.75,1.0,1,106.0,0.3171,0,0,390.26,32.65,127.44,0.0,0.0,0.0,34.7405,0.4926,34.9,2030,H2,Jul-Dec
Qasim Akram,Pakistan,Batting All-Rounder,27.75,1.0,1,111.0,0.4116,0,0,238.5,31.67,159.22,11.37,7.47,0.0,46.3617,0.5628,46.48,2030,H2,Jul-Dec
Saad Masood,Pakistan,Top Order Batter,28.75,1.0,1,67.0,2.1277,1,0,412.66,50.37,166.58,0.0,0.0,0.0,47.5267,0.9385,47.52,2030,H2,Jul-Dec
Sahibzada Farhan,Pakistan,Wicketkeeper,34.75,1.0,1,210.0,-0.6465,0,1,812.13,39.1,136.56,0.0,0.0,0.0,39.561,0.1651,39.6,2030,H2,Jul-Dec
Saim Ayub,Pakistan,Batting All-Rounder,28.75,1.0,1,141.0,-1.6086,0,1,800.3,41.33,166.23,13.61,7.74,0.0,53.1713,0.8012,53.01,2030,H2,Jul-Dec
Sajid Khan,Pakistan,Spin Bowler,37.75,0.0625,1,74.0,-2.5628,0,1,14.04,10.47,105.09,4.12,8.59,0.0,25.4221,0.0736,25.78,2030,H2,Jul-Dec
Salman Ali Agha,Pakistan,Batting All-Rounder,36.75,0.45,1,170.8,-5.2223,0,1,489.85,36.07,131.24,4.97,8.68,0.0,39.8175,0.0063,40.21,2030,H2,Jul-Dec
Salman Mirza,Pakistan,Pace Bowler,33.75,1.0,1,81.0,-0.3366,0,0,78.99,13.04,139.18,15.06,9.31,0.0,37.9259,0.1108,37.97,2030,H2,Jul-Dec
Sarfaraz Ahmed,Pakistan,Wicketkeeper,43.75,0.0,0,270.0,-3.4778,0,1,0.0,13.32,99.47,0.0,0.0,0.0,22.5491,0.0048,23.45,2030,H2,Jul-Dec
Saud Shakeel,Pakistan,Top Order Batter,35.75,0.75,1,122.0,0.0249,0,0,338.82,32.3,120.83,0.0,0.0,0.0,33.2593,0.025,34.07,2030,H2,Jul-Dec
Shadab Khan,Pakistan,Bowling All-Rounder,32.75,1.0,1,258.0,-9.2801,0,1,430.8,27.84,139.38,14.81,8.6,0.0,43.4391,0.006,43.38,2030,H2,Jul-Dec
Shaheen Afridi,Pakistan,Pace Bowler,30.75,1.0,1,213.0,-6.3658,0,1,49.68,12.34,125.05,23.07,8.28,0.0,39.0481,0.261,39.03,2030,H2,Jul-Dec
Shahzaib Khan,Pakistan,Top Order Batter,28.75,1.0,1,70.0,1.912,1,0,366.62,47.75,180.88,0.0,0.0,0.0,49.2717,0.8999,49.18,2030,H2,Jul-Dec
Shamyl Hussain,Pakistan,Middle Order Batter,25.75,1.0,1,69.0,2.6612,1,0,522.59,55.94,187.22,0.0,0.0,0.0,53.3824,0.9219,53.26,2030,H2,Jul-Dec
Shan Masood,Pakistan,Top Order Batter,40.75,0.0,0,111.0,-1.0017,0,1,67.2,23.09,112.23,0.0,0.0,0.0,28.1006,0.0108,28.88,2030,H2,Jul-Dec
Sufiyan Muqeem,Pakistan,Spin Bowler,29.75,1.0,1,92.0,-0.0545,0,0,119.93,20.1,159.69,29.43,7.07,0.0,51.4334,0.9196,51.12,2030,H2,Jul-Dec
Tayyab Tahir,Pakistan,Top Order Batter,36.75,0.65,1,133.4,0.0052,0,0,408.91,33.41,129.99,0.15,9.45,0.0,36.0934,0.0077,36.17,2030,H2,Jul-Dec
Ubaid Shah,Pakistan,Pace Bowler,25.75,1.0,1,72.0,0.4997,0,0,104.02,15.32,162.64,25.01,7.7,0.0,48.187,0.7391,48.17,2030,H2,Jul-Dec
Usama Mir,Pakistan,Spin Bowler,34.75,0.8125,1,112.5,-2.3497,0,1,92.16,18.46,128.11,12.08,8.39,0.0,36.2651,0.1991,35.34,2030,H2,Jul-Dec
Usman Khan,Pakistan,Wicketkeeper,34.75,1.0,1,163.0,-1.0472,0,1,454.44,31.87,137.74,0.0,0.0,0.0,36.6001,0.0592,36.74,2030,H2,Jul-Dec
Usman Tariq,Pakistan,Spin Bowler,31.75,1.0,1,84.0,0.3567,0,0,117.67,19.27,154.58,28.76,7.2,0.0,49.861,0.9604,49.76,2030,H2,Jul-Dec
Yasir Khan,Pakistan,Middle Order Batter,27.75,1.0,1,76.0,1.9169,1,0,501.23,50.38,179.36,0.0,0.0,0.0,50.1572,0.8534,49.95,2030,H2,Jul-Dec
Zahid Mahmood,Pakistan,Pace Bowler,42.75,0.0,0,69.0,-2.0237,0,1,9.21,8.99,103.23,2.13,12.25,0.0,23.1831,0.0037,23.97,2030,H2,Jul-Dec
Zaman Khan,Pakistan,Pace Bowler,28.75,1.0,1,109.0,-1.551,0,1,81.63,14.44,145.61,21.49,8.55,0.0,42.8011,0.2165,42.89,2030,H2,Jul-Dec
Aiden Markram,South Africa,Top Order Batter,35.75,0.4167,1,205.3333,-4.6359,0,1,311.65,33.65,128.29,4.85,9.18,0.0,37.9013,0.0131,37.58,2030,H2,Jul-Dec
Alfred Mothoa,South Africa,Pace Bowler,28.75,1.0,1,65.0,1.813,1,0,106.05,16.74,160.17,28.27,7.86,0.0,49.7078,0.5277,49.6,2030,H2,Jul-Dec
Andile Phehlukwayo,South Africa,Bowling All-Rounder,34.75,0.875,1,198.0,-5.8101,0,1,204.42,22.04,125.92,11.12,9.97,0.0,36.539,0.0049,35.99,2030,H2,Jul-Dec
Andile Simelane,South Africa,Bowling All-Rounder,26.75,1.0,1,81.0,0.5069,1,0,251.25,32.05,177.93,16.35,7.61,0.0,52.3844,0.0279,52.28,2030,H2,Jul-Dec
Anrich Nortje,South Africa,Pace Bowler,36.75,0.45,1,131.8,-3.3832,0,1,17.07,11.45,121.8,10.99,9.49,0.0,32.0288,0.0206,32.19,2030,H2,Jul-Dec
Beyers Swanepoel,South Africa,Pace Bowler,29.75,1.0,1,77.0,1.1181,1,0,155.15,20.98,178.04,32.69,7.29,0.0,56.7462,0.8468,56.41,2030,H2,Jul-Dec
Bjorn Fortuin,South Africa,Spin Bowler,35.75,0.5625,1,133.0,-3.8407,0,1,38.11,11.38,120.47,11.53,8.08,0.0,32.3223,0.062,32.35,2030,H2,Jul-Dec
Clyde Fortuin,South Africa,Wicketkeeper,34.75,1.0,1,125.0,-0.143,0,0,243.83,27.63,126.3,0.0,0.0,0.0,32.5956,0.0361,32.89,2030,H2,Jul-Dec
Codi Yusuf,South Africa,Pace Bowler,28.75,1.0,1,74.0,0.9504,1,0,84.69,14.86,155.45,26.09,7.96,0.0,47.1173,0.4483,47.03,2030,H2,Jul-Dec
Connor Esterhuizen,South Africa,Wicketkeeper,25.75,1.0,1,66.0,4.7417,1,0,804.71,61.04,219.54,0.0,0.0,0.0,61.7436,0.6021,62.09,2030,H2,Jul-Dec
Corbin Bosch,South Africa,Bowling All-Rounder,35.75,0.8929,1,131.7143,-0.3171,0,0,612.19,37.45,144.09,15.02,9.4,0.0,47.7183,0.0031,45.89,2030,H2,Jul-Dec
Dane Paterson,South Africa,Pace Bowler,39.75,0.0,0,98.0,-3.2199,0,1,7.39,7.78,111.85,3.82,10.2,0.0,25.4547,0.0113,26.02,2030,H2,Jul-Dec
Dane Piedt,South Africa,Spin Bowler,40.75,0.0,0,72.0,-2.2129,0,1,10.65,9.42,112.8,4.23,8.39,0.0,26.6221,0.0907,27.33,2030,H2,Jul-Dec
Daniel Smith,South Africa,Wicketkeeper,29.75,1.0,1,83.0,3.2974,1,0,645.36,57.82,189.7,0.0,0.0,0.0,54.7537,0.2301,54.72,2030,H2,Jul-Dec
David Bedingham,South Africa,Middle Order Batter,36.75,0.7812,1,104.5,0.8091,1,0,380.76,37.38,139.58,0.0,0.0,0.0,38.4275,0.2107,38.79,2030,H2,Jul-Dec
David Miller,South Africa,Middle Order Batter,41.75,0.0,0,275.0,-5.4725,0,1,10.97,30.28,134.92,0.0,0.0,0.0,34.3828,0.0328,35.06,2030,H2,Jul-Dec
Dayyaan Galiem,South Africa,Bowling All-Rounder,32.75,1.0,1,93.0,-0.3724,0,0,292.27,29.89,152.32,11.75,8.2,0.0,44.7004,0.0055,44.86,2030,H2,Jul-Dec
Delano Potgieter,South Africa,Bowling All-Rounder,33.75,1.0,1,96.0,0.8641,1,0,432.75,37.02,164.01,20.94,8.54,0.0,53.8277,0.0091,53.84,2030,H2,Jul-Dec
Dewald Brevis,South Africa,Middle Order Batter,27.75,1.0,1,143.0,3.1095,1,0,1631.22,55.5,184.1,11.75,8.46,0.0,62.0499,0.9091,62.02,2030,H2,Jul-Dec
Dian Forrester,South Africa,Batting All-Rounder,30.75,1.0,1,69.0,4.222,1,0,966.4,48.71,156.82,13.04,8.12,0.0,53.7641,0.7564,53.52,2030,H2,Jul-Dec
Donovan Ferreira,South Africa,Batting All-Rounder,32.75,1.0,1,131.0,-0.8932,0,1,597.21,37.15,161.49,11.32,9.09,0.0,49.0931,0.2986,49.13,2030,H2,Jul-Dec
Eathan Bosch,South Africa,Pace Bowler,32.75,1.0,1,114.0,-2.1321,0,1,57.94,11.67,136.4,15.39,9.1,0.0,37.1235,0.1363,37.11,2030,H2,Jul-Dec
Gavin Kaplan,South Africa,Middle Order Batter,27.75,1.0,1,72.0,4.2073,1,0,813.99,62.09,208.17,0.0,0.0,0.0,59.9662,0.9035,59.6,2030,H2,Jul-Dec
George Linde,South Africa,Bowling All-Rounder,38.75,0.0,0,127.0,-4.6307,0,1,64.85,22.74,124.23,5.35,8.81,0.0,33.4413,0.0015,33.53,2030,H2,Jul-Dec
Gerald Coetzee,South Africa,Pace Bowler,29.75,1.0,1,120.0,-1.4403,0,1,51.97,13.09,146.88,28.93,8.24,0.0,46.2047,0.4364,46.18,2030,H2,Jul-Dec
Gideon Peters,South Africa,Pace Bowler,28.75,1.0,1,72.0,1.223,1,0,110.71,15.85,165.07,29.03,7.81,0.0,50.7423,0.5923,50.58,2030,H2,Jul-Dec
Heinrich Klaasen,South Africa,Wicketkeeper,39.75,0.0,0,225.0,-3.319,0,1,156.97,42.68,168.96,0.0,0.0,0.0,44.9265,0.0467,44.74,2030,H2,Jul-Dec
Jason Smith,South Africa,Batting All-Rounder,35.75,0.85,1,110.0,0.5575,1,0,402.94,39.86,145.72,10.9,9.33,0.0,46.2074,0.1896,45.29,2030,H2,Jul-Dec
Jordan Hermann,South Africa,Top Order Batter,28.75,1.0,1,81.0,4.3332,1,0,862.24,59.75,198.19,0.0,0.0,0.0,57.5183,0.9599,57.88,2030,H2,Jul-Dec
Junaid Dawood,South Africa,Spin Bowler,28.75,1.0,1,67.0,1.4422,1,0,104.21,17.28,162.88,27.25,7.46,0.0,49.9711,0.8632,49.76,2030,H2,Jul-Dec
Junior Dala,South Africa,Pace Bowler,40.75,0.0,0,95.0,-3.7511,0,1,7.1,8.87,107.23,1.87,12.2,0.0,23.7664,0.0051,24.34,2030,H2,Jul-Dec
Kagiso Rabada,South Africa,Pace Bowler,35.75,0.65,1,219.4,-6.8845,0,1,29.92,9.84,119.41,16.35,9.65,0.0,33.6963,0.0101,33.49,2030,H2,Jul-Dec
Keshav Maharaj,South Africa,Spin Bowler,40.75,0.0,0,152.0,-5.6275,0,1,30.49,17.13,121.91,5.18,7.84,0.0,31.3048,0.0605,31.67,2030,H2,Jul-Dec
Kwena Maphaka,South Africa,Pace Bowler,24.75,1.0,1,92.0,0.5585,1,0,172.3,25.37,192.82,36.89,6.83,0.0,63.0505,0.9426,61.96,2030,H2,Jul-Dec
Kyle Simmonds,South Africa,Spin Bowler,31.75,1.0,1,86.0,0.0644,0,0,120.63,16.61,144.6,27.73,7.46,0.0,46.6292,0.8059,46.58,2030,H2,Jul-Dec
Kyle Verreynne,South Africa,Wicketkeeper,32.75,1.0,1,123.0,0.2038,0,0,400.9,41.62,152.52,0.0,0.0,0.0,42.1948,0.3239,42.22,2030,H2,Jul-Dec
Lesego Senokwane,South Africa,Top Order Batter,31.75,1.0,1,86.0,1.9391,1,0,457.51,45.01,164.16,0.0,0.0,0.0,45.5585,0.843,45.71,2030,H2,Jul-Dec
Lesiba Ngoepe,South Africa,Top Order Batter,34.75,1.0,1,86.0,1.363,1,0,342.12,35.1,149.63,0.0,0.0,0.0,39.5028,0.4276,39.53,2030,H2,Jul-Dec
Lhuan-dre Pretorius,South Africa,Wicketkeeper,24.75,1.0,1,85.0,5.6486,1,0,1452.9,58.7,215.23,0.0,0.0,0.0,61.9844,0.9042,62.15,2030,H2,Jul-Dec
Lizaad Williams,South Africa,Pace Bowler,36.75,0.45,1,107.8,-2.386,0,1,19.17,8.61,109.58,8.84,10.81,0.0,27.6724,0.0098,27.99,2030,H2,Jul-Dec
Lungi Ngidi,South Africa,Pace Bowler,34.75,0.85,1,169.0,-3.4826,0,1,48.29,12.42,117.59,22.33,9.99,0.0,37.0422,0.0282,36.58,2030,H2,Jul-Dec
Lutho Sipamla,South Africa,Pace Bowler,32.75,1.0,1,117.0,-1.9532,0,1,44.06,13.1,138.08,14.83,8.79,0.0,37.6172,0.1225,37.67,2030,H2,Jul-Dec
Marco Jansen,South Africa,Bowling All-Rounder,30.75,1.0,1,170.0,-4.419,0,1,380.36,37.05,166.87,21.9,7.61,0.0,54.8838,0.0104,54.67,2030,H2,Jul-Dec
Matthew Boast,South Africa,Pace Bowler,29.75,1.0,1,69.0,1.1296,1,0,101.2,15.82,157.2,25.68,7.88,0.0,47.6009,0.5296,47.58,2030,H2,Jul-Dec
Matthew Breetzke,South Africa,Top Order Batter,31.75,1.0,1,140.0,1.4141,1,0,744.29,45.29,163.67,0.0,0.0,0.0,46.3316,0.923,46.35,2030,H2,Jul-Dec
Meeka-eel Prince,South Africa,Wicketkeeper,25.75,1.0,1,76.0,3.4728,1,0,542.11,56.57,194.39,0.0,0.0,0.0,54.9671,0.362,55.37,2030,H2,Jul-Dec
Mihlali Mpongwana,South Africa,Pace Bowler,30.75,1.0,1,90.0,-0.2137,0,0,62.78,13.61,147.76,24.98,8.45,0.0,44.6053,0.4606,44.52,2030,H2,Jul-Dec
Nandre Burger,South Africa,Pace Bowler,35.75,0.75,1,91.0,-0.4825,0,0,39.6,13.97,136.21,19.37,9.34,0.0,39.6299,0.0535,38.8,2030,H2,Jul-Dec
Nqaba Peter,South Africa,Spin Bowler,29.75,1.0,1,89.0,0.7718,1,0,132.33,21.12,163.95,35.14,7.26,0.0,55.2888,0.9659,55.32,2030,H2,Jul-Dec
Nqobani Mokoena,South Africa,Pace Bowler,24.75,1.0,1,67.0,5.4474,1,0,347.97,35.54,188.83,65.06,7.02,0.0,79.4724,0.9169,69.49,2030,H2,Jul-Dec
Ottneil Baartman,South Africa,Pace Bowler,37.75,0.25,1,82.2,-1.7211,0,1,17.36,9.95,117.75,8.11,10.28,0.0,29.3131,0.0204,29.46,2030,H2,Jul-Dec
Patrick Kruger,South Africa,Bowling All-Rounder,34.75,1.0,1,106.0,-0.0171,0,0,325.53,32.71,144.29,16.61,9.26,0.0,46.3193,0.0024,46.33,2030,H2,Jul-Dec
Prenelan Subrayen,South Africa,Spin Bowler,36.75,0.7083,1,97.6667,-1.4844,0,1,111.0,20.46,125.53,19.46,7.93,0.0,40.1096,0.2489,38.96,2030,H2,Jul-Dec
Quinton de Kock,South Africa,Wicketkeeper,37.75,0.0,0,250.0,-4.7413,0,1,1.45,30.18,131.53,0.0,0.0,0.0,33.6933,0.0077,34.47,2030,H2,Jul-Dec
Rassie van der Dussen,South Africa,Middle Order Batter,41.75,0.0,0,190.0,-3.4925,0,1,57.66,35.3,118.86,0.0,0.0,0.0,33.0444,0.0161,33.88,2030,H2,Jul-Dec
Reeza Hendricks,South Africa,Top Order Batter,41.75,0.0,0,184.0,-3.3506,0,1,46.24,26.01,123.53,0.0,0.0,0.0,31.0464,0.0199,31.61,2030,H2,Jul-Dec
Rubin Hermann,South Africa,Wicketkeeper,30.75,1.0,1,99.0,2.9463,1,0,908.02,58.37,179.57,0.0,0.0,0.0,53.7434,0.4699,53.64,2030,H2,Jul-Dec
Ryan Rickelton,South Africa,Wicketkeeper,34.75,1.0,1,159.0,-0.1004,0,0,684.91,44.76,153.65,0.0,0.0,0.0,44.137,0.3638,44.26,2030,H2,Jul-Dec
Senuran Muthusamy,South Africa,Bowling All-Rounder,35.75,0.625,1,114.0,-1.1974,0,1,233.72,30.64,140.84,13.23,8.64,0.0,43.2602,0.0054,42.49,2030,H2,Jul-Dec
Shaun von Berg,South Africa,Spin Bowler,43.75,0.0,0,87.0,-2.6026,0,1,10.84,13.82,106.9,4.8,8.41,0.0,27.1375,0.0615,27.72,2030,H2,Jul-Dec
Simon Harmer,South Africa,Spin Bowler,41.75,0.0,0,108.0,-3.8085,0,1,32.26,15.11,120.31,6.49,7.66,0.0,31.0674,0.1119,31.6,2030,H2,Jul-Dec
Sinethemba Qeshile,South Africa,Wicketkeeper,30.75,1.0,1,105.0,0.9855,1,0,457.35,41.79,161.33,0.0,0.0,0.0,44.0455,0.5789,44.04,2030,H2,Jul-Dec
Tabraiz Shamsi,South Africa,Spin Bowler,40.75,0.0,0,184.0,-6.4223,0,1,19.13,12.27,112.23,7.41,8.26,0.0,28.9738,0.059,29.17,2030,H2,Jul-Dec
Temba Bavuma,South Africa,Top Order Batter,40.75,0.0,0,103.0,-0.8742,0,1,36.68,24.4,111.49,0.0,0.0,0.0,28.2798,0.0082,28.98,2030,H2,Jul-Dec
Tony de Zorzi,South Africa,Top Order Batter,33.75,1.0,1,114.0,0.6683,1,0,355.68,34.31,141.57,0.0,0.0,0.0,37.7928,0.5598,37.89,2030,H2,Jul-Dec
Tristan Stubbs,South Africa,Middle Order Batter,29.75,1.0,1,143.0,2.0421,1,0,1066.25,57.31,180.4,9.3,8.81,0.0,59.129,0.8034,59.57,2030,H2,Jul-Dec
Tshepo Moreki,South Africa,Pace Bowler,35.75,0.875,1,94.0,-1.016,0,1,52.72,10.87,118.13,14.57,10.64,0.0,32.8441,0.0178,32.72,2030,H2,Jul-Dec
Wiaan Mulder,South Africa,Batting All-Rounder,32.75,1.0,1,154.0,-1.8822,0,1,528.05,38.21,152.08,17.05,8.42,0.0,50.3616,0.5162,50.44,2030,H2,Jul-Dec
A Dananjaya,Sri Lanka,Spin Bowler,31.75,1.0,1,93.0,0.2211,0,0,119.67,6.11,77.63,22.03,10.33,0.0,27.6556,0.2139,27.32,2030,H2,Jul-Dec
Ahan Wickramasinghe,Sri Lanka,Middle Order Batter,28.75,1.0,1,79.0,0.4929,0,0,185.21,25.81,155.1,0.0,0.0,0.0,37.259,0.7454,37.37,2030,H2,Jul-Dec
Ashian Daniel,Sri Lanka,Spin Bowler,29.75,1.0,1,87.0,-1.5075,0,1,1.21,2.78,135.92,3.57,9.9,0.0,28.3237,0.2554,28.89,2030,H2,Jul-Dec
Asitha Fernando,Sri Lanka,Pace Bowler,34.75,1.0,1,87.0,0.1024,0,0,62.97,9.03,51.71,24.87,9.89,0.0,24.9849,0.0664,25.0,2030,H2,Jul-Dec
Avishka Fernando,Sri Lanka,Top Order Batter,32.75,1.0,1,78.0,0.4543,0,0,165.31,19.05,147.08,0.0,0.0,0.0,33.6411,0.3512,33.96,2030,H2,Jul-Dec
Bhanuka Rajapaksa,Sri Lanka,Middle Order Batter,38.75,0.375,1,58.0,-0.3592,0,0,147.9,19.38,100.27,0.0,0.0,0.0,24.9523,0.0097,25.48,2030,H2,Jul-Dec
Binura Fernando,Sri Lanka,Pace Bowler,35.75,0.85,1,81.0,-0.0578,0,0,152.51,12.69,51.39,20.14,12.35,0.0,23.7295,0.026,22.86,2030,H2,Jul-Dec
Chamika Karunaratne,Sri Lanka,Bowling All-Rounder,34.75,0.625,1,91.0,-3.4557,0,1,105.23,3.18,113.79,9.72,10.78,0.0,27.4624,0.0027,27.88,2030,H2,Jul-Dec
Chamindu Wickramasinghe,Sri Lanka,Bowling All-Rounder,28.75,1.0,1,64.0,-0.0012,0,0,124.21,9.94,173.07,6.77,7.29,0.0,39.8145,0.9117,39.88,2030,H2,Jul-Dec
Chamindu Wijesinghe,Sri Lanka,Batting All-Rounder,28.75,1.0,1,71.0,-0.5596,0,1,48.89,17.79,130.31,3.96,6.34,0.0,32.9365,0.0457,33.19,2030,H2,Jul-Dec
Wanuja Sahan,Sri Lanka,Middle Order Batter,33.75,1.0,1,106.0,-0.6559,0,1,519.28,34.76,135.92,0.0,0.0,0.0,37.3196,0.8071,37.44,2030,H2,Jul-Dec
Dasun Shanaka,Sri Lanka,Batting All-Rounder,39.75,0.3214,1,52.0,-0.6268,0,1,442.74,3.24,88.53,4.39,13.18,0.0,20.8753,0.0019,20.53,2030,H2,Jul-Dec
Dhananjaya Lakshan,Sri Lanka,Bowling All-Rounder,32.75,1.0,1,101.0,-2.4328,0,1,60.28,26.95,109.31,15.25,10.42,0.0,36.4872,0.0076,36.47,2030,H2,Jul-Dec
Dhananjaya de Silva,Sri Lanka,Batting All-Rounder,39.75,0.2083,1,52.6667,-1.1941,0,1,155.38,12.27,104.1,2.97,8.2,0.0,25.6883,0.0012,26.18,2030,H2,Jul-Dec
Dilshan Madushanka,Sri Lanka,Pace Bowler,29.75,1.0,1,101.0,-0.6967,0,1,93.25,0.0,110.42,25.07,7.61,0.0,33.7724,0.5052,33.24,2030,H2,Jul-Dec
Sachindu Colombage,Sri Lanka,Spin Bowler,29.75,1.0,1,94.0,1.328,1,0,31.0,2.11,142.05,19.37,5.22,0.0,38.1974,0.937,38.17,2030,H2,Jul-Dec
Dinesh Chandimal,Sri Lanka,Wicketkeeper,40.75,0.1786,1,63.5714,1.1167,1,0,255.11,26.51,123.6,0.0,0.0,0.0,31.7797,0.0095,32.25,2030,H2,Jul-Dec
Dulaj Samuditha,Sri Lanka,Bowling All-Rounder,28.75,1.0,1,70.0,-0.9467,0,1,45.4,24.6,97.31,1.42,6.99,0.0,27.4204,0.0018,28.28,2030,H2,Jul-Dec
Dulnith Sigera,Sri Lanka,Batting All-Rounder,23.75,1.0,1,70.0,-1.5247,0,1,55.91,17.96,135.66,2.04,9.41,0.0,32.3925,0.0107,32.72,2030,H2,Jul-Dec
Dunith Wellalage,Sri Lanka,Bowling All-Rounder,27.75,1.0,1,71.0,-1.366,0,1,49.66,4.57,111.52,5.4,6.72,0.0,65.9673,0.9118,66.49,2030,H2,Jul-Dec
Dushan Hemantha,Sri Lanka,Bowling All-Rounder,35.75,0.4167,1,63.3333,-2.3672,0,1,178.9,11.25,97.36,3.53,10.22,0.0,24.1319,0.0008,24.56,2030,H2,Jul-Dec
Dushmantha Chameera,Sri Lanka,Pace Bowler,38.75,0.5417,1,70.3333,1.9658,1,0,109.69,12.69,48.38,34.2,14.2,0.0,29.7158,0.1611,29.24,2030,H2,Jul-Dec
Eshan Malinga,Sri Lanka,Pace Bowler,28.75,1.0,1,67.0,-1.4532,0,1,38.57,1.15,108.29,0.0,8.38,0.0,21.2828,0.013,21.83,2030,H2,Jul-Dec
Garuka Sanketh,Sri Lanka,Pace Bowler,28.75,1.0,1,65.0,0.3614,0,0,50.48,6.01,127.91,11.79,6.66,0.0,32.5813,0.7005,32.68,2030,H2,Jul-Dec
Isitha Wijesundera,Sri Lanka,Pace Bowler,33.75,1.0,1,65.0,0.192,0,0,38.51,4.97,102.33,0.0,0.0,0.0,20.636,0.0452,21.27,2030,H2,Jul-Dec
Janishka Perera,Sri Lanka,Top Order Batter,29.75,1.0,1,66.0,-0.5993,0,1,108.32,10.5,124.3,0.0,0.0,0.0,26.6188,0.1773,27.72,2030,H2,Jul-Dec
Janith Liyanage,Sri Lanka,Batting All-Rounder,34.75,1.0,1,90.0,-0.1418,0,0,395.19,25.36,108.02,13.93,8.13,0.0,36.3911,0.065,36.43,2030,H2,Jul-Dec
Jeffrey Vandersay,Sri Lanka,Spin Bowler,40.75,0.0,0,47.0,-0.4163,0,0,8.65,4.42,91.17,4.15,9.72,0.0,20.7931,0.0259,20.98,2030,H2,Jul-Dec
Viran Chamuditha,Sri Lanka,Top Order Batter,27.75,1.0,1,78.0,-0.6104,0,1,150.21,28.21,132.86,0.0,0.0,0.0,31.7269,0.5332,31.79,2030,H2,Jul-Dec
Kamindu Mendis,Sri Lanka,Batting All-Rounder,31.75,1.0,1,108.0,0.8297,1,0,417.64,46.87,149.91,46.12,8.64,0.0,66.3328,0.8883,67.04,2030,H2,Jul-Dec
Kasun Rajitha,Sri Lanka,Pace Bowler,37.75,0.5417,1,66.3333,0.8787,1,0,75.64,13.44,68.46,11.35,8.68,0.0,23.1392,0.0096,22.96,2030,H2,Jul-Dec
Kavija Gamage,Sri Lanka,Spin Bowler,23.75,1.0,1,93.0,-0.5785,0,1,56.82,10.71,124.61,13.88,7.57,0.0,34.1899,0.8479,34.21,2030,H2,Jul-Dec
Keshara Nuwantha,Sri Lanka,Bowling All-Rounder,28.75,1.0,1,72.0,0.5893,1,0,162.41,19.09,152.76,0.0,0.0,0.0,34.7063,0.0179,34.89,2030,H2,Jul-Dec
Kusal Mendis,Sri Lanka,Wicketkeeper,35.75,0.125,1,110.0,-7.5955,0,1,0.0,26.05,118.63,0.0,0.0,0.0,30.0179,0.068,30.49,2030,H2,Jul-Dec
Kusal Perera,Sri Lanka,Wicketkeeper,40.75,0.0,0,64.0,-1.5804,0,1,83.05,11.34,133.23,0.0,0.0,0.0,28.4747,0.0087,29.12,2030,H2,Jul-Dec
Lahiru Kumara,Sri Lanka,Pace Bowler,33.75,1.0,1,88.0,-0.5065,0,1,155.29,10.81,134.4,0.2,8.07,0.0,29.5863,0.1358,29.94,2030,H2,Jul-Dec
Lahiru Udara,Sri Lanka,Top Order Batter,36.75,0.5625,1,81.0,-1.3091,0,1,123.87,22.26,117.23,0.0,0.0,0.0,28.9347,0.0048,29.47,2030,H2,Jul-Dec
Lasith Croospulle,Sri Lanka,Top Order Batter,31.75,1.0,1,103.0,-0.4165,0,0,154.42,12.48,153.47,0.0,0.0,0.0,32.7971,0.2343,33.16,2030,H2,Jul-Dec
M Shiraz,Sri Lanka,Pace Bowler,35.75,0.85,1,84.0,-0.5763,0,1,1.65,9.13,118.52,4.86,7.37,0.0,28.1018,0.1647,28.6,2030,H2,Jul-Dec
Maheesh Theekshana,Sri Lanka,Spin Bowler,29.75,1.0,1,96.0,-1.1885,0,1,204.09,3.9,122.56,15.55,12.27,0.0,32.2607,0.3481,32.3,2030,H2,Jul-Dec
Mateesha Pathirana,Sri Lanka,Pace Bowler,27.75,1.0,1,65.0,-0.4757,0,0,7.36,13.8,127.57,1.99,8.55,0.0,29.5964,0.1712,29.98,2030,H2,Jul-Dec
Milan Rathnayake,Sri Lanka,Bowling All-Rounder,33.75,1.0,1,106.0,-2.0313,0,1,467.01,14.61,139.43,11.68,12.23,0.0,37.5292,0.0098,37.53,2030,H2,Jul-Dec
Nipun Dhananjaya,Sri Lanka,Middle Order Batter,29.75,1.0,1,106.0,0.4466,0,0,297.72,37.18,147.75,0.0,0.0,0.0,39.6667,0.852,39.76,2030,H2,Jul-Dec
Niroshan Dickwella,Sri Lanka,Wicketkeeper,37.75,0.0625,1,72.0,-1.8595,0,1,22.28,30.77,114.28,0.0,0.0,0.0,30.7085,0.0063,31.21,2030,H2,Jul-Dec
Nishan Madushka,Sri Lanka,Wicketkeeper,30.75,1.0,1,95.0,-1.1655,0,1,314.78,10.02,148.1,0.0,0.0,0.0,31.478,0.2037,31.98,2030,H2,Jul-Dec
Nishan Peiris,Sri Lanka,Pace Bowler,30.75,1.0,1,98.0,-0.4704,0,0,133.98,8.99,52.67,0.0,0.0,0.0,12.8492,0.0297,13.64,2030,H2,Jul-Dec
Nuwan Thushara,Sri Lanka,Pace Bowler,34.75,0.8125,1,92.5,-1.8645,0,1,19.63,0.04,97.55,11.32,11.7,0.0,23.9145,0.0119,23.55,2030,H2,Jul-Dec
Nuwanidu Fernando,Sri Lanka,Top Order Batter,31.75,1.0,1,90.0,0.0617,0,0,291.64,15.3,142.41,17.94,10.88,0.0,40.9851,0.3156,40.93,2030,H2,Jul-Dec
Oshada Fernando,Sri Lanka,Top Order Batter,38.75,0.0,0,55.0,-0.9261,0,1,94.97,10.94,100.35,0.0,0.0,0.0,22.2441,0.0119,23.32,2030,H2,Jul-Dec
Pasindu Sooriyabandara,Sri Lanka,Top Order Batter,27.75,1.0,1,72.0,0.4625,0,0,3.36,28.78,154.53,0.0,0.0,0.0,37.5662,0.8605,37.74,2030,H2,Jul-Dec
Pathum Nissanka,Sri Lanka,Top Order Batter,32.75,1.0,1,141.0,-4.3377,0,1,172.06,48.63,140.33,0.0,0.0,0.0,41.4388,0.9005,41.55,2030,H2,Jul-Dec
Pavan Rathnayake,Sri Lanka,Middle Order Batter,28.75,1.0,1,139.0,0.2704,0,0,405.76,12.16,111.12,0.0,0.0,0.0,25.4726,0.0722,26.17,2030,H2,Jul-Dec
Pramod Madushan,Sri Lanka,Pace Bowler,33.75,1.0,1,75.0,0.6265,1,0,20.82,5.9,52.89,24.5,7.02,0.0,24.5054,0.0823,23.98,2030,H2,Jul-Dec
Ramesh Mendis,Sri Lanka,Bowling All-Rounder,35.75,0.875,1,86.0,-1.052,0,1,395.15,18.03,99.8,5.38,9.39,0.0,28.2577,0.004,28.64,2030,H2,Jul-Dec
Ravindu Fernando,Sri Lanka,Batting All-Rounder,28.75,1.0,1,69.0,-0.3921,0,0,125.32,17.96,127.37,5.99,7.34,0.0,33.3435,0.0322,33.58,2030,H2,Jul-Dec
Ravindu Rasantha,Sri Lanka,Top Order Batter,29.75,1.0,1,103.0,-0.12,0,0,542.4,11.43,143.75,0.0,0.0,0.0,31.7148,0.451,32.12,2030,H2,Jul-Dec
Sadeera Samarawickrama,Sri Lanka,Wicketkeeper,33.75,1.0,1,111.0,-1.6624,0,1,291.98,26.12,96.94,0.0,0.0,0.0,26.7816,0.0383,27.74,2030,H2,Jul-Dec
Sahan Kosala,Sri Lanka,Middle Order Batter,29.75,1.0,1,106.0,-0.9011,0,1,473.63,17.71,119.16,0.0,0.0,0.0,28.8547,0.3427,29.41,2030,H2,Jul-Dec
Sohan de Livera,Sri Lanka,Top Order Batter,30.75,1.0,1,68.0,0.0305,0,0,173.79,14.6,126.57,0.0,0.0,0.0,28.4737,0.2609,29.16,2030,H2,Jul-Dec
Sonal Dinusha,Sri Lanka,Batting All-Rounder,29.75,1.0,1,88.0,-3.5342,0,1,200.93,8.86,122.31,2.86,10.06,0.0,27.8175,0.0127,28.68,2030,H2,Jul-Dec
Tharindu Ratnayake,Sri Lanka,Bowling All-Rounder,34.75,1.0,1,113.0,0.7446,1,0,897.44,31.43,108.23,16.81,7.82,0.0,41.1086,0.0178,41.06,2030,H2,Jul-Dec
Traveen Mathew,Sri Lanka,Spin Bowler,29.75,1.0,1,84.0,-0.3721,0,0,32.56,0.0,52.37,36.57,5.77,0.0,28.8897,0.6999,28.3,2030,H2,Jul-Dec
V Viyaskanth,Sri Lanka,Spin Bowler,29.75,1.0,1,85.0,0.3392,0,0,16.48,6.55,58.71,40.17,7.24,0.0,33.306,0.5789,32.59,2030,H2,Jul-Dec
Vigneshwaran Akash,Sri Lanka,Spin Bowler,23.75,1.0,1,66.0,0.0297,0,0,52.51,15.18,110.16,12.13,9.22,0.0,31.6839,0.9841,41.76,2030,H2,Jul-Dec
Vimath Dinsara,Sri Lanka,Top Order Batter,24.75,1.0,1,78.0,-0.6986,0,1,3.46,23.86,125.67,0.0,0.0,0.0,30.6728,0.3339,31.23,2030,H2,Jul-Dec
Senith Jayawardena,Sri Lanka,Top Order Batter,33.75,1.0,1,92.0,1.8496,1,0,578.02,40.91,122.23,0.0,0.0,0.0,36.8019,0.7305,36.92,2030,H2,Jul-Dec
Vishad Randika,Sri Lanka,Top Order Batter,33.75,1.0,1,92.0,1.8496,1,0,578.02,40.91,122.23,0.0,0.0,0.0,36.8019,0.7305,36.92,2030,H2,Jul-Dec
Vishen Halambage,Sri Lanka,Top Order Batter,32.75,1.0,1,95.0,-0.0245,0,0,450.79,38.07,155.3,0.0,0.0,0.0,45.9303,0.9138,46.28,2030,H2,Jul-Dec
Vishwa Fernando,Sri Lanka,Pace Bowler,38.75,0.0625,1,47.0,-0.4102,0,0,37.37,7.38,50.73,4.95,9.19,0.0,14.6892,0.0126,14.9,2030,H2,Jul-Dec
Wanindu Hasaranga,Sri Lanka,Bowling All-Rounder,33.75,1.0,1,128.0,0.6604,1,0,1134.83,50.68,112.91,25.18,9.31,0.0,52.2893,0.0179,52.26,2030,H2,Jul-Dec
A Phillip,West Indies,Top Order Batter,29.75,1.0,1,69.0,1.7336,1,0,342.99,43.86,169.51,0.0,0.0,0.0,45.8951,0.7741,45.95,2030,H2,Jul-Dec
Ackeem Auguste,West Indies,Middle Order Batter,27.75,1.0,1,87.0,3.2035,1,0,758.68,62.97,207.65,0.0,0.0,0.0,59.9878,0.8758,59.6,2030,H2,Jul-Dec
Akeal Hosein,West Indies,Spin Bowler,37.75,0.0,0,190.0,-5.6308,0,1,31.78,20.01,117.79,6.95,8.01,0.0,32.2396,0.06,32.42,2030,H2,Jul-Dec
Alick Athanaze,West Indies,Top Order Batter,31.75,1.0,1,100.0,1.3106,1,0,517.96,39.93,154.29,0.0,0.0,0.0,42.3269,0.6333,42.35,2030,H2,Jul-Dec
Alzarri Joseph,West Indies,Pace Bowler,34.75,0.75,1,198.0,-5.5718,0,1,30.82,10.1,119.45,19.53,9.56,0.0,35.3378,0.0512,34.76,2030,H2,Jul-Dec
Amari Goodridge,West Indies,Pace Bowler,25.75,1.0,1,63.0,4.5821,1,0,180.29,19.85,209.54,53.03,6.84,0.0,72.317,0.6344,69.02,2030,H2,Jul-Dec
Amir Jangoo,West Indies,Wicketkeeper,33.75,1.0,1,104.0,2.8956,1,0,727.43,50.41,162.6,0.0,0.0,0.0,47.6507,0.4418,47.74,2030,H2,Jul-Dec
Andre Fletcher,West Indies,Wicketkeeper,42.75,0.0,0,260.0,-5.1031,0,1,10.77,23.65,122.1,0.0,0.0,0.0,29.9618,0.0064,30.35,2030,H2,Jul-Dec
Brandon King,West Indies,Top Order Batter,35.75,0.65,1,169.4,-2.2666,0,1,250.41,32.64,137.45,0.0,0.0,0.0,36.227,0.0216,36.38,2030,H2,Jul-Dec
Carlon Tuckett,West Indies,Pace Bowler,26.75,1.0,1,64.0,5.4784,1,0,196.04,21.08,183.43,65.72,7.7,0.0,73.784,0.5531,69.08,2030,H2,Jul-Dec
Evin Lewis,West Indies,Top Order Batter,39.75,0.0,0,205.0,-3.6268,0,1,74.1,30.19,144.08,0.0,0.0,0.0,36.2376,0.0201,36.38,2030,H2,Jul-Dec
Fabian Allen,West Indies,Bowling All-Rounder,35.75,0.4167,1,165.3333,-4.9385,0,1,136.41,23.54,144.96,10.0,9.11,0.0,39.9526,0.002,39.75,2030,H2,Jul-Dec
Giovonte Depeiza,West Indies,Top Order Batter,24.75,1.0,1,65.0,3.2421,1,0,498.26,57.38,216.59,0.0,0.0,0.0,59.2417,0.9588,59.71,2030,H2,Jul-Dec
Gudakesh Motie,West Indies,Spin Bowler,34.75,0.875,1,163.0,-3.2721,0,1,70.45,15.66,124.52,23.9,8.04,0.0,40.4699,0.3976,39.15,2030,H2,Jul-Dec
Hayden Walsh Jr,West Indies,Spin Bowler,37.75,0.0625,1,110.0,-3.2567,0,1,12.68,11.21,118.43,4.93,8.42,0.0,28.5593,0.0752,29.04,2030,H2,Jul-Dec
Jason Holder,West Indies,Bowling All-Rounder,38.75,0.05,1,236.6,-7.9999,0,1,66.64,23.97,125.49,5.66,10.05,0.0,34.021,0.0009,34.15,2030,H2,Jul-Dec
Jayden Seales,West Indies,Pace Bowler,28.75,1.0,1,114.0,-0.9554,0,1,69.1,12.63,158.63,33.37,7.16,0.0,50.6977,0.701,50.57,2030,H2,Jul-Dec
Jediah Blades,West Indies,Pace Bowler,25.75,1.0,1,66.0,5.5864,1,0,287.29,34.26,220.93,54.82,6.83,0.0,80.008,0.8474,69.3,2030,H2,Jul-Dec
Jewel Andrew,West Indies,Wicketkeeper,23.75,1.0,1,69.0,5.436,1,0,1018.05,56.82,208.33,0.0,0.0,0.0,58.9399,0.8775,58.84,2030,H2,Jul-Dec
Johann Jeremiah,West Indies,Top Order Batter,24.75,1.0,1,60.0,5.1937,1,0,755.23,56.72,207.99,0.0,0.0,0.0,58.1319,0.9769,57.96,2030,H2,Jul-Dec
Johann Layne,West Indies,Pace Bowler,27.75,1.0,1,73.0,6.686,1,0,247.17,23.54,197.9,77.16,7.53,0.0,82.9532,0.8744,69.25,2030,H2,Jul-Dec
John Campbell,West Indies,Top Order Batter,36.75,0.4167,1,105.3333,-0.4203,0,0,139.63,28.27,124.82,0.0,0.0,0.0,32.2317,0.0135,32.68,2030,H2,Jul-Dec
Johnson Charles,West Indies,Wicketkeeper,41.75,0.0,0,260.0,-5.5181,0,1,14.74,26.48,144.02,0.0,0.0,0.0,34.9313,0.0094,35.56,2030,H2,Jul-Dec
Jomel Warrican,West Indies,Spin Bowler,38.75,0.2083,1,80.6667,-1.6154,0,1,18.42,10.49,125.37,9.59,7.66,0.0,32.0633,0.5983,32.22,2030,H2,Jul-Dec
Joshua Da Silva,West Indies,Wicketkeeper,32.75,1.0,1,111.0,0.6613,1,0,352.66,33.77,139.1,0.0,0.0,0.0,37.1583,0.1953,37.25,2030,H2,Jul-Dec
Justin Greaves,West Indies,Batting All-Rounder,34.75,1.0,1,120.0,0.7026,1,0,545.16,41.14,155.66,14.5,8.95,0.0,50.6443,0.5516,50.69,2030,H2,Jul-Dec
Kavem Hodge,West Indies,Batting All-Rounder,37.75,0.6071,1,96.8571,0.8229,1,0,389.14,36.99,149.92,8.96,9.22,0.0,45.1552,0.021,44.94,2030,H2,Jul-Dec
Keacy Carty,West Indies,Middle Order Batter,33.75,1.0,1,107.0,2.0741,1,0,641.05,47.17,158.43,0.0,0.0,0.0,45.6471,0.4726,45.72,2030,H2,Jul-Dec
Kelvin Pittman,West Indies,Pace Bowler,23.75,1.0,1,66.0,5.6867,1,0,202.19,21.3,215.89,80.05,6.59,0.0,87.1572,0.8433,69.31,2030,H2,Jul-Dec
Kemar Paul,West Indies,Bowling All-Rounder,31.75,1.0,1,153.0,-2.8838,0,1,254.82,27.23,153.66,18.5,8.44,0.0,47.2569,0.0047,47.42,2030,H2,Jul-Dec
Kemar Roach,West Indies,Pace Bowler,42.75,0.0,0,91.0,-2.1615,0,1,5.57,7.22,101.93,4.42,10.81,0.0,23.6426,0.0063,23.71,2030,H2,Jul-Dec
Kevlon Anderson,West Indies,Top Order Batter,23.75,1.0,1,90.0,2.7518,1,0,725.38,60.7,222.58,0.0,0.0,0.0,61.992,0.9798,62.02,2030,H2,Jul-Dec
Kirk McKenzie,West Indies,Top Order Batter,29.75,1.0,1,95.0,1.8536,1,0,578.2,46.37,185.11,0.0,0.0,0.0,50.2147,0.8555,49.97,2030,H2,Jul-Dec
Kraigg Brathwaite,West Indies,Top Order Batter,37.75,0.45,1,94.8,-0.4167,0,0,62.59,20.69,109.48,0.0,0.0,0.0,26.841,0.0142,27.76,2030,H2,Jul-Dec
Kyle Mayers,West Indies,Bowling All-Rounder,37.75,0.0625,1,177.0,-5.3893,0,1,38.53,29.33,135.01,4.59,10.23,0.0,36.8195,0.001,36.73,2030,H2,Jul-Dec
Marlon Samuels,West Indies,Batting All-Rounder,49.75,0.0,0,315.0,-13.621,0,1,0.0,9.29,73.84,0.0,14.04,0.0,16.5914,0.0013,16.41,2030,H2,Jul-Dec
Matthew Forde,West Indies,Bowling All-Rounder,28.75,1.0,1,100.0,0.9098,1,0,474.41,44.21,174.75,23.02,7.99,0.0,59.2581,0.0137,59.55,2030,H2,Jul-Dec
Mavendra Dindyal,West Indies,Middle Order Batter,28.75,1.0,1,80.0,3.2258,1,0,657.06,56.53,201.73,0.0,0.0,0.0,56.638,0.8077,56.4,2030,H2,Jul-Dec
Mbeki Joseph,West Indies,Pace Bowler,27.75,1.0,1,67.0,2.3728,1,0,176.55,20.49,171.99,31.1,8.03,0.0,54.5868,0.5905,54.3,2030,H2,Jul-Dec
Mikyle Louis,West Indies,Middle Order Batter,28.75,1.0,1,79.0,3.2497,1,0,688.24,59.43,187.53,0.0,0.0,0.0,54.9569,0.7738,55.29,2030,H2,Jul-Dec
Nathan Edward,West Indies,Pace Bowler,29.75,1.0,1,72.0,1.9326,1,0,184.0,24.15,180.9,34.38,7.39,0.0,59.1207,0.8008,59.54,2030,H2,Jul-Dec
Naveen Bidaisee,West Indies,Middle Order Batter,28.75,1.0,1,70.0,3.2931,1,0,521.24,53.36,182.45,0.0,0.0,0.0,51.6994,0.6311,51.65,2030,H2,Jul-Dec
Nicholas Pooran,West Indies,Wicketkeeper,34.75,0.75,1,313.0,-3.6378,0,1,465.7,36.17,151.56,0.0,0.0,0.0,40.5259,0.0516,40.81,2030,H2,Jul-Dec
Obed McCoy,West Indies,Pace Bowler,33.75,1.0,1,129.0,-1.9366,0,1,44.42,11.09,133.23,23.01,9.15,0.0,39.9976,0.2585,39.96,2030,H2,Jul-Dec
Odean Smith,West Indies,Bowling All-Rounder,34.75,0.8125,1,138.5,-3.7938,0,1,134.02,22.96,141.36,12.4,10.72,0.0,40.0387,0.006,39.45,2030,H2,Jul-Dec
Ramon Simmonds,West Indies,Pace Bowler,27.75,1.0,1,74.0,2.2807,1,0,194.61,21.67,179.97,31.4,7.99,0.0,56.6404,0.4891,56.41,2030,H2,Jul-Dec
Renico Smith,West Indies,Middle Order Batter,28.75,1.0,1,69.0,3.5166,1,0,450.58,50.32,197.44,0.0,0.0,0.0,53.378,0.7292,53.25,2030,H2,Jul-Dec
Rivaldo Clarke,West Indies,Wicketkeeper,24.75,1.0,1,77.0,3.9494,1,0,898.48,62.4,226.19,0.0,0.0,0.0,63.656,0.7384,62.88,2030,H2,Jul-Dec
Romario Shepherd,West Indies,Bowling All-Rounder,35.75,0.5625,1,185.0,-5.1974,0,1,183.91,27.05,143.53,13.95,10.34,0.0,42.6253,0.0027,42.0,2030,H2,Jul-Dec
Roston Chase,West Indies,Batting All-Rounder,38.75,0.0,0,160.0,-4.3009,0,1,88.78,30.64,125.29,4.46,9.28,0.0,35.6113,0.0039,35.75,2030,H2,Jul-Dec
Rovman Powell,West Indies,Middle Order Batter,36.75,0.3125,1,216.5,-3.0588,0,1,168.1,29.88,140.34,0.0,0.0,0.0,35.6997,0.9139,35.96,2030,H2,Jul-Dec
Shai Hope,West Indies,Wicketkeeper,36.75,0.6071,1,176.8571,-1.5342,0,1,299.51,34.23,129.5,0.0,0.0,0.0,35.3616,0.0034,35.8,2030,H2,Jul-Dec
Shamar Joseph,West Indies,Pace Bowler,30.75,1.0,1,81.0,0.627,1,0,67.52,10.22,139.61,25.52,8.43,0.0,42.3252,0.9998,42.29,2030,H2,Jul-Dec
Shamyl Springer,West Indies,Batting All-Rounder,26.75,1.0,1,83.0,2.7541,1,0,719.94,62.91,209.24,18.64,6.87,0.0,70.2331,0.5288,67.1,2030,H2,Jul-Dec
Shaqkere Parris,West Indies,Middle Order Batter,27.75,1.0,1,73.0,3.5507,1,0,666.66,55.92,192.97,0.0,0.0,0.0,54.8416,0.9048,54.64,2030,H2,Jul-Dec
Sherfane Rutherford,West Indies,Middle Order Batter,32.75,1.0,1,202.0,-1.4096,0,1,446.05,37.5,157.24,0.0,0.0,0.0,41.9398,0.5099,41.99,2030,H2,Jul-Dec
Shimron Hetmyer,West Indies,Middle Order Batter,33.75,1.0,1,221.0,-2.5007,0,1,244.11,32.0,147.41,0.0,0.0,0.0,37.8745,0.494,37.96,2030,H2,Jul-Dec
Tagenarine Chanderpaul,West Indies,Middle Order Batter,34.75,1.0,1,80.0,0.597,1,0,87.4,18.74,106.75,0.0,0.0,0.0,25.8026,0.0367,26.58,2030,H2,Jul-Dec
Tevin Imlach,West Indies,Wicketkeeper,33.75,1.0,1,86.0,2.0347,1,0,410.97,36.79,142.08,0.0,0.0,0.0,38.7962,0.119,38.9,2030,H2,Jul-Dec
Trevon Hinds,West Indies,Top Order Batter,29.75,1.0,1,70.0,3.6106,1,0,542.05,54.78,189.1,0.0,0.0,0.0,53.4319,0.8214,53.32,2030,H2,Jul-Dec
Voight Lawes,West Indies,Pace Bowler,29.75,1.0,1,65.0,2.1935,1,0,151.69,19.72,179.43,30.55,7.39,0.0,55.5508,0.7285,55.31,2030,H2,Jul-Dec
Zishan Motara,West Indies,Pace Bowler,26.75,1.0,1,61.0,5.4592,1,0,178.25,23.09,190.72,51.7,6.77,0.0,69.1631,0.7006,67.61,2030,H2,Jul-Dec
Ainsley Ndlovu,Zimbabwe,Top Order Batter,31.75,1.0,1,76.0,-0.2541,0,0,362.34,21.37,131.29,0.0,0.0,0.0,31.9364,0.5199,32.41,2030,H2,Jul-Dec
Antum Naqvi,Zimbabwe,Batting All-Rounder,22.75,1.0,1,81.0,1.1854,1,0,1062.38,56.76,206.74,15.55,7.21,0.0,67.23,0.9264,67.1,2030,H2,Jul-Dec
Ben Curran,Zimbabwe,Top Order Batter,34.75,1.0,1,86.0,0.6625,1,0,498.08,34.74,136.72,0.0,0.0,0.0,37.4053,0.7057,37.5,2030,H2,Jul-Dec
Blessing Muzarabani,Zimbabwe,Pace Bowler,34.75,0.625,1,111.0,-4.3807,0,1,20.22,11.33,116.69,4.85,9.4,0.0,28.088,0.067,28.7,2030,H2,Jul-Dec
Brad Evans,Zimbabwe,Pace Bowler,33.75,1.0,1,100.0,-3.3226,0,1,180.72,18.74,136.53,6.99,10.2,0.0,35.4187,0.6555,35.52,2030,H2,Jul-Dec
Brandon Mavuta,Zimbabwe,Spin Bowler,33.75,1.0,1,87.0,-1.9702,0,1,117.27,13.73,123.28,9.54,8.46,0.0,32.7432,0.6682,32.96,2030,H2,Jul-Dec
Brendan Taylor,Zimbabwe,Wicketkeeper,44.75,0.0,0,92.0,-3.3095,0,1,0.0,9.87,86.15,0.0,0.0,0.0,19.007,0.0126,19.6,2030,H2,Jul-Dec
Brian Bennett,Zimbabwe,Batting All-Rounder,26.75,1.0,1,99.0,0.0177,0,0,947.64,42.95,176.36,21.99,7.85,0.0,59.9904,0.6575,59.55,2030,H2,Jul-Dec
Brian Mudzinganyama,Zimbabwe,Middle Order Batter,29.75,1.0,1,72.0,1.1695,1,0,363.92,29.91,157.36,0.0,0.0,0.0,39.4195,0.7628,39.46,2030,H2,Jul-Dec
Charlton Tshuma,Zimbabwe,Pace Bowler,30.75,1.0,1,59.0,-0.0503,0,0,22.82,5.59,106.07,10.13,8.78,0.0,27.0129,0.2909,27.36,2030,H2,Jul-Dec
Clive Chitumba,Zimbabwe,Wicketkeeper,31.75,1.0,1,60.0,1.1621,1,0,244.31,31.87,154.33,0.0,0.0,0.0,39.1277,0.3823,39.21,2030,H2,Jul-Dec
Clive Madande,Zimbabwe,Wicketkeeper,29.75,1.0,1,102.0,0.3928,0,0,716.43,34.19,156.05,0.0,0.0,0.0,41.4405,0.5264,41.55,2030,H2,Jul-Dec
Craig Ervine,Zimbabwe,Middle Order Batter,44.75,0.0,0,69.0,-1.6218,0,1,0.0,18.19,96.54,0.0,0.0,0.0,23.4902,0.018,24.33,2030,H2,Jul-Dec
Dion Myers,Zimbabwe,Batting All-Rounder,28.75,1.0,1,96.0,0.5765,1,0,656.51,38.19,160.0,18.21,8.27,0.0,52.7738,0.7589,52.67,2030,H2,Jul-Dec
Ernest Masuku,Zimbabwe,Pace Bowler,32.75,1.0,1,75.0,-1.4373,0,1,42.16,3.91,104.4,4.57,9.35,0.0,23.4566,0.0372,23.83,2030,H2,Jul-Dec
Faraz Akram,Zimbabwe,Bowling All-Rounder,32.75,1.0,1,89.0,-0.4809,0,0,326.92,31.25,138.77,12.0,9.51,0.0,42.5769,0.0043,42.52,2030,H2,Jul-Dec
Graeme Cremer,Zimbabwe,Spin Bowler,43.75,0.0,0,105.0,-3.011,0,1,0.0,16.46,94.71,0.07,7.31,0.0,23.5871,0.0063,24.17,2030,H2,Jul-Dec
Innocent Kaia,Zimbabwe,Top Order Batter,38.75,0.3214,1,68.0,-1.6456,0,1,0.0,13.66,107.32,0.0,0.0,0.0,24.1191,0.0192,24.83,2030,H2,Jul-Dec
John Campbell,Zimbabwe,Middle Order Batter,36.75,0.0833,1,65.6667,-1.523,0,1,23.63,19.56,120.13,0.0,0.0,0.0,28.3788,0.0324,29.07,2030,H2,Jul-Dec
Joylord Gumbie,Zimbabwe,Wicketkeeper,34.75,1.0,1,80.0,-0.3911,0,0,101.06,20.96,114.11,0.0,0.0,0.0,27.8927,0.025,28.74,2030,H2,Jul-Dec
Kian Blignaut,Zimbabwe,Pace Bowler,22.75,1.0,1,56.0,0.4958,0,0,42.12,10.38,133.75,13.21,6.9,0.0,35.6026,0.5244,35.71,2030,H2,Jul-Dec
Kundai Matigimu,Zimbabwe,Pace Bowler,33.75,1.0,1,69.0,-0.7799,0,1,27.6,8.28,83.33,4.48,10.4,0.0,20.6302,0.0077,20.94,2030,H2,Jul-Dec
Luke Jongwe,Zimbabwe,Bowling All-Rounder,34.75,0.8125,1,109.5,-5.1966,0,1,41.53,14.56,117.69,0.34,11.09,0.0,26.9211,0.0014,27.92,2030,H2,Jul-Dec
Milton Shumba,Zimbabwe,Middle Order Batter,29.75,1.0,1,89.0,0.6314,1,0,457.26,29.83,145.94,0.0,0.0,0.0,37.5158,0.7912,37.66,2030,H2,Jul-Dec
Nathaniel Mayavo,Zimbabwe,Wicketkeeper,33.75,1.0,1,75.0,0.1353,0,0,191.74,20.64,120.83,0.0,0.0,0.0,29.2963,0.0448,29.83,2030,H2,Jul-Dec
Newman Nyamhuri,Zimbabwe,Pace Bowler,24.75,1.0,1,65.0,-0.3207,0,0,23.34,8.9,117.52,12.67,7.41,0.0,31.674,0.3785,31.75,2030,H2,Jul-Dec
Nick Welch,Zimbabwe,Top Order Batter,32.75,1.0,1,96.0,0.3692,0,0,616.79,37.02,156.18,0.0,0.0,0.0,42.059,0.8898,42.08,2030,H2,Jul-Dec
Panashe Taruvinga,Zimbabwe,Middle Order Batter,28.75,1.0,1,70.0,1.083,1,0,332.18,28.65,147.89,0.0,0.0,0.0,37.1796,0.7664,37.29,2030,H2,Jul-Dec
Prince Masvaure,Zimbabwe,Middle Order Batter,40.75,0.0,0,47.0,-0.7991,0,1,14.59,14.72,108.19,0.0,0.0,0.0,24.6451,0.0203,25.22,2030,H2,Jul-Dec
Richard Ngarava,Zimbabwe,Pace Bowler,32.75,1.0,1,124.0,-3.7105,0,1,19.89,9.24,120.43,11.96,8.85,0.0,31.6761,0.293,31.77,2030,H2,Jul-Dec
Richmond Mutumbami,Zimbabwe,Wicketkeeper,39.75,0.2083,1,60.6667,-0.7787,0,1,0.0,15.62,107.66,0.0,0.0,0.0,24.7816,0.0084,25.42,2030,H2,Jul-Dec
Ryan Burl,Zimbabwe,Batting All-Rounder,36.75,0.3125,1,114.5,-4.2405,0,1,156.61,24.47,125.12,3.43,10.13,0.0,33.2593,0.001,33.54,2030,H2,Jul-Dec
Sean Williams,Zimbabwe,Batting All-Rounder,44.75,0.0,0,81.0,-3.8006,0,1,0.0,18.12,115.11,0.41,10.01,0.0,27.5778,0.0018,28.47,2030,H2,Jul-Dec
Sikandar Raza,Zimbabwe,Batting All-Rounder,44.75,0.0,0,136.0,-5.2566,0,1,192.19,30.03,135.0,5.62,9.88,0.0,37.9936,0.0034,37.69,2030,H2,Jul-Dec
Tadiwanashe Marumani,Zimbabwe,Wicketkeeper,28.75,1.0,1,102.0,1.1231,1,0,845.62,39.0,169.81,0.0,0.0,0.0,45.8313,0.8811,45.95,2030,H2,Jul-Dec
Tafadzwa Tsiga,Zimbabwe,Wicketkeeper,30.75,1.0,1,67.0,1.6812,1,0,364.94,38.64,160.62,0.0,0.0,0.0,42.6991,0.2899,42.7,2030,H2,Jul-Dec
Takudzwanashe Kaitano,Zimbabwe,Top Order Batter,36.75,0.65,1,70.4,-0.0939,0,0,193.64,22.18,128.07,0.0,0.0,0.0,31.1243,0.0214,31.7,2030,H2,Jul-Dec
Tanaka Chivanga,Zimbabwe,Pace Bowler,34.75,0.8125,1,72.5,-1.7525,0,1,14.62,4.77,87.13,2.06,10.81,0.0,19.0121,0.0061,19.49,2030,H2,Jul-Dec
Tapiwa Mufudza,Zimbabwe,Spin Bowler,32.75,1.0,1,64.0,0.833,1,0,219.2,21.51,129.4,12.55,8.8,0.0,37.9368,0.574,37.99,2030,H2,Jul-Dec
Tashinga Musekiwa,Zimbabwe,Batting All-Rounder,29.75,1.0,1,69.0,1.6975,1,0,449.66,50.72,188.84,8.39,8.15,0.0,56.6982,0.691,56.4,2030,H2,Jul-Dec
Tendekai Gwandu,Zimbabwe,Pace Bowler,29.75,1.0,1,66.0,-0.2618,0,0,26.68,7.16,110.07,9.84,8.22,0.0,28.2132,0.2158,28.46,2030,H2,Jul-Dec
Tinotenda Maposa,Zimbabwe,Pace Bowler,33.75,1.0,1,74.0,-0.6329,0,1,29.35,7.65,96.82,9.38,9.88,0.0,25.4009,0.0417,25.65,2030,H2,Jul-Dec
Tony Munyonga,Zimbabwe,Batting All-Rounder,34.75,1.0,1,82.0,-0.1083,0,0,232.71,26.64,134.37,8.81,9.92,0.0,38.4885,0.0387,38.47,2030,H2,Jul-Dec
Victor Nyauchi,Zimbabwe,Pace Bowler,38.75,0.0,0,49.0,-2.4468,0,1,0.16,4.09,78.63,0.0,11.6,0.0,16.0966,0.0033,16.64,2030,H2,Jul-Dec
Vincent Masekesa,Zimbabwe,Batting All-Rounder,28.75,1.0,1,62.0,2.1751,1,0,343.89,40.85,170.38,8.84,8.68,0.0,50.0649,0.5131,49.92,2030,H2,Jul-Dec
Wellington Masakadza,Zimbabwe,Spin Bowler,37.75,0.0,0,91.0,-4.6965,0,1,11.07,11.61,100.34,1.38,9.14,0.0,23.4559,0.0158,24.1,2030,H2,Jul-Dec
Wessly Madhevere,Zimbabwe,Batting All-Rounder,29.75,1.0,1,116.0,-1.4508,0,1,419.71,36.03,156.73,11.24,8.36,0.0,47.4688,0.2544,47.49,2030,H2,Jul-Dec
William Mashinge,Zimbabwe,Batting All-Rounder,33.75,1.0,1,77.0,0.3719,0,0,268.14,24.69,136.57,8.98,9.64,0.0,38.521,0.1236,38.57,2030,H2,Jul-Dec
