Date,Series,Venue,Toss_Winner,Toss_Decision,1st_Inn_Runs,1st_Inn_Wkts,2nd_Inn_Runs,2nd_Inn_Wkts,3rd_Inn_Runs,3rd_Inn_Wkts,4th_Inn_Runs,4th_Inn_Wkts,Result,POM,Format,Search_Field,Toss_Enc,Venue_Enc
24/02/09,SL v AFG,Pallekele International Cricket Stadium,Afghanistan,Bowl,381,3,339,6,0,0,0,0,SL (42 runs),P. Nissanka,ODI,SL V AFG AFGHANISTAN SL (42 RUNS),0,83
24/02/11,SL v AFG,Pallekele International Cricket Stadium,Sri Lanka,Bat,308,6,153,10,0,0,0,0,SL (155 runs),C. Asalanka,ODI,SL V AFG SRI LANKA SL (155 RUNS),21,83
24/02/14,SL v AFG,Pallekele International Cricket Stadium,Afghanistan,Bat,266,10,267,3,0,0,0,0,SL (7 wkts),P. Nissanka,ODI,SL V AFG AFGHANISTAN SL (7 WKTS),0,83
24/03/07,AFG v IRE,Sharjah Cricket Stadium,Ireland,Bowl,310,5,275,8,0,0,0,0,AFG (35 runs),R. Gurbaz,ODI,AFG V IRE IRELAND AFG (35 RUNS),7,112
24/03/12,AFG v IRE,Sharjah Cricket Stadium,Ireland,Bowl,236,9,119,10,0,0,0,0,AFG (117 runs),Mohammad Nabi,ODI,AFG V IRE IRELAND AFG (117 RUNS),7,112
24/09/18,AFG v SA,Sharjah Cricket Stadium,South Africa,Bat,106,10,107,4,0,0,0,0,AFG (6 wkts),F. Farooqi,ODI,AFG V SA SOUTH AFRICA AFG (6 WKTS),20,112
24/09/20,AFG v SA,Sharjah Cricket Stadium,Afghanistan,Bat,311,4,134,10,0,0,0,0,AFG (177 runs),Rashid Khan,ODI,AFG V SA AFGHANISTAN AFG (177 RUNS),0,112
24/09/22,AFG v SA,Sharjah Cricket Stadium,Afghanistan,Bat,169,10,170,3,0,0,0,0,SA (7 wkts),R. Gurbaz,ODI,AFG V SA AFGHANISTAN SA (7 WKTS),0,112
24/11/06,AFG v BAN,Sharjah Cricket Stadium,Afghanistan,Bat,235,10,143,10,0,0,0,0,AFG (92 runs),Allah Ghazanfar,ODI,AFG V BAN AFGHANISTAN AFG (92 RUNS),0,112
24/11/09,AFG v BAN,Sharjah Cricket Stadium,Bangladesh,Bat,252,7,184,10,0,0,0,0,BAN (68 runs),N. H. Shanto,ODI,AFG V BAN BANGLADESH BAN (68 RUNS),2,112
24/11/11,AFG v BAN,Sharjah Cricket Stadium,Bangladesh,Bat,244,8,246,5,0,0,0,0,AFG (5 wkts),A. Omarzai,ODI,AFG V BAN BANGLADESH AFG (5 WKTS),2,112
24/12/17,ZIM v AFG,Harare Sports Club,Afghanistan,Bowl,44,5,0,0,0,0,0,0,No Result,,ODI,ZIM V AFG AFGHANISTAN NO RESULT,0,46
24/12/19,ZIM v AFG,Harare Sports Club,Zimbabwe,Bowl,286,6,54,10,0,0,0,0,AFG (232 runs),Sediqullah Atal,ODI,ZIM V AFG ZIMBABWE AFG (232 RUNS),26,46
24/12/21,ZIM v AFG,Harare Sports Club,Afghanistan,Bowl,127,10,131,2,0,0,0,0,AFG (8 wkts),Allah Ghazanfar,ODI,ZIM V AFG AFGHANISTAN AFG (8 WKTS),0,46
25/02/21,ICC CT (SA),Karachi National Stadium,South Africa,Bowl,181,10,288,5,0,0,0,0,SA (107 runs),Quinton de Kock,ODI,ICC CT (SA) SOUTH AFRICA SA (107 RUNS),20,53
25/02/26,ICC CT (ENG),Gaddafi Stadium,England,Bowl,265,9,257,10,0,0,0,0,AFG (8 runs),Fazalhaq Farooqi,ODI,ICC CT (ENG) ENGLAND AFG (8 RUNS),4,36
25/02/28,ICC CT (AUS),Gaddafi Stadium,,,0,0,0,0,0,0,0,0,No Result,,ODI,,27,36
25/10/08,AFG v BAN,Sheikh Zayed Stadium,Bangladesh,Bat,221,10,226,5,0,0,0,0,AFG (5 wkts),A. Omarzai,ODI,AFG V BAN BANGLADESH AFG (5 WKTS),2,114
25/10/11,AFG v BAN,Sheikh Zayed Stadium,Afghanistan,Bat,255,8,174,10,0,0,0,0,AFG (81 runs),Rashid Khan,ODI,AFG V BAN AFGHANISTAN AFG (81 RUNS),0,114
25/10/14,AFG v BAN,Sheikh Zayed Stadium,Afghanistan,Bat,293,9,93,10,0,0,0,0,AFG (200 runs),Bilal Sami,ODI,AFG V BAN AFGHANISTAN AFG (200 RUNS),0,114
24/02/01,AUS v WI,Melbourne Cricket Ground,Australia,Bowl,231,10,232,2,0,0,0,0,AUS (8 wkts),Xavier Bartlett,ODI,AUS V WI AUSTRALIA AUS (8 WKTS),1,70
24/02/04,AUS v WI,Sydney Cricket Ground,West Indies,Bowl,258,9,175,10,0,0,0,0,AUS (83 runs),Sean Abbott,ODI,AUS V WI WEST INDIES AUS (83 RUNS),25,128
24/02/06,AUS v WI,Manuka Oval,Australia,Bowl,86,10,87,2,0,0,0,0,AUS (8 wkts),Xavier Bartlett,ODI,AUS V WI AUSTRALIA AUS (8 WKTS),1,66
24/09/19,ENG v AUS,Trent Bridge,England,Bat,315,10,317,3,0,0,0,0,AUS (7 wkts),Travis Head,ODI,ENG V AUS ENGLAND AUS (7 WKTS),4,136
24/09/21,ENG v AUS,Headingley,England,Bowl,270,10,202,10,0,0,0,0,AUS (68 runs),Alex Carey,ODI,ENG V AUS ENGLAND AUS (68 RUNS),4,48
24/09/24,ENG v AUS,Riverside Ground,Australia,Bowl,304,7,226,2,0,0,0,0,ENG (46 runs*),Harry Brook,ODI,ENG V AUS AUSTRALIA ENG (46 RUNS*),1,102
24/09/27,ENG v AUS,Lord's,Australia,Bowl,312,5,126,10,0,0,0,0,ENG (186 runs),Liam Livingstone,ODI,ENG V AUS AUSTRALIA ENG (186 RUNS),1,58
24/09/29,ENG v AUS,County Ground (Bristol),Australia,Bowl,309,10,165,2,0,0,0,0,AUS (49 runs*),Travis Head,ODI,ENG V AUS AUSTRALIA AUS (49 RUNS*),1,25
24/11/04,AUS v PAK,Melbourne Cricket Ground,Australia,Bowl,203,10,204,8,0,0,0,0,AUS (2 wkts),Mitchell Starc,ODI,AUS V PAK AUSTRALIA AUS (2 WKTS),1,70
24/11/08,AUS v PAK,Adelaide Oval,Pakistan,Bowl,163,10,169,1,0,0,0,0,PAK (9 wkts),Haris Rauf,ODI,AUS V PAK PAKISTAN PAK (9 WKTS),15,2
24/11/10,AUS v PAK,Perth Stadium,Pakistan,Bowl,140,10,143,2,0,0,0,0,PAK (8 wkts),Haris Rauf,ODI,AUS V PAK PAKISTAN PAK (8 WKTS),15,87
25/02/12,SL v AUS,R. Premadasa Stadium,Sri Lanka,Bat,275,7,226,10,0,0,0,0,SL (49 runs),Kusal Mendis,ODI,SL V AUS SRI LANKA SL (49 RUNS),21,94
25/02/13,SL v AUS,R. Premadasa Stadium,Sri Lanka,Bat,281,10,107,10,0,0,0,0,SL (174 runs),Kusal Mendis,ODI,SL V AUS SRI LANKA SL (174 RUNS),21,94
25/02/22,ICC CT (ENG),Gaddafi Stadium,Australia,Bowl,240,10,241,5,0,0,0,0,AUS (5 wkts),Mitchell Marsh,ODI,ICC CT (ENG) AUSTRALIA AUS (5 WKTS),1,36
25/02/28,ICC CT (AFG),Gaddafi Stadium,,,0,0,0,0,0,0,0,0,No Result,,ODI,,27,36
25/03/04,ICC CT (IND),Dubai Intl Stadium,Australia,Bat,258,8,259,6,0,0,0,0,IND (4 wkts),Virat Kohli,ODI,ICC CT (IND) AUSTRALIA IND (4 WKTS),1,31
25/08/18,AUS v SA,Cazaly's Stadium,Australia,Bowl,296,8,198,10,0,0,0,0,SA (98 runs),Keshav Maharaj,ODI,AUS V SA AUSTRALIA SA (98 RUNS),1,20
25/08/22,AUS v SA,Harrup Park,South Africa,Bat,265,7,181,10,0,0,0,0,SA (84 runs),Quinton de Kock,ODI,AUS V SA SOUTH AFRICA SA (84 RUNS),20,47
25/08/24,AUS v SA,Harrup Park,Australia,Bat,382,4,106,10,0,0,0,0,AUS (276 runs),Marnus Labuschagne,ODI,AUS V SA AUSTRALIA AUS (276 RUNS),1,47
25/10/18,AUS v IND,Perth Stadium,Australia,Bowl,136,9,131,3,0,0,0,0,AUS (7 wkts*),Mitchell Marsh,ODI,AUS V IND AUSTRALIA AUS (7 WKTS*),1,87
25/10/23,AUS v IND,Adelaide Oval,India,Bat,244,10,245,8,0,0,0,0,AUS (2 wkts),Glenn Maxwell,ODI,AUS V IND INDIA AUS (2 WKTS),6,2
25/10/25,AUS v IND,Sydney Cricket Ground,India,Bat,321,4,212,10,0,0,0,0,IND (9 wkts*),Rohit Sharma,ODI,AUS V IND INDIA IND (9 WKTS*),6,128
24/03/13,BAN v SL,Zahur Ahmed Chowdhury Stadium,Sri Lanka,Bat,255,10,257,4,0,0,0,0,BAN (6 wkts),Najmul Shanto,ODI,BAN V SL SRI LANKA BAN (6 WKTS),21,145
24/03/15,BAN v SL,Zahur Ahmed Chowdhury Stadium,Bangladesh,Bowl,286,7,287,7,0,0,0,0,SL (3 wkts),Pathum Nissanka,ODI,BAN V SL BANGLADESH SL (3 WKTS),2,145
24/03/18,BAN v SL,Zahur Ahmed Chowdhury Stadium,Sri Lanka,Bat,235,10,237,6,0,0,0,0,BAN (4 wkts),Rishad Hossain,ODI,BAN V SL SRI LANKA BAN (4 WKTS),21,145
24/11/06,AFG v BAN,Sharjah Cricket Stadium,Afghanistan,Bat,235,10,143,10,0,0,0,0,AFG (92 runs),Allah Ghazanfar,ODI,AFG V BAN AFGHANISTAN AFG (92 RUNS),0,112
24/11/09,AFG v BAN,Sharjah Cricket Stadium,Bangladesh,Bat,252,7,184,10,0,0,0,0,BAN (68 runs),Najmul Shanto,ODI,AFG V BAN BANGLADESH BAN (68 RUNS),2,112
24/11/11,AFG v BAN,Sharjah Cricket Stadium,Bangladesh,Bat,244,8,246,5,0,0,0,0,AFG (5 wkts),Azmatullah Omarzai,ODI,AFG V BAN BANGLADESH AFG (5 WKTS),2,112
24/12/08,WI v BAN,Warner Park Cricket Ground,Bangladesh,Bowl,251,10,252,5,0,0,0,0,WI (5 wkts),Shai Hope,ODI,WI V BAN BANGLADESH WI (5 WKTS),2,143
24/12/10,WI v BAN,Warner Park Cricket Ground,West Indies,Bat,280,6,212,10,0,0,0,0,WI (7 wkts),Brandon King,ODI,WI V BAN WEST INDIES WI (7 WKTS),25,143
24/12/12,WI v BAN,Warner Park Cricket Ground,Bangladesh,Bowl,210,10,211,6,0,0,0,0,WI (4 wkts),Alzarri Joseph,ODI,WI V BAN BANGLADESH WI (4 WKTS),2,143
25/02/20,ICC CT (IND),Dubai International Cricket Stadium,India,Bowl,198,10,201,4,0,0,0,0,IND (6 wkts),Jasprit Bumrah,ODI,ICC CT (IND) INDIA IND (6 WKTS),6,30
25/02/24,ICC CT (NZ),Rawalpindi Cricket Stadium,New Zealand,Bowl,242,8,245,5,0,0,0,0,NZ (5 wkts),Daryl Mitchell,ODI,ICC CT (NZ) NEW ZEALAND NZ (5 WKTS),13,100
25/07/02,SL v BAN,R. Premadasa International Cricket Stadium,Bangladesh,Bowl,244,10,167,10,0,0,0,0,SL (77 runs),Kusal Mendis,ODI,SL V BAN BANGLADESH SL (77 RUNS),2,93
25/07/05,SL v BAN,R. Premadasa International Cricket Stadium,Bangladesh,Bat,248,10,232,10,0,0,0,0,BAN (16 runs),Mehidy Hasan,ODI,SL V BAN BANGLADESH BAN (16 RUNS),2,93
25/07/08,SL v BAN,Pallekele International Cricket Stadium,Sri Lanka,Bat,285,7,186,10,0,0,0,0,SL (99 runs),Kusal Mendis,ODI,SL V BAN SRI LANKA SL (99 RUNS),21,83
25/10/08,AFG v BAN,Sheikh Zayed Stadium,Bangladesh,Bat,221,10,226,5,0,0,0,0,AFG (5 wkts),Azmatullah Omarzai,ODI,AFG V BAN BANGLADESH AFG (5 WKTS),2,114
25/10/11,AFG v BAN,Sheikh Zayed Stadium,Afghanistan,Bat,255,8,174,10,0,0,0,0,AFG (81 runs),Rashid Khan,ODI,AFG V BAN AFGHANISTAN AFG (81 RUNS),0,114
25/10/14,AFG v BAN,Sheikh Zayed Stadium,Afghanistan,Bat,293,9,93,10,0,0,0,0,AFG (200 runs),Bilal Sami,ODI,AFG V BAN AFGHANISTAN AFG (200 RUNS),0,114
25/10/18,BAN v WI,Shere Bangla National Stadium,Bangladesh,Bat,288,6,214,10,0,0,0,0,BAN (74 runs),Mushfiqur Rahim,ODI,BAN V WI BANGLADESH BAN (74 RUNS),2,115
25/10/21,BAN v WI,Shere Bangla National Stadium,West Indies,Bowl,240,8,240,10,0,0,0,0,WI (Super Over),Nicholas Pooran,ODI,BAN V WI WEST INDIES WI (SUPER OVER),25,115
25/10/23,BAN v WI,Shere Bangla National Stadium,Bangladesh,Bat,342,5,163,10,0,0,0,0,BAN (179 runs),Towhid Hridoy,ODI,BAN V WI BANGLADESH BAN (179 RUNS),2,115
26/03/11,BAN v PAK,Shere Bangla National Stadium,Pakistan,Bat,215,10,218,2,0,0,0,0,BAN (8 wkts),Mustafizur Rahman,ODI,BAN V PAK PAKISTAN BAN (8 WKTS),15,115
26/03/13,BAN v PAK,Shere Bangla National Stadium,Bangladesh,Bowl,312,6,184,10,0,0,0,0,PAK (128 runs),Babar Azam,ODI,BAN V PAK BANGLADESH PAK (128 RUNS),2,115
26/03/15,BAN v PAK,Shere Bangla National Stadium,Bangladesh,Bat,268,9,257,10,0,0,0,0,BAN (11 runs),Shakib Al Hasan,ODI,BAN V PAK BANGLADESH BAN (11 RUNS),2,115
26/04/17,BAN v NZ,Shere Bangla National Stadium,New Zealand,Bat,275,7,249,10,0,0,0,0,NZ (26 runs),Kane Williamson,ODI,BAN V NZ NEW ZEALAND NZ (26 RUNS),13,115
26/04/20,BAN v NZ,Shere Bangla National Stadium,Bangladesh,Bowl,224,10,228,4,0,0,0,0,BAN (6 wkts),Mehidy Hasan,ODI,BAN V NZ BANGLADESH BAN (6 WKTS),2,115
26/04/23,BAN v NZ,BSF Lieutenant Matiur Rahman Stadium,Bangladesh,Bat,291,6,236,10,0,0,0,0,BAN (55 runs),Litton Das,ODI,BAN V NZ BANGLADESH BAN (55 RUNS),2,7
24/09/19,ENG v AUS,Trent Bridge,England,Bat,315,10,317,3,0,0,0,0,AUS (7 wkts),Travis Head,ODI,ENG V AUS ENGLAND AUS (7 WKTS),4,136
24/09/21,ENG v AUS,Headingley,England,Bowl,270,10,202,10,0,0,0,0,AUS (68 runs),Alex Carey,ODI,ENG V AUS ENGLAND AUS (68 RUNS),4,48
24/09/24,ENG v AUS,Riverside Ground,Australia,Bowl,304,7,226,2,0,0,0,0,ENG (46 runs*),Harry Brook,ODI,ENG V AUS AUSTRALIA ENG (46 RUNS*),1,102
24/09/27,ENG v AUS,Lord's Cricket Ground,Australia,Bowl,312,5,126,10,0,0,0,0,ENG (186 runs),Liam Livingstone,ODI,ENG V AUS AUSTRALIA ENG (186 RUNS),1,59
24/09/29,ENG v AUS,County Ground (Bristol),Australia,Bowl,309,10,165,2,0,0,0,0,AUS (49 runs*),Travis Head,ODI,ENG V AUS AUSTRALIA AUS (49 RUNS*),1,25
24/10/31,WI v ENG,Sir Vivian Richards Stadium,West Indies,Bowl,209,10,210,2,0,0,0,0,WI (8 wkts),Gudakesh Motie,ODI,WI V ENG WEST INDIES WI (8 WKTS),25,122
24/11/02,WI v ENG,Sir Vivian Richards Stadium,England,Bowl,328,6,329,5,0,0,0,0,ENG (5 wkts),Liam Livingstone,ODI,WI V ENG ENGLAND ENG (5 WKTS),4,122
24/11/06,WI v ENG,Kensington Oval,West Indies,Bowl,263,8,267,2,0,0,0,0,WI (8 wkts),Brandon King,ODI,WI V ENG WEST INDIES WI (8 WKTS),25,55
25/02/06,IND v ENG,Vidarbha Cricket Association Stadium,England,Bat,252,9,253,6,0,0,0,0,IND (4 wkts),Shubman Gill,ODI,IND V ENG ENGLAND IND (4 WKTS),4,139
25/02/09,IND v ENG,Barabati Stadium,India,Bowl,288,7,289,6,0,0,0,0,IND (4 wkts),Virat Kohli,ODI,IND V ENG INDIA IND (4 WKTS),6,8
25/02/12,IND v ENG,Narendra Modi Stadium,England,Bowl,342,5,200,10,0,0,0,0,IND (142 runs),Rohit Sharma,ODI,IND V ENG ENGLAND IND (142 RUNS),4,73
25/02/22,ICC CT (AUS),Gaddafi Stadium,Australia,Bowl,240,10,241,5,0,0,0,0,AUS (5 wkts),Mitchell Marsh,ODI,ICC CT (AUS) AUSTRALIA AUS (5 WKTS),1,36
25/02/26,ICC CT (AFG),Gaddafi Stadium,England,Bowl,265,9,257,10,0,0,0,0,AFG (8 runs),Fazalhaq Farooqi,ODI,ICC CT (AFG) ENGLAND AFG (8 RUNS),4,36
25/03/01,ICC CT (SA),National Stadium (Karachi),South Africa,Bowl,220,10,221,3,0,0,0,0,SA (7 wkts),Heinrich Klaasen,ODI,ICC CT (SA) SOUTH AFRICA SA (7 WKTS),20,78
25/05/29,ENG v WI,Edgbaston Cricket Ground,West Indies,Bowl,362,4,124,10,0,0,0,0,ENG (238 runs),Jos Buttler,ODI,ENG V WI WEST INDIES ENG (238 RUNS),25,35
25/06/01,ENG v WI,Sophia Gardens,England,Bowl,215,10,216,7,0,0,0,0,ENG (3 wkts),Adil Rashid,ODI,ENG V WI ENGLAND ENG (3 WKTS),4,124
25/06/03,ENG v WI,Kennington Oval,England,Bowl,192,10,193,3,0,0,0,0,ENG (7 wkts),Jofra Archer,ODI,ENG V WI ENGLAND ENG (7 WKTS),4,54
25/09/02,ENG v SA,Headingley,South Africa,Bowl,244,10,248,3,0,0,0,0,SA (7 wkts),David Miller,ODI,ENG V SA SOUTH AFRICA SA (7 WKTS),20,48
25/09/04,ENG v SA,Lord's Cricket Ground,England,Bat,285,8,280,10,0,0,0,0,SA (5 runs),Kagiso Rabada,ODI,ENG V SA ENGLAND SA (5 RUNS),4,59
25/09/07,ENG v SA,The Rose Bowl,South Africa,Bowl,422,5,80,10,0,0,0,0,ENG (342 runs),Harry Brook,ODI,ENG V SA SOUTH AFRICA ENG (342 RUNS),20,132
25/10/26,NZ v ENG,Bay Oval,New Zealand,Bowl,238,10,242,6,0,0,0,0,NZ (4 wkts),Rachin Ravindra,ODI,NZ V ENG NEW ZEALAND NZ (4 WKTS),13,11
25/10/29,NZ v ENG,Seddon Park,New Zealand,Bowl,212,10,213,5,0,0,0,0,NZ (5 wkts),Glenn Phillips,ODI,NZ V ENG NEW ZEALAND NZ (5 WKTS),13,109
25/11/01,NZ v ENG,Sky Stadium,England,Bat,265,8,266,8,0,0,0,0,NZ (2 wkts),Mitchell Santner,ODI,NZ V ENG ENGLAND NZ (2 WKTS),4,123
26/01/22,SL v ENG,R. Premadasa International Cricket Stadium,Sri Lanka,Bat,271,6,252,10,0,0,0,0,SL (19 runs),Dunith Wellalage,ODI,SL V ENG SRI LANKA SL (19 RUNS),21,93
26/01/24,SL v ENG,R. Premadasa International Cricket Stadium,Sri Lanka,Bat,210,10,214,5,0,0,0,0,ENG (5 wkts),Adil Rashid,ODI,SL V ENG SRI LANKA ENG (5 WKTS),21,93
26/01/27,SL v ENG,R. Premadasa International Cricket Stadium,England,Bat,305,7,252,10,0,0,0,0,ENG (53 runs),Jos Buttler,ODI,SL V ENG ENGLAND ENG (53 RUNS),4,93
24/08/02,SL v IND,R. Premadasa Stadium,Sri Lanka,Bat,230,8,230,10,0,0,0,0,Match Tied,D. Wellalage,ODI,SL V IND SRI LANKA MATCH TIED,21,94
24/08/04,SL v IND,R. Premadasa Stadium,Sri Lanka,Bat,240,9,208,10,0,0,0,0,SL (32 runs),J. Vandersay,ODI,SL V IND SRI LANKA SL (32 RUNS),21,94
24/08/07,SL v IND,R. Premadasa Stadium,Sri Lanka,Bat,248,7,138,10,0,0,0,0,SL (110 runs),D. Wellalage,ODI,SL V IND SRI LANKA SL (110 RUNS),21,94
25/02/06,IND v ENG,Vidarbha Cricket Association Stadium,England,Bat,252,9,253,6,0,0,0,0,IND (4 wkts),Shubman Gill,ODI,IND V ENG ENGLAND IND (4 WKTS),4,139
25/02/09,IND v ENG,Barabati Stadium,India,Bowl,288,7,289,6,0,0,0,0,IND (4 wkts),Virat Kohli,ODI,IND V ENG INDIA IND (4 WKTS),6,8
25/02/12,IND v ENG,Narendra Modi Stadium,England,Bowl,342,5,200,10,0,0,0,0,IND (142 runs),Rohit Sharma,ODI,IND V ENG ENGLAND IND (142 RUNS),4,73
25/02/20,ICC CT (v BAN),Dubai International Cricket Stadium,India,Bowl,198,10,201,4,0,0,0,0,IND (6 wkts),Jasprit Bumrah,ODI,ICC CT (V BAN) INDIA IND (6 WKTS),6,30
25/02/23,ICC CT (v PAK),Dubai International Cricket Stadium,Pakistan,Bat,262,8,263,4,0,0,0,0,IND (6 wkts),Ravindra Jadeja,ODI,ICC CT (V PAK) PAKISTAN IND (6 WKTS),15,30
25/03/02,ICC CT (v NZ),Dubai International Cricket Stadium,India,Bat,291,6,247,10,0,0,0,0,IND (44 runs),KL Rahul,ODI,ICC CT (V NZ) INDIA IND (44 RUNS),6,30
25/03/04,ICC CT (v AUS),Dubai International Cricket Stadium,Australia,Bat,258,8,259,6,0,0,0,0,IND (4 wkts),Virat Kohli,ODI,ICC CT (V AUS) AUSTRALIA IND (4 WKTS),1,30
25/03/09,ICC CT Final (v NZ),Dubai International Cricket Stadium,New Zealand,Bat,224,10,225,6,0,0,0,0,IND (4 wkts),Mohammed Shami,ODI,ICC CT FINAL (V NZ) NEW ZEALAND IND (4 WKTS),13,30
25/10/19,AUS v IND,Perth Stadium,Australia,Bowl,136,9,131,3,0,0,0,0,AUS (7 wkts),Mitchell Marsh,ODI,AUS V IND AUSTRALIA AUS (7 WKTS),1,87
25/10/23,AUS v IND,Adelaide Oval,India,Bat,244,10,245,8,0,0,0,0,AUS (2 wkts),Glenn Maxwell,ODI,AUS V IND INDIA AUS (2 WKTS),6,2
25/10/25,AUS v IND,Sydney Cricket Ground,India,Bat,321,4,212,10,0,0,0,0,IND (9 wkts*),Rohit Sharma,ODI,AUS V IND INDIA IND (9 WKTS*),6,128
25/11/30,IND v SA,JSCA Intl Stadium Complex,India,Bat,285,6,268,10,0,0,0,0,IND (17 runs),Hardik Pandya,ODI,IND V SA INDIA IND (17 RUNS),6,51
25/12/03,IND v SA,Shaheed Veer Narayan Singh Stadium,South Africa,Bowl,214,10,215,6,0,0,0,0,SA (4 wkts),David Miller,ODI,IND V SA SOUTH AFRICA SA (4 WKTS),20,110
25/12/06,IND v SA,Dr YS Rajasekhara Reddy Stadium,India,Bowl,182,10,185,1,0,0,0,0,IND (9 wkts),Kuldeep Yadav,ODI,IND V SA INDIA IND (9 WKTS),6,28
26/01/11,IND v NZ,Kotambi Stadium,India,Bowl,300,8,306,6,0,0,0,0,IND (4 wkts),Rishabh Pant,ODI,IND V NZ INDIA IND (4 WKTS),6,57
26/01/14,IND v NZ,Saurashtra Cricket Association Stadium,New Zealand,Bat,284,7,286,3,0,0,0,0,NZ (7 wkts*),Rachin Ravindra,ODI,IND V NZ NEW ZEALAND NZ (7 WKTS*),13,107
26/01/18,IND v NZ,Holkar Cricket Stadium,New Zealand,Bat,337,8,296,10,0,0,0,0,NZ (41 runs),Mitchell Santner,ODI,IND V NZ NEW ZEALAND NZ (41 RUNS),13,49
24/03/07,AFG v IRE,Sharjah Cricket Stadium,Ireland,Bowl,310,5,275,8,0,0,0,0,AFG (35 runs),Rahmanullah Gurbaz,ODI,AFG V IRE IRELAND AFG (35 RUNS),7,112
24/03/12,AFG v IRE,Sharjah Cricket Stadium,Ireland,Bowl,236,9,119,10,0,0,0,0,AFG (117 runs),Mohammad Nabi,ODI,AFG V IRE IRELAND AFG (117 RUNS),7,112
24/10/02,IRE v SA,Sheikh Zayed Stadium,South Africa,Bat,271,9,132,10,0,0,0,0,SA (139 runs),Ryan Rickelton,ODI,IRE V SA SOUTH AFRICA SA (139 RUNS),20,114
24/10/04,IRE v SA,Sheikh Zayed Stadium,South Africa,Bat,343,4,169,9,0,0,0,0,SA (174 runs),Tristan Stubbs,ODI,IRE V SA SOUTH AFRICA SA (174 RUNS),20,114
24/10/07,IRE v SA,Sheikh Zayed Stadium,Ireland,Bat,284,9,215,10,0,0,0,0,IRE (69 runs),Paul Stirling,ODI,IRE V SA IRELAND IRE (69 RUNS),7,114
25/02/14,ZIM v IRE,Harare Sports Club,Zimbabwe,Bat,268,8,219,10,0,0,0,0,ZIM (49 runs),Sikandar Raza,ODI,ZIM V IRE ZIMBABWE ZIM (49 RUNS),26,46
25/02/16,ZIM v IRE,Harare Sports Club,Ireland,Bowl,194,10,197,4,0,0,0,0,IRE (6 wkts),Josh Little,ODI,ZIM V IRE IRELAND IRE (6 WKTS),7,46
25/02/18,ZIM v IRE,Harare Sports Club,Zimbabwe,Bowl,162,10,165,1,0,0,0,0,ZIM (9 wkts),Richard Ngarava,ODI,ZIM V IRE ZIMBABWE ZIM (9 WKTS),26,46
25/05/21,IRE v WI,Castle Avenue,Ireland,Bat,302,7,178,10,0,0,0,0,IRE (124 runs),Harry Tector,ODI,IRE V WI IRELAND IRE (124 RUNS),7,19
25/05/23,IRE v WI,Castle Avenue,West Indies,Bowl,48,2,0,0,0,0,0,0,No Result,,ODI,IRE V WI WEST INDIES NO RESULT,25,19
25/05/25,IRE v WI,Castle Avenue,West Indies,Bat,341,5,144,10,0,0,0,0,WI (197 runs),Shai Hope,ODI,IRE V WI WEST INDIES WI (197 RUNS),25,19
24/11/13,SL v NZ,Rangiri Dambulla International Stadium,Sri Lanka,Bat,324,5,209,9,0,0,0,0,SL (45 runs*),Kusal Mendis,ODI,SL V NZ SRI LANKA SL (45 RUNS*),21,98
24/11/17,SL v NZ,Pallekele International Cricket Stadium,Sri Lanka,Bowl,209,10,210,7,0,0,0,0,SL (3 wkts),Kusal Mendis,ODI,SL V NZ SRI LANKA SL (3 WKTS),21,83
24/11/19,SL v NZ,Pallekele International Cricket Stadium,New Zealand,Bat,112,1,0,0,0,0,0,0,No Result,,ODI,SL V NZ NEW ZEALAND NO RESULT,13,83
25/01/05,NZ v SL,Basin Reserve,New Zealand,Bowl,178,10,180,1,0,0,0,0,NZ (9 wkts),Will Young,ODI,NZ V SL NEW ZEALAND NZ (9 WKTS),13,10
25/01/08,NZ v SL,Seddon Park,Sri Lanka,Bowl,255,9,142,10,0,0,0,0,NZ (113 runs),Matt Henry,ODI,NZ V SL SRI LANKA NZ (113 RUNS),21,109
25/01/11,NZ v SL,Eden Park,Sri Lanka,Bat,290,8,150,10,0,0,0,0,SL (140 runs),Asitha Fernando,ODI,NZ V SL SRI LANKA SL (140 RUNS),21,33
25/02/08,PAK Tri-Series,Gaddafi Stadium,New Zealand,Bat,282,7,204,10,0,0,0,0,NZ (78 runs),Kane Williamson,ODI,PAK TRI-SERIES NEW ZEALAND NZ (78 RUNS),13,36
25/02/10,PAK Tri-Series,Gaddafi Stadium,South Africa,Bat,210,9,211,4,0,0,0,0,NZ (6 wkts),Mitchell Santner,ODI,PAK TRI-SERIES SOUTH AFRICA NZ (6 WKTS),20,36
25/02/14,PAK Tri-Series Final,National Stadium (Karachi),Pakistan,Bat,234,10,235,5,0,0,0,0,NZ (5 wkts),Tom Latham,ODI,PAK TRI-SERIES FINAL PAKISTAN NZ (5 WKTS),15,78
25/02/19,ICC CT (v PAK),National Stadium (Karachi),New Zealand,Bat,302,6,242,10,0,0,0,0,NZ (60 runs),Glenn Phillips,ODI,ICC CT (V PAK) NEW ZEALAND NZ (60 RUNS),13,78
25/02/24,ICC CT (v BAN),Rawalpindi Cricket Stadium,New Zealand,Bowl,242,8,245,5,0,0,0,0,NZ (5 wkts),Daryl Mitchell,ODI,ICC CT (V BAN) NEW ZEALAND NZ (5 WKTS),13,100
25/03/02,ICC CT (v IND),Dubai International Cricket Stadium,India,Bat,291,6,247,10,0,0,0,0,IND (44 runs),KL Rahul,ODI,ICC CT (V IND) INDIA IND (44 RUNS),6,30
25/03/05,ICC CT Semi Final,Gaddafi Stadium,New Zealand,Bat,278,8,228,10,0,0,0,0,NZ (50 runs),Rachin Ravindra,ODI,ICC CT SEMI FINAL NEW ZEALAND NZ (50 RUNS),13,36
25/03/09,ICC CT Final,Dubai International Cricket Stadium,New Zealand,Bat,224,10,225,6,0,0,0,0,IND (4 wkts),Mohammed Shami,ODI,ICC CT FINAL NEW ZEALAND IND (4 WKTS),13,30
25/03/29,NZ v PAK,McLean Park,Pakistan,Bowl,315,4,242,10,0,0,0,0,NZ (73 runs),Devon Conway,ODI,NZ V PAK PAKISTAN NZ (73 RUNS),15,69
25/04/02,NZ v PAK,Seddon Park,New Zealand,Bat,338,5,254,10,0,0,0,0,NZ (84 runs),Daryl Mitchell,ODI,NZ V PAK NEW ZEALAND NZ (84 RUNS),13,109
25/04/05,NZ v PAK,Bay Oval,Pakistan,Bowl,289,6,246,10,0,0,0,0,NZ (43 runs),Lockie Ferguson,ODI,NZ V PAK PAKISTAN NZ (43 RUNS),15,11
25/10/26,NZ v ENG,Bay Oval,New Zealand,Bowl,238,10,242,6,0,0,0,0,NZ (4 wkts),Rachin Ravindra,ODI,NZ V ENG NEW ZEALAND NZ (4 WKTS),13,11
25/10/29,NZ v ENG,Seddon Park,New Zealand,Bowl,212,10,213,5,0,0,0,0,NZ (5 wkts),Glenn Phillips,ODI,NZ V ENG NEW ZEALAND NZ (5 WKTS),13,109
25/11/01,NZ v ENG,Sky Stadium,England,Bat,265,8,266,8,0,0,0,0,NZ (2 wkts),Mitchell Santner,ODI,NZ V ENG ENGLAND NZ (2 WKTS),4,123
25/11/16,NZ v WI,Hagley Oval,West Indies,Bowl,241,9,234,10,0,0,0,0,NZ (7 runs),Matt Henry,ODI,NZ V WI WEST INDIES NZ (7 RUNS),25,45
25/11/19,NZ v WI,McLean Park,West Indies,Bat,208,10,210,5,0,0,0,0,NZ (5 wkts),Ish Sodhi,ODI,NZ V WI WEST INDIES NZ (5 WKTS),25,69
25/11/22,NZ v WI,Seddon Park,New Zealand,Bowl,256,8,258,6,0,0,0,0,NZ (4 wkts),Will Young,ODI,NZ V WI NEW ZEALAND NZ (4 WKTS),13,109
26/01/11,IND v NZ,Kotambi Stadium,India,Bowl,300,8,306,6,0,0,0,0,IND (4 wkts),Rishabh Pant,ODI,IND V NZ INDIA IND (4 WKTS),6,57
26/01/14,IND v NZ,Saurashtra Cricket Association Stadium,New Zealand,Bat,284,7,286,3,0,0,0,0,NZ (7 wkts*),Rachin Ravindra,ODI,IND V NZ NEW ZEALAND NZ (7 WKTS*),13,107
26/01/18,IND v NZ,Holkar Cricket Stadium,New Zealand,Bat,337,8,296,10,0,0,0,0,NZ (41 runs),Mitchell Santner,ODI,IND V NZ NEW ZEALAND NZ (41 RUNS),13,49
26/04/17,BAN v NZ,Shere Bangla National Stadium,New Zealand,Bat,275,7,249,10,0,0,0,0,NZ (26 runs),Kane Williamson,ODI,BAN V NZ NEW ZEALAND NZ (26 RUNS),13,115
26/04/20,BAN v NZ,Shere Bangla National Stadium,Bangladesh,Bowl,224,10,228,4,0,0,0,0,BAN (6 wkts),Mehidy Hasan,ODI,BAN V NZ BANGLADESH BAN (6 WKTS),2,115
26/04/23,BAN v NZ,Bir Sreshtho FL Matiur Rahman Stadium,Bangladesh,Bat,291,6,236,10,0,0,0,0,BAN (55 runs),Litton Das,ODI,BAN V NZ BANGLADESH BAN (55 RUNS),2,13
24/11/04,AUS v PAK,Melbourne Cricket Ground,Australia,Bowl,203,10,204,8,0,0,0,0,AUS (2 wkts),Mitchell Starc,ODI,AUS V PAK AUSTRALIA AUS (2 WKTS),1,70
24/11/08,AUS v PAK,Adelaide Oval,Pakistan,Bowl,163,10,169,1,0,0,0,0,PAK (9 wkts),Haris Rauf,ODI,AUS V PAK PAKISTAN PAK (9 WKTS),15,2
24/11/10,AUS v PAK,Perth Stadium,Pakistan,Bowl,140,10,143,2,0,0,0,0,PAK (8 wkts),Haris Rauf,ODI,AUS V PAK PAKISTAN PAK (8 WKTS),15,87
24/11/24,ZIM v PAK,Queens Sports Club,Pakistan,Bowl,205,10,125,10,0,0,0,0,ZIM (80 runs*),Richard Ngarava,ODI,ZIM V PAK PAKISTAN ZIM (80 RUNS*),15,91
24/11/26,ZIM v PAK,Queens Sports Club,Pakistan,Bowl,145,10,148,0,0,0,0,0,PAK (10 wkts),Saim Ayub,ODI,ZIM V PAK PAKISTAN PAK (10 WKTS),15,91
24/11/28,ZIM v PAK,Queens Sports Club,Pakistan,Bat,259,7,160,10,0,0,0,0,PAK (99 runs),Abdullah Shafique,ODI,ZIM V PAK PAKISTAN PAK (99 RUNS),15,91
24/12/17,SA v PAK,Boland Park,Pakistan,Bowl,235,9,239,7,0,0,0,0,PAK (3 wkts),Babar Azam,ODI,SA V PAK PAKISTAN PAK (3 WKTS),15,14
24/12/19,SA v PAK,Newlands,Pakistan,Bat,288,6,207,10,0,0,0,0,PAK (81 runs),Mohammad Rizwan,ODI,SA V PAK PAKISTAN PAK (81 RUNS),15,79
24/12/22,SA v PAK,Wanderers Stadium,Pakistan,Bat,275,8,239,10,0,0,0,0,PAK (36 runs),Naseem Shah,ODI,SA V PAK PAKISTAN PAK (36 RUNS),15,140
25/02/08,PAK Tri-Series,Gaddafi Stadium,New Zealand,Bat,282,7,204,10,0,0,0,0,NZ (78 runs),Kane Williamson,ODI,PAK TRI-SERIES NEW ZEALAND NZ (78 RUNS),13,36
25/02/12,PAK Tri-Series,National Stadium (Karachi),Pakistan,Bowl,192,10,193,4,0,0,0,0,PAK (6 wkts),Shaheen Afridi,ODI,PAK TRI-SERIES PAKISTAN PAK (6 WKTS),15,78
25/02/14,PAK Tri-Series,National Stadium (Karachi),Pakistan,Bat,234,10,235,5,0,0,0,0,NZ (5 wkts),Tom Latham,ODI,PAK TRI-SERIES PAKISTAN NZ (5 WKTS),15,78
25/02/19,ICC CT (v NZ),National Stadium (Karachi),New Zealand,Bat,302,6,242,10,0,0,0,0,NZ (60 runs),Glenn Phillips,ODI,ICC CT (V NZ) NEW ZEALAND NZ (60 RUNS),13,78
25/02/23,ICC CT (v IND),Dubai Intl Stadium,Pakistan,Bat,262,8,263,4,0,0,0,0,IND (6 wkts),Ravindra Jadeja,ODI,ICC CT (V IND) PAKISTAN IND (6 WKTS),15,31
25/03/29,NZ v PAK,McLean Park,Pakistan,Bowl,315,4,242,10,0,0,0,0,NZ (73 runs),Devon Conway,ODI,NZ V PAK PAKISTAN NZ (73 RUNS),15,69
25/04/02,NZ v PAK,Seddon Park,New Zealand,Bat,338,5,254,10,0,0,0,0,NZ (84 runs),Daryl Mitchell,ODI,NZ V PAK NEW ZEALAND NZ (84 RUNS),13,109
25/04/05,NZ v PAK,Bay Oval,Pakistan,Bowl,289,6,246,10,0,0,0,0,NZ (43 runs),Lockie Ferguson,ODI,NZ V PAK PAKISTAN NZ (43 RUNS),15,11
25/08/08,WI v PAK,Brian Lara Stadium,Pakistan,Bowl,218,10,222,5,0,0,0,0,PAK (5 wkts),Babar Azam,ODI,WI V PAK PAKISTAN PAK (5 WKTS),15,16
25/08/10,WI v PAK,Brian Lara Stadium,West Indies,Bowl,234,8,238,5,0,0,0,0,WI (5 wkts),Nicholas Pooran,ODI,WI V PAK WEST INDIES WI (5 WKTS),25,16
25/08/12,WI v PAK,Brian Lara Stadium,West Indies,Bat,352,4,150,10,0,0,0,0,WI (202 runs),Shai Hope,ODI,WI V PAK WEST INDIES WI (202 RUNS),25,16
25/11/04,PAK v SA,Iqbal Stadium,Pakistan,Bowl,228,9,232,8,0,0,0,0,PAK (2 wkts),Mohammad Rizwan,ODI,PAK V SA PAKISTAN PAK (2 WKTS),15,50
25/11/06,PAK v SA,Iqbal Stadium,South Africa,Bowl,185,10,188,2,0,0,0,0,SA (8 wkts),Kagiso Rabada,ODI,PAK V SA SOUTH AFRICA SA (8 WKTS),20,50
25/11/08,PAK v SA,Iqbal Stadium,South Africa,Bat,245,10,248,3,0,0,0,0,PAK (7 wkts),Fakhar Zaman,ODI,PAK V SA SOUTH AFRICA PAK (7 WKTS),20,50
25/11/11,PAK v SL,Rawalpindi Stadium,Sri Lanka,Bowl,299,5,293,9,0,0,0,0,PAK (6 runs),Salman Agha,ODI,PAK V SL SRI LANKA PAK (6 RUNS),21,101
25/11/14,PAK v SL,Rawalpindi Stadium,Sri Lanka,Bowl,240,10,242,2,0,0,0,0,PAK (8 wkts),Babar Azam,ODI,PAK V SL SRI LANKA PAK (8 WKTS),21,101
25/11/16,PAK v SL,Rawalpindi Stadium,Pakistan,Bowl,278,8,280,4,0,0,0,0,PAK (6 wkts),Mohammad Rizwan,ODI,PAK V SL PAKISTAN PAK (6 WKTS),15,101
26/03/11,BAN v PAK,Shere Bangla Stadium,Pakistan,Bat,114,10,115,2,0,0,0,0,BAN (8 wkts),Mustafizur Rahman,ODI,BAN V PAK PAKISTAN BAN (8 WKTS),15,117
26/03/13,BAN v PAK,Shere Bangla Stadium,Bangladesh,Bowl,312,6,184,10,0,0,0,0,PAK (128 runs),Babar Azam,ODI,BAN V PAK BANGLADESH PAK (128 RUNS),2,117
26/03/15,BAN v PAK,Shere Bangla Stadium,Bangladesh,Bat,268,9,257,10,0,0,0,0,BAN (11 runs),Shakib Al Hasan,ODI,BAN V PAK BANGLADESH BAN (11 RUNS),2,117
24/09/18,AFG v SA,Sharjah Cricket Stadium,South Africa,Bat,106,10,107,4,0,0,0,0,AFG (6 wkts),Fazalhaq Farooqi,ODI,AFG V SA SOUTH AFRICA AFG (6 WKTS),20,112
24/09/20,AFG v SA,Sharjah Cricket Stadium,Afghanistan,Bat,311,4,134,10,0,0,0,0,AFG (177 runs),Rashid Khan,ODI,AFG V SA AFGHANISTAN AFG (177 RUNS),0,112
24/09/22,AFG v SA,Sharjah Cricket Stadium,Afghanistan,Bat,169,10,170,3,0,0,0,0,SA (7 wkts),Rahmanullah Gurbaz,ODI,AFG V SA AFGHANISTAN SA (7 WKTS),0,112
24/10/02,IRE v SA,Sheikh Zayed Stadium,South Africa,Bat,271,9,132,10,0,0,0,0,SA (139 runs),Ryan Rickelton,ODI,IRE V SA SOUTH AFRICA SA (139 RUNS),20,114
24/10/04,IRE v SA,Sheikh Zayed Stadium,South Africa,Bat,343,4,169,9,0,0,0,0,SA (174 runs),Tristan Stubbs,ODI,IRE V SA SOUTH AFRICA SA (174 RUNS),20,114
24/10/07,IRE v SA,Sheikh Zayed Stadium,Ireland,Bat,284,9,215,10,0,0,0,0,IRE (69 runs),Paul Stirling,ODI,IRE V SA IRELAND IRE (69 RUNS),7,114
24/12/17,SA v PAK,Boland Park,Pakistan,Bowl,235,9,239,7,0,0,0,0,PAK (3 wkts),Babar Azam,ODI,SA V PAK PAKISTAN PAK (3 WKTS),15,14
24/12/19,SA v PAK,Newlands,Pakistan,Bat,288,6,207,10,0,0,0,0,PAK (81 runs),Mohammad Rizwan,ODI,SA V PAK PAKISTAN PAK (81 RUNS),15,79
24/12/22,SA v PAK,Wanderers Stadium,Pakistan,Bat,275,8,239,10,0,0,0,0,PAK (36 runs),Naseem Shah,ODI,SA V PAK PAKISTAN PAK (36 RUNS),15,140
25/02/10,PAK Tri-Series,Gaddafi Stadium,South Africa,Bat,210,9,211,4,0,0,0,0,NZ (6 wkts),Mitchell Santner,ODI,PAK TRI-SERIES SOUTH AFRICA NZ (6 WKTS),20,36
25/02/12,PAK Tri-Series,National Stadium (Karachi),Pakistan,Bowl,192,10,193,4,0,0,0,0,PAK (6 wkts),Shaheen Afridi,ODI,PAK TRI-SERIES PAKISTAN PAK (6 WKTS),15,78
25/02/21,ICC CT (v AFG),National Stadium (Karachi),South Africa,Bowl,181,10,288,5,0,0,0,0,SA (107 runs),Quinton de Kock,ODI,ICC CT (V AFG) SOUTH AFRICA SA (107 RUNS),20,78
25/03/01,ICC CT (v ENG),National Stadium (Karachi),South Africa,Bowl,220,10,221,3,0,0,0,0,SA (7 wkts),Heinrich Klaasen,ODI,ICC CT (V ENG) SOUTH AFRICA SA (7 WKTS),20,78
25/03/05,ICC CT Semi Final,Gaddafi Stadium,New Zealand,Bat,278,8,228,10,0,0,0,0,NZ (50 runs),Rachin Ravindra,ODI,ICC CT SEMI FINAL NEW ZEALAND NZ (50 RUNS),13,36
25/08/18,AUS v SA,Cazaly's Stadium,Australia,Bowl,296,8,198,10,0,0,0,0,SA (98 runs),Keshav Maharaj,ODI,AUS V SA AUSTRALIA SA (98 RUNS),1,20
25/08/22,AUS v SA,Harrup Park,South Africa,Bat,265,7,181,10,0,0,0,0,SA (84 runs),Quinton de Kock,ODI,AUS V SA SOUTH AFRICA SA (84 RUNS),20,47
25/08/24,AUS v SA,Harrup Park,Australia,Bat,382,4,106,10,0,0,0,0,AUS (276 runs),Marnus Labuschagne,ODI,AUS V SA AUSTRALIA AUS (276 RUNS),1,47
25/09/02,ENG v SA,Headingley,South Africa,Bowl,244,10,248,3,0,0,0,0,SA (7 wkts),David Miller,ODI,ENG V SA SOUTH AFRICA SA (7 WKTS),20,48
25/09/04,ENG v SA,Lord's Cricket Ground,England,Bat,285,8,280,10,0,0,0,0,SA (5 runs),Kagiso Rabada,ODI,ENG V SA ENGLAND SA (5 RUNS),4,59
25/09/07,ENG v SA,The Rose Bowl,South Africa,Bowl,422,5,80,10,0,0,0,0,ENG (342 runs),Harry Brook,ODI,ENG V SA SOUTH AFRICA ENG (342 RUNS),20,132
25/11/04,PAK v SA,Iqbal Stadium,Pakistan,Bowl,228,9,232,8,0,0,0,0,PAK (2 wkts),Mohammad Rizwan,ODI,PAK V SA PAKISTAN PAK (2 WKTS),15,50
25/11/06,PAK v SA,Iqbal Stadium,South Africa,Bowl,185,10,188,2,0,0,0,0,SA (8 wkts),Kagiso Rabada,ODI,PAK V SA SOUTH AFRICA SA (8 WKTS),20,50
25/11/08,PAK v SA,Iqbal Stadium,South Africa,Bat,245,10,248,3,0,0,0,0,PAK (7 wkts),Fakhar Zaman,ODI,PAK V SA SOUTH AFRICA PAK (7 WKTS),20,50
25/11/30,IND v SA,JSCA Intl Stadium Complex,India,Bat,285,6,268,10,0,0,0,0,IND (17 runs),Hardik Pandya,ODI,IND V SA INDIA IND (17 RUNS),6,51
25/12/03,IND v SA,Shaheed Veer Narayan Singh Stadium,South Africa,Bowl,214,10,215,6,0,0,0,0,SA (4 wkts),David Miller,ODI,IND V SA SOUTH AFRICA SA (4 WKTS),20,110
25/12/06,IND v SA,Dr YS Rajasekhara Reddy Stadium,India,Bowl,182,10,185,1,0,0,0,0,IND (9 wkts),Kuldeep Yadav,ODI,IND V SA INDIA IND (9 WKTS),6,28
,,,,,0,0,0,0,0,0,0,0,,,ODI,,27,147
,,,,,0,0,0,0,0,0,0,0,,,ODI,,27,147
,,,,,0,0,0,0,0,0,0,0,,,ODI,,27,147
24/01/06,SL v ZIM,R. Premadasa International Cricket Stadium,Zimbabwe,Bat,273,9,37,0,0,0,0,0,No Result,,ODI,SL V ZIM ZIMBABWE NO RESULT,26,93
24/01/08,SL v ZIM,R. Premadasa International Cricket Stadium,Zimbabwe,Bat,208,10,211,0,0,0,0,0,SL (2 wkts),Janith Liyanage,ODI,SL V ZIM ZIMBABWE SL (2 WKTS),26,93
24/01/11,SL v ZIM,R. Premadasa International Cricket Stadium,Zimbabwe,Bat,96,10,97,0,0,0,0,0,SL (8 wkts),W. Hasaranga,ODI,SL V ZIM ZIMBABWE SL (8 WKTS),26,93
24/02/09,SL v AFG,Pallekele International Cricket Stadium,Afghanistan,Bowl,381,3,339,0,0,0,0,0,SL (42 runs),P. Nissanka,ODI,SL V AFG AFGHANISTAN SL (42 RUNS),0,83
24/02/11,SL v AFG,Pallekele International Cricket Stadium,Sri Lanka,Bat,308,6,153,0,0,0,0,0,SL (155 runs),W. Hasaranga,ODI,SL V AFG SRI LANKA SL (155 RUNS),21,83
24/02/14,SL v AFG,Pallekele International Cricket Stadium,Afghanistan,Bat,266,10,267,0,0,0,0,0,SL (7 wkts),P. Nissanka,ODI,SL V AFG AFGHANISTAN SL (7 WKTS),0,83
24/03/13,BAN v SL,Zahur Ahmed Chowdhury Stadium,Sri Lanka,Bat,255,10,257,0,0,0,0,0,BAN (6 wkts),Najmul Shanto,ODI,BAN V SL SRI LANKA BAN (6 WKTS),21,145
24/03/15,BAN v SL,Zahur Ahmed Chowdhury Stadium,Bangladesh,Bowl,286,7,287,0,0,0,0,0,SL (3 wkts),P. Nissanka,ODI,BAN V SL BANGLADESH SL (3 WKTS),2,145
24/03/18,BAN v SL,Zahur Ahmed Chowdhury Stadium,Sri Lanka,Bat,235,10,237,0,0,0,0,0,BAN (4 wkts),Rishad Hossain,ODI,BAN V SL SRI LANKA BAN (4 WKTS),21,145
24/08/02,SL v IND,R. Premadasa International Cricket Stadium,Sri Lanka,Bat,230,8,230,0,0,0,0,0,Match Tied,D. Wellalage,ODI,SL V IND SRI LANKA MATCH TIED,21,93
24/08/04,SL v IND,R. Premadasa International Cricket Stadium,Sri Lanka,Bat,240,9,208,0,0,0,0,0,SL (32 runs),J. Vandersay,ODI,SL V IND SRI LANKA SL (32 RUNS),21,93
24/08/07,SL v IND,R. Premadasa International Cricket Stadium,Sri Lanka,Bat,248,7,138,0,0,0,0,0,SL (110 runs),D. Wellalage,ODI,SL V IND SRI LANKA SL (110 RUNS),21,93
24/10/20,SL v WI,Pallekele International Cricket Stadium,West Indies,Bat,185,4,234,0,0,0,0,0,SL (5 wkts),C. Asalanka,ODI,SL V WI WEST INDIES SL (5 WKTS),25,83
24/10/23,SL v WI,Pallekele International Cricket Stadium,Sri Lanka,Bowl,189,10,190,0,0,0,0,0,SL (5 wkts),M. Theekshana,ODI,SL V WI SRI LANKA SL (5 WKTS),21,83
24/10/26,SL v WI,Pallekele International Cricket Stadium,West Indies,Bat,263,8,202,0,0,0,0,0,WI (8 wkts),Evin Lewis,ODI,SL V WI WEST INDIES WI (8 WKTS),25,83
24/11/13,SL v NZ,Rangiri Dambulla International Stadium,Sri Lanka,Bat,324,5,209,0,0,0,0,0,SL (45 runs),Kusal Mendis,ODI,SL V NZ SRI LANKA SL (45 RUNS),21,98
24/11/17,SL v NZ,Pallekele International Cricket Stadium,Sri Lanka,Bowl,209,10,210,0,0,0,0,0,SL (3 wkts),Kusal Mendis,ODI,SL V NZ SRI LANKA SL (3 WKTS),21,83
24/11/19,SL v NZ,Pallekele International Cricket Stadium,New Zealand,Bat,112,1,0,0,0,0,0,0,No Result,,ODI,SL V NZ NEW ZEALAND NO RESULT,13,83
25/01/05,NZ v SL,Basin Reserve,New Zealand,Bowl,178,10,180,0,0,0,0,0,NZ (9 wkts),Will Young,ODI,NZ V SL NEW ZEALAND NZ (9 WKTS),13,10
25/01/08,NZ v SL,Seddon Park,Sri Lanka,Bowl,255,9,142,0,0,0,0,0,NZ (113 runs),Matt Henry,ODI,NZ V SL SRI LANKA NZ (113 RUNS),21,109
25/01/11,NZ v SL,Eden Park,Sri Lanka,Bat,290,8,150,0,0,0,0,0,SL (140 runs),Asitha Fernando,ODI,NZ V SL SRI LANKA SL (140 RUNS),21,33
25/02/12,SL v AUS,R. Premadasa International Cricket Stadium,Sri Lanka,Bat,275,7,226,0,0,0,0,0,SL (49 runs),Kusal Mendis,ODI,SL V AUS SRI LANKA SL (49 RUNS),21,93
25/02/14,SL v AUS,R. Premadasa International Cricket Stadium,Sri Lanka,Bat,322,4,148,0,0,0,0,0,SL (174 runs),P. Nissanka,ODI,SL V AUS SRI LANKA SL (174 RUNS),21,93
25/07/02,SL v BAN,R. Premadasa International Cricket Stadium,Bangladesh,Bowl,244,10,167,0,0,0,0,0,SL (77 runs),Kusal Mendis,ODI,SL V BAN BANGLADESH SL (77 RUNS),2,93
25/07/05,SL v BAN,R. Premadasa International Cricket Stadium,Bangladesh,Bat,248,10,232,0,0,0,0,0,BAN (16 runs),Mehidy Hasan,ODI,SL V BAN BANGLADESH BAN (16 RUNS),2,93
25/07/08,SL v BAN,Pallekele International Cricket Stadium,Sri Lanka,Bat,285,7,186,0,0,0,0,0,SL (99 runs),Kusal Mendis,ODI,SL V BAN SRI LANKA SL (99 RUNS),21,83
25/08/29,ZIM v SL,Harare Sports Club,Sri Lanka,Bat,260,9,253,0,0,0,0,0,SL (7 runs),C. Asalanka,ODI,ZIM V SL SRI LANKA SL (7 RUNS),21,46
25/08/31,ZIM v SL,Harare Sports Club,Zimbabwe,Bat,212,10,215,0,0,0,0,0,SL (5 wkts),M. Theekshana,ODI,ZIM V SL ZIMBABWE SL (5 WKTS),26,46
25/11/11,PAK v SL,Rawalpindi Cricket Stadium,Sri Lanka,Bowl,299,5,293,0,0,0,0,0,PAK (6 runs),Salman Agha,ODI,PAK V SL SRI LANKA PAK (6 RUNS),21,100
25/11/14,PAK v SL,Rawalpindi Cricket Stadium,Sri Lanka,Bowl,240,10,242,0,0,0,0,0,PAK (8 wkts),Babar Azam,ODI,PAK V SL SRI LANKA PAK (8 WKTS),21,100
25/11/16,PAK v SL,Rawalpindi Cricket Stadium,Pakistan,Bowl,278,8,280,0,0,0,0,0,PAK (6 wkts),Rizwan,ODI,PAK V SL PAKISTAN PAK (6 WKTS),15,100
26/01/22,SL v ENG,R. Premadasa International Cricket Stadium,Sri Lanka,Bat,271,6,252,0,0,0,0,0,SL (19 runs),D. Wellalage,ODI,SL V ENG SRI LANKA SL (19 RUNS),21,93
26/01/24,SL v ENG,R. Premadasa International Cricket Stadium,Sri Lanka,Bat,210,10,214,0,0,0,0,0,ENG (5 wkts),Adil Rashid,ODI,SL V ENG SRI LANKA ENG (5 WKTS),21,93
26/01/27,SL v ENG,R. Premadasa International Cricket Stadium,England,Bat,305,7,252,0,0,0,0,0,ENG (53 runs),Jos Butler,ODI,SL V ENG ENGLAND ENG (53 RUNS),4,93
26/06/03,SL v WI,Sabina Park,West Indies,Bowl,303,7,262,10,0,0,0,0,SL (41 runs),Kusal Mendis,ODI,SL V WI WEST INDIES SL (41 RUNS),4,419
24/02/02,AUS v WI,Melbourne Cricket Ground,Australia,Bowl,231,10,232,2,0,0,0,0,AUS (8 wkts),Xavier Bartlett,ODI,AUS V WI AUSTRALIA AUS (8 WKTS),1,70
24/02/04,AUS v WI,Sydney Cricket Ground,West Indies,Bowl,258,9,175,10,0,0,0,0,AUS (83 runs),Sean Abbott,ODI,AUS V WI WEST INDIES AUS (83 RUNS),25,128
24/02/06,AUS v WI,Manuka Oval,Australia,Bowl,86,10,87,2,0,0,0,0,AUS (8 wkts),Xavier Bartlett,ODI,AUS V WI AUSTRALIA AUS (8 WKTS),1,66
24/10/20,SL v WI,Pallekele International Stadium,West Indies,Bat,185,4,234,5,0,0,0,0,SL (5 wkts),Charith Asalanka,ODI,SL V WI WEST INDIES SL (5 WKTS),25,84
24/10/23,SL v WI,Pallekele International Stadium,Sri Lanka,Bowl,189,10,190,5,0,0,0,0,SL (5 wkts),Maheesh Theekshana,ODI,SL V WI SRI LANKA SL (5 WKTS),21,84
24/10/26,SL v WI,Pallekele International Stadium,West Indies,Bat,263,8,202,5,0,0,0,0,WI (8 wkts*),Evin Lewis,ODI,SL V WI WEST INDIES WI (8 WKTS*),25,84
24/10/31,WI v ENG,Sir Vivian Richards Stadium,West Indies,Bowl,209,10,210,2,0,0,0,0,WI (8 wkts),Gudakesh Motie,ODI,WI V ENG WEST INDIES WI (8 WKTS),25,122
24/11/02,WI v ENG,Sir Vivian Richards Stadium,England,Bowl,328,6,329,5,0,0,0,0,ENG (5 wkts),Liam Livingstone,ODI,WI V ENG ENGLAND ENG (5 WKTS),4,122
24/11/06,WI v ENG,Kensington Oval,West Indies,Bowl,263,8,267,2,0,0,0,0,WI (8 wkts),Brandon King,ODI,WI V ENG WEST INDIES WI (8 WKTS),25,55
24/12/08,WI v BAN,Warner Park,Bangladesh,Bowl,251,10,252,5,0,0,0,0,WI (5 wkts),Shai Hope,ODI,WI V BAN BANGLADESH WI (5 WKTS),2,142
24/12/10,WI v BAN,Warner Park,West Indies,Bat,280,6,212,10,0,0,0,0,WI (7 wkts),Brandon King,ODI,WI V BAN WEST INDIES WI (7 WKTS),25,142
24/12/12,WI v BAN,Warner Park,Bangladesh,Bowl,210,10,211,6,0,0,0,0,WI (4 wkts),Alzarri Joseph,ODI,WI V BAN BANGLADESH WI (4 WKTS),2,142
25/05/21,IRE v WI,Castle Avenue,Ireland,Bat,302,7,178,10,0,0,0,0,IRE (124 runs),Harry Tector,ODI,IRE V WI IRELAND IRE (124 RUNS),7,19
25/05/23,IRE v WI,Castle Avenue,West Indies,Bowl,48,2,0,0,0,0,0,0,No Result,,ODI,IRE V WI WEST INDIES NO RESULT,25,19
25/05/25,IRE v WI,Castle Avenue,West Indies,Bat,341,5,144,10,0,0,0,0,WI (197 runs),Shai Hope,ODI,IRE V WI WEST INDIES WI (197 RUNS),25,19
25/05/29,ENG v WI,Edgbaston,West Indies,Bowl,362,4,124,10,0,0,0,0,ENG (238 runs),Jos Buttler,ODI,ENG V WI WEST INDIES ENG (238 RUNS),25,34
25/06/01,ENG v WI,Sophia Gardens,England,Bowl,215,10,216,7,0,0,0,0,ENG (3 wkts),Adil Rashid,ODI,ENG V WI ENGLAND ENG (3 WKTS),4,124
25/06/03,ENG v WI,Kennington Oval,England,Bowl,192,10,193,3,0,0,0,0,ENG (7 wkts),Jofra Archer,ODI,ENG V WI ENGLAND ENG (7 WKTS),4,54
25/08/08,WI v PAK,Brian Lara Stadium,Pakistan,Bowl,218,10,222,5,0,0,0,0,PAK (5 wkts),Babar Azam,ODI,WI V PAK PAKISTAN PAK (5 WKTS),15,16
25/08/10,WI v PAK,Brian Lara Stadium,West Indies,Bowl,234,8,238,5,0,0,0,0,WI (5 wkts),Nicholas Pooran,ODI,WI V PAK WEST INDIES WI (5 WKTS),25,16
25/08/12,WI v PAK,Brian Lara Stadium,West Indies,Bat,352,4,150,10,0,0,0,0,WI (202 runs),Shai Hope,ODI,WI V PAK WEST INDIES WI (202 RUNS),25,16
25/10/18,BAN v WI,Shere Bangla National Stadium,Bangladesh,Bat,288,6,214,10,0,0,0,0,BAN (74 runs),Mushfiqur Rahim,ODI,BAN V WI BANGLADESH BAN (74 RUNS),2,115
25/10/21,BAN v WI,Shere Bangla National Stadium,West Indies,Bowl,240,8,240,10,0,0,0,0,WI (Super Over),Nicholas Pooran,ODI,BAN V WI WEST INDIES WI (SUPER OVER),25,115
25/10/23,BAN v WI,Shere Bangla National Stadium,Bangladesh,Bat,342,5,163,10,0,0,0,0,BAN (179 runs),Towhid Hridoy,ODI,BAN V WI BANGLADESH BAN (179 RUNS),2,115
25/11/16,NZ v WI,Hagley Oval,West Indies,Bowl,241,9,234,10,0,0,0,0,NZ (7 runs),Matt Henry,ODI,NZ V WI WEST INDIES NZ (7 RUNS),25,45
25/11/19,NZ v WI,McLean Park,West Indies,Bat,208,10,210,5,0,0,0,0,NZ (5 wkts),Ish Sodhi,ODI,NZ V WI WEST INDIES NZ (5 WKTS),25,69
25/11/22,NZ v WI,Seddon Park,New Zealand,Bowl,256,8,258,6,0,0,0,0,NZ (4 wkts),Will Young,ODI,NZ V WI NEW ZEALAND NZ (4 WKTS),13,109
26/06/03,SL v WI,Sabina Park,West Indies,Bowl,303,7,262,10,0,0,0,0,SL (41 runs),Kusal Mendis,ODI,SL V WI WEST INDIES SL (41 RUNS),4,419

,,,,,0,0,0,0,0,0,0,0,,,ODI,,27,147
24/01/06,SL v ZIM,R. Premadasa Stadium,Zimbabwe,Bat,273,9,12,2,0,0,0,0,No Result,,ODI,SL V ZIM ZIMBABWE NO RESULT,26,94
24/01/08,SL v ZIM,R. Premadasa Stadium,Zimbabwe,Bat,208,10,211,8,0,0,0,0,SL (2 wkts),Janith Liyanage,ODI,SL V ZIM ZIMBABWE SL (2 WKTS),26,94
24/01/11,SL v ZIM,R. Premadasa Stadium,Zimbabwe,Bat,96,10,97,2,0,0,0,0,SL (8 wkts),Wanindu Hasaranga,ODI,SL V ZIM ZIMBABWE SL (8 WKTS),26,94
24/11/24,ZIM v PAK,Queens Sports Club,Pakistan,Bowl,205,10,125,10,0,0,0,0,ZIM (80 runs*),Richard Ngarava,ODI,ZIM V PAK PAKISTAN ZIM (80 RUNS*),15,91
24/11/26,ZIM v PAK,Queens Sports Club,Pakistan,Bowl,145,10,148,0,0,0,0,0,PAK (10 wkts),Saim Ayub,ODI,ZIM V PAK PAKISTAN PAK (10 WKTS),15,91
24/11/28,ZIM v PAK,Queens Sports Club,Pakistan,Bat,259,7,160,10,0,0,0,0,PAK (99 runs),Abdullah Shafique,ODI,ZIM V PAK PAKISTAN PAK (99 RUNS),15,91
24/12/17,ZIM v AFG,Harare Sports Club,Zimbabwe,Bowl,31,2,0,0,0,0,0,0,No Result,,ODI,ZIM V AFG ZIMBABWE NO RESULT,26,46
24/12/19,ZIM v AFG,Harare Sports Club,Afghanistan,Bat,385,3,153,10,0,0,0,0,AFG (232 runs),Rahmanullah Gurbaz,ODI,ZIM V AFG AFGHANISTAN AFG (232 RUNS),0,46
24/12/21,ZIM v AFG,Harare Sports Club,Zimbabwe,Bat,212,10,215,2,0,0,0,0,AFG (8 wkts),Ibrahim Zadran,ODI,ZIM V AFG ZIMBABWE AFG (8 WKTS),26,46
25/02/14,ZIM v IRE,Harare Sports Club,Zimbabwe,Bat,268,8,219,10,0,0,0,0,ZIM (49 runs),Sikandar Raza,ODI,ZIM V IRE ZIMBABWE ZIM (49 RUNS),26,46
25/02/16,ZIM v IRE,Harare Sports Club,Ireland,Bowl,194,10,197,4,0,0,0,0,IRE (6 wkts),Josh Little,ODI,ZIM V IRE IRELAND IRE (6 WKTS),7,46
25/02/18,ZIM v IRE,Harare Sports Club,Zimbabwe,Bowl,162,10,165,1,0,0,0,0,ZIM (9 wkts),Richard Ngarava,ODI,ZIM V IRE ZIMBABWE ZIM (9 WKTS),26,46
25/08/29,ZIM v SL,Harare Sports Club,Zimbabwe,Bowl,252,7,245,10,0,0,0,0,SL (7 runs),Pathum Nissanka,ODI,ZIM V SL ZIMBABWE SL (7 RUNS),26,46
25/08/31,ZIM v SL,Harare Sports Club,Sri Lanka,Bowl,188,10,189,5,0,0,0,0,SL (5 wkts),Avishka Fernando,ODI,ZIM V SL SRI LANKA SL (5 WKTS),21,46
,,,,,0,0,0,0,0,0,0,0,,,ODI,,27,147
,,,,,0,0,0,0,0,0,0,0,,,ODI,,27,147
,,,,,0,0,0,0,0,0,0,0,,,ODI,,27,147
,,,,,0,0,0,0,0,0,0,0,,,ODI,,27,147
,,,,,0,0,0,0,0,0,0,0,,,ODI,,27,147
,,,,,0,0,0,0,0,0,0,0,,,ODI,,27,147
,,,,,0,0,0,0,0,0,0,0,,,ODI,,27,147
,,,,,0,0,0,0,0,0,0,0,,,ODI,,27,147
,,,,,0,0,0,0,0,0,0,0,,,ODI,,27,147
,,,,,0,0,0,0,0,0,0,0,,,ODI,,27,147
,,,,,0,0,0,0,0,0,0,0,,,ODI,,27,147
,,,,,0,0,0,0,0,0,0,0,,,ODI,,27,147
24/01/02,UAE v AFG,Sharjah Cricket Stadium,Afghanistan,Bowl,126,9,128,6,0,0,0,0,AFG (4 wkts),Naveen-ul-Haq,T20,UAE V AFG AFGHANISTAN AFG (4 WKTS),0,112
24/01/11,IND v AFG,PCA IS Bindra Stadium,India,Bowl,158,5,159,4,0,0,0,0,IND (6 wkts),Shivam Dube,T20,IND V AFG INDIA IND (6 WKTS),6,82
24/01/14,IND v AFG,Holkar Cricket Stadium,India,Bowl,172,10,173,4,0,0,0,0,IND (6 wkts),Axar Patel,T20,IND V AFG INDIA IND (6 WKTS),6,49
24/01/17,IND v AFG,M. Chinnaswamy Stadium,Afghanistan,Bat,212,4,212,6,0,0,0,0,IND (Super Over),Rohit Sharma,T20,IND V AFG AFGHANISTAN IND (SUPER OVER),0,61
24/02/17,SL v AFG,Rangiri Dambulla Stadium,Afghanistan,Bowl,160,10,156,9,0,0,0,0,SL (4 runs),Wanindu Hasaranga,T20,SL V AFG AFGHANISTAN SL (4 RUNS),0,99
24/02/19,SL v AFG,Rangiri Dambulla Stadium,Afghanistan,Bowl,187,6,115,10,0,0,0,0,SL (72 runs),Angelo Mathews,T20,SL V AFG AFGHANISTAN SL (72 RUNS),0,99
24/02/21,SL v AFG,Rangiri Dambulla Stadium,Sri Lanka,Bowl,209,5,206,6,0,0,0,0,AFG (3 runs),Mohammad Ishaq,T20,SL V AFG SRI LANKA AFG (3 RUNS),21,99
24/03/15,IRE v AFG,Sharjah Cricket Stadium,Afghanistan,Bowl,149,6,111,10,0,0,0,0,IRE (38 runs),Ben White,T20,IRE V AFG AFGHANISTAN IRE (38 RUNS),0,112
24/03/17,IRE v AFG,Sharjah Cricket Stadium,Afghanistan,Bat,152,9,142,8,0,0,0,0,AFG (10 runs),Rashid Khan,T20,IRE V AFG AFGHANISTAN AFG (10 RUNS),0,112
24/03/18,IRE v AFG,Sharjah Cricket Stadium,Afghanistan,Bat,155,7,98,10,0,0,0,0,AFG (57 runs),Azmatullah Omarzai,T20,IRE V AFG AFGHANISTAN AFG (57 RUNS),0,112
24/06/03,T20 WC (v UGA),Providence Stadium,Uganda,Bowl,183,5,58,10,0,0,0,0,AFG (125 runs),Fazalhaq Farooqi,T20,T20 WC (V UGA) UGANDA AFG (125 RUNS),24,89
24/06/07,T20 WC (v NZ),Providence Stadium,New Zealand,Bowl,159,6,75,10,0,0,0,0,AFG (84 runs),Rahmanullah Gurbaz,T20,T20 WC (V NZ) NEW ZEALAND AFG (84 RUNS),13,89
24/06/13,T20 WC (v PNG),Brian Lara Stadium,Afghanistan,Bowl,95,10,101,3,0,0,0,0,AFG (7 wkts),Gulbadin Naib,T20,T20 WC (V PNG) AFGHANISTAN AFG (7 WKTS),0,16
24/06/17,T20 WC (v WI),Daren Sammy Ground,Afghanistan,Bowl,218,5,114,10,0,0,0,0,WI (104 runs),Nicholas Pooran,T20,T20 WC (V WI) AFGHANISTAN WI (104 RUNS),0,26
24/06/20,T20 WC (v IND),Kensington Oval,India,Bat,181,8,134,10,0,0,0,0,IND (47 runs),Jasprit Bumrah,T20,T20 WC (V IND) INDIA IND (47 RUNS),6,55
24/06/22,T20 WC (v AUS),Arnos Vale Ground,Australia,Bowl,148,6,127,10,0,0,0,0,AFG (21 runs),Gulbadin Naib,T20,T20 WC (V AUS) AUSTRALIA AFG (21 RUNS),1,3
24/06/24,T20 WC (v BAN),Arnos Vale Ground,Afghanistan,Bat,115,5,105,10,0,0,0,0,AFG (8 runs*),Naveen-ul-Haq,T20,T20 WC (V BAN) AFGHANISTAN AFG (8 RUNS*),0,3
24/06/26,T20 WC Semi Final,Brian Lara Stadium,Afghanistan,Bat,56,10,60,1,0,0,0,0,SA (9 wkts),Marco Jansen,T20,T20 WC SEMI FINAL AFGHANISTAN SA (9 WKTS),0,16
24/12/11,ZIM v AFG,Harare Sports Club,Zimbabwe,Bowl,148,8,149,6,0,0,0,0,ZIM (4 wkts),Sikandar Raza,T20,ZIM V AFG ZIMBABWE ZIM (4 WKTS),26,46
24/12/13,ZIM v AFG,Harare Sports Club,Afghanistan,Bat,186,5,136,10,0,0,0,0,AFG (50 runs),Rahmanullah Gurbaz,T20,ZIM V AFG AFGHANISTAN AFG (50 RUNS),0,46
24/12/14,ZIM v AFG,Harare Sports Club,Afghanistan,Bowl,162,9,163,7,0,0,0,0,AFG (3 wkts),Rashid Khan,T20,ZIM V AFG AFGHANISTAN AFG (3 WKTS),0,46
25/08/29,AFG Tri-Series,Sharjah Cricket Stadium,Pakistan,Bat,168,7,129,10,0,0,0,0,PAK (39 runs),Mohammad Rizwan,T20,AFG TRI-SERIES PAKISTAN PAK (39 RUNS),15,112
25/09/01,AFG Tri-Series,Sharjah Cricket Stadium,Afghanistan,Bat,174,6,136,10,0,0,0,0,AFG (38 runs),Karim Janat,T20,AFG TRI-SERIES AFGHANISTAN AFG (38 RUNS),0,112
25/09/02,AFG Tri-Series,Sharjah Cricket Stadium,Afghanistan,Bat,158,8,140,10,0,0,0,0,AFG (18 runs),Naveen-ul-Haq,T20,AFG TRI-SERIES AFGHANISTAN AFG (18 RUNS),0,112
25/09/05,AFG Tri-Series,Sharjah Cricket Stadium,UAE,Bowl,162,7,158,9,0,0,0,0,AFG (4 runs),Fazalhaq Farooqi,T20,AFG TRI-SERIES UAE AFG (4 RUNS),22,112
25/09/07,AFG Tri-Series Final,Sharjah Cricket Stadium,Pakistan,Bat,194,4,119,10,0,0,0,0,PAK (75 runs),Babar Azam,T20,AFG TRI-SERIES FINAL PAKISTAN PAK (75 RUNS),15,112
25/09/09,Asia Cup (v HK),Sheikh Zayed Stadium,Afghanistan,Bat,210,3,116,10,0,0,0,0,AFG (94 runs),Rahmanullah Gurbaz,T20,ASIA CUP (V HK) AFGHANISTAN AFG (94 RUNS),0,114
25/09/16,Asia Cup (v BAN),Sheikh Zayed Stadium,Bangladesh,Bat,154,8,146,9,0,0,0,0,BAN (8 runs),Shakib Al Hasan,T20,ASIA CUP (V BAN) BANGLADESH BAN (8 RUNS),2,114
25/09/18,Asia Cup (v SL),Sheikh Zayed Stadium,Afghanistan,Bat,165,7,166,4,0,0,0,0,SL (6 wkts),Kusal Mendis,T20,ASIA CUP (V SL) AFGHANISTAN SL (6 WKTS),0,114
25/10/02,AFG v BAN,Sharjah Cricket Stadium,Bangladesh,Bowl,142,9,143,6,0,0,0,0,BAN (4 wkts),Mustafizur Rahman,T20,AFG V BAN BANGLADESH BAN (4 WKTS),2,112
25/10/03,AFG v BAN,Sharjah Cricket Stadium,Afghanistan,Bat,156,6,157,8,0,0,0,0,BAN (2 wkts),Towhid Hridoy,T20,AFG V BAN AFGHANISTAN BAN (2 WKTS),0,112
25/10/05,AFG v BAN,Sharjah Cricket Stadium,Afghanistan,Bat,138,10,141,4,0,0,0,0,BAN (6 wkts),Rishad Hossain,T20,AFG V BAN AFGHANISTAN BAN (6 WKTS),0,112
25/10/29,ZIM v AFG,Harare Sports Club,Zimbabwe,Bowl,192,5,139,10,0,0,0,0,AFG (53 runs),Ibrahim Zadran,T20,ZIM V AFG ZIMBABWE AFG (53 RUNS),26,46
25/10/31,ZIM v AFG,Harare Sports Club,Zimbabwe,Bat,144,10,148,3,0,0,0,0,AFG (7 wkts),Mujeeb Ur Rahman,T20,ZIM V AFG ZIMBABWE AFG (7 WKTS),26,46
25/11/02,ZIM v AFG,Harare Sports Club,Afghanistan,Bat,161,8,152,9,0,0,0,0,AFG (9 runs),Mohammad Nabi,T20,ZIM V AFG AFGHANISTAN AFG (9 RUNS),0,46
25/11/11,AFG v QAT,West End Park Stadium,Qatar,Bowl,178,6,153,9,0,0,0,0,AFG (25 runs),Azmatullah Omarzai,T20,AFG V QAT QATAR AFG (25 RUNS),16,144
26/01/19,AFG v WI,Dubai Intl Stadium,Afghanistan,Bat,184,5,146,10,0,0,0,0,AFG (38 runs),Rahmanullah Gurbaz,T20,AFG V WI AFGHANISTAN AFG (38 RUNS),0,31
26/01/21,AFG v WI,Dubai Intl Stadium,Afghanistan,Bat,177,7,138,10,0,0,0,0,AFG (39 runs),Fazalhaq Farooqi,T20,AFG V WI AFGHANISTAN AFG (39 RUNS),0,31
26/01/22,AFG v WI,Dubai Intl Stadium,West Indies,Bat,165,8,150,9,0,0,0,0,WI (15 runs),Nicholas Pooran,T20,AFG V WI WEST INDIES WI (15 RUNS),25,31
26/02/08,T20 WC (v NZ),MA Chidambaram Stadium,Afghanistan,Bat,148,9,152,5,0,0,0,0,NZ (5 wkts),Daryl Mitchell,T20,T20 WC (V NZ) AFGHANISTAN NZ (5 WKTS),0,63
26/02/11,T20 WC (v SA),Narendra Modi Stadium,South Africa,Bowl,172,6,172,8,0,0,0,0,SA (Super Over),Quinton de Kock,T20,T20 WC (V SA) SOUTH AFRICA SA (SUPER OVER),20,73
26/02/16,T20 WC (v UAE),Arun Jaitley Stadium,UAE,Bat,134,10,138,5,0,0,0,0,AFG (5 wkts),Rashid Khan,T20,T20 WC (V UAE) UAE AFG (5 WKTS),22,4
26/02/19,T20 WC (v CAN),MA Chidambaram Stadium,Afghanistan,Bat,198,4,116,10,0,0,0,0,AFG (82 runs),Rahmanullah Gurbaz,T20,T20 WC (V CAN) AFGHANISTAN AFG (82 RUNS),0,63
24/02/09,AUS v WI,Bellerive Oval,West Indies,Bowl,213,7,202,8,0,0,0,0,AUS (11 runs),David Warner,T20,AUS V WI WEST INDIES AUS (11 RUNS),25,12
24/02/11,AUS v WI,Adelaide Oval,West Indies,Bowl,241,4,207,9,0,0,0,0,AUS (34 runs),Glenn Maxwell,T20,AUS V WI WEST INDIES AUS (34 RUNS),25,2
24/02/13,AUS v WI,Perth Stadium,West Indies,Bat,220,6,183,5,0,0,0,0,WI (37 runs),Andre Russell,T20,AUS V WI WEST INDIES WI (37 RUNS),25,87
24/02/21,NZ v AUS,Sky Stadium,New Zealand,Bat,215,3,216,4,0,0,0,0,AUS (6 wkts),Mitchell Marsh,T20,NZ V AUS NEW ZEALAND AUS (6 WKTS),13,123
24/02/23,NZ v AUS,Eden Park,New Zealand,Bowl,174,10,102,10,0,0,0,0,AUS (72 runs),Pat Cummins,T20,NZ V AUS NEW ZEALAND AUS (72 RUNS),13,33
24/02/25,NZ v AUS,Eden Park,New Zealand,Bowl,118,4,98,3,0,0,0,0,AUS (27 runs*),Matthew Short,T20,NZ V AUS NEW ZEALAND AUS (27 RUNS*),13,33
24/06/05,T20 WC (v OMA),Kensington Oval,Oman,Bowl,164,5,125,9,0,0,0,0,AUS (39 runs),Marcus Stoinis,T20,T20 WC (V OMA) OMAN AUS (39 RUNS),14,55
24/06/08,T20 WC (v ENG),Kensington Oval,England,Bowl,201,7,165,6,0,0,0,0,AUS (36 runs),Adam Zampa,T20,T20 WC (V ENG) ENGLAND AUS (36 RUNS),4,55
24/06/11,T20 WC (v NAM),Sir Vivian Richards Stadium,Australia,Bowl,72,10,74,1,0,0,0,0,AUS (9 wkts),Adam Zampa,T20,T20 WC (V NAM) AUSTRALIA AUS (9 WKTS),1,122
24/06/15,T20 WC (v SCO),Daren Sammy Ground,Australia,Bowl,180,5,186,5,0,0,0,0,AUS (5 wkts),Marcus Stoinis,T20,T20 WC (V SCO) AUSTRALIA AUS (5 WKTS),1,26
24/06/20,T20 WC (v BAN),Sir Vivian Richards Stadium,Australia,Bowl,140,8,100,2,0,0,0,0,AUS (28 runs*),Pat Cummins,T20,T20 WC (V BAN) AUSTRALIA AUS (28 RUNS*),1,122
24/06/22,T20 WC (v AFG),Arnos Vale Ground,Australia,Bowl,148,6,127,10,0,0,0,0,AFG (21 runs),Gulbadin Naib,T20,T20 WC (V AFG) AUSTRALIA AFG (21 RUNS),1,3
24/06/24,T20 WC (v IND),Daren Sammy Ground,Australia,Bowl,205,5,181,7,0,0,0,0,IND (24 runs),Rohit Sharma,T20,T20 WC (V IND) AUSTRALIA IND (24 RUNS),1,26
24/09/04,SCO v AUS,Grange Cricket Club,Australia,Bowl,154,9,156,3,0,0,0,0,AUS (7 wkts),Travis Head,T20,SCO V AUS AUSTRALIA AUS (7 WKTS),1,40
24/09/06,SCO v AUS,Grange Cricket Club,Scotland,Bowl,196,4,126,10,0,0,0,0,AUS (70 runs),Josh Inglis,T20,SCO V AUS SCOTLAND AUS (70 RUNS),18,40
24/09/07,SCO v AUS,Grange Cricket Club,Australia,Bowl,149,9,153,4,0,0,0,0,AUS (6 wkts),Cameron Green,T20,SCO V AUS AUSTRALIA AUS (6 WKTS),1,40
24/09/11,ENG v AUS,The Rose Bowl,England,Bowl,179,10,151,10,0,0,0,0,AUS (28 runs),Travis Head,T20,ENG V AUS ENGLAND AUS (28 RUNS),4,132
24/09/13,ENG v AUS,Sophia Gardens,Australia,Bat,193,6,194,7,0,0,0,0,ENG (3 wkts),Liam Livingstone,T20,ENG V AUS AUSTRALIA ENG (3 WKTS),1,124
24/11/14,AUS v PAK,Brisbane Cricket Ground,Pakistan,Bowl,94,4,65,9,0,0,0,0,AUS (29 runs*),Glenn Maxwell,T20,AUS V PAK PAKISTAN AUS (29 RUNS*),15,17
24/11/16,AUS v PAK,Sydney Cricket Ground,Australia,Bat,147,9,134,10,0,0,0,0,AUS (13 runs),Spencer Johnson,T20,AUS V PAK AUSTRALIA AUS (13 RUNS),1,128
24/11/18,AUS v PAK,Bellerive Oval,Pakistan,Bat,117,10,118,3,0,0,0,0,AUS (7 wkts),Marcus Stoinis,T20,AUS V PAK PAKISTAN AUS (7 WKTS),15,12
25/07/20,WI v AUS,Sabina Park,West Indies,Bat,162,8,163,7,0,0,0,0,AUS (3 wkts),Adam Zampa,T20,WI V AUS WEST INDIES AUS (3 WKTS),25,105
25/07/22,WI v AUS,Sabina Park,Australia,Bowl,148,10,149,2,0,0,0,0,AUS (8 wkts),Mitchell Starc,T20,WI V AUS AUSTRALIA AUS (8 WKTS),1,105
25/07/25,WI v AUS,Warner Park,West Indies,Bat,175,6,176,4,0,0,0,0,AUS (6 wkts),Travis Head,T20,WI V AUS WEST INDIES AUS (6 WKTS),25,142
25/07/26,WI v AUS,Warner Park,Australia,Bowl,154,9,155,7,0,0,0,0,AUS (3 wkts),Glenn Maxwell,T20,WI V AUS AUSTRALIA AUS (3 WKTS),1,142
25/07/28,WI v AUS,Warner Park,West Indies,Bat,168,7,169,7,0,0,0,0,AUS (3 wkts),Tim David,T20,WI V AUS WEST INDIES AUS (3 WKTS),25,142
25/08/10,AUS v SA,Marrara Cricket Ground,Australia,Bat,182,6,165,9,0,0,0,0,AUS (17 runs),Marcus Stoinis,T20,AUS V SA AUSTRALIA AUS (17 RUNS),1,67
25/08/12,AUS v SA,Marrara Cricket Ground,South Africa,Bowl,134,10,187,5,0,0,0,0,SA (53 runs),Kagiso Rabada,T20,AUS V SA SOUTH AFRICA SA (53 RUNS),20,67
25/08/16,AUS v SA,Cazaly's Stadium,South Africa,Bat,156,8,157,8,0,0,0,0,AUS (2 wkts),Josh Inglis,T20,AUS V SA SOUTH AFRICA AUS (2 WKTS),20,20
25/10/01,NZ v AUS,Bay Oval,New Zealand,Bat,158,7,162,4,0,0,0,0,AUS (6 wkts),Mitchell Marsh,T20,NZ V AUS NEW ZEALAND AUS (6 WKTS),13,11
25/10/03,NZ v AUS,Bay Oval,Australia,Bowl,42,2,0,0,0,0,0,0,No Result,,T20,NZ V AUS AUSTRALIA NO RESULT,1,11
25/10/04,NZ v AUS,Bay Oval,New Zealand,Bat,171,6,172,7,0,0,0,0,AUS (3 wkts),Glenn Maxwell,T20,NZ V AUS NEW ZEALAND AUS (3 WKTS),13,11
25/10/29,AUS v IND,Manuka Oval,India,Bowl,34,1,0,0,0,0,0,0,No Result,,T20,AUS V IND INDIA NO RESULT,6,66
25/10/31,AUS v IND,Melbourne Cricket Ground,Australia,Bowl,152,8,153,6,0,0,0,0,AUS (4 wkts),Travis Head,T20,AUS V IND AUSTRALIA AUS (4 WKTS),1,70
25/11/02,AUS v IND,Bellerive Oval,Australia,Bat,165,7,166,5,0,0,0,0,IND (5 wkts),Hardik Pandya,T20,AUS V IND AUSTRALIA IND (5 WKTS),1,12
25/11/06,AUS v IND,Carrara Oval,India,Bat,188,5,140,10,0,0,0,0,IND (48 runs),Jasprit Bumrah,T20,AUS V IND INDIA IND (48 RUNS),6,18
25/11/08,AUS v IND,Brisbane Cricket Ground,India,Bowl,88,3,0,0,0,0,0,0,No Result,,T20,AUS V IND INDIA NO RESULT,6,17
26/01/29,PAK v AUS,Gaddafi Stadium,Pakistan,Bat,172,6,150,10,0,0,0,0,PAK (22 runs),Shaheen Afridi,T20,PAK V AUS PAKISTAN PAK (22 RUNS),15,36
26/01/31,PAK v AUS,Gaddafi Stadium,Pakistan,Bat,215,4,125,10,0,0,0,0,PAK (90 runs),Babar Azam,T20,PAK V AUS PAKISTAN PAK (90 RUNS),15,36
26/02/01,PAK v AUS,Gaddafi Stadium,Australia,Bowl,232,3,121,10,0,0,0,0,PAK (111 runs),Mohammad Rizwan,T20,PAK V AUS AUSTRALIA PAK (111 RUNS),1,36
26/02/11,T20 WC (v IRE),R. Premadasa Stadium,Australia,Bat,195,5,128,10,0,0,0,0,AUS (67 runs),Glenn Maxwell,T20,T20 WC (V IRE) AUSTRALIA AUS (67 RUNS),1,94
26/02/13,T20 WC (v ZIM),R. Premadasa Stadium,Zimbabwe,Bowl,152,8,129,10,0,0,0,0,ZIM (23 runs),Sikandar Raza,T20,T20 WC (V ZIM) ZIMBABWE ZIM (23 RUNS),26,94
26/02/16,T20 WC (v SL),Pallekele Intl Stadium,Sri Lanka,Bowl,162,9,163,2,0,0,0,0,SL (8 wkts),Pathum Nissanka,T20,T20 WC (V SL) SRI LANKA SL (8 WKTS),21,85
26/02/20,T20 WC (v OMA),Pallekele Intl Stadium,Oman,Bat,114,10,115,1,0,0,0,0,AUS (9 wkts),Mitchell Starc,T20,T20 WC (V OMA) OMAN AUS (9 WKTS),14,85
24/03/04,BAN v SL,Sylhet International Stadium,Bangladesh,Bowl,206,3,203,8,0,0,0,0,SL (3 runs),Charith Asalanka,T20,BAN V SL BANGLADESH SL (3 RUNS),2,130
24/03/06,BAN v SL,Sylhet International Stadium,Bangladesh,Bowl,165,5,170,2,0,0,0,0,BAN (8 wkts),Najmul Hossain Shanto,T20,BAN V SL BANGLADESH BAN (8 WKTS),2,130
24/03/09,BAN v SL,Sylhet International Stadium,Bangladesh,Bowl,174,7,146,10,0,0,0,0,SL (28 runs),Nuwan Thushara,T20,BAN V SL BANGLADESH SL (28 RUNS),2,130
24/05/03,BAN v ZIM,Zahur Ahmed Chowdhury Stadium,Bangladesh,Bowl,124,10,126,2,0,0,0,0,BAN (8 wkts),Tanzid Hasan,T20,BAN V ZIM BANGLADESH BAN (8 WKTS),2,145
24/05/05,BAN v ZIM,Zahur Ahmed Chowdhury Stadium,Bangladesh,Bowl,138,7,142,4,0,0,0,0,BAN (6 wkts),Rishad Hossain,T20,BAN V ZIM BANGLADESH BAN (6 WKTS),2,145
24/05/08,BAN v ZIM,Zahur Ahmed Chowdhury Stadium,Zimbabwe,Bowl,165,5,156,9,0,0,0,0,BAN (9 runs),Towhid Hridoy,T20,BAN V ZIM ZIMBABWE BAN (9 RUNS),26,145
24/05/10,BAN v ZIM,Shere Bangla National Stadium,Zimbabwe,Bowl,143,10,138,10,0,0,0,0,BAN (5 runs),Mustafizur Rahman,T20,BAN V ZIM ZIMBABWE BAN (5 RUNS),26,115
24/05/12,BAN v ZIM,Shere Bangla National Stadium,Bangladesh,Bowl,157,6,158,2,0,0,0,0,ZIM (8 wkts),Sikandar Raza,T20,BAN V ZIM BANGLADESH ZIM (8 WKTS),2,115
24/05/21,USA v BAN,Prairie View Cricket Complex,USA,Bowl,153,6,156,5,0,0,0,0,USA (5 wkts),Harmeet Singh,T20,USA V BAN USA USA (5 WKTS),23,88
24/05/23,USA v BAN,Prairie View Cricket Complex,Bangladesh,Bowl,144,6,138,10,0,0,0,0,USA (6 runs),Ali Khan,T20,USA V BAN BANGLADESH USA (6 RUNS),2,88
24/05/25,USA v BAN,Prairie View Cricket Complex,Bangladesh,Bowl,104,9,108,0,0,0,0,0,BAN (10 wkts),Mustafizur Rahman,T20,USA V BAN BANGLADESH BAN (10 WKTS),2,88
24/06/07,T20 WC (v SL),Grand Prairie Stadium,Bangladesh,Bowl,124,9,125,8,0,0,0,0,BAN (2 wkts),Rishad Hossain,T20,T20 WC (V SL) BANGLADESH BAN (2 WKTS),2,39
24/06/10,T20 WC (v SA),Nassau County Intl Stadium,South Africa,Bat,113,6,109,7,0,0,0,0,SA (4 runs),Heinrich Klaasen,T20,T20 WC (V SA) SOUTH AFRICA SA (4 RUNS),20,74
24/06/13,T20 WC (v NED),Arnos Vale Ground,Netherlands,Bowl,159,5,134,8,0,0,0,0,BAN (25 runs),Shakib Al Hasan,T20,T20 WC (V NED) NETHERLANDS BAN (25 RUNS),12,3
24/06/16,T20 WC (v NEP),Arnos Vale Ground,Nepal,Bowl,106,10,85,10,0,0,0,0,BAN (21 runs),Tanzim Hasan Sakib,T20,T20 WC (V NEP) NEPAL BAN (21 RUNS),11,3
24/06/20,T20 WC (v AUS),Sir Vivian Richards Stadium,Australia,Bowl,140,8,100,2,0,0,0,0,AUS (28 runs*),Pat Cummins,T20,T20 WC (V AUS) AUSTRALIA AUS (28 RUNS*),1,122
24/06/22,T20 WC (v IND),Sir Vivian Richards Stadium,Bangladesh,Bowl,196,5,146,8,0,0,0,0,IND (50 runs),Hardik Pandya,T20,T20 WC (V IND) BANGLADESH IND (50 RUNS),2,122
24/06/24,T20 WC (v AFG),Arnos Vale Ground,Afghanistan,Bat,115,5,105,10,0,0,0,0,AFG (8 runs*),Naveen-ul-Haq,T20,T20 WC (V AFG) AFGHANISTAN AFG (8 RUNS*),0,3
24/10/06,IND v BAN,Shrimant Madhavrao Stadium,India,Bowl,127,10,132,3,0,0,0,0,IND (7 wkts),Arshdeep Singh,T20,IND V BAN INDIA IND (7 WKTS),6,118
24/10/09,IND v BAN,Arun Jaitley Stadium,Bangladesh,Bowl,221,9,135,9,0,0,0,0,IND (86 runs),Nitish Kumar Reddy,T20,IND V BAN BANGLADESH IND (86 RUNS),2,4
24/10/12,IND v BAN,Rajiv Gandhi Intl Stadium,India,Bat,297,6,164,7,0,0,0,0,IND (133 runs),Sanju Samson,T20,IND V BAN INDIA IND (133 RUNS),6,95
24/12/15,WI v BAN,Arnos Vale Ground,West Indies,Bowl,142,8,135,9,0,0,0,0,BAN (7 runs),Taskin Ahmed,T20,WI V BAN WEST INDIES BAN (7 RUNS),25,3
24/12/17,WI v BAN,Arnos Vale Ground,Bangladesh,Bat,168,6,141,10,0,0,0,0,BAN (27 runs),Litton Das,T20,WI V BAN BANGLADESH BAN (27 RUNS),2,3
24/12/19,WI v BAN,Arnos Vale Ground,Bangladesh,Bat,195,4,115,10,0,0,0,0,BAN (80 runs),Towhid Hridoy,T20,WI V BAN BANGLADESH BAN (80 RUNS),2,3
25/05/17,UAE v BAN,Sharjah Cricket Stadium,UAE,Bowl,172,5,145,10,0,0,0,0,BAN (27 runs),Mustafizur Rahman,T20,UAE V BAN UAE BAN (27 RUNS),22,112
25/05/19,UAE v BAN,Sharjah Cricket Stadium,Bangladesh,Bat,148,9,149,8,0,0,0,0,UAE (2 wkts),Muhammad Waseem,T20,UAE V BAN BANGLADESH UAE (2 WKTS),2,112
25/05/21,UAE v BAN,Sharjah Cricket Stadium,UAE,Bowl,132,10,133,3,0,0,0,0,UAE (7 wkts),Basil Hameed,T20,UAE V BAN UAE UAE (7 WKTS),22,112
25/05/28,PAK v BAN,Gaddafi Stadium,Pakistan,Bat,188,5,151,9,0,0,0,0,PAK (37 runs),Mohammad Rizwan,T20,PAK V BAN PAKISTAN PAK (37 RUNS),15,36
25/05/30,PAK v BAN,Gaddafi Stadium,Bangladesh,Bowl,202,4,145,8,0,0,0,0,PAK (57 runs),Babar Azam,T20,PAK V BAN BANGLADESH PAK (57 RUNS),2,36
25/06/01,PAK v BAN,Gaddafi Stadium,Pakistan,Bowl,135,9,136,3,0,0,0,0,PAK (7 wkts),Shaheen Afridi,T20,PAK V BAN PAKISTAN PAK (7 WKTS),15,36
25/07/10,SL v BAN,Pallekele International Stadium,Sri Lanka,Bowl,152,8,153,3,0,0,0,0,SL (7 wkts),Pathum Nissanka,T20,SL V BAN SRI LANKA SL (7 WKTS),21,84
25/07/13,SL v BAN,Rangiri Dambulla Stadium,Bangladesh,Bat,198,4,115,10,0,0,0,0,BAN (83 runs),Towhid Hridoy,T20,SL V BAN BANGLADESH BAN (83 RUNS),2,99
25/07/16,SL v BAN,R. Premadasa Stadium,Sri Lanka,Bat,142,9,143,2,0,0,0,0,BAN (8 wkts),Najmul Hossain Shanto,T20,SL V BAN SRI LANKA BAN (8 WKTS),21,94
25/07/20,BAN v PAK,Shere Bangla National Stadium,Pakistan,Bowl,165,7,166,3,0,0,0,0,BAN (7 wkts),Shakib Al Hasan,T20,BAN V PAK PAKISTAN BAN (7 WKTS),15,115
25/07/22,BAN v PAK,Shere Bangla National Stadium,Bangladesh,Bat,158,6,150,9,0,0,0,0,BAN (8 runs),Mustafizur Rahman,T20,BAN V PAK BANGLADESH BAN (8 RUNS),2,115
25/07/24,BAN v PAK,Shere Bangla National Stadium,Bangladesh,Bowl,210,4,136,10,0,0,0,0,PAK (74 runs),Fakhar Zaman,T20,BAN V PAK BANGLADESH PAK (74 RUNS),2,115
25/08/30,BAN v NED,Sylhet International Stadium,Netherlands,Bowl,172,5,173,2,0,0,0,0,BAN (8 wkts),Tanzid Hasan,T20,BAN V NED NETHERLANDS BAN (8 WKTS),12,130
25/09/01,BAN v NED,Sylhet International Stadium,Bangladesh,Bowl,132,10,133,1,0,0,0,0,BAN (9 wkts),Taskin Ahmed,T20,BAN V NED BANGLADESH BAN (9 WKTS),2,130
25/09/03,BAN v NED,Sylhet International Stadium,Netherlands,Bat,45,3,0,0,0,0,0,0,No Result,,T20,BAN V NED NETHERLANDS NO RESULT,12,130
25/09/11,Asia Cup (v HK),Sheikh Zayed Stadium,Bangladesh,Bowl,118,9,119,3,0,0,0,0,BAN (7 wkts),Mahedi Hasan,T20,ASIA CUP (V HK) BANGLADESH BAN (7 WKTS),2,114
25/09/13,Asia Cup (v SL),Sheikh Zayed Stadium,Bangladesh,Bowl,168,6,162,10,0,0,0,0,SL (6 runs),Wanindu Hasaranga,T20,ASIA CUP (V SL) BANGLADESH SL (6 RUNS),2,114
25/09/16,Asia Cup (v AFG),Sheikh Zayed Stadium,Bangladesh,Bat,154,8,146,9,0,0,0,0,BAN (8 runs),Shakib Al Hasan,T20,ASIA CUP (V AFG) BANGLADESH BAN (8 RUNS),2,114
25/09/20,Asia Cup (v SL),Dubai Intl Stadium,Sri Lanka,Bat,172,7,175,6,0,0,0,0,BAN (4 wkts),Towhid Hridoy,T20,ASIA CUP (V SL) SRI LANKA BAN (4 WKTS),21,31
25/09/24,Asia Cup (v IND),Dubai Intl Stadium,India,Bat,185,5,144,9,0,0,0,0,IND (41 runs),Suryakumar Yadav,T20,ASIA CUP (V IND) INDIA IND (41 RUNS),6,31
25/09/25,Asia Cup (v PAK),Dubai Intl Stadium,Bangladesh,Bowl,162,6,151,9,0,0,0,0,PAK (11 runs),Haris Rauf,T20,ASIA CUP (V PAK) BANGLADESH PAK (11 RUNS),2,31
25/10/02,AFG v BAN,Sharjah Cricket Stadium,Bangladesh,Bowl,142,9,143,6,0,0,0,0,BAN (4 wkts),Mustafizur Rahman,T20,AFG V BAN BANGLADESH BAN (4 WKTS),2,112
25/10/03,AFG v BAN,Sharjah Cricket Stadium,Afghanistan,Bat,156,6,157,8,0,0,0,0,BAN (2 wkts),Towhid Hridoy,T20,AFG V BAN AFGHANISTAN BAN (2 WKTS),0,112
25/10/05,AFG v BAN,Sharjah Cricket Stadium,Afghanistan,Bat,138,10,141,4,0,0,0,0,BAN (6 wkts),Rishad Hossain,T20,AFG V BAN AFGHANISTAN BAN (6 WKTS),0,112
25/10/27,BAN v WI,B.S.F.L.M. Rahman Stadium,West Indies,Bat,164,7,148,9,0,0,0,0,WI (16 runs),Nicholas Pooran,T20,BAN V WI WEST INDIES WI (16 RUNS),25,6
25/10/29,BAN v WI,B.S.F.L.M. Rahman Stadium,West Indies,Bat,158,8,144,10,0,0,0,0,WI (14 runs),Andre Russell,T20,BAN V WI WEST INDIES WI (14 RUNS),25,6
25/10/31,BAN v WI,B.S.F.L.M. Rahman Stadium,Bangladesh,Bat,132,10,133,5,0,0,0,0,WI (5 wkts),Alzarri Joseph,T20,BAN V WI BANGLADESH WI (5 WKTS),2,6
25/11/27,BAN v IRE,B.S.F.L.M. Rahman Stadium,Ireland,Bat,182,6,143,10,0,0,0,0,IRE (39 runs),Paul Stirling,T20,BAN V IRE IRELAND IRE (39 RUNS),7,6
25/11/29,BAN v IRE,B.S.F.L.M. Rahman Stadium,Bangladesh,Bowl,155,9,156,6,0,0,0,0,BAN (4 wkts),Shoriful Islam,T20,BAN V IRE BANGLADESH BAN (4 WKTS),2,6
25/12/02,BAN v IRE,B.S.F.L.M. Rahman Stadium,Bangladesh,Bowl,128,10,129,2,0,0,0,0,BAN (8 wkts),Litton Das,T20,BAN V IRE BANGLADESH BAN (8 WKTS),2,6
26/04/27,BAN v NZ,B.S.F.L.M. Rahman Stadium,Bangladesh,Bowl,145,8,146,4,0,0,0,0,BAN (6 wkts),Mahedi Hasan,T20,BAN V NZ BANGLADESH BAN (6 WKTS),2,6
26/05/02,BAN v NZ,Shere Bangla National Stadium,New Zealand,Bat,168,6,162,9,0,0,0,0,NZ (6 wkts),Glenn Phillips,T20,BAN V NZ NEW ZEALAND NZ (6 WKTS),13,115
24/05/25,ENG v PAK,Edgbaston,Pakistan,Bowl,183,7,160,10,0,0,0,0,ENG (23 runs),Jos Buttler,T20,ENG V PAK PAKISTAN ENG (23 RUNS),15,34
24/05/30,ENG v PAK,Kennington Oval,England,Bowl,157,10,158,3,0,0,0,0,ENG (7 wkts),Adil Rashid,T20,ENG V PAK ENGLAND ENG (7 WKTS),4,54
24/06/04,T20 WC (SCO),Kensington Oval,Scotland,Bat,90,0,0,0,0,0,0,0,No Result,,T20,T20 WC (SCO) SCOTLAND NO RESULT,18,55
24/06/08,T20 WC (AUS),Kensington Oval,England,Bowl,201,7,165,6,0,0,0,0,AUS (36 runs),Adam Zampa,T20,T20 WC (AUS) ENGLAND AUS (36 RUNS),4,55
24/06/13,T20 WC (OMA),Sir Vivian Richards Stadium,England,Bowl,47,10,50,2,0,0,0,0,ENG (8 wkts),Adil Rashid,T20,T20 WC (OMA) ENGLAND ENG (8 WKTS),4,122
24/06/15,T20 WC (NAM),Sir Vivian Richards Stadium,Namibia,Bowl,122,5,84,3,0,0,0,0,ENG (41 runs*),Harry Brook,T20,T20 WC (NAM) NAMIBIA ENG (41 RUNS*),10,122
24/06/19,T20 WC (WI),Daren Sammy Ground,England,Bowl,180,4,181,2,0,0,0,0,ENG (8 wkts),Phil Salt,T20,T20 WC (WI) ENGLAND ENG (8 WKTS),4,26
24/06/21,T20 WC (SA),Daren Sammy Ground,England,Bowl,163,6,156,6,0,0,0,0,SA (7 runs),Quinton de Kock,T20,T20 WC (SA) ENGLAND SA (7 RUNS),4,26
24/06/23,T20 WC (USA),Kensington Oval,England,Bowl,115,10,117,0,0,0,0,0,ENG (10 wkts),Adil Rashid,T20,T20 WC (USA) ENGLAND ENG (10 WKTS),4,55
24/06/27,T20 WC SF (IND),Providence Stadium,England,Bowl,171,7,103,10,0,0,0,0,IND (68 runs),Axar Patel,T20,T20 WC SF (IND) ENGLAND IND (68 RUNS),4,89
24/09/11,ENG v AUS,The Rose Bowl,England,Bowl,179,10,151,10,0,0,0,0,AUS (28 runs),Travis Head,T20,ENG V AUS ENGLAND AUS (28 RUNS),4,132
24/09/13,ENG v AUS,Sophia Gardens,Australia,Bat,193,6,194,7,0,0,0,0,ENG (3 wkts),Liam Livingstone,T20,ENG V AUS AUSTRALIA ENG (3 WKTS),1,124
24/11/09,WI v ENG,Kensington Oval,England,Bowl,182,9,183,2,0,0,0,0,ENG (8 wkts),Phil Salt,T20,WI V ENG ENGLAND ENG (8 WKTS),4,55
24/11/10,WI v ENG,Kensington Oval,England,Bowl,158,8,161,3,0,0,0,0,ENG (7 wkts),Jos Buttler,T20,WI V ENG ENGLAND ENG (7 WKTS),4,55
24/11/14,WI v ENG,Daren Sammy Ground,England,Bowl,145,8,149,7,0,0,0,0,ENG (3 wkts),Sam Curran,T20,WI V ENG ENGLAND ENG (3 WKTS),4,26
24/11/16,WI v ENG,Daren Sammy Ground,West Indies,Bat,221,5,216,7,0,0,0,0,WI (5 wickets),Evin Lewis,T20,WI V ENG WEST INDIES WI (5 WICKETS),25,26
24/11/17,WI v ENG,Daren Sammy Ground,England,Bowl,44,0,0,0,0,0,0,0,No Result,,T20,WI V ENG ENGLAND NO RESULT,4,26
25/01/22,IND v ENG,Eden Gardens,India,Bowl,178,7,179,3,0,0,0,0,IND (7 wkts),Suryakumar Yadav,T20,IND V ENG INDIA IND (7 WKTS),6,32
25/01/25,IND v ENG,MA Chidambaram Stadium,England,Bat,162,8,163,8,0,0,0,0,IND (2 wkts),Hardik Pandya,T20,IND V ENG ENGLAND IND (2 WKTS),4,63
25/01/28,IND v ENG,Saurashtra Association,England,Bat,194,5,168,9,0,0,0,0,ENG (26 runs),Phil Salt,T20,IND V ENG ENGLAND ENG (26 RUNS),4,106
25/01/31,IND v ENG,MCA Stadium,India,Bat,185,6,170,8,0,0,0,0,IND (15 runs),Jasprit Bumrah,T20,IND V ENG INDIA IND (15 RUNS),6,64
25/02/02,IND v ENG,Wankhede Stadium,India,Bat,240,3,90,10,0,0,0,0,IND (150 runs),Rohit Sharma,T20,IND V ENG INDIA IND (150 RUNS),6,141
25/06/06,ENG v WI,Riverside Ground,West Indies,Bowl,188,6,167,9,0,0,0,0,ENG (21 runs),Will Jacks,T20,ENG V WI WEST INDIES ENG (21 RUNS),25,102
25/06/08,ENG v WI,County Ground,England,Bowl,155,8,156,6,0,0,0,0,ENG (4 wkts),Jofra Archer,T20,ENG V WI ENGLAND ENG (4 WKTS),4,24
25/06/10,ENG v WI,The Rose Bowl,West Indies,Bowl,202,4,165,9,0,0,0,0,ENG (37 runs),Jos Buttler,T20,ENG V WI WEST INDIES ENG (37 RUNS),25,132
25/09/10,ENG v SA,Sophia Gardens,South Africa,Bat,172,7,158,8,0,0,0,0,SA (14 runs),David Miller,T20,ENG V SA SOUTH AFRICA SA (14 RUNS),20,124
25/09/12,ENG v SA,Old Trafford,England,Bat,225,4,79,10,0,0,0,0,ENG (146 runs),Harry Brook,T20,ENG V SA ENGLAND ENG (146 RUNS),4,81
25/09/17,IRE v ENG,The Village,England,Bowl,164,8,165,6,0,0,0,0,ENG (4 wkts),Mark Wood,T20,IRE V ENG ENGLAND ENG (4 WKTS),4,133
25/09/21,IRE v ENG,The Village,Ireland,Bat,152,9,153,4,0,0,0,0,ENG (6 wkts),Jamie Overton,T20,IRE V ENG IRELAND ENG (6 WKTS),7,133
25/10/18,NZ v ENG,Hagley Oval,New Zealand,Bowl,48,2,0,0,0,0,0,0,No Result,,T20,NZ V ENG NEW ZEALAND NO RESULT,13,45
25/10/20,NZ v ENG,Hagley Oval,England,Bat,212,5,147,10,0,0,0,0,ENG (65 runs),Liam Livingstone,T20,NZ V ENG ENGLAND ENG (65 RUNS),4,45
25/10/23,NZ v ENG,Eden Park,England,Bowl,32,1,0,0,0,0,0,0,No Result,,T20,NZ V ENG ENGLAND NO RESULT,4,33
26/01/30,SL v ENG,Pallekele Intl Stadium,Sri Lanka,Bowl,178,6,167,9,0,0,0,0,ENG (11 runs),Phil Salt,T20,SL V ENG SRI LANKA ENG (11 RUNS),21,85
26/02/01,SL v ENG,Pallekele Intl Stadium,England,Bowl,154,8,155,4,0,0,0,0,ENG (6 wkts),Adil Rashid,T20,SL V ENG ENGLAND ENG (6 WKTS),4,85
26/02/03,SL v ENG,Pallekele Intl Stadium,England,Bat,168,7,156,8,0,0,0,0,ENG (12 runs),Sam Curran,T20,SL V ENG ENGLAND ENG (12 RUNS),4,85
26/02/08,T20 WC (NEP),Wankhede Stadium,Nepal,Bowl,182,6,178,7,0,0,0,0,ENG (4 runs),Jos Buttler,T20,T20 WC (NEP) NEPAL ENG (4 RUNS),11,141
26/02/11,T20 WC (WI),Wankhede Stadium,England,Bowl,192,5,162,8,0,0,0,0,WI (30 runs),Nicholas Pooran,T20,T20 WC (WI) ENGLAND WI (30 RUNS),4,141
26/02/14,T20 WC (SCO),Eden Gardens,England,Bowl,142,9,143,5,0,0,0,0,ENG (5 wkts),Jofra Archer,T20,T20 WC (SCO) ENGLAND ENG (5 WKTS),4,32
26/02/16,T20 WC (ITA),Eden Gardens,England,Bat,204,4,180,7,0,0,0,0,ENG (24 runs),Will Jacks,T20,T20 WC (ITA) ENGLAND ENG (24 RUNS),4,32
26/02/22,T20 WC Super 8 (SL),Pallekele Intl Stadium,Sri Lanka,Bowl,146,9,95,10,0,0,0,0,ENG (51 runs),Jos Buttler,T20,T20 WC SUPER 8 (SL) SRI LANKA ENG (51 RUNS),21,85
26/02/24,T20 WC Super 8 (PAK),Pallekele Intl Stadium,Pakistan,Bat,168,8,169,8,0,0,0,0,ENG (2 wkts),Liam Livingstone,T20,T20 WC SUPER 8 (PAK) PAKISTAN ENG (2 WKTS),15,85
26/02/27,T20 WC Super 8 (NZ),R. Premadasa Stadium,New Zealand,Bat,155,7,156,6,0,0,0,0,ENG (4 wkts),Adil Rashid,T20,T20 WC SUPER 8 (NZ) NEW ZEALAND ENG (4 WKTS),13,94
26/03/05,T20 WC SF (IND),Wankhede Stadium,England,Bowl,253,7,246,7,0,0,0,0,IND (7 runs),Sanju Samson,T20,T20 WC SF (IND) INDIA IND (7 RUNS),6,141
26/07/04,IND v ENG,Old Trafford,India,Bat,190,7,191,6,0,0,0,0,ENG (4 wickets),Jacob Bethell,T20,ENG V IND ENGLAND ENG (4 WKTS),6,114
26/07/07,IND v ENG,Trent Bridge,England,Bat,201,7,76,10,0,0,0,0,ENG (125 runs),Jofra Archer,T20,ENG V IND ENGLAND ENG (125 RUNS),30,114
26/07/09,IND v ENG,Gloucestershire Cricket,India,Bat,158,7,159,1,0,0,0,0,ENG (9 wickets),Harry Brook,T20,ENG V IND ENGLAND ENG (9 WKTS),19,155
26/07/11,IND v ENG,West End,India,Bowl,257,3,201,8,0,0,0,0,ENG (56 runs),Jos Buttler,T20,ENG V IND ENGLAND ENG (56 RUNS),24,127
,,,,,0,0,0,0,0,0,0,0,,,T20,,27,147
,,,,,0,0,0,0,0,0,0,0,,,T20,,27,147
,,,,,0,0,0,0,0,0,0,0,,,T20,,27,147
,,,,,0,0,0,0,0,0,0,0,,,T20,,27,147
,,,,,0,0,0,0,0,0,0,0,,,T20,,27,147
,,,,,0,0,0,0,0,0,0,0,,,T20,,27,147
,,,,,0,0,0,0,0,0,0,0,,,T20,,27,147
24/01/11,IND v AFG,PCA IS Bindra Stadium,India,Bowl,158,5,159,4,0,0,0,0,IND (6 wkts),Shivam Dube,T20,IND V AFG INDIA IND (6 WKTS),6,82
24/01/14,IND v AFG,Holkar Cricket Stadium,India,Bowl,172,10,173,4,0,0,0,0,IND (6 wkts),Axar Patel,T20,IND V AFG INDIA IND (6 WKTS),6,49
24/01/17,IND v AFG,M. Chinnaswamy Stadium,Afghanistan,Bat,212,4,212,6,0,0,0,0,IND (Super Over),Rohit Sharma,T20,IND V AFG AFGHANISTAN IND (SUPER OVER),0,61
24/06/05,T20 WC (IRE),Nassau County Stadium,India,Bowl,96,10,97,2,0,0,0,0,IND (8 wkts),Rohit Sharma,T20,T20 WC (IRE) INDIA IND (8 WKTS),6,75
24/06/09,T20 WC (PAK),Nassau County Stadium,Pakistan,Bowl,119,10,113,7,0,0,0,0,IND (6 runs),Jasprit Bumrah,T20,T20 WC (PAK) PAKISTAN IND (6 RUNS),15,75
24/06/12,T20 WC (USA),Nassau County Stadium,India,Bowl,110,8,111,3,0,0,0,0,IND (7 wkts),Arshdeep Singh,T20,T20 WC (USA) INDIA IND (7 WKTS),6,75
24/06/20,T20 WC (AFG),Kensington Oval,India,Bat,181,8,134,10,0,0,0,0,IND (47 runs),Suryakumar Yadav,T20,T20 WC (AFG) INDIA IND (47 RUNS),6,55
24/06/22,T20 WC (BAN),Sir Vivian Richards Stadium,Bangladesh,Bowl,196,5,146,8,0,0,0,0,IND (50 runs),Hardik Pandya,T20,T20 WC (BAN) BANGLADESH IND (50 RUNS),2,122
24/06/24,T20 WC (AUS),Daren Sammy Ground,Australia,Bowl,205,5,181,7,0,0,0,0,IND (24 runs),Rohit Sharma,T20,T20 WC (AUS) AUSTRALIA IND (24 RUNS),1,26
24/06/27,T20 WC SF (ENG),Providence Stadium,England,Bowl,171,7,103,10,0,0,0,0,IND (68 runs),Axar Patel,T20,T20 WC SF (ENG) ENGLAND IND (68 RUNS),4,89
24/06/29,T20 WC Final (SA),Kensington Oval,India,Bat,176,7,169,8,0,0,0,0,IND (7 runs),Virat Kohli,T20,T20 WC FINAL (SA) INDIA IND (7 RUNS),6,55
24/07/06,ZIM v IND,Harare Sports Club,Zimbabwe,Bowl,115,9,102,10,0,0,0,0,ZIM (13 runs),Sikandar Raza,T20,ZIM V IND ZIMBABWE ZIM (13 RUNS),26,46
24/07/07,ZIM v IND,Harare Sports Club,Zimbabwe,Bowl,234,2,134,10,0,0,0,0,IND (100 runs),Abhishek Sharma,T20,ZIM V IND ZIMBABWE IND (100 RUNS),26,46
24/07/10,ZIM v IND,Harare Sports Club,India,Bat,182,4,159,6,0,0,0,0,IND (23 runs),Ruturaj Gaikwad,T20,ZIM V IND INDIA IND (23 RUNS),6,46
24/07/13,ZIM v IND,Harare Sports Club,India,Bowl,152,7,156,0,0,0,0,0,IND (10 wkts),Yashasvi Jaiswal,T20,ZIM V IND INDIA IND (10 WKTS),6,46
24/07/14,ZIM v IND,Harare Sports Club,India,Bat,167,6,125,10,0,0,0,0,IND (42 runs),Shivam Dube,T20,ZIM V IND INDIA IND (42 RUNS),6,46
24/07/27,SL v IND,Pallekele Intl Stadium,Sri Lanka,Bowl,213,7,170,10,0,0,0,0,IND (43 runs),Suryakumar Yadav,T20,SL V IND SRI LANKA IND (43 RUNS),21,85
24/07/28,SL v IND,Pallekele Intl Stadium,India,Bowl,161,9,151,3,0,0,0,0,IND (7 wkts),Ravi Bishnoi,T20,SL V IND INDIA IND (7 WKTS),6,85
24/07/30,SL v IND,Pallekele Intl Stadium,Sri Lanka,Bowl,137,9,137,8,0,0,0,0,IND (Super Over),Washington Sundar,T20,SL V IND SRI LANKA IND (SUPER OVER),21,85
24/10/06,IND v BAN,Shrimant Madhavrao Stadium,India,Bowl,127,10,132,3,0,0,0,0,IND (7 wkts),Arshdeep Singh,T20,IND V BAN INDIA IND (7 WKTS),6,118
24/10/09,IND v BAN,Arun Jaitley Stadium,Bangladesh,Bowl,221,9,135,9,0,0,0,0,IND (86 runs),Nitish Kumar Reddy,T20,IND V BAN BANGLADESH IND (86 RUNS),2,4
24/10/12,IND v BAN,Rajiv Gandhi Intl Stadium,India,Bat,297,6,164,7,0,0,0,0,IND (133 runs),Sanju Samson,T20,IND V BAN INDIA IND (133 RUNS),6,95
24/11/08,SA v IND,Kingsmead,South Africa,Bowl,202,8,141,10,0,0,0,0,IND (61 runs),Sanju Samson,T20,SA V IND SOUTH AFRICA IND (61 RUNS),20,56
24/11/10,SA v IND,St George's Park,South Africa,Bowl,124,6,128,7,0,0,0,0,SA (3 wkts),Tristan Stubbs,T20,SA V IND SOUTH AFRICA SA (3 WKTS),20,126
24/11/13,SA v IND,SuperSport Park,South Africa,Bowl,219,6,208,7,0,0,0,0,IND (11 runs),Tilak Varma,T20,SA V IND SOUTH AFRICA IND (11 RUNS),20,127
24/11/15,SA v IND,Wanderers Stadium,India,Bat,283,1,148,10,0,0,0,0,IND (135 runs),Tilak Varma,T20,SA V IND INDIA IND (135 RUNS),6,140
25/01/22,IND v ENG,Eden Gardens,India,Bowl,178,7,179,3,0,0,0,0,IND (7 wkts),Suryakumar Yadav,T20,IND V ENG INDIA IND (7 WKTS),6,32
25/01/25,IND v ENG,MA Chidambaram Stadium,England,Bat,162,8,163,8,0,0,0,0,IND (2 wkts),Hardik Pandya,T20,IND V ENG ENGLAND IND (2 WKTS),4,63
25/01/28,IND v ENG,Saurashtra Association,England,Bat,194,5,168,9,0,0,0,0,ENG (26 runs),Phil Salt,T20,IND V ENG ENGLAND ENG (26 RUNS),4,106
25/01/31,IND v ENG,MCA Stadium,India,Bat,185,6,170,8,0,0,0,0,IND (15 runs),Jasprit Bumrah,T20,IND V ENG INDIA IND (15 RUNS),6,64
25/02/02,IND v ENG,Wankhede Stadium,India,Bat,240,3,90,10,0,0,0,0,IND (150 runs),Abhishek Sharma,T20,IND V ENG INDIA IND (150 RUNS),6,141
25/09/10,Asia Cup (UAE),Dubai Intl Stadium,India,Bowl,115,8,116,1,0,0,0,0,IND (9 wkts),Kuldeep Yadav,T20,ASIA CUP (UAE) INDIA IND (9 WKTS),6,31
25/09/14,Asia Cup (PAK),Dubai Intl Stadium,Pakistan,Bat,159,7,160,3,0,0,0,0,IND (7 wkts),Abhishek Sharma,T20,ASIA CUP (PAK) PAKISTAN IND (7 WKTS),15,31
25/09/19,Asia Cup (OMA),Sheikh Zayed Stadium,Oman,Bat,142,6,163,4,0,0,0,0,IND (21 runs),Axar Patel,T20,ASIA CUP (OMA) OMAN IND (21 RUNS),14,114
25/09/21,Asia Cup (PAK),Dubai Intl Stadium,India,Bowl,152,8,153,4,0,0,0,0,IND (6 wkts),Hardik Pandya,T20,ASIA CUP (PAK) INDIA IND (6 WKTS),6,31
25/09/24,Asia Cup (BAN),Dubai Intl Stadium,India,Bat,185,5,144,9,0,0,0,0,IND (41 runs),Suryakumar Yadav,T20,ASIA CUP (BAN) INDIA IND (41 RUNS),6,31
25/09/26,Asia Cup (SL),Dubai Intl Stadium,India,Bowl,168,7,168,6,0,0,0,0,IND (Super Over),Abhishek Sharma,T20,ASIA CUP (SL) INDIA IND (SUPER OVER),6,31
25/09/28,Asia Cup Final (PAK),Dubai Intl Stadium,Pakistan,Bat,165,8,166,5,0,0,0,0,IND (5 wkts),Tilak Varma,T20,ASIA CUP FINAL (PAK) PAKISTAN IND (5 WKTS),15,31
25/10/29,AUS v IND,Manuka Oval,India,Bowl,34,1,0,0,0,0,0,0,No Result,,T20,AUS V IND INDIA NO RESULT,6,66
25/10/31,AUS v IND,Melbourne Cricket Ground,Australia,Bowl,152,8,153,6,0,0,0,0,AUS (4 wkts),Travis Head,T20,AUS V IND AUSTRALIA AUS (4 WKTS),1,70
25/11/02,AUS v IND,Bellerive Oval,Australia,Bat,165,7,166,5,0,0,0,0,IND (5 wkts),Hardik Pandya,T20,AUS V IND AUSTRALIA IND (5 WKTS),1,12
25/11/06,AUS v IND,Carrara Oval,India,Bat,188,5,140,10,0,0,0,0,IND (48 runs),Jasprit Bumrah,T20,AUS V IND INDIA IND (48 RUNS),6,18
25/11/08,AUS v IND,Brisbane Cricket Ground,India,Bowl,88,3,0,0,0,0,0,0,No Result,,T20,AUS V IND INDIA NO RESULT,6,17
25/12/09,IND v SA,Barabati Stadium,South Africa,Bowl,210,4,109,10,0,0,0,0,IND (101 runs),Yashasvi Jaiswal,T20,IND V SA SOUTH AFRICA IND (101 RUNS),20,8
25/12/11,IND v SA,Maharaja Yadavindra,South Africa,Bat,185,5,134,8,0,0,0,0,SA (51 runs),David Miller,T20,IND V SA SOUTH AFRICA SA (51 RUNS),20,65
25/12/14,IND v SA,HPCA Stadium,India,Bowl,158,8,159,3,0,0,0,0,IND (7 wkts),Mohammed Siraj,T20,IND V SA INDIA IND (7 WKTS),6,44
25/12/19,IND v SA,Narendra Modi Stadium,South Africa,Bowl,192,5,162,9,0,0,0,0,IND (30 runs),Rinku Singh,T20,IND V SA SOUTH AFRICA IND (30 RUNS),20,73
26/01/21,IND v NZ,Vidarbha Association,New Zealand,Bowl,198,4,150,10,0,0,0,0,IND (48 runs),Shubman Gill,T20,IND V NZ NEW ZEALAND IND (48 RUNS),13,138
26/01/23,IND v NZ,Shaheed Veer Stadium,India,Bowl,145,8,146,3,0,0,0,0,IND (7 wkts),Arshdeep Singh,T20,IND V NZ INDIA IND (7 WKTS),6,111
26/01/25,IND v NZ,Barsapara Stadium,New Zealand,Bowl,162,7,163,2,0,0,0,0,IND (8 wkts),Ravi Bishnoi,T20,IND V NZ NEW ZEALAND IND (8 WKTS),13,9
26/01/28,IND v NZ,Dr. YS Rajasekhara,New Zealand,Bat,215,4,165,9,0,0,0,0,NZ (50 runs),Mitchell Santner,T20,IND V NZ NEW ZEALAND NZ (50 RUNS),13,29
26/01/31,IND v NZ,Greenfield Stadium,India,Bat,189,5,143,8,0,0,0,0,IND (46 runs),Hardik Pandya,T20,IND V NZ INDIA IND (46 RUNS),6,42
26/02/07,T20 WC (USA),Wankhede Stadium,USA,Bowl,176,6,147,9,0,0,0,0,IND (29 runs),Rohit Sharma,T20,T20 WC (USA) USA IND (29 RUNS),23,141
26/02/12,T20 WC (NAM),Arun Jaitley Stadium,Namibia,Bowl,209,9,116,10,0,0,0,0,IND (93 runs),Suryakumar Yadav,T20,T20 WC (NAM) NAMIBIA IND (93 RUNS),10,4
26/02/15,T20 WC (PAK),R. Premadasa Stadium,Pakistan,Bowl,175,7,114,10,0,0,0,0,IND (61 runs),Jasprit Bumrah,T20,T20 WC (PAK) PAKISTAN IND (61 RUNS),15,94
26/02/18,T20 WC (NED),Narendra Modi Stadium,Netherlands,Bowl,164,7,147,9,0,0,0,0,IND (17 runs),Arshdeep Singh,T20,T20 WC (NED) NETHERLANDS IND (17 RUNS),12,73
26/02/22,T20 WC Super 8 (SA),Narendra Modi Stadium,South Africa,Bat,187,7,111,10,0,0,0,0,SA (76 runs),Heinrich Klaasen,T20,T20 WC SUPER 8 (SA) SOUTH AFRICA SA (76 RUNS),20,73
26/02/26,T20 WC Super 8 (ZIM),MA Chidambaram Stadium,Zimbabwe,Bowl,256,4,184,6,0,0,0,0,IND (72 runs),Abhishek Sharma,T20,T20 WC SUPER 8 (ZIM) ZIMBABWE IND (72 RUNS),26,63
26/03/01,T20 WC Super 8 (WI),Eden Gardens,West Indies,Bat,195,4,199,5,0,0,0,0,IND (5 wkts),Sanju Samson,T20,T20 WC SUPER 8 (WI) WEST INDIES IND (5 WKTS),25,32
26/03/05,T20 WC SF (ENG),Wankhede Stadium,England,Bowl,253,7,146,7,0,0,0,0,IND (7 runs),Sanju Samson,T20,T20 WC SF (ENG) INDIA IND (7 RUNS),6,141
26/03/08,T20 WC Final (NZ),Narendra Modi Stadium,New Zealand,Bowl,255,5,159,10,0,0,0,0,IND (96 runs),Jasprit Bumrah,T20,T20 WC FINAL (NZ) NEW ZEALAND IND (96 RUNS),13,73
26/06/26,IRE v IND,Stormont Cricket Ground,India,Bowl,182,9,148,10,0,0,0,0,IRE (34 runs),Matthew Hollard,T20,IRE V IND IRELAND IND (34 RUNS),4,260
26/06/28,IRE v IND,Stormont Cricket Ground,India,Bowl,154,8,153,9,0,0,0,0,IRE (1 run),Jai Moondra,T20,IRE V IND IRELAND IND (1 RUN),4,032
26/07/04,IND v ENG,Old Trafford,India,Bat,190,7,191,6,0,0,0,0,ENG (4 wickets),Jacob Bethell,T20,ENG V IND ENGLAND ENG (4 WKTS),6,114
26/07/07,IND v ENG,Trent Bridge,England,Bat,201,7,76,10,0,0,0,0,ENG (125 runs),Jofra Archer,T20,ENG V IND ENGLAND ENG (125 RUNS),50,114
26/07/09,IND v ENG,Gloucestershire Cricket,India,Bat,158,7,159,1,0,0,0,0,ENG (9 wickets),Harry Brook,T20,ENG V IND ENGLAND ENG (9 WKTS),19,155
26/07/11,IND v ENG,West End,India,Bowl,257,3,201,8,0,0,0,0,ENG (56 runs),Jos Buttler,T20,ENG V IND ENGLAND ENG (56 RUNS),24,127

24/03/15,AFG v IRE,Sharjah Cricket Stadium,Afghanistan,Bowl,149,6,111,10,0,0,0,0,IRE (38 runs),Ben White,T20,AFG V IRE AFGHANISTAN IRE (38 RUNS),0,112
24/03/17,AFG v IRE,Sharjah Cricket Stadium,Afghanistan,Bat,152,9,142,8,0,0,0,0,AFG (10 runs),Rashid Khan,T20,AFG V IRE AFGHANISTAN AFG (10 RUNS),0,112
24/03/18,AFG v IRE,Sharjah Cricket Stadium,Afghanistan,Bat,155,7,98,10,0,0,0,0,AFG (57 runs),Azmatullah Omarzai,T20,AFG V IRE AFGHANISTAN AFG (57 RUNS),0,112
24/05/10,IRE v PAK,Castle Avenue,Ireland,Bowl,182,6,183,5,0,0,0,0,IRE (5 wkts),Andrew Balbirnie,T20,IRE V PAK IRELAND IRE (5 WKTS),7,19
24/05/12,IRE v PAK,Castle Avenue,Ireland,Bowl,193,7,195,3,0,0,0,0,PAK (7 wkts),Mohammad Rizwan,T20,IRE V PAK IRELAND PAK (7 WKTS),7,19
24/05/14,IRE v PAK,Castle Avenue,Pakistan,Bowl,178,7,181,4,0,0,0,0,PAK (6 wkts),Shaheen Afridi,T20,IRE V PAK PAKISTAN PAK (6 WKTS),15,19
24/05/19,Tri-Series (NED),Sportpark Westvliet,Netherlands,Bowl,150,8,149,8,0,0,0,0,IRE (1 run),Mark Adair,T20,TRI-SERIES (NED) NETHERLANDS IRE (1 RUN),12,125
24/05/23,Tri-Series (SCO),Sportpark Westvliet,Ireland,Bowl,157,8,158,5,0,0,0,0,IRE (5 wkts),Josh Little,T20,TRI-SERIES (SCO) IRELAND IRE (5 WKTS),7,125
24/05/24,Tri-Series (NED),Sportpark Westvliet,Ireland,Bat,161,6,158,5,0,0,0,0,IRE (3 runs),George Dockrell,T20,TRI-SERIES (NED) IRELAND IRE (3 RUNS),7,125
24/06/05,T20 WC (IND),Nassau County Stadium,India,Bowl,96,10,97,2,0,0,0,0,IND (8 wkts),Rohit Sharma,T20,T20 WC (IND) INDIA IND (8 WKTS),6,75
24/06/07,T20 WC (CAN),Nassau County Stadium,Ireland,Bowl,137,7,125,7,0,0,0,0,CAN (12 runs),Nicholas Kirton,T20,T20 WC (CAN) IRELAND CAN (12 RUNS),7,75
24/06/16,T20 WC (PAK),Central Broward Park,Pakistan,Bowl,106,9,111,7,0,0,0,0,PAK (3 wkts),Shaheen Afridi,T20,T20 WC (PAK) PAKISTAN PAK (3 WKTS),15,21
24/09/27,IRE v SA,Sheikh Zayed Stadium,South Africa,Bowl,171,8,174,2,0,0,0,0,SA (8 wkts),Ryan Rickelton,T20,IRE V SA SOUTH AFRICA SA (8 WKTS),20,114
24/09/29,IRE v SA,Sheikh Zayed Stadium,South Africa,Bowl,195,6,185,9,0,0,0,0,IRE (10 runs),Ross Adair,T20,IRE V SA SOUTH AFRICA IRE (10 RUNS),20,114
25/02/22,ZIM v IRE,Harare Sports Club,Zimbabwe,Bowl,42,2,0,0,0,0,0,0,No Result,,T20,ZIM V IRE ZIMBABWE NO RESULT,26,46
25/02/23,ZIM v IRE,Harare Sports Club,Ireland,Bat,152,8,153,7,0,0,0,0,ZIM (3 wkts),Sikandar Raza,T20,ZIM V IRE IRELAND ZIM (3 WKTS),7,46
25/02/25,ZIM v IRE,Harare Sports Club,Ireland,Bowl,31,1,0,0,0,0,0,0,No Result,,T20,ZIM V IRE IRELAND NO RESULT,7,46
25/06/15,IRE v WI,Bready Cricket Club,West Indies,Bat,188,5,126,10,0,0,0,0,WI (62 runs),Nicholas Pooran,T20,IRE V WI WEST INDIES WI (62 RUNS),25,15
25/09/17,IRE v ENG,The Village,England,Bowl,164,8,165,6,0,0,0,0,ENG (4 wkts),Mark Wood,T20,IRE V ENG ENGLAND ENG (4 WKTS),4,133
25/09/21,IRE v ENG,The Village,Ireland,Bat,152,9,153,4,0,0,0,0,ENG (6 wkts),Jamie Overton,T20,IRE V ENG IRELAND ENG (6 WKTS),7,133
25/11/27,BAN v IRE,B.S.F.L.M. Rahman Stadium,Ireland,Bat,182,6,143,10,0,0,0,0,IRE (39 runs),Paul Stirling,T20,BAN V IRE IRELAND IRE (39 RUNS),7,6
25/11/29,BAN v IRE,B.S.F.L.M. Rahman Stadium,Bangladesh,Bowl,155,9,156,6,0,0,0,0,BAN (4 wkts),Shoriful Islam,T20,BAN V IRE BANGLADESH BAN (4 WKTS),2,6
25/12/02,BAN v IRE,B.S.F.L.M. Rahman Stadium,Bangladesh,Bowl,128,10,129,2,0,0,0,0,BAN (8 wkts),Litton Das,T20,BAN V IRE BANGLADESH BAN (8 WKTS),2,6
26/01/23,ITA v IRE,7HE Sevens Stadium,Ireland,Bowl,144,9,145,7,0,0,0,0,IRE (3 wkts),Curtis Campher,T20,ITA V IRE IRELAND IRE (3 WKTS),7,0
26/01/25,ITA v IRE,7HE Sevens Stadium,Italy,Bowl,168,6,144,10,0,0,0,0,IRE (24 runs),Harry Tector,T20,ITA V IRE ITALY IRE (24 RUNS),8,0
26/01/26,ITA v IRE,7HE Sevens Stadium,Italy,Bowl,135,10,139,6,0,0,0,0,ITA (4 wkts),Marcus Campopiano,T20,ITA V IRE ITALY ITA (4 WKTS),8,0
26/01/29,UAE v IRE,Dubai Intl Stadium,UAE,Bowl,192,4,135,10,0,0,0,0,IRE (57 runs),Paul Stirling,T20,UAE V IRE UAE IRE (57 RUNS),22,31
26/01/31,UAE v IRE,Dubai Intl Stadium,Ireland,Bat,177,6,147,9,0,0,0,0,IRE (30 runs),Mark Adair,T20,UAE V IRE IRELAND IRE (30 RUNS),7,31
26/02/08,T20 WC (SL),R. Premadasa Stadium,Sri Lanka,Bat,162,7,142,9,0,0,0,0,SL (20 runs),Kamindu Mendis,T20,T20 WC (SL) SRI LANKA SL (20 RUNS),21,94
26/02/11,T20 WC (AUS),R. Premadasa Stadium,Australia,Bat,195,5,128,10,0,0,0,0,AUS (67 runs),Nathan Ellis,T20,T20 WC (AUS) AUSTRALIA AUS (67 RUNS),1,94
26/02/14,T20 WC (OMA),SSC Ground,Ireland,Bat,208,4,112,10,0,0,0,0,IRE (96 runs),Lorcan Tucker,T20,T20 WC (OMA) IRELAND IRE (96 RUNS),7,104
26/06/26,IRE v IND,Stormont Cricket Ground,India,Bowl,182,9,148,10,0,0,0,0,IRE (34 runs),Matthew Hollard,T20,IRE V IND IRELAND IND (34 RUNS),4,260
26/06/28,IRE v IND,Stormont Cricket Ground,India,Bowl,154,8,153,9,0,0,0,0,IRE (1 run),Jai Moondra,T20,IRE V IND IRELAND IND (1 RUN),4,032
,,,,,0,0,0,0,0,0,0,0,,,T20,,27,147
,,,,,0,0,0,0,0,0,0,0,,,T20,,27,147
,,,,,0,0,0,0,0,0,0,0,,,T20,,27,147
,,,,,0,0,0,0,0,0,0,0,,,T20,,27,147
,,,,,0,0,0,0,0,0,0,0,,,T20,,27,147
,,,,,0,0,0,0,0,0,0,0,,,T20,,27,147
,,,,,0,0,0,0,0,0,0,0,,,T20,,27,147
,,,,,0,0,0,0,0,0,0,0,,,T20,,27,147
,,,,,0,0,0,0,0,0,0,0,,,T20,,27,147
,,,,,0,0,0,0,0,0,0,0,,,T20,,27,147
,,,,,0,0,0,0,0,0,0,0,,,T20,,27,147
,,,,,0,0,0,0,0,0,0,0,,,T20,,27,147
,,,,,0,0,0,0,0,0,0,0,,,T20,,27,147
,,,,,0,0,0,0,0,0,0,0,,,T20,,27,147
,,,,,0,0,0,0,0,0,0,0,,,T20,,27,147
,,,,,0,0,0,0,0,0,0,0,,,T20,,27,147
,,,,,0,0,0,0,0,0,0,0,,,T20,,27,147
,,,,,0,0,0,0,0,0,0,0,,,T20,,27,147
,,,,,0,0,0,0,0,0,0,0,,,T20,,27,147
,,,,,0,0,0,0,0,0,0,0,,,T20,,27,147
,,,,,0,0,0,0,0,0,0,0,,,T20,,27,147
,,,,,0,0,0,0,0,0,0,0,,,T20,,27,147
,,,,,0,0,0,0,0,0,0,0,,,T20,,27,147
,,,,,0,0,0,0,0,0,0,0,,,T20,,27,147
,,,,,0,0,0,0,0,0,0,0,,,T20,,27,147
,,,,,0,0,0,0,0,0,0,0,,,T20,,27,147
,,,,,0,0,0,0,0,0,0,0,,,T20,,27,147
,,,,,0,0,0,0,0,0,0,0,,,T20,,27,147
,,,,,0,0,0,0,0,0,0,0,,,T20,,27,147
24/01/12,NZ v PAK,Eden Park,Pakistan,Bowl,226,8,180,10,0,0,0,0,NZ (46 runs),Daryl Mitchell,T20,NZ V PAK PAKISTAN NZ (46 RUNS),15,33
24/01/14,NZ v PAK,Seddon Park,Pakistan,Bowl,194,8,173,10,0,0,0,0,NZ (21 runs),Finn Allen,T20,NZ V PAK PAKISTAN NZ (21 RUNS),15,109
24/01/17,NZ v PAK,University Oval,Pakistan,Bowl,224,7,179,7,0,0,0,0,NZ (45 runs),Finn Allen,T20,NZ V PAK PAKISTAN NZ (45 RUNS),15,137
24/01/19,NZ v PAK,Hagley Oval,New Zealand,Bowl,158,5,159,3,0,0,0,0,NZ (7 wkts),Daryl Mitchell,T20,NZ V PAK NEW ZEALAND NZ (7 WKTS),13,45
24/01/21,NZ v PAK,Hagley Oval,New Zealand,Bowl,134,8,92,10,0,0,0,0,PAK (42 runs),Iftikhar Ahmed,T20,NZ V PAK NEW ZEALAND PAK (42 RUNS),13,45
24/02/21,NZ v AUS,Sky Stadium,New Zealand,Bat,215,3,216,4,0,0,0,0,AUS (6 wkts),Mitchell Marsh,T20,NZ V AUS NEW ZEALAND AUS (6 WKTS),13,123
24/02/23,NZ v AUS,Eden Park,New Zealand,Bowl,174,10,102,10,0,0,0,0,AUS (72 runs),Pat Cummins,T20,NZ V AUS NEW ZEALAND AUS (72 RUNS),13,33
24/02/25,NZ v AUS,Eden Park,New Zealand,Bowl,118,4,98,3,0,0,0,0,AUS (27 runs*),Matthew Short,T20,NZ V AUS NEW ZEALAND AUS (27 RUNS*),13,33
24/04/18,PAK v NZ,Rawalpindi Stadium,New Zealand,Bat,2,0,0,0,0,0,0,0,No Result,,T20,PAK V NZ NEW ZEALAND NO RESULT,13,101
24/04/20,PAK v NZ,Rawalpindi Stadium,Pakistan,Bowl,90,10,92,3,0,0,0,0,PAK (7 wkts),Shaheen Afridi,T20,PAK V NZ PAKISTAN PAK (7 WKTS),15,101
24/04/21,PAK v NZ,Rawalpindi Stadium,New Zealand,Bowl,178,4,179,3,0,0,0,0,NZ (7 wkts),Mark Chapman,T20,PAK V NZ NEW ZEALAND NZ (7 WKTS),13,101
24/04/25,PAK v NZ,Gaddafi Stadium,Pakistan,Bowl,178,7,174,8,0,0,0,0,NZ (4 runs),William O'Rourke,T20,PAK V NZ PAKISTAN NZ (4 RUNS),15,36
24/04/27,PAK v NZ,Gaddafi Stadium,New Zealand,Bowl,178,5,169,10,0,0,0,0,PAK (9 runs),Shaheen Afridi,T20,PAK V NZ NEW ZEALAND PAK (9 RUNS),13,36
24/06/07,T20 WC (AFG),Providence Stadium,New Zealand,Bowl,159,6,75,10,0,0,0,0,AFG (84 runs),Rahmanullah Gurbaz,T20,T20 WC (AFG) NEW ZEALAND AFG (84 RUNS),13,89
24/06/12,T20 WC (WI),Brian Lara Stadium,New Zealand,Bowl,149,9,136,9,0,0,0,0,WI (13 runs),Sherfane Rutherford,T20,T20 WC (WI) NEW ZEALAND WI (13 RUNS),13,16
24/06/14,T20 WC (UGA),Brian Lara Stadium,New Zealand,Bowl,40,10,41,1,0,0,0,0,NZ (9 wkts),Tim Southee,T20,T20 WC (UGA) NEW ZEALAND NZ (9 WKTS),13,16
24/06/17,T20 WC (PNG),Brian Lara Stadium,New Zealand,Bowl,78,10,79,3,0,0,0,0,NZ (7 wkts),Lockie Ferguson,T20,T20 WC (PNG) NEW ZEALAND NZ (7 WKTS),13,16
24/11/09,SL v NZ,Rangiri Dambulla Stadium,New Zealand,Bat,135,10,137,6,0,0,0,0,SL (4 wkts),Charith Asalanka,T20,SL V NZ NEW ZEALAND SL (4 WKTS),13,99
24/11/10,SL v NZ,Rangiri Dambulla Stadium,Sri Lanka,Bowl,108,10,103,10,0,0,0,0,NZ (5 runs),Lockie Ferguson,T20,SL V NZ SRI LANKA NZ (5 RUNS),21,99
24/12/28,NZ v SL,Bay Oval,Sri Lanka,Bowl,182,4,174,7,0,0,0,0,NZ (8 runs),Glenn Phillips,T20,NZ V SL SRI LANKA NZ (8 RUNS),21,11
24/12/30,NZ v SL,Bay Oval,Sri Lanka,Bowl,205,5,160,10,0,0,0,0,NZ (45 runs),Finn Allen,T20,NZ V SL SRI LANKA NZ (45 RUNS),21,11
25/01/02,NZ v SL,Saxton Oval,New Zealand,Bowl,162,5,155,8,0,0,0,0,SL (7 runs),Kusal Mendis,T20,NZ V SL NEW ZEALAND SL (7 RUNS),13,108
25/03/16,NZ v PAK,Hagley Oval,New Zealand,Bowl,145,9,146,1,0,0,0,0,NZ (9 wkts),Mitchell Santner,T20,NZ V PAK NEW ZEALAND NZ (9 WKTS),13,45
25/03/18,NZ v PAK,University Oval,Pakistan,Bat,168,7,172,5,0,0,0,0,NZ (5 wkts),Mark Chapman,T20,NZ V PAK PAKISTAN NZ (5 WKTS),15,137
25/03/21,NZ v PAK,Eden Park,New Zealand,Bowl,188,6,171,1,0,0,0,0,PAK (9 wkts),Babar Azam,T20,NZ V PAK NEW ZEALAND PAK (9 WKTS),13,33
25/03/23,NZ v PAK,Bay Oval,Pakistan,Bowl,225,4,110,10,0,0,0,0,NZ (115 runs),Glenn Phillips,T20,NZ V PAK PAKISTAN NZ (115 RUNS),15,11
25/03/26,NZ v PAK,Sky Stadium,New Zealand,Bowl,154,8,158,2,0,0,0,0,NZ (8 wkts),Devon Conway,T20,NZ V PAK NEW ZEALAND NZ (8 WKTS),13,123
25/07/16,NZ Tri-Series (SA),Harare Sports Club,South Africa,Bowl,178,5,157,9,0,0,0,0,NZ (21 runs),Daryl Mitchell,T20,NZ TRI-SERIES (SA) SOUTH AFRICA NZ (21 RUNS),20,46
25/07/18,NZ Tri-Series (ZIM),Harare Sports Club,Zimbabwe,Bat,134,10,135,2,0,0,0,0,NZ (8 wkts),Ish Sodhi,T20,NZ TRI-SERIES (ZIM) ZIMBABWE NZ (8 WKTS),26,46
25/07/22,NZ Tri-Series (SA),Harare Sports Club,New Zealand,Bowl,161,8,162,3,0,0,0,0,NZ (7 wkts),Glenn Phillips,T20,NZ TRI-SERIES (SA) NEW ZEALAND NZ (7 WKTS),13,46
25/07/24,NZ Tri-Series (ZIM),Harare Sports Club,Zimbabwe,Bowl,194,5,134,10,0,0,0,0,NZ (60 runs),Rachin Ravindra,T20,NZ TRI-SERIES (ZIM) ZIMBABWE NZ (60 RUNS),26,46
25/07/26,NZ Tri-Series Final,Harare Sports Club,South Africa,Bowl,165,7,162,9,0,0,0,0,NZ (3 runs),Mitchell Santner,T20,NZ TRI-SERIES FINAL SOUTH AFRICA NZ (3 RUNS),20,46
25/10/01,NZ v AUS,Bay Oval,New Zealand,Bat,158,7,162,4,0,0,0,0,AUS (6 wkts),Mitchell Marsh,T20,NZ V AUS NEW ZEALAND AUS (6 WKTS),13,11
25/10/03,NZ v AUS,Bay Oval,Australia,Bowl,42,2,0,0,0,0,0,0,No Result,,T20,NZ V AUS AUSTRALIA NO RESULT,1,11
25/10/04,NZ v AUS,Bay Oval,New Zealand,Bat,171,6,172,7,0,0,0,0,AUS (3 wkts),Glenn Maxwell,T20,NZ V AUS NEW ZEALAND AUS (3 WKTS),13,11
25/10/18,NZ v ENG,Hagley Oval,New Zealand,Bowl,48,2,0,0,0,0,0,0,No Result,,T20,NZ V ENG NEW ZEALAND NO RESULT,13,45
25/10/20,NZ v ENG,Hagley Oval,England,Bat,212,5,147,10,0,0,0,0,ENG (65 runs),Liam Livingstone,T20,NZ V ENG ENGLAND ENG (65 RUNS),4,45
25/10/23,NZ v ENG,Eden Park,England,Bowl,32,1,0,0,0,0,0,0,No Result,,T20,NZ V ENG ENGLAND NO RESULT,4,33
25/11/05,NZ v WI,Eden Park,West Indies,Bat,164,7,157,9,0,0,0,0,WI (7 runs),Nicholas Pooran,T20,NZ V WI WEST INDIES WI (7 RUNS),25,33
25/11/06,NZ v WI,Eden Park,New Zealand,Bat,161,8,158,8,0,0,0,0,NZ (3 runs),Lockie Ferguson,T20,NZ V WI NEW ZEALAND NZ (3 RUNS),13,33
25/11/09,NZ v WI,Saxton Oval,West Indies,Bowl,178,6,187,4,0,0,0,0,NZ (9 runs),Finn Allen,T20,NZ V WI WEST INDIES NZ (9 RUNS),25,108
25/11/10,NZ v WI,Saxton Oval,New Zealand,Bowl,45,3,0,0,0,0,0,0,No Result,,T20,NZ V WI NEW ZEALAND NO RESULT,13,108
25/11/13,NZ v WI,University Oval,West Indies,Bat,142,9,145,2,0,0,0,0,NZ (8 wkts),Rachin Ravindra,T20,NZ V WI WEST INDIES NZ (8 WKTS),25,137
26/01/21,IND v NZ,Vidarbha Association,New Zealand,Bowl,198,4,150,10,0,0,0,0,IND (48 runs),Shubman Gill,T20,IND V NZ NEW ZEALAND IND (48 RUNS),13,138
26/01/23,IND v NZ,Shaheed Veer Stadium,India,Bowl,145,8,146,3,0,0,0,0,IND (7 wkts),Arshdeep Singh,T20,IND V NZ INDIA IND (7 WKTS),6,111
26/01/25,IND v NZ,Barsapara Stadium,New Zealand,Bowl,162,7,163,2,0,0,0,0,IND (8 wkts),Ravi Bishnoi,T20,IND V NZ NEW ZEALAND IND (8 WKTS),13,9
26/01/28,IND v NZ,Dr. YS Rajasekhara,New Zealand,Bat,215,4,165,9,0,0,0,0,NZ (50 runs),Mitchell Santner,T20,IND V NZ NEW ZEALAND NZ (50 RUNS),13,29
26/01/31,IND v NZ,Greenfield Stadium,India,Bat,189,5,143,8,0,0,0,0,IND (46 runs),Hardik Pandya,T20,IND V NZ INDIA IND (46 RUNS),6,42
26/02/08,T20 WC (AFG),MA Chidambaram Stadium,Afghanistan,Bat,148,9,152,5,0,0,0,0,NZ (5 wkts),Tim Seifert,T20,T20 WC (AFG) AFGHANISTAN NZ (5 WKTS),0,63
26/02/10,T20 WC (UAE),MA Chidambaram Stadium,UAE,Bat,102,10,105,0,0,0,0,0,NZ (10 wkts),Tim Southee,T20,T20 WC (UAE) UAE NZ (10 WKTS),22,63
26/02/14,T20 WC (SA),Narendra Modi Stadium,South Africa,Bat,168,6,169,3,0,0,0,0,SA (7 wkts),Quinton de Kock,T20,T20 WC (SA) SOUTH AFRICA SA (7 WKTS),20,73
26/02/17,T20 WC (CAN),MA Chidambaram Stadium,Canada,Bat,114,10,115,2,0,0,0,0,NZ (8 wkts),Mitchell Santner,T20,T20 WC (CAN) CANADA NZ (8 WKTS),3,63
26/02/21,T20 WC Super 8 (PAK),R. Premadasa Stadium,Pakistan,Bat,12,1,0,0,0,0,0,0,No Result,,T20,T20 WC SUPER 8 (PAK) PAKISTAN NO RESULT,15,94
26/02/25,T20 WC Super 8 (SL),R. Premadasa Stadium,New Zealand,Bat,168,7,107,8,0,0,0,0,NZ (61 runs),Rachin Ravindra,T20,T20 WC SUPER 8 (SL) NEW ZEALAND NZ (61 RUNS),13,94
26/02/27,T20 WC Super 8 (ENG),R. Premadasa Stadium,New Zealand,Bat,159,7,161,6,0,0,0,0,ENG (4 wkts),Will Jacks,T20,T20 WC SUPER 8 (ENG) NEW ZEALAND ENG (4 WKTS),13,94
26/03/04,T20 WC SF (SA),Eden Gardens,South Africa,Bat,169,8,173,1,0,0,0,0,NZ (9 wkts),Finn Allen,T20,T20 WC SF (SA) SOUTH AFRICA NZ (9 WKTS),20,32
26/03/08,T20 WC Final (IND),Narendra Modi Stadium,New Zealand,Bowl,255,5,159,10,0,0,0,0,IND (96 runs),Jasprit Bumrah,T20,T20 WC FINAL (IND) NEW ZEALAND IND (96 RUNS),13,73
26/03/15,NZ v SA,Bay Oval,South Africa,Bat,164,8,158,7,0,0,0,0,SA (7 wkts),Kagiso Rabada,T20,NZ V SA SOUTH AFRICA SA (7 WKTS),20,11
26/03/17,NZ v SA,Seddon Park,New Zealand,Bat,192,5,124,10,0,0,0,0,NZ (68 runs),Mark Chapman,T20,NZ V SA NEW ZEALAND NZ (68 RUNS),13,109
26/03/20,NZ v SA,Eden Park,South Africa,Bat,155,9,158,2,0,0,0,0,NZ (8 wkts),Finn Allen,T20,NZ V SA SOUTH AFRICA NZ (8 WKTS),20,33
26/03/22,NZ v SA,Sky Stadium,South Africa,Bat,174,6,155,9,0,0,0,0,SA (19 runs),David Miller,T20,NZ V SA SOUTH AFRICA SA (19 RUNS),20,123
26/03/25,NZ v SA,Hagley Oval,South Africa,Bat,182,5,149,10,0,0,0,0,SA (33 runs),Anrich Nortje,T20,NZ V SA SOUTH AFRICA SA (33 RUNS),20,45
26/04/27,BAN v NZ,B.S.F.L.M. Rahman Stadium,Bangladesh,Bowl,182,6,183,4,0,0,0,0,BAN (6 wkts),Towhid Hridoy,T20,BAN V NZ BANGLADESH BAN (6 WKTS),2,6
26/05/02,BAN v NZ,Shere Bangla National Stadium,New Zealand,Bat,102,10,104,4,0,0,0,0,NZ (6 wkts),Glenn Phillips,T20,BAN V NZ NEW ZEALAND NZ (6 WKTS),13,115
24/01/12,NZ v PAK,Eden Park,Pakistan,Bowl,226,8,180,10,0,0,0,0,NZ (46 runs),Daryl Mitchell,T20,NZ V PAK PAKISTAN NZ (46 RUNS),15,33
24/01/14,NZ v PAK,Seddon Park,Pakistan,Bowl,194,8,173,10,0,0,0,0,NZ (21 runs),Finn Allen,T20,NZ V PAK PAKISTAN NZ (21 RUNS),15,109
24/01/17,NZ v PAK,University Oval,Pakistan,Bowl,224,7,179,7,0,0,0,0,NZ (45 runs),Finn Allen,T20,NZ V PAK PAKISTAN NZ (45 RUNS),15,137
24/01/19,NZ v PAK,Hagley Oval,New Zealand,Bowl,158,5,159,3,0,0,0,0,NZ (7 wkts),Daryl Mitchell,T20,NZ V PAK NEW ZEALAND NZ (7 WKTS),13,45
24/01/21,NZ v PAK,Hagley Oval,New Zealand,Bowl,134,8,92,10,0,0,0,0,PAK (42 runs),Iftikhar Ahmed,T20,NZ V PAK NEW ZEALAND PAK (42 RUNS),13,45
24/04/18,PAK v NZ,Rawalpindi Stadium,New Zealand,Bat,2,0,0,0,0,0,0,0,No Result,,T20,PAK V NZ NEW ZEALAND NO RESULT,13,101
24/04/20,PAK v NZ,Rawalpindi Stadium,Pakistan,Bowl,90,10,92,3,0,0,0,0,PAK (7 wkts),Shaheen Afridi,T20,PAK V NZ PAKISTAN PAK (7 WKTS),15,101
24/04/21,PAK v NZ,Rawalpindi Stadium,New Zealand,Bowl,178,4,179,3,0,0,0,0,NZ (7 wkts),Mark Chapman,T20,PAK V NZ NEW ZEALAND NZ (7 WKTS),13,101
24/04/25,PAK v NZ,Gaddafi Stadium,Pakistan,Bowl,178,7,174,8,0,0,0,0,NZ (4 runs),William O'Rourke,T20,PAK V NZ PAKISTAN NZ (4 RUNS),15,36
24/04/27,PAK v NZ,Gaddafi Stadium,New Zealand,Bowl,178,5,169,10,0,0,0,0,PAK (9 runs),Shaheen Afridi,T20,PAK V NZ NEW ZEALAND PAK (9 RUNS),13,36
24/05/10,IRE v PAK,Castle Avenue,Ireland,Bowl,182,6,183,5,0,0,0,0,IRE (5 wkts),Andrew Balbirnie,T20,IRE V PAK IRELAND IRE (5 WKTS),7,19
24/05/12,IRE v PAK,Castle Avenue,Ireland,Bowl,193,7,195,3,0,0,0,0,PAK (7 wkts),Mohammad Rizwan,T20,IRE V PAK IRELAND PAK (7 WKTS),7,19
24/05/14,IRE v PAK,Castle Avenue,Pakistan,Bowl,178,7,181,4,0,0,0,0,PAK (6 wkts),Shaheen Afridi,T20,IRE V PAK PAKISTAN PAK (6 WKTS),15,19
24/05/25,ENG v PAK,Edgbaston,Pakistan,Bowl,183,7,160,10,0,0,0,0,ENG (23 runs),Jos Buttler,T20,ENG V PAK PAKISTAN ENG (23 RUNS),15,34
24/05/30,ENG v PAK,Kennington Oval,England,Bowl,157,10,158,3,0,0,0,0,ENG (7 wkts),Adil Rashid,T20,ENG V PAK ENGLAND ENG (7 WKTS),4,54
24/06/06,T20 WC (USA),Grand Prairie Stadium,USA,Bowl,159,7,159,3,0,0,0,0,USA (Super Over),Monank Patel,T20,T20 WC (USA) USA USA (SUPER OVER),23,39
24/06/09,T20 WC (IND),Nassau County Stadium,Pakistan,Bowl,119,10,113,7,0,0,0,0,IND (6 runs),Jasprit Bumrah,T20,T20 WC (IND) PAKISTAN IND (6 RUNS),15,75
24/06/11,T20 WC (CAN),Nassau County Stadium,Pakistan,Bowl,106,7,107,3,0,0,0,0,PAK (7 wkts),Mohammad Amir,T20,T20 WC (CAN) PAKISTAN PAK (7 WKTS),15,75
24/06/16,T20 WC (IRE),Central Broward Park,Pakistan,Bowl,106,9,111,7,0,0,0,0,PAK (3 wkts),Shaheen Afridi,T20,T20 WC (IRE) PAKISTAN PAK (3 WKTS),15,21
24/11/14,AUS v PAK,Brisbane Cricket Ground,Pakistan,Bowl,94,4,65,9,0,0,0,0,AUS (29 runs*),Glenn Maxwell,T20,AUS V PAK PAKISTAN AUS (29 RUNS*),15,17
24/11/16,AUS v PAK,Sydney Cricket Ground,Australia,Bat,147,9,134,10,0,0,0,0,AUS (13 runs),Spencer Johnson,T20,AUS V PAK AUSTRALIA AUS (13 RUNS),1,128
24/11/18,AUS v PAK,Bellerive Oval,Pakistan,Bat,117,10,118,3,0,0,0,0,AUS (7 wkts),Marcus Stoinis,T20,AUS V PAK PAKISTAN AUS (7 WKTS),15,12
24/12/01,ZIM v PAK,Queens Sports Club,Pakistan,Bat,165,4,108,10,0,0,0,0,PAK (57 runs),Usman Khan,T20,ZIM V PAK PAKISTAN PAK (57 RUNS),15,91
24/12/03,ZIM v PAK,Queens Sports Club,Pakistan,Bowl,57,10,61,0,0,0,0,0,PAK (10 wkts),Abrar Ahmed,T20,ZIM V PAK PAKISTAN PAK (10 WKTS),15,91
24/12/05,ZIM v PAK,Queens Sports Club,Zimbabwe,Bowl,132,7,133,8,0,0,0,0,ZIM (2 wkts),Blessing Muzarabani,T20,ZIM V PAK ZIMBABWE ZIM (2 WKTS),26,91
24/12/10,SA v PAK,Kingsmead,South Africa,Bat,164,4,153,7,0,0,0,0,SA (11 runs),Reeza Hendricks,T20,SA V PAK SOUTH AFRICA SA (11 RUNS),20,56
24/12/13,SA v PAK,SuperSport Park,South Africa,Bowl,158,4,159,3,0,0,0,0,SA (7 wkts),Heinrich Klaasen,T20,SA V PAK SOUTH AFRICA SA (7 WKTS),20,127
25/03/16,NZ v PAK,Hagley Oval,New Zealand,Bowl,145,9,146,1,0,0,0,0,NZ (9 wkts),Mitchell Santner,T20,NZ V PAK NEW ZEALAND NZ (9 WKTS),13,45
25/03/18,NZ v PAK,University Oval,Pakistan,Bat,168,7,172,5,0,0,0,0,NZ (5 wkts),Mark Chapman,T20,NZ V PAK PAKISTAN NZ (5 WKTS),15,137
25/03/21,NZ v PAK,Eden Park,New Zealand,Bowl,188,6,171,1,0,0,0,0,PAK (9 wkts),Babar Azam,T20,NZ V PAK NEW ZEALAND PAK (9 WKTS),13,33
25/03/23,NZ v PAK,Bay Oval,Pakistan,Bowl,225,4,110,10,0,0,0,0,NZ (115 runs),Glenn Phillips,T20,NZ V PAK PAKISTAN NZ (115 RUNS),15,11
25/03/26,NZ v PAK,Sky Stadium,New Zealand,Bowl,154,8,158,2,0,0,0,0,NZ (8 wkts),Devon Conway,T20,NZ V PAK NEW ZEALAND NZ (8 WKTS),13,123
25/05/28,PAK v BAN,Gaddafi Stadium,Pakistan,Bat,192,4,155,8,0,0,0,0,PAK (37 runs),Rizwan,T20,PAK V BAN PAKISTAN PAK (37 RUNS),15,36
25/05/30,PAK v BAN,Gaddafi Stadium,Pakistan,Bat,210,5,153,9,0,0,0,0,PAK (57 runs),Fakhar Zaman,T20,PAK V BAN PAKISTAN PAK (57 RUNS),15,36
25/06/01,PAK v BAN,Gaddafi Stadium,Bangladesh,Bat,142,9,143,3,0,0,0,0,PAK (7 wkts),Shaheen Afridi,T20,PAK V BAN BANGLADESH PAK (7 WKTS),2,36
25/07/20,BAN v PAK,Shere Bangla Stadium,Bangladesh,Bowl,158,6,159,3,0,0,0,0,BAN (7 wkts),Towhid Hridoy,T20,BAN V PAK BANGLADESH BAN (7 WKTS),2,117
25/07/22,BAN v PAK,Shere Bangla Stadium,Bangladesh,Bat,164,7,156,8,0,0,0,0,BAN (8 runs),Mustafizur Rahman,T20,BAN V PAK BANGLADESH BAN (8 RUNS),2,117
25/07/24,BAN v PAK,Shere Bangla Stadium,Pakistan,Bat,205,4,131,10,0,0,0,0,PAK (74 runs),Babar Azam,T20,BAN V PAK PAKISTAN PAK (74 RUNS),15,117
25/07/31,WI v PAK,Central Broward Park,Pakistan,Bat,172,6,158,8,0,0,0,0,PAK (14 runs),Shadab Khan,T20,WI V PAK PAKISTAN PAK (14 RUNS),15,21
25/08/02,WI v PAK,Central Broward Park,West Indies,Bowl,168,7,169,8,0,0,0,0,WI (2 wkts),Nicholas Pooran,T20,WI V PAK WEST INDIES WI (2 WKTS),25,21
25/08/03,WI v PAK,Central Broward Park,Pakistan,Bat,159,8,146,9,0,0,0,0,PAK (13 runs),Naseem Shah,T20,WI V PAK PAKISTAN PAK (13 RUNS),15,21
25/08/29,Tri-Series (AFG),Sharjah Stadium,Pakistan,Bat,182,5,143,10,0,0,0,0,PAK (39 runs),Mohammad Haris,T20,TRI-SERIES (AFG) PAKISTAN PAK (39 RUNS),15,113
25/08/30,Tri-Series (UAE),Sharjah Stadium,UAE,Bowl,168,6,137,9,0,0,0,0,PAK (31 runs),Imad Wasim,T20,TRI-SERIES (UAE) UAE PAK (31 RUNS),22,113
25/09/02,Tri-Series (AFG),Sharjah Stadium,Afghanistan,Bowl,155,8,137,10,0,0,0,0,AFG (18 runs),Rashid Khan,T20,TRI-SERIES (AFG) AFGHANISTAN AFG (18 RUNS),0,113
25/09/04,Tri-Series (UAE),Sharjah Stadium,Pakistan,Bat,179,4,148,8,0,0,0,0,PAK (31 runs),Fakhar Zaman,T20,TRI-SERIES (UAE) PAKISTAN PAK (31 RUNS),15,113
25/09/07,Tri-Series Final,Sharjah Stadium,Pakistan,Bat,194,3,119,10,0,0,0,0,PAK (75 runs),Babar Azam,T20,TRI-SERIES FINAL PAKISTAN PAK (75 RUNS),15,113
25/09/12,Asia Cup (OMA),Dubai Intl Stadium,Oman,Bat,112,10,113,1,0,0,0,0,PAK (93 runs*),Haris Rauf,T20,ASIA CUP (OMA) OMAN PAK (93 RUNS*),14,31
25/09/14,Asia Cup (IND),Dubai Intl Stadium,Pakistan,Bat,159,7,160,3,0,0,0,0,IND (7 wkts),Virat Kohli,T20,ASIA CUP (IND) PAKISTAN IND (7 WKTS),15,31
25/09/17,Asia Cup (UAE),Dubai Intl Stadium,UAE,Bat,132,9,133,1,0,0,0,0,PAK (41 runs*),Abbas Afridi,T20,ASIA CUP (UAE) UAE PAK (41 RUNS*),22,31
25/09/21,Asia Cup (IND),Dubai Intl Stadium,India,Bowl,152,8,153,4,0,0,0,0,IND (6 wkts),Hardik Pandya,T20,ASIA CUP (IND) INDIA IND (6 WKTS),6,31
25/09/23,Asia Cup (SL),Sheikh Zayed Stadium,Sri Lanka,Bat,161,7,162,5,0,0,0,0,PAK (5 wkts),Mohammad Rizwan,T20,ASIA CUP (SL) SRI LANKA PAK (5 WKTS),21,114
25/09/25,Asia Cup (BAN),Dubai Intl Stadium,Bangladesh,Bat,154,8,155,4,0,0,0,0,PAK (11 runs*),Shadab Khan,T20,ASIA CUP (BAN) BANGLADESH PAK (11 RUNS*),2,31
25/09/28,Asia Cup Final,Dubai Intl Stadium,Pakistan,Bat,165,8,166,5,0,0,0,0,IND (5 wkts),Shubman Gill,T20,ASIA CUP FINAL PAKISTAN IND (5 WKTS),15,31
25/10/28,PAK v SA,Rawalpindi Stadium,South Africa,Bowl,138,10,142,4,0,0,0,0,SA (55 runs*),Anrich Nortje,T20,PAK V SA SOUTH AFRICA SA (55 RUNS*),20,101
25/10/31,PAK v SA,Gaddafi Stadium,Pakistan,Bowl,152,8,153,1,0,0,0,0,PAK (9 wkts),Babar Azam,T20,PAK V SA PAKISTAN PAK (9 WKTS),15,36
25/11/01,PAK v SA,Gaddafi Stadium,Pakistan,Bowl,174,7,175,6,0,0,0,0,PAK (4 wkts),Mohammad Rizwan,T20,PAK V SA PAKISTAN PAK (4 WKTS),15,36
25/11/18,Tri-Series (ZIM),Rawalpindi Stadium,Zimbabwe,Bat,148,8,149,5,0,0,0,0,PAK (5 wkts),Saim Ayub,T20,TRI-SERIES (ZIM) ZIMBABWE PAK (5 WKTS),26,101
25/11/22,Tri-Series (SL),Rawalpindi Stadium,Sri Lanka,Bat,159,9,160,3,0,0,0,0,PAK (7 wkts),Shaheen Afridi,T20,TRI-SERIES (SL) SRI LANKA PAK (7 WKTS),21,101
25/11/23,Tri-Series (ZIM),Rawalpindi Stadium,Pakistan,Bat,202,4,133,9,0,0,0,0,PAK (69 runs),Fakhar Zaman,T20,TRI-SERIES (ZIM) PAKISTAN PAK (69 RUNS),15,101
25/11/27,Tri-Series (SL),Rawalpindi Stadium,Sri Lanka,Bat,162,6,156,9,0,0,0,0,SL (6 runs),Wanindu Hasaranga,T20,TRI-SERIES (SL) SRI LANKA SL (6 RUNS),21,101
25/11/29,Tri-Series Final,Rawalpindi Stadium,Pakistan,Bowl,155,8,156,4,0,0,0,0,PAK (6 wkts),Mohammad Rizwan,T20,TRI-SERIES FINAL PAKISTAN PAK (6 WKTS),15,101
26/01/07,SL v PAK,Rangiri Dambulla,Pakistan,Bowl,148,8,149,4,0,0,0,0,PAK (6 wkts),Haris Rauf,T20,SL V PAK PAKISTAN PAK (6 WKTS),15,97
26/01/11,SL v PAK,Rangiri Dambulla,Sri Lanka,Bat,172,5,158,9,0,0,0,0,SL (14 runs),Pathum Nissanka,T20,SL V PAK SRI LANKA SL (14 RUNS),21,97
26/01/29,PAK v AUS,Gaddafi Stadium,Australia,Bowl,182,6,160,10,0,0,0,0,PAK (22 runs),Shadab Khan,T20,PAK V AUS AUSTRALIA PAK (22 RUNS),1,36
26/01/31,PAK v AUS,Gaddafi Stadium,Pakistan,Bat,215,3,125,10,0,0,0,0,PAK (90 runs),Babar Azam,T20,PAK V AUS PAKISTAN PAK (90 RUNS),15,36
26/02/01,PAK v AUS,Gaddafi Stadium,Pakistan,Bat,231,4,120,10,0,0,0,0,PAK (111 runs),Mohammad Rizwan,T20,PAK V AUS PAKISTAN PAK (111 RUNS),15,36
26/02/07,T20 WC (NED),SSC Ground,Netherlands,Bat,138,9,139,7,0,0,0,0,PAK (3 wkts),Naseem Shah,T20,T20 WC (NED) NETHERLANDS PAK (3 WKTS),12,104
26/02/11,T20 WC (USA),SSC Ground,USA,Bat,190,10,158,6,0,0,0,0,PAK (32 runs*),Sahibzada Farhan,T20,T20 WC (USA) USA PAK (32 RUNS*),23,104
26/02/15,T20 WC (IND),R. Premadasa Stadium,Pakistan,Bowl,175,7,114,10,0,0,0,0,IND (61 runs*),Ishan Kishan,T20,T20 WC (IND) PAKISTAN IND (61 RUNS*),15,94
26/02/18,T20 WC (NAM),SSC Ground,Namibia,Bat,98,10,200,2,0,0,0,0,PAK (102 runs),Sahibzada Farhan,T20,T20 WC (NAM) NAMIBIA PAK (102 RUNS),10,104
26/02/21,T20 WC Super 8 (NZ),R. Premadasa Stadium,Pakistan,Bat,12,1,0,0,0,0,0,0,No Result,,T20,T20 WC SUPER 8 (NZ) PAKISTAN NO RESULT,15,94
26/02/24,T20 WC Super 8 (ENG),Pallekele Stadium,England,Bowl,164,9,166,8,0,0,0,0,ENG (2 wkts),Harry Brook,T20,T20 WC SUPER 8 (ENG) ENGLAND ENG (2 WKTS),4,86
26/02/28,T20 WC Super 8 (SL),Pallekele Stadium,Pakistan,Bat,212,8,207,6,0,0,0,0,PAK (5 runs),Sahibzada Farhan,T20,T20 WC SUPER 8 (SL) PAKISTAN PAK (5 RUNS),15,86
24/05/23,WI v SA,Sabina Park,South Africa,Bowl,175,8,147,10,0,0,0,0,WI (28 runs),Brandon King,T20,WI V SA SOUTH AFRICA WI (28 RUNS),20,105
24/05/25,WI v SA,Sabina Park,South Africa,Bowl,207,7,191,7,0,0,0,0,WI (16 runs),Roston Chase,T20,WI V SA SOUTH AFRICA WI (16 RUNS),20,105
24/05/26,WI v SA,Sabina Park,West Indies,Bowl,163,7,165,2,0,0,0,0,WI (8 wkts),Johnson Charles,T20,WI V SA WEST INDIES WI (8 WKTS),25,105
24/06/03,T20 WC (SL),Nassau County Stadium,Sri Lanka,Bat,77,10,80,4,0,0,0,0,SA (6 wkts),Anrich Nortje,T20,T20 WC (SL) SRI LANKA SA (6 WKTS),21,75
24/06/08,T20 WC (NED),Nassau County Stadium,South Africa,Bowl,103,9,106,6,0,0,0,0,SA (4 wkts),David Miller,T20,T20 WC (NED) SOUTH AFRICA SA (4 WKTS),20,75
24/06/10,T20 WC (BAN),Nassau County Stadium,South Africa,Bat,113,6,109,7,0,0,0,0,SA (4 runs),Heinrich Klaasen,T20,T20 WC (BAN) SOUTH AFRICA SA (4 RUNS),20,75
24/06/14,T20 WC (NEP),Arnos Vale Ground,Nepal,Bowl,115,7,114,7,0,0,0,0,SA (1 run),Tabraiz Shamsi,T20,T20 WC (NEP) NEPAL SA (1 RUN),11,3
24/06/19,T20 WC (USA),Sir Vivian Richards Stadium,USA,Bowl,194,4,176,6,0,0,0,0,SA (18 runs),Quinton de Kock,T20,T20 WC (USA) USA SA (18 RUNS),23,122
24/06/21,T20 WC (ENG),Daren Sammy Stadium,England,Bowl,163,6,156,6,0,0,0,0,SA (7 runs),Quinton de Kock,T20,T20 WC (ENG) ENGLAND SA (7 RUNS),4,27
24/06/23,T20 WC (WI),Sir Vivian Richards Stadium,South Africa,Bowl,135,8,124,7,0,0,0,0,SA (3 wkts*),Tabraiz Shamsi,T20,T20 WC (WI) SOUTH AFRICA SA (3 WKTS*),20,122
24/06/26,T20 WC SF (AFG),Brian Lara Stadium,Afghanistan,Bat,56,10,60,1,0,0,0,0,SA (9 wkts),Marco Jansen,T20,T20 WC SF (AFG) AFGHANISTAN SA (9 WKTS),0,16
24/06/29,T20 WC Final,Kensington Oval,India,Bat,176,7,169,8,0,0,0,0,IND (7 runs),Virat Kohli,T20,T20 WC FINAL INDIA IND (7 RUNS),6,55
24/08/23,WI v SA,Brian Lara Stadium,West Indies,Bowl,174,7,176,3,0,0,0,0,WI (7 wkts),Nicholas Pooran,T20,WI V SA WEST INDIES WI (7 WKTS),25,16
24/08/25,WI v SA,Brian Lara Stadium,South Africa,Bowl,179,6,149,10,0,0,0,0,WI (30 runs),Romario Shepherd,T20,WI V SA SOUTH AFRICA WI (30 RUNS),20,16
24/08/27,WI v SA,Brian Lara Stadium,West Indies,Bowl,108,4,116,2,0,0,0,0,WI (8 wkts),Romario Shepherd,T20,WI V SA WEST INDIES WI (8 WKTS),25,16
24/09/27,IRE v SA,Sheikh Zayed Stadium,South Africa,Bowl,171,8,174,2,0,0,0,0,SA (8 wkts),Ryan Rickelton,T20,IRE V SA SOUTH AFRICA SA (8 WKTS),20,114
24/09/29,IRE v SA,Sheikh Zayed Stadium,South Africa,Bowl,195,6,185,9,0,0,0,0,IRE (10 runs),Ross Adair,T20,IRE V SA SOUTH AFRICA IRE (10 RUNS),20,114
24/11/08,SA v IND,Kingsmead,South Africa,Bowl,202,8,141,10,0,0,0,0,IND (61 runs),Sanju Samson,T20,SA V IND SOUTH AFRICA IND (61 RUNS),20,56
24/11/10,SA v IND,St George's Park,South Africa,Bowl,124,6,128,7,0,0,0,0,SA (3 wkts),Tristan Stubbs,T20,SA V IND SOUTH AFRICA SA (3 WKTS),20,126
24/11/13,SA v IND,SuperSport Park,South Africa,Bowl,219,6,208,7,0,0,0,0,IND (11 runs),Tilak Varma,T20,SA V IND SOUTH AFRICA IND (11 RUNS),20,127
24/11/15,SA v IND,Wanderers Stadium,India,Bat,283,1,148,10,0,0,0,0,IND (135 runs),Tilak Varma,T20,SA V IND INDIA IND (135 RUNS),6,140
24/12/10,SA v PAK,Kingsmead,South Africa,Bat,164,4,153,7,0,0,0,0,SA (11 runs),Reeza Hendricks,T20,SA V PAK SOUTH AFRICA SA (11 RUNS),20,56
24/12/13,SA v PAK,SuperSport Park,South Africa,Bowl,158,4,159,3,0,0,0,0,SA (7 wkts),Heinrich Klaasen,T20,SA V PAK SOUTH AFRICA SA (7 WKTS),20,127
25/07/14,Tri-Series (ZIM),Harare Sports Club,Zimbabwe,Bat,152,8,153,5,0,0,0,0,SA (5 wkts),Aiden Markram,T20,TRI-SERIES (ZIM) ZIMBABWE SA (5 WKTS),26,46
25/07/16,Tri-Series (NZ),Harare Sports Club,South Africa,Bowl,178,5,157,9,0,0,0,0,NZ (21 runs),Daryl Mitchell,T20,TRI-SERIES (NZ) SOUTH AFRICA NZ (21 RUNS),20,46
25/07/20,Tri-Series (ZIM),Harare Sports Club,South Africa,Bowl,142,9,143,3,0,0,0,0,SA (7 wkts),Gerald Coetzee,T20,TRI-SERIES (ZIM) SOUTH AFRICA SA (7 WKTS),20,46
25/07/22,Tri-Series (NZ),Harare Sports Club,New Zealand,Bowl,161,8,162,3,0,0,0,0,NZ (7 wkts),Glenn Phillips,T20,TRI-SERIES (NZ) NEW ZEALAND NZ (7 WKTS),13,46
25/07/26,Tri-Series Final,Harare Sports Club,South Africa,Bowl,165,7,162,9,0,0,0,0,NZ (3 runs),Mitchell Santner,T20,TRI-SERIES FINAL SOUTH AFRICA NZ (3 RUNS),20,46
25/08/10,AUS v SA,Marrara Ground,Australia,Bat,178,6,161,9,0,0,0,0,AUS (17 runs),Mitchell Marsh,T20,AUS V SA AUSTRALIA AUS (17 RUNS),1,68
25/08/12,AUS v SA,Marrara Ground,South Africa,Bat,195,4,142,10,0,0,0,0,SA (53 runs),Tristan Stubbs,T20,AUS V SA SOUTH AFRICA SA (53 RUNS),20,68
25/08/16,AUS v SA,Cazaly's Stadium,Australia,Bowl,154,8,155,8,0,0,0,0,AUS (2 wkts),Adam Zampa,T20,AUS V SA AUSTRALIA AUS (2 WKTS),1,20
25/09/10,ENG v SA,Sophia Gardens,South Africa,Bat,172,6,158,9,0,0,0,0,SA (14 runs),Reeza Hendricks,T20,ENG V SA SOUTH AFRICA SA (14 RUNS),20,124
25/09/12,ENG v SA,Old Trafford,England,Bat,245,3,99,10,0,0,0,0,ENG (146 runs),Liam Livingstone,T20,ENG V SA ENGLAND ENG (146 RUNS),4,81
25/10/11,NAM v SA,Namibia Ground,Namibia,Bowl,148,7,149,6,0,0,0,0,NAM (4 wkts),Gerhard Erasmus,T20,NAM V SA NAMIBIA NAM (4 WKTS),10,72
25/10/28,PAK v SA,Rawalpindi Stadium,South Africa,Bowl,138,10,142,4,0,0,0,0,SA (55 runs*),Anrich Nortje,T20,PAK V SA SOUTH AFRICA SA (55 RUNS*),20,101
25/10/31,PAK v SA,Gaddafi Stadium,Pakistan,Bowl,152,8,153,1,0,0,0,0,PAK (9 wkts),Babar Azam,T20,PAK V SA PAKISTAN PAK (9 WKTS),15,36
25/11/01,PAK v SA,Gaddafi Stadium,Pakistan,Bowl,174,7,175,6,0,0,0,0,PAK (4 wkts),Mohammad Rizwan,T20,PAK V SA PAKISTAN PAK (4 WKTS),15,36
25/12/09,IND v SA,Barabati Stadium,India,Bat,210,5,109,10,0,0,0,0,IND (101 runs),Suryakumar Yadav,T20,IND V SA INDIA IND (101 RUNS),6,8
25/12/11,IND v SA,Maharaja Yadavindra,South Africa,Bat,188,4,137,10,0,0,0,0,SA (51 runs),Heinrich Klaasen,T20,IND V SA SOUTH AFRICA SA (51 RUNS),20,65
25/12/14,IND v SA,HPCA Stadium,South Africa,Bat,165,7,166,3,0,0,0,0,IND (7 wkts),Yashasvi Jaiswal,T20,IND V SA SOUTH AFRICA IND (7 WKTS),20,44
25/12/19,IND v SA,Narendra Modi Stadium,India,Bat,182,6,152,9,0,0,0,0,IND (30 runs),Hardik Pandya,T20,IND V SA INDIA IND (30 RUNS),6,73
26/01/27,SA v WI,Boland Park,South Africa,Bowl,128,9,129,1,0,0,0,0,SA (9 wkts),Kagiso Rabada,T20,SA V WI SOUTH AFRICA SA (9 WKTS),20,14
26/01/29,SA v WI,SuperSport Park,South Africa,Bowl,155,8,156,3,0,0,0,0,SA (7 wkts),David Miller,T20,SA V WI SOUTH AFRICA SA (7 WKTS),20,127
26/01/31,SA v WI,Wanderers Stadium,West Indies,Bat,182,6,176,8,0,0,0,0,WI (6 runs),Nicholas Pooran,T20,SA V WI WEST INDIES WI (6 RUNS),25,140
26/02/09,T20 WC (CAN),Narendra Modi Stadium,South Africa,Bat,185,4,128,10,0,0,0,0,SA (57 runs),Lungi Ngidi,T20,T20 WC (CAN) SOUTH AFRICA SA (57 RUNS),20,73
26/02/11,T20 WC (AFG),Narendra Modi Stadium,Afghanistan,Bat,187,6,187,10,0,0,0,0,SA (Super Over),Lungi Ngidi,T20,T20 WC (AFG) AFGHANISTAN SA (SUPER OVER),0,73
26/02/14,T20 WC (NZ),Narendra Modi Stadium,South Africa,Bat,175,7,178,3,0,0,0,0,SA (7 wkts),Quinton de Kock,T20,T20 WC (NZ) SOUTH AFRICA SA (7 WKTS),20,73
26/02/18,T20 WC (UAE),Arun Jaitley Stadium,UAE,Bat,138,8,139,4,0,0,0,0,SA (6 wkts),Corbin Bosch,T20,T20 WC (UAE) UAE SA (6 WKTS),22,4
26/02/22,T20 WC Super 8 (IND),Narendra Modi Stadium,India,Bowl,187,7,111,10,0,0,0,0,SA (76 runs*),Lungi Ngidi,T20,T20 WC SUPER 8 (IND) INDIA SA (76 RUNS*),6,73
26/02/26,T20 WC Super 8 (WI),Narendra Modi Stadium,West Indies,Bat,176,8,177,1,0,0,0,0,SA (9 wkts),Aiden Markram,T20,T20 WC SUPER 8 (WI) WEST INDIES SA (9 WKTS),25,73
26/03/01,T20 WC Super 8 (ZIM),Arun Jaitley Stadium,Zimbabwe,Bat,153,7,154,5,0,0,0,0,SA (5 wkts),Sikander Raza,T20,T20 WC SUPER 8 (ZIM) ZIMBABWE SA (5 WKTS),26,4
26/03/04,T20 WC SF (NZ),Eden Gardens,South Africa,Bat,169,8,173,1,0,0,0,0,NZ (9 wkts),Finn Allen,T20,T20 WC SF (NZ) SOUTH AFRICA NZ (9 WKTS),20,32
26/03/15,NZ v SA,Bay Oval,South Africa,Bat,164,8,158,7,0,0,0,0,SA (7 wkts),Nqobani Mokoena,T20,NZ V SA SOUTH AFRICA SA (7 WKTS),20,11
26/03/17,NZ v SA,Seddon Park,New Zealand,Bat,192,5,124,10,0,0,0,0,NZ (68 runs),Devon Conway,T20,NZ V SA NEW ZEALAND NZ (68 RUNS),13,109
26/03/20,NZ v SA,Eden Park,South Africa,Bat,155,9,158,2,0,0,0,0,NZ (8 wkts),Finn Allen,T20,NZ V SA SOUTH AFRICA NZ (8 WKTS),20,33
26/03/22,NZ v SA,Sky Stadium,South Africa,Bat,164,5,145,10,0,0,0,0,SA (19 runs),David Miller,T20,NZ V SA SOUTH AFRICA SA (19 RUNS),20,123
26/03/25,NZ v SA,Hagley Oval,South Africa,Bat,187,4,154,8,0,0,0,0,SA (33 runs),Anrich Nortje,T20,NZ V SA SOUTH AFRICA SA (33 RUNS),20,45
,,,,,0,0,0,0,0,0,0,0,,,T20,,27,147
,,,,,0,0,0,0,0,0,0,0,,,T20,,27,147
,,,,,0,0,0,0,0,0,0,0,,,T20,,27,147
,,,,,0,0,0,0,0,0,0,0,,,T20,,27,147
,,,,,0,0,0,0,0,0,0,0,,,T20,,27,147
,,,,,0,0,0,0,0,0,0,0,,,T20,,27,147
,,,,,0,0,0,0,0,0,0,0,,,T20,,27,147
,,,,,0,0,0,0,0,0,0,0,,,T20,,27,147
,,,,,0,0,0,0,0,0,0,0,,,T20,,27,147
,,,,,0,0,0,0,0,0,0,0,,,T20,,27,147
,,,,,0,0,0,0,0,0,0,0,,,T20,,27,147
,,,,,0,0,0,0,0,0,0,0,,,T20,,27,147
,,,,,0,0,0,0,0,0,0,0,,,T20,,27,147
,,,,,0,0,0,0,0,0,0,0,,,T20,,27,147
,,,,,0,0,0,0,0,0,0,0,,,T20,,27,147
,,,,,0,0,0,0,0,0,0,0,,,T20,,27,147
24/01/14,SL v ZIM,R. Premadasa Stadium,Sri Lanka,Bowl,143,5,144,7,0,0,0,0,SL (3 wkts),Angelo Mathews,T20,SL V ZIM SRI LANKA SL (3 WKTS),21,94
24/01/16,SL v ZIM,R. Premadasa Stadium,Zimbabwe,Bowl,173,6,174,6,0,0,0,0,ZIM (4 wkts),Luke Jongwe,T20,SL V ZIM ZIMBABWE ZIM (4 WKTS),26,94
24/01/18,SL v ZIM,R. Premadasa Stadium,Sri Lanka,Bowl,82,10,88,1,0,0,0,0,SL (9 wkts),Wanindu Hasaranga,T20,SL V ZIM SRI LANKA SL (9 WKTS),21,94
24/02/17,SL v AFG,Rangiri Dambulla Stadium,Afghanistan,Bowl,160,10,156,9,0,0,0,0,SL (4 runs),Binura Fernando,T20,SL V AFG AFGHANISTAN SL (4 RUNS),0,99
24/02/19,SL v AFG,Rangiri Dambulla Stadium,Afghanistan,Bowl,187,6,115,10,0,0,0,0,SL (72 runs),Angelo Mathews,T20,SL V AFG AFGHANISTAN SL (72 RUNS),0,99
24/02/21,SL v AFG,Rangiri Dambulla Stadium,Sri Lanka,Bowl,209,5,206,6,0,0,0,0,AFG (3 runs),Rahmanullah Gurbaz,T20,SL V AFG SRI LANKA AFG (3 RUNS),21,99
24/03/04,BAN v SL,Sylhet Stadium,Bangladesh,Bowl,206,3,203,8,0,0,0,0,SL (3 runs),Charith Asalanka,T20,BAN V SL BANGLADESH SL (3 RUNS),2,131
24/03/06,BAN v SL,Sylhet Stadium,Bangladesh,Bowl,165,5,170,2,0,0,0,0,BAN (8 wkts),Najmul Hossain Shanto,T20,BAN V SL BANGLADESH BAN (8 WKTS),2,131
24/03/09,BAN v SL,Sylhet Stadium,Bangladesh,Bowl,174,7,146,10,0,0,0,0,SL (28 runs),Nuwan Thushara,T20,BAN V SL BANGLADESH SL (28 RUNS),2,131
24/06/03,T20 WC (SA),Nassau County Stadium,Sri Lanka,Bat,77,10,80,4,0,0,0,0,SA (6 wkts),Anrich Nortje,T20,T20 WC (SA) SRI LANKA SA (6 WKTS),21,75
24/06/07,T20 WC (BAN),Grand Prairie Stadium,Bangladesh,Bowl,124,9,125,8,0,0,0,0,BAN (2 wkts),Rishad Hossain,T20,T20 WC (BAN) BANGLADESH BAN (2 WKTS),2,39
24/06/16,T20 WC (NED),Daren Sammy Stadium,Netherlands,Bowl,201,6,118,10,0,0,0,0,SL (83 runs),Charith Asalanka,T20,T20 WC (NED) NETHERLANDS SL (83 RUNS),12,27
24/07/27,SL v IND,Pallekele Stadium,India,Bowl,213,7,170,10,0,0,0,0,IND (43 runs),Suryakumar Yadav,T20,SL V IND INDIA IND (43 RUNS),6,86
24/07/28,SL v IND,Pallekele Stadium,India,Bowl,161,9,81,3,0,0,0,0,IND (7 wkts*),Yashasvi Jaiswal,T20,SL V IND INDIA IND (7 WKTS*),6,86
24/07/30,SL v IND,Pallekele Stadium,Sri Lanka,Bowl,137,9,137,8,0,0,0,0,IND (Super Over),Washington Sundar,T20,SL V IND SRI LANKA IND (SUPER OVER),21,86
24/10/13,SL v WI,Rangiri Dambulla Stadium,West Indies,Bowl,179,7,180,5,0,0,0,0,WI (5 wkts),Brandon King,T20,SL V WI WEST INDIES WI (5 WKTS),25,99
24/10/15,SL v WI,Rangiri Dambulla Stadium,Sri Lanka,Bat,162,5,89,10,0,0,0,0,SL (73 runs),Pathum Nissanka,T20,SL V WI SRI LANKA SL (73 RUNS),21,99
24/10/17,SL v WI,Rangiri Dambulla Stadium,West Indies,Bat,162,8,166,1,0,0,0,0,SL (9 wkts),Kusal Mendis,T20,SL V WI WEST INDIES SL (9 WKTS),25,99
24/11/09,SL v NZ,Rangiri Dambulla Stadium,New Zealand,Bat,135,10,137,6,0,0,0,0,SL (4 wkts),Charith Asalanka,T20,SL V NZ NEW ZEALAND SL (4 WKTS),13,99
24/11/10,SL v NZ,Rangiri Dambulla Stadium,Sri Lanka,Bowl,108,10,103,10,0,0,0,0,NZ (5 runs),Lockie Ferguson,T20,SL V NZ SRI LANKA NZ (5 RUNS),21,99
24/12/28,NZ v SL,Bay Oval,Sri Lanka,Bowl,182,4,174,7,0,0,0,0,NZ (8 runs),Glenn Phillips,T20,NZ V SL SRI LANKA NZ (8 RUNS),21,11
24/12/30,NZ v SL,Bay Oval,Sri Lanka,Bowl,205,5,160,10,0,0,0,0,NZ (45 runs),Finn Allen,T20,NZ V SL SRI LANKA NZ (45 RUNS),21,11
25/01/02,NZ v SL,Saxton Oval,New Zealand,Bowl,162,5,155,8,0,0,0,0,SL (7 runs),Kusal Mendis,T20,NZ V SL NEW ZEALAND SL (7 RUNS),13,108
25/07/10,SL v BAN,Pallekele Stadium,Sri Lanka,Bowl,152,8,153,3,0,0,0,0,SL (7 wkts),Maheesh Theekshana,T20,SL V BAN SRI LANKA SL (7 WKTS),21,86
25/07/13,SL v BAN,Rangiri Dambulla Stadium,Bangladesh,Bat,198,4,115,10,0,0,0,0,BAN (83 runs),Towhid Hridoy,T20,SL V BAN BANGLADESH BAN (83 RUNS),2,99
25/07/16,SL v BAN,R. Premadasa Stadium,Sri Lanka,Bowl,165,7,166,2,0,0,0,0,BAN (8 wkts),Litton Das,T20,SL V BAN SRI LANKA BAN (8 WKTS),21,94
25/09/03,ZIM v SL,Harare Sports Club,Sri Lanka,Bowl,155,8,156,6,0,0,0,0,SL (4 wkts),Wanindu Hasaranga,T20,ZIM V SL SRI LANKA SL (4 WKTS),21,46
25/09/06,ZIM v SL,Harare Sports Club,Zimbabwe,Bowl,148,9,149,5,0,0,0,0,ZIM (5 wkts),Sikandar Raza,T20,ZIM V SL ZIMBABWE ZIM (5 WKTS),26,46
25/09/07,ZIM v SL,Harare Sports Club,Sri Lanka,Bowl,124,10,125,2,0,0,0,0,SL (8 wkts),Matheesha Pathirana,T20,ZIM V SL SRI LANKA SL (8 WKTS),21,46
25/09/13,Asia Cup (BAN),Sheikh Zayed Stadium,Sri Lanka,Bowl,152,9,153,4,0,0,0,0,SL (6 wkts),Kamil Mishara,T20,ASIA CUP (BAN) SRI LANKA SL (6 WKTS),21,114
25/09/15,Asia Cup (HK),Dubai Intl Stadium,Hong Kong,Bat,143,7,144,6,0,0,0,0,SL (4 wkts),Pathum Nissanka,T20,ASIA CUP (HK) HONG KONG SL (4 WKTS),5,31
25/09/18,Asia Cup (AFG),Sheikh Zayed Stadium,Sri Lanka,Bowl,158,8,159,4,0,0,0,0,SL (6 wkts),Kusal Mendis,T20,ASIA CUP (AFG) SRI LANKA SL (6 WKTS),21,114
25/09/20,Asia Cup (BAN),Dubai Intl Stadium,Bangladesh,Bat,168,6,164,8,0,0,0,0,BAN (4 wkts),Saif Hassan,T20,ASIA CUP (BAN) BANGLADESH BAN (4 WKTS),2,31
25/09/23,Asia Cup (PAK),Sheikh Zayed Stadium,Sri Lanka,Bat,161,7,162,5,0,0,0,0,PAK (5 wkts),Hussain Talat,T20,ASIA CUP (PAK) SRI LANKA PAK (5 WKTS),21,114
25/09/26,Asia Cup (IND),Dubai Intl Stadium,India,Bowl,172,8,172,7,0,0,0,0,IND (Super Over),Pathum Nissanka,T20,ASIA CUP (IND) INDIA IND (SUPER OVER),6,31
25/11/20,Tri-Series (ZIM),Rawalpindi Stadium,Zimbabwe,Bat,185,5,118,10,0,0,0,0,ZIM (67 runs),Ryan Burl,T20,TRI-SERIES (ZIM) ZIMBABWE ZIM (67 RUNS),26,101
25/11/22,Tri-Series (PAK),Rawalpindi Stadium,Sri Lanka,Bat,159,9,160,3,0,0,0,0,PAK (7 wkts),Shaheen Afridi,T20,TRI-SERIES (PAK) SRI LANKA PAK (7 WKTS),21,101
25/11/25,Tri-Series (ZIM),Rawalpindi Stadium,Sri Lanka,Bowl,132,9,133,1,0,0,0,0,SL (9 wkts),Maheesh Theekshana,T20,TRI-SERIES (ZIM) SRI LANKA SL (9 WKTS),21,101
25/11/27,Tri-Series (PAK),Rawalpindi Stadium,Sri Lanka,Bat,162,6,156,9,0,0,0,0,SL (6 runs),Wanindu Hasaranga,T20,TRI-SERIES (PAK) SRI LANKA SL (6 RUNS),21,101
25/11/29,Tri-Series Final,Rawalpindi Stadium,Pakistan,Bowl,155,8,156,4,0,0,0,0,PAK (6 wkts),Mohammad Rizwan,T20,TRI-SERIES FINAL PAKISTAN PAK (6 WKTS),15,101
26/01/07,SL v PAK,Rangiri Dambulla,Pakistan,Bowl,148,8,149,4,0,0,0,0,PAK (6 wkts),Haris Rauf,T20,SL V PAK PAKISTAN PAK (6 WKTS),15,97
26/01/11,SL v PAK,Rangiri Dambulla,Sri Lanka,Bat,172,5,158,9,0,0,0,0,SL (14 runs),Pathum Nissanka,T20,SL V PAK SRI LANKA SL (14 RUNS),21,97
26/01/30,SL v ENG,Pallekele Stadium,England,Bowl,164,8,175,5,0,0,0,0,ENG (11 runs*),Phil Salt,T20,SL V ENG ENGLAND ENG (11 RUNS*),4,86
26/02/01,SL v ENG,Pallekele Stadium,Sri Lanka,Bat,155,9,156,4,0,0,0,0,ENG (6 wkts),Jos Buttler,T20,SL V ENG SRI LANKA ENG (6 WKTS),21,86
26/02/03,SL v ENG,Pallekele Stadium,England,Bowl,158,7,146,10,0,0,0,0,ENG (12 runs),Jofra Archer,T20,SL V ENG ENGLAND ENG (12 RUNS),4,86
26/02/08,T20 WC (IRE),R. Premadasa Stadium,Sri Lanka,Bat,162,7,142,9,0,0,0,0,SL (20 runs),Kamindu Mendis,T20,T20 WC (IRE) SRI LANKA SL (20 RUNS),21,94
26/02/12,T20 WC (OMA),Pallekele Stadium,Oman,Bowl,225,3,120,9,0,0,0,0,SL (105 runs),Pavan Rathnayake,T20,T20 WC (OMA) OMAN SL (105 RUNS),14,86
26/02/16,T20 WC (AUS),Pallekele Stadium,Sri Lanka,Bowl,181,10,184,2,0,0,0,0,SL (8 wkts),Pathum Nissanka,T20,T20 WC (AUS) SRI LANKA SL (8 WKTS),21,86
26/02/19,T20 WC Super 8 (ZIM),R. Premadasa Stadium,Zimbabwe,Bowl,178,7,182,4,0,0,0,0,ZIM (6 wkts),Sikandar Raza,T20,T20 WC SUPER 8 (ZIM) ZIMBABWE ZIM (6 WKTS),26,94
26/02/22,T20 WC Super 8 (ENG),Pallekele Stadium,England,Bat,146,9,95,10,0,0,0,0,ENG (51 runs),Will Jacks,T20,T20 WC SUPER 8 (ENG) ENGLAND ENG (51 RUNS),4,86
26/02/25,T20 WC Super 8 (NZ),R. Premadasa Stadium,New Zealand,Bat,168,7,107,8,0,0,0,0,NZ (61 runs),Rachin Ravindra,T20,T20 WC SUPER 8 (NZ) NEW ZEALAND NZ (61 RUNS),13,94
26/02/28,T20 WC Super 8 (PAK),Pallekele Stadium,Pakistan,Bat,212,8,207,6,0,0,0,0,PAK (5 runs),Sahibzada Farhan,T20,T20 WC SUPER 8 (PAK) PAKISTAN PAK (5 RUNS),15,86
26/06/12,SL v WI,Sabina Park,Sri Lanka,Bat,147,9,149,3,0,0,0,0,WI (7 wkts),Jason Holder,T20,SL V WI SRI LANKA WI (7 WKTS),7,147
26/06/14,SL v WI,Sabina Park,West Indies,Bowl,194,6,157,10,0,0,0,0,SL (37 runs),Dasun Shanaka,T20,SL V WI WEST INDIES SL (37 RUNS),7,146
26/06/15,SL v WI,Sabina Park,West Indies,Bowl,169,10,170,5,0,0,0,0,WI (5 wkts),Shamar Joseph,T20,SL V WI WEST INDIES SL (5 WKTS),7,146

24/02/09,AUS v WI,Bellerive Oval,West Indies,Bowl,213,7,202,8,0,0,0,0,AUS (11 runs),Adam Zampa,T20,AUS V WI WEST INDIES AUS (11 RUNS),25,12
24/02/11,AUS v WI,Adelaide Oval,West Indies,Bowl,241,4,207,9,0,0,0,0,AUS (34 runs),Glenn Maxwell,T20,AUS V WI WEST INDIES AUS (34 RUNS),25,2
24/02/13,AUS v WI,Perth Stadium,West Indies,Bat,220,6,183,5,0,0,0,0,WI (37 runs),Andre Russell,T20,AUS V WI WEST INDIES WI (37 RUNS),25,87
24/05/23,WI v SA,Sabina Park,South Africa,Bowl,175,8,147,10,0,0,0,0,WI (28 runs),Brandon King,T20,WI V SA SOUTH AFRICA WI (28 RUNS),20,105
24/05/25,WI v SA,Sabina Park,South Africa,Bowl,207,7,191,7,0,0,0,0,WI (16 runs),Roston Chase,T20,WI V SA SOUTH AFRICA WI (16 RUNS),20,105
24/05/26,WI v SA,Sabina Park,West Indies,Bowl,163,7,165,2,0,0,0,0,WI (8 wkts),Johnson Charles,T20,WI V SA WEST INDIES WI (8 WKTS),25,105
24/06/02,T20 WC (PNG),Providence Stadium,West Indies,Bowl,136,8,137,5,0,0,0,0,WI (5 wkts),Roston Chase,T20,T20 WC (PNG) WEST INDIES WI (5 WKTS),25,89
24/06/08,T20 WC (UGA),Providence Stadium,West Indies,Bat,173,5,39,10,0,0,0,0,WI (134 runs),Akeal Hosein,T20,T20 WC (UGA) WEST INDIES WI (134 RUNS),25,89
24/06/12,T20 WC (NZ),Brian Lara Stadium,New Zealand,Bowl,149,9,136,9,0,0,0,0,WI (13 runs),Sherfane Rutherford,T20,T20 WC (NZ) NEW ZEALAND WI (13 RUNS),13,16
24/06/17,T20 WC (AFG),Daren Sammy Stadium,Afghanistan,Bowl,218,5,114,10,0,0,0,0,WI (104 runs),Nicholas Pooran,T20,T20 WC (AFG) AFGHANISTAN WI (104 RUNS),0,27
24/06/19,T20 WC (ENG),Daren Sammy Stadium,England,Bowl,180,4,181,2,0,0,0,0,ENG (8 wkts),Phil Salt,T20,T20 WC (ENG) ENGLAND ENG (8 WKTS),4,27
24/06/21,T20 WC (USA),Kensington Oval,West Indies,Bowl,128,10,130,1,0,0,0,0,WI (9 wkts),Shai Hope,T20,T20 WC (USA) WEST INDIES WI (9 WKTS),25,55
24/06/23,T20 WC (SA),Sir Vivian Richards,South Africa,Bowl,135,8,124,7,0,0,0,0,SA (3 wkts*),Tabraiz Shamsi,T20,T20 WC (SA) SOUTH AFRICA SA (3 WKTS*),20,121
24/08/23,WI v SA,Brian Lara Stadium,West Indies,Bowl,174,7,176,3,0,0,0,0,WI (7 wkts),Nicholas Pooran,T20,WI V SA WEST INDIES WI (7 WKTS),25,16
24/08/25,WI v SA,Brian Lara Stadium,South Africa,Bowl,179,6,149,10,0,0,0,0,WI (30 runs),Romario Shepherd,T20,WI V SA SOUTH AFRICA WI (30 RUNS),20,16
24/08/27,WI v SA,Brian Lara Stadium,West Indies,Bowl,108,4,116,2,0,0,0,0,WI (8 wkts),Romario Shepherd,T20,WI V SA WEST INDIES WI (8 WKTS),25,16
24/10/13,SL v WI,Rangiri Dambulla,West Indies,Bowl,179,7,180,5,0,0,0,0,WI (5 wkts),Brandon King,T20,SL V WI WEST INDIES WI (5 WKTS),25,97
24/10/15,SL v WI,Rangiri Dambulla,Sri Lanka,Bat,162,5,89,10,0,0,0,0,SL (73 runs),Pathum Nissanka,T20,SL V WI SRI LANKA SL (73 RUNS),21,97
24/10/17,SL v WI,Rangiri Dambulla,West Indies,Bat,162,8,166,1,0,0,0,0,SL (9 wkts),Kusal Mendis,T20,SL V WI WEST INDIES SL (9 WKTS),25,97
24/11/09,WI v ENG,Kensington Oval,West Indies,Bowl,182,9,183,2,0,0,0,0,ENG (8 wkts),Phil Salt,T20,WI V ENG WEST INDIES ENG (8 WKTS),25,55
24/11/10,WI v ENG,Kensington Oval,England,Bowl,158,8,161,3,0,0,0,0,ENG (7 wkts),Jos Buttler,T20,WI V ENG ENGLAND ENG (7 WKTS),4,55
24/11/14,WI v ENG,Daren Sammy Stadium,West Indies,Bowl,145,8,149,7,0,0,0,0,ENG (3 wkts),Saqib Mahmood,T20,WI V ENG WEST INDIES ENG (3 WKTS),25,27
24/11/16,WI v ENG,Daren Sammy Stadium,West Indies,Bowl,218,5,221,5,0,0,0,0,WI (5 wkts),Evin Lewis,T20,WI V ENG WEST INDIES WI (5 WKTS),25,27
24/11/17,WI v ENG,Daren Sammy Stadium,England,Bowl,44,0,0,0,0,0,0,0,No Result,,T20,WI V ENG ENGLAND NO RESULT,4,27
24/12/15,BAN v WI,Arnos Vale Ground,West Indies,Bowl,152,7,145,9,0,0,0,0,BAN (7 runs),Rishad Hossain,T20,BAN V WI WEST INDIES BAN (7 RUNS),25,3
24/12/17,BAN v WI,Arnos Vale Ground,Bangladesh,Bat,168,6,141,10,0,0,0,0,BAN (27 runs),Taskin Ahmed,T20,BAN V WI BANGLADESH BAN (27 RUNS),2,3
24/12/19,BAN v WI,Arnos Vale Ground,West Indies,Bowl,192,5,112,10,0,0,0,0,BAN (80 runs),Towhid Hridoy,T20,BAN V WI WEST INDIES BAN (80 RUNS),25,3
25/06/06,ENG v WI,Riverside Ground,England,Bat,188,6,167,8,0,0,0,0,ENG (21 runs),Will Jacks,T20,ENG V WI ENGLAND ENG (21 RUNS),4,102
25/06/08,ENG v WI,County Ground,West Indies,Bat,164,7,168,6,0,0,0,0,ENG (4 wkts),Harry Brook,T20,ENG V WI WEST INDIES ENG (4 WKTS),25,24
25/06/10,ENG v WI,The Rose Bowl,England,Bat,202,5,165,9,0,0,0,0,ENG (37 runs),Liam Livingstone,T20,ENG V WI ENGLAND ENG (37 RUNS),4,132
25/06/15,IRE v WI,Bready Cricket Club,Ireland,Bowl,210,4,148,10,0,0,0,0,WI (62 runs),Sherfane Rutherford,T20,IRE V WI IRELAND WI (62 RUNS),7,15
25/07/20,WI v AUS,Sabina Park,West Indies,Bat,158,8,159,7,0,0,0,0,AUS (3 wkts),Mitchell Marsh,T20,WI V AUS WEST INDIES AUS (3 WKTS),25,105
25/07/22,WI v AUS,Sabina Park,Australia,Bowl,142,9,146,2,0,0,0,0,AUS (8 wkts),Travis Head,T20,WI V AUS AUSTRALIA AUS (8 WKTS),1,105
25/07/25,WI v AUS,Warner Park,West Indies,Bat,161,7,162,4,0,0,0,0,AUS (6 wkts),Glenn Maxwell,T20,WI V AUS WEST INDIES AUS (6 WKTS),25,142
25/07/26,WI v AUS,Warner Park,Australia,Bowl,152,8,153,7,0,0,0,0,AUS (3 wkts),Adam Zampa,T20,WI V AUS AUSTRALIA AUS (3 WKTS),1,142
25/07/28,WI v AUS,Warner Park,West Indies,Bat,168,6,169,7,0,0,0,0,AUS (3 wkts),Marcus Stoinis,T20,WI V AUS WEST INDIES AUS (3 WKTS),25,142
25/07/31,PAK v WI,Central Broward Park,Pakistan,Bat,172,6,158,8,0,0,0,0,PAK (14 runs),Shadab Khan,T20,PAK V WI PAKISTAN PAK (14 RUNS),15,21
25/08/02,PAK v WI,Central Broward Park,West Indies,Bowl,168,7,169,8,0,0,0,0,WI (2 wkts),Jason Holder,T20,PAK V WI WEST INDIES WI (2 WKTS),25,21
25/08/03,PAK v WI,Central Broward Park,Pakistan,Bat,159,8,146,9,0,0,0,0,PAK (13 runs),Naseem Shah,T20,PAK V WI PAKISTAN PAK (13 RUNS),15,21
25/09/27,Tri-Series (NEP),Sharjah Stadium,Nepal,Bat,148,8,129,10,0,0,0,0,NEP (19 runs),Sandeep Lamichhane,T20,TRI-SERIES (NEP) NEPAL NEP (19 RUNS),11,113
25/09/29,Tri-Series (NEP),Sharjah Stadium,Nepal,Bat,195,4,105,10,0,0,0,0,NEP (90 runs),Dipendra Singh Airee,T20,TRI-SERIES (NEP) NEPAL NEP (90 RUNS),11,113
25/09/30,Tri-Series (NEP),Sharjah Stadium,West Indies,Bowl,88,10,92,0,0,0,0,0,WI (10 wkts),Gudakesh Motie,T20,TRI-SERIES (NEP) WEST INDIES WI (10 WKTS),25,113
25/10/27,BAN v WI,B.S.F.L.M. Rahman,West Indies,Bat,174,6,158,8,0,0,0,0,WI (16 runs),Brandon King,T20,BAN V WI WEST INDIES WI (16 RUNS),25,5
25/10/29,BAN v WI,B.S.F.L.M. Rahman,Bangladesh,Bowl,162,7,148,9,0,0,0,0,WI (14 runs),Shai Hope,T20,BAN V WI BANGLADESH WI (14 RUNS),2,5
25/10/31,BAN v WI,B.S.F.L.M. Rahman,Bangladesh,Bat,155,9,156,5,0,0,0,0,WI (5 wkts),Shimron Hetmyer,T20,BAN V WI BANGLADESH WI (5 WKTS),2,5
25/11/05,NZ v WI,Eden Park,West Indies,Bat,164,7,157,9,0,0,0,0,WI (7 runs),Finn Allen,T20,NZ V WI WEST INDIES WI (7 RUNS),25,33
25/11/06,NZ v WI,Eden Park,New Zealand,Bat,161,8,158,8,0,0,0,0,NZ (3 runs),Lockie Ferguson,T20,NZ V WI NEW ZEALAND NZ (3 RUNS),13,33
25/11/09,NZ v WI,Saxton Oval,West Indies,Bowl,178,6,187,4,0,0,0,0,NZ (9 runs),Finn Allen,T20,NZ V WI WEST INDIES NZ (9 RUNS),25,108
25/11/10,NZ v WI,Saxton Oval,New Zealand,Bowl,45,3,0,0,0,0,0,0,No Result,,T20,NZ V WI NEW ZEALAND NO RESULT,13,108
25/11/13,NZ v WI,University Oval,West Indies,Bat,142,9,145,2,0,0,0,0,NZ (8 wkts),Rachin Ravindra,T20,NZ V WI WEST INDIES NZ (8 WKTS),25,137
26/01/19,Tri-Series (AFG),Dubai Intl Stadium,Afghanistan,Bat,188,5,150,10,0,0,0,0,AFG (38 runs),Rahmanullah Gurbaz,T20,TRI-SERIES (AFG) AFGHANISTAN AFG (38 RUNS),0,31
26/01/21,Tri-Series (AFG),Dubai Intl Stadium,Afghanistan,Bat,179,6,140,10,0,0,0,0,AFG (39 runs),Rashid Khan,T20,TRI-SERIES (AFG) AFGHANISTAN AFG (39 RUNS),0,31
26/01/22,Tri-Series (AFG),Dubai Intl Stadium,West Indies,Bat,165,7,150,9,0,0,0,0,WI (15 runs),Rovman Powell,T20,TRI-SERIES (AFG) WEST INDIES WI (15 RUNS),25,31
26/01/27,SA v WI,Boland Park,South Africa,Bowl,128,9,129,1,0,0,0,0,SA (9 wkts),Kagiso Rabada,T20,SA V WI SOUTH AFRICA SA (9 WKTS),20,14
26/01/29,SA v WI,SuperSport Park,South Africa,Bowl,155,8,156,3,0,0,0,0,SA (7 wkts),David Miller,T20,SA V WI SOUTH AFRICA SA (7 WKTS),20,127
26/01/31,SA v WI,Wanderers Stadium,West Indies,Bat,182,6,176,8,0,0,0,0,WI (6 runs),Aiden Markram,T20,SA V WI WEST INDIES WI (6 RUNS),25,140
26/02/07,T20 WC (SCO),Eden Gardens,West Indies,Bat,172,5,137,10,0,0,0,0,WI (35 runs),Shimron Hetmyer,T20,T20 WC (SCO) WEST INDIES WI (35 RUNS),25,32
26/02/11,T20 WC (ENG),Wankhede Stadium,West Indies,Bat,196,6,166,10,0,0,0,0,WI (30 runs),Sherfane Rutherford,T20,T20 WC (ENG) WEST INDIES WI (30 RUNS),25,141
26/02/15,T20 WC (NEP),Wankhede Stadium,Nepal,Bowl,133,8,134,1,0,0,0,0,WI (9 wkts),Jason Holder,T20,T20 WC (NEP) NEPAL WI (9 WKTS),11,141
26/02/19,T20 WC (ITA),Eden Gardens,West Indies,Bat,165,6,123,9,0,0,0,0,WI (42 runs),Shai Hope,T20,T20 WC (ITA) WEST INDIES WI (42 RUNS),25,32
26/02/23,T20 WC Super 8 (ZIM),Wankhede Stadium,West Indies,Bat,254,3,147,10,0,0,0,0,WI (107 runs),Shimron Hetmyer,T20,T20 WC SUPER 8 (ZIM) WEST INDIES WI (107 RUNS),25,141
26/02/26,T20 WC Super 8 (SA),Narendra Modi Stadium,West Indies,Bat,176,8,177,1,0,0,0,0,SA (9 wkts),Aiden Markram,T20,T20 WC SUPER 8 (SA) WEST INDIES SA (9 WKTS),25,73
26/03/01,T20 WC Super 8 (IND),Eden Gardens,India,Bowl,195,4,199,5,0,0,0,0,IND (5 wkts),Sanju Samson,T20,T20 WC SUPER 8 (IND) INDIA IND (5 WKTS),6,32
26/06/12,SL v WI,Sabina Park,Sri Lanka,Bat,147,9,149,3,0,0,0,0,WI (7 wkts),Jason Holder,T20,SL V WI SRI LANKA WI (7 WKTS),7,147
26/06/14,SL v WI,Sabina Park,West Indies,Bowl,194,6,157,10,0,0,0,0,SL (37 runs),Dasun Shanaka,T20,SL V WI WEST INDIES SL (37 RUNS),7,146
26/06/15,SL v WI,Sabina Park,West Indies,Bowl,169,10,170,5,0,0,0,0,WI (5 wkts),Shamar Joseph,T20,SL V WI WEST INDIES SL (5 WKTS),7,146

24/01/14,SL v ZIM,R. Premadasa Stadium,Sri Lanka,Bowl,143,5,144,7,0,0,0,0,SL (3 wkts),Angelo Mathews,T20,SL V ZIM SRI LANKA SL (3 WKTS),21,94
24/01/16,SL v ZIM,R. Premadasa Stadium,Zimbabwe,Bowl,173,6,174,6,0,0,0,0,ZIM (4 wkts),Luke Jongwe,T20,SL V ZIM ZIMBABWE ZIM (4 WKTS),26,94
24/01/18,SL v ZIM,R. Premadasa Stadium,Sri Lanka,Bowl,82,10,88,1,0,0,0,0,SL (9 wkts),Wanindu Hasaranga,T20,SL V ZIM SRI LANKA SL (9 WKTS),21,94
24/05/03,BAN v ZIM,Zahur Ahmed Stadium,Bangladesh,Bowl,124,10,126,2,0,0,0,0,BAN (8 wkts),Tanzid Hasan,T20,BAN V ZIM BANGLADESH BAN (8 WKTS),2,146
24/05/05,BAN v ZIM,Zahur Ahmed Stadium,Bangladesh,Bowl,138,7,142,4,0,0,0,0,BAN (6 wkts),Mahmudullah,T20,BAN V ZIM BANGLADESH BAN (6 WKTS),2,146
24/05/08,BAN v ZIM,Zahur Ahmed Stadium,Zimbabwe,Bowl,165,5,156,9,0,0,0,0,BAN (9 runs),Towhid Hridoy,T20,BAN V ZIM ZIMBABWE BAN (9 RUNS),26,146
24/05/10,BAN v ZIM,Shere Bangla Stadium,Zimbabwe,Bowl,143,10,138,10,0,0,0,0,BAN (5 runs),Mustafizur Rahman,T20,BAN V ZIM ZIMBABWE BAN (5 RUNS),26,117
24/05/12,BAN v ZIM,Shere Bangla Stadium,Zimbabwe,Bowl,157,6,158,2,0,0,0,0,ZIM (8 wkts),Brian Bennett,T20,BAN V ZIM ZIMBABWE ZIM (8 WKTS),26,117
24/07/06,ZIM v IND,Harare Sports Club,India,Bowl,115,9,102,10,0,0,0,0,ZIM (13 runs),Sikandar Raza,T20,ZIM V IND INDIA ZIM (13 RUNS),6,46
24/07/07,ZIM v IND,Harare Sports Club,Zimbabwe,Bowl,234,2,134,10,0,0,0,0,IND (100 runs),Abhishek Sharma,T20,ZIM V IND ZIMBABWE IND (100 RUNS),26,46
24/07/10,ZIM v IND,Harare Sports Club,India,Bat,182,4,159,6,0,0,0,0,IND (23 runs),Ruturaj Gaikwad,T20,ZIM V IND INDIA IND (23 RUNS),6,46
24/07/13,ZIM v IND,Harare Sports Club,India,Bowl,152,7,156,0,0,0,0,0,IND (10 wkts),Yashasvi Jaiswal,T20,ZIM V IND INDIA IND (10 WKTS),6,46
24/07/14,ZIM v IND,Harare Sports Club,Zimbabwe,Bowl,167,6,125,10,0,0,0,0,IND (42 runs),Shivam Dube,T20,ZIM V IND ZIMBABWE IND (42 RUNS),26,46
24/10/19,WC Qual (SEY),Gymkhana Club,Seychelles,Bowl,286,5,210,10,0,0,0,0,ZIM (76 runs),Brian Bennett,T20,WC QUAL (SEY) SEYCHELLES ZIM (76 RUNS),19,43
24/10/20,WC Qual (MOZ),Gymkhana Club,Zimbabwe,Bowl,56,10,58,1,0,0,0,0,ZIM (9 wkts),Richard Ngarava,T20,WC QUAL (MOZ) ZIMBABWE ZIM (9 WKTS),26,43
24/10/22,WC Qual (RWA),Ruaraka Sports Club,Rwanda,Bowl,240,8,91,10,0,0,0,0,ZIM (149 runs),Dion Myers,T20,WC QUAL (RWA) RWANDA ZIM (149 RUNS),17,103
24/10/23,WC Qual (GAM),Ruaraka Sports Club,Zimbabwe,Bat,344,4,54,10,0,0,0,0,ZIM (290 runs),Sikandar Raza,T20,WC QUAL (GAM) ZIMBABWE ZIM (290 RUNS),26,103
24/10/24,WC Qual (KEN),Gymkhana Club,Kenya,Bowl,163,7,102,10,0,0,0,0,ZIM (61 runs),Sikandar Raza,T20,WC QUAL (KEN) KENYA ZIM (61 RUNS),9,43
24/12/01,ZIM v PAK,Queens Sports Club,Pakistan,Bat,165,4,108,10,0,0,0,0,PAK (57 runs),Usman Khan,T20,ZIM V PAK PAKISTAN PAK (57 RUNS),15,91
24/12/03,ZIM v PAK,Queens Sports Club,Pakistan,Bowl,57,10,61,0,0,0,0,0,PAK (10 wkts),Abrar Ahmed,T20,ZIM V PAK PAKISTAN PAK (10 WKTS),15,91
24/12/05,ZIM v PAK,Queens Sports Club,Zimbabwe,Bowl,132,7,133,8,0,0,0,0,ZIM (2 wkts),Blessing Muzarabani,T20,ZIM V PAK ZIMBABWE ZIM (2 WKTS),26,91
24/12/11,ZIM v AFG,Harare Sports Club,Zimbabwe,Bowl,148,7,152,6,0,0,0,0,ZIM (4 wkts),Sikandar Raza,T20,ZIM V AFG ZIMBABWE ZIM (4 WKTS),26,46
24/12/13,ZIM v AFG,Harare Sports Club,Afghanistan,Bat,182,6,132,10,0,0,0,0,AFG (50 runs),Rashid Khan,T20,ZIM V AFG AFGHANISTAN AFG (50 RUNS),0,46
24/12/14,ZIM v AFG,Harare Sports Club,Zimbabwe,Bat,155,8,156,7,0,0,0,0,AFG (3 wkts),Mohammad Nabi,T20,ZIM V AFG ZIMBABWE AFG (3 WKTS),26,46
25/02/22,ZIM v IRE,Harare Sports Club,Zimbabwe,Bowl,32,1,0,0,0,0,0,0,No Result,,T20,ZIM V IRE ZIMBABWE NO RESULT,26,46
25/02/23,ZIM v IRE,Harare Sports Club,Ireland,Bat,162,7,163,7,0,0,0,0,ZIM (3 wkts),Ryan Burl,T20,ZIM V IRE IRELAND ZIM (3 WKTS),7,46
25/02/25,ZIM v IRE,Harare Sports Club,Zimbabwe,Bowl,45,2,0,0,0,0,0,0,No Result,,T20,ZIM V IRE ZIMBABWE NO RESULT,26,46
25/07/14,Tri-Series (SA),Harare Sports Club,Zimbabwe,Bat,152,8,153,5,0,0,0,0,SA (5 wkts),Aiden Markram,T20,TRI-SERIES (SA) ZIMBABWE SA (5 WKTS),26,46
25/07/18,Tri-Series (NZ),Harare Sports Club,Zimbabwe,Bat,134,10,135,2,0,0,0,0,NZ (8 wkts),Ish Sodhi,T20,TRI-SERIES (NZ) ZIMBABWE NZ (8 WKTS),26,46
25/07/20,Tri-Series (SA),Harare Sports Club,South Africa,Bowl,142,9,143,3,0,0,0,0,SA (7 wkts),Gerald Coetzee,T20,TRI-SERIES (SA) SOUTH AFRICA SA (7 WKTS),20,46
25/07/24,Tri-Series (NZ),Harare Sports Club,Zimbabwe,Bowl,194,5,134,10,0,0,0,0,NZ (60 runs),Rachin Ravindra,T20,TRI-SERIES (NZ) ZIMBABWE NZ (60 RUNS),26,46
25/09/03,ZIM v SL,Harare Sports Club,Sri Lanka,Bowl,155,8,156,6,0,0,0,0,SL (4 wkts),Wanindu Hasaranga,T20,ZIM V SL SRI LANKA SL (4 WKTS),21,46
25/09/06,ZIM v SL,Harare Sports Club,Zimbabwe,Bowl,148,9,149,5,0,0,0,0,ZIM (5 wkts),Sikandar Raza,T20,ZIM V SL ZIMBABWE ZIM (5 WKTS),26,46
25/09/07,ZIM v SL,Harare Sports Club,Sri Lanka,Bowl,124,10,125,2,0,0,0,0,SL (8 wkts),Matheesha Pathirana,T20,ZIM V SL SRI LANKA SL (8 WKTS),21,46
25/09/15,ZIM v NAM,Queens Sports Club,Zimbabwe,Bat,178,4,145,9,0,0,0,0,ZIM (33 runs),Dion Myers,T20,ZIM V NAM ZIMBABWE ZIM (33 RUNS),26,91
25/09/16,ZIM v NAM,Queens Sports Club,Namibia,Bat,152,7,153,5,0,0,0,0,ZIM (5 wkts),Richard Ngarava,T20,ZIM V NAM NAMIBIA ZIM (5 WKTS),10,91
25/09/18,ZIM v NAM,Queens Sports Club,Namibia,Bowl,135,8,163,4,0,0,0,0,NAM (28 runs),David Wiese,T20,ZIM V NAM NAMIBIA NAM (28 RUNS),10,91
25/09/26,Africa Qual (UGA),Harare Sports Club,Uganda,Bowl,148,7,149,5,0,0,0,0,ZIM (5 wkts),Brian Bennett,T20,AFRICA QUAL (UGA) UGANDA ZIM (5 WKTS),24,46
25/09/28,Africa Qual (BOT),Harare Sports Club,Zimbabwe,Bat,225,4,55,10,0,0,0,0,ZIM (170 runs),Dion Myers,T20,AFRICA QUAL (BOT) ZIMBABWE ZIM (170 RUNS),26,46
25/09/30,Africa Qual (TAN),Harare Sports Club,Zimbabwe,Bat,210,5,97,10,0,0,0,0,ZIM (113 runs),Sikandar Raza,T20,AFRICA QUAL (TAN) ZIMBABWE ZIM (113 RUNS),26,46
25/10/02,Africa Qual (KEN),Harare Sports Club,Kenya,Bat,132,9,133,3,0,0,0,0,ZIM (7 wkts),Richard Ngarava,T20,AFRICA QUAL (KEN) KENYA ZIM (7 WKTS),9,46
25/10/04,Africa Qual (NAM),Harare Sports Club,Namibia,Bat,155,8,156,3,0,0,0,0,ZIM (7 wkts),Sikandar Raza,T20,AFRICA QUAL (NAM) NAMIBIA ZIM (7 WKTS),10,46
25/10/29,ZIM v AFG,Harare Sports Club,Zimbabwe,Bowl,185,6,132,10,0,0,0,0,AFG (53 runs),Rahmanullah Gurbaz,T20,ZIM V AFG ZIMBABWE AFG (53 RUNS),26,46
25/10/31,ZIM v AFG,Harare Sports Club,Afghanistan,Bowl,142,9,143,3,0,0,0,0,AFG (7 wkts),Rashid Khan,T20,ZIM V AFG AFGHANISTAN AFG (7 WKTS),0,46
25/11/02,ZIM v AFG,Harare Sports Club,Afghanistan,Bat,168,7,159,9,0,0,0,0,AFG (9 runs),Ibrahim Zadran,T20,ZIM V AFG AFGHANISTAN AFG (9 RUNS),0,46
25/11/18,Tri-Series (PAK),Rawalpindi Stadium,Zimbabwe,Bat,148,8,149,5,0,0,0,0,PAK (5 wkts),Saim Ayub,T20,TRI-SERIES (PAK) ZIMBABWE PAK (5 WKTS),26,101
25/11/20,Tri-Series (SL),Rawalpindi Stadium,Zimbabwe,Bat,185,5,118,10,0,0,0,0,ZIM (67 runs),Ryan Burl,T20,TRI-SERIES (SL) ZIMBABWE ZIM (67 RUNS),26,101
25/11/23,Tri-Series (PAK),Rawalpindi Stadium,Pakistan,Bat,202,4,133,9,0,0,0,0,PAK (69 runs),Fakhar Zaman,T20,TRI-SERIES (PAK) PAKISTAN PAK (69 RUNS),15,101
25/11/25,Tri-Series (SL),Rawalpindi Stadium,Sri Lanka,Bowl,132,9,133,1,0,0,0,0,SL (9 wkts),Maheesh Theekshana,T20,TRI-SERIES (SL) SRI LANKA SL (9 WKTS),21,101
26/02/09,T20 WC (OMA),SSC Ground,Oman,Bat,142,9,143,2,0,0,0,0,ZIM (8 wkts),Brian Bennett,T20,T20 WC (OMA) OMAN ZIM (8 WKTS),14,104
26/02/13,T20 WC (AUS),R. Premadasa Stadium,Zimbabwe,Bat,169,2,146,10,0,0,0,0,ZIM (23 runs),Brian Bennett,T20,T20 WC (AUS) ZIMBABWE ZIM (23 RUNS),26,94
26/02/19,T20 WC Super 8 (SL),R. Premadasa Stadium,Zimbabwe,Bowl,178,7,182,4,0,0,0,0,ZIM (6 wkts),Sikandar Raza,T20,T20 WC SUPER 8 (SL) ZIMBABWE ZIM (6 WKTS),26,94
26/02/23,T20 WC Super 8 (WI),Wankhede Stadium,West Indies,Bat,254,6,147,10,0,0,0,0,WI (107 runs),Shimron Hetmyer,T20,T20 WC SUPER 8 (WI) WEST INDIES WI (107 RUNS),25,141
26/02/26,T20 WC Super 8 (IND),MA Chidambaram,India,Bat,256,4,184,6,0,0,0,0,IND (72 runs),Abhishek Sharma,T20,T20 WC SUPER 8 (IND) INDIA IND (72 RUNS),6,62
26/03/01,T20 WC Super 8 (SA),Arun Jaitley Stadium,Zimbabwe,Bat,153,7,154,5,0,0,0,0,SA (5 wkts),Sikandar Raza,T20,T20 WC SUPER 8 (SA) ZIMBABWE SA (5 WKTS),26,4
,,,,,0,0,0,0,0,0,0,0,,,T20,,27,147
,,,,,0,0,0,0,0,0,0,0,,,T20,,27,147
,,,,,0,0,0,0,0,0,0,0,,,T20,,27,147
,,,,,0,0,0,0,0,0,0,0,,,T20,,27,147
,,,,,0,0,0,0,0,0,0,0,,,T20,,27,147
,,,,,0,0,0,0,0,0,0,0,,,T20,,27,147
,,,,,0,0,0,0,0,0,0,0,,,T20,,27,147
,,,,,0,0,0,0,0,0,0,0,,,T20,,27,147
,,,,,0,0,0,0,0,0,0,0,,,T20,,27,147
,,,,,0,0,0,0,0,0,0,0,,,T20,,27,147
,,,,,0,0,0,0,0,0,0,0,,,T20,,27,147
,,,,,0,0,0,0,0,0,0,0,,,T20,,27,147
,,,,,0,0,0,0,0,0,0,0,,,T20,,27,147
,,,,,0,0,0,0,0,0,0,0,,,T20,,27,147
,,,,,0,0,0,0,0,0,0,0,,,T20,,27,147
,,,,,0,0,0,0,0,0,0,0,,,T20,,27,147
,,,,,0,0,0,0,0,0,0,0,,,T20,,27,147
,,,,,0,0,0,0,0,0,0,0,,,T20,,27,147
24/02/02,SL v AFG,Sinhalese Sports Club,Sri Lanka,Bowl,198,10,439,10,296,10,56,0,SL (10 wkts),0,Test,SL V AFG SRI LANKA SL (10 WKTS),21,119
24/02/28,AFG v IRE,Tolerance Oval,Afghanistan,Bat,155,10,263,10,218,10,111,4,IRE (6 wkts),0,Test,AFG V IRE AFGHANISTAN IRE (6 WKTS),0,134
24/12/26,ZIM v AFG,Queens Sports Club,Afghanistan,Bat,240,10,195,10,180,6,0,0,Match Drawn,0,Test,ZIM V AFG AFGHANISTAN MATCH DRAWN,0,91
25/01/02,ZIM v AFG,Queens Sports Club,Zimbabwe,Bowl,310,10,120,10,202,10,320,10,AFG (72 runs),0,Test,ZIM V AFG ZIMBABWE AFG (72 RUNS),26,91
25/10/20,ZIM v AFG,Harare Sports Club,Zimbabwe,Bat,450,9,180,10,197,10,0,0,ZIM (Inn & 73 runs),0,Test,ZIM V AFG ZIMBABWE ZIM (INN & 73 RUNS),26,46
24/01/03,AUS v PAK,Sydney Cricket Ground,Pakistan,Bat,313,10,299,10,115,10,130,2,AUS (8 wkts),0,Test,AUS V PAK PAKISTAN AUS (8 WKTS),15,128
24/01/17,AUS v WI,Adelaide Oval,Australia,Bowl,188,10,283,10,120,10,26,0,AUS (10 wkts),0,Test,AUS V WI AUSTRALIA AUS (10 WKTS),1,2
24/01/25,AUS v WI,Brisbane Cricket Ground,West Indies,Bat,311,10,289,9,193,10,207,10,WI (8 runs),0,Test,AUS V WI WEST INDIES WI (8 RUNS),25,17
24/02/29,NZ v AUS,Basin Reserve,New Zealand,Bowl,383,10,179,10,164,10,196,10,AUS (172 runs),0,Test,NZ V AUS NEW ZEALAND AUS (172 RUNS),13,10
24/03/08,NZ v AUS,Hagley Oval,Australia,Bowl,162,10,256,10,372,10,281,7,AUS (3 wkts),0,Test,NZ V AUS AUSTRALIA AUS (3 WKTS),1,45
24/11/22,AUS v IND,Perth Stadium,India,Bat,150,10,104,10,487,6,238,10,IND (295 runs),0,Test,AUS V IND INDIA IND (295 RUNS),6,87
24/12/06,AUS v IND,Adelaide Oval,Australia,Bowl,180,10,337,10,175,10,19,0,AUS (10 wkts),0,Test,AUS V IND AUSTRALIA AUS (10 WKTS),1,2
24/12/14,AUS v IND,Brisbane Cricket Ground,Australia,Bowl,385,10,402,10,210,4,0,0,Match Drawn,0,Test,AUS V IND AUSTRALIA MATCH DRAWN,1,17
24/12/26,AUS v IND,Melbourne Cricket Ground,Australia,Bat,462,10,215,10,182,4,245,10,AUS (184 runs),0,Test,AUS V IND AUSTRALIA AUS (184 RUNS),1,70
25/01/03,AUS v IND,Sydney Cricket Ground,India,Bat,284,10,312,10,205,10,178,4,AUS (6 wkts),0,Test,AUS V IND INDIA AUS (6 WKTS),6,128
25/01/29,SL v AUS,Galle Intl Stadium,Australia,Bat,592,10,182,10,168,10,0,0,AUS (Inn & 242 runs),0,Test,SL V AUS AUSTRALIA AUS (INN & 242 RUNS),1,38
25/02/06,SL v AUS,Galle Intl Stadium,Sri Lanka,Bat,214,10,255,10,142,10,102,1,AUS (9 wkts),0,Test,SL V AUS SRI LANKA AUS (9 WKTS),21,38
25/06/11,WTC Final,Lord's,South Africa,Bowl,245,10,288,10,212,10,170,5,SA (5 wkts),0,Test,WTC FINAL SOUTH AFRICA SA (5 WKTS),20,58
25/06/25,WI v AUS,Kensington Oval,Australia,Bat,365,10,210,10,224,10,220,10,AUS (159 runs),0,Test,WI V AUS AUSTRALIA AUS (159 RUNS),1,55
25/07/03,WI v AUS,National Stadium,West Indies,Bowl,412,10,245,10,186,6,220,10,AUS (133 runs),0,Test,WI V AUS WEST INDIES AUS (133 RUNS),25,77
25/07/12,WI v AUS,Sabina Park,Australia,Bat,338,10,192,10,240,7,210,10,AUS (176 runs),0,Test,WI V AUS AUSTRALIA AUS (176 RUNS),1,105
25/11/21,AUS v ENG,Perth Stadium,England,Bat,212,10,340,10,205,10,78,2,AUS (8 wkts),0,Test,AUS V ENG ENGLAND AUS (8 WKTS),4,87
25/12/04,AUS v ENG,Brisbane Cricket Ground,Australia,Bowl,258,10,315,10,192,10,136,2,AUS (8 wkts),0,Test,AUS V ENG AUSTRALIA AUS (8 WKTS),1,17
25/12/17,AUS v ENG,Adelaide Oval,Australia,Bat,405,10,215,10,182,6,290,10,AUS (82 runs),0,Test,AUS V ENG AUSTRALIA AUS (82 RUNS),1,2
25/12/26,AUS v ENG,Melbourne Cricket Ground,Australia,Bowl,185,10,220,10,310,10,276,6,ENG (4 wkts),0,Test,AUS V ENG AUSTRALIA ENG (4 WKTS),1,70
26/01/04,AUS v ENG,Sydney Cricket Ground,England,Bat,384,10,567,10,342,10,161,5,AUS (5 wkts),0,Test,AUS V ENG ENGLAND AUS (5 WKTS),4,128
26/08/22,AUS v BAN,Great Barrier Reef Arena,Australia,Bowl,64,10,210,10,95,10,0,0,AUS (Inn & 51 runs),0,Test,AUS V ENG AUSTRALIA AUS (INN & 51 RUNS),4,128
24/03/22,BAN v SL,Sylhet Stadium,Bangladesh,Bowl,280,10,188,10,418,10,182,10,SL (328 runs),0,Test,BAN V SL BANGLADESH SL (328 RUNS),2,131
24/03/30,BAN v SL,Zahur Ahmed Stadium,Sri Lanka,Bat,531,10,178,10,157,7,318,10,SL (192 runs),0,Test,BAN V SL SRI LANKA SL (192 RUNS),21,146
24/08/21,PAK v BAN,Rawalpindi Stadium,Bangladesh,Bowl,448,6,565,10,146,10,30,0,BAN (10 wkts),0,Test,PAK V BAN BANGLADESH BAN (10 WKTS),2,101
24/08/30,PAK v BAN,Rawalpindi Stadium,Bangladesh,Bowl,274,10,262,10,172,10,185,4,BAN (6 wkts),0,Test,PAK V BAN BANGLADESH BAN (6 WKTS),2,101
24/09/19,IND v BAN,MA Chidambaram,Bangladesh,Bowl,376,10,149,10,287,4,234,10,IND (280 runs),0,Test,IND V BAN BANGLADESH IND (280 RUNS),2,62
24/09/27,IND v BAN,Green Park,India,Bowl,233,10,285,9,146,10,98,3,IND (7 wkts),0,Test,IND V BAN INDIA IND (7 WKTS),6,41
24/10/21,BAN v SA,Shere Bangla Stadium,Bangladesh,Bat,106,10,308,10,307,10,106,3,SA (7 wkts),0,Test,BAN V SA BANGLADESH SA (7 WKTS),2,117
24/10/29,BAN v SA,Zahur Ahmed Stadium,South Africa,Bat,575,6,159,10,143,10,0,0,SA (Inn & 273 runs),0,Test,BAN V SA SOUTH AFRICA SA (INN & 273 RUNS),20,146
24/11/22,WI v BAN,Sir Vivian Richards,Bangladesh,Bowl,450,9,269,10,152,3,132,10,WI (201 runs),0,Test,WI V BAN BANGLADESH WI (201 RUNS),2,121
24/11/30,WI v BAN,Sabina Park,Bangladesh,Bat,164,10,146,10,268,10,185,10,BAN (101 runs),0,Test,WI V BAN BANGLADESH BAN (101 RUNS),2,105
25/04/20,BAN v ZIM,Sylhet Stadium,Zimbabwe,Bowl,224,10,272,10,152,10,105,7,ZIM (3 wkts),0,Test,BAN V ZIM ZIMBABWE ZIM (3 WKTS),26,131
25/04/28,BAN v ZIM,Zahur Ahmed Stadium,Zimbabwe,Bowl,412,10,148,10,158,10,0,0,BAN (Inn & 106 runs),0,Test,BAN V ZIM ZIMBABWE BAN (INN & 106 RUNS),26,146
25/06/17,SL v BAN,Galle Intl Stadium,Bangladesh,Bowl,365,10,402,10,188,5,0,0,Match Drawn,0,Test,SL V BAN BANGLADESH MATCH DRAWN,2,38
25/06/25,SL v BAN,Sinhalese Sports Club,Sri Lanka,Bat,485,10,192,10,215,10,0,0,SL (Inn & 78 runs),0,Test,SL V BAN SRI LANKA SL (INN & 78 RUNS),21,119
25/11/11,BAN v IRE,Sylhet Stadium,Ireland,Bowl,398,10,162,10,189,10,0,0,BAN (Inn & 47 runs),0,Test,BAN V IRE IRELAND BAN (INN & 47 RUNS),7,131
25/11/19,BAN v IRE,Shere Bangla Stadium,Bangladesh,Bat,315,10,185,10,258,6,171,10,BAN (217 runs),0,Test,BAN V IRE BANGLADESH BAN (217 RUNS),2,117
26/08/22,AUS v BAN,Great Barrier Reef Arena,Australia,Bowl,64,10,210,10,95,10,0,0,AUS (Inn & 51 runs),0,Test,AUS V ENG AUSTRALIA AUS (INN & 51 RUNS),4,128
,,,,,0,0,0,0,0,0,0,0,,0,Test,,27,147
,,,,,0,0,0,0,0,0,0,0,,0,Test,,27,147
,,,,,0,0,0,0,0,0,0,0,,0,Test,,27,147
,,,,,0,0,0,0,0,0,0,0,,0,Test,,27,147
,,,,,0,0,0,0,0,0,0,0,,0,Test,,27,147
24/01/25,IND v ENG,Rajiv Gandhi Stadium,England,Bat,246,10,436,10,420,10,202,10,ENG (28 runs),0,Test,IND V ENG ENGLAND ENG (28 RUNS),4,96
24/02/02,IND v ENG,ACA-VDCA Stadium,India,Bat,396,10,253,10,255,10,292,10,IND (106 runs),0,Test,IND V ENG INDIA IND (106 RUNS),6,1
24/02/15,IND v ENG,Niranjan Shah Stadium,India,Bat,445,10,319,10,430,4,122,10,IND (434 runs),0,Test,IND V ENG INDIA IND (434 RUNS),6,80
24/02/23,IND v ENG,JSCA Stadium Complex,England,Bat,353,10,307,10,145,10,192,5,IND (5 wkts),0,Test,IND V ENG ENGLAND IND (5 WKTS),4,52
24/03/07,IND v ENG,HPCA Stadium,England,Bat,218,10,477,10,195,10,0,0,IND (Inn & 64 runs),0,Test,IND V ENG ENGLAND IND (INN & 64 RUNS),4,44
24/07/10,ENG v WI,Lord's,England,Bowl,121,10,371,10,136,10,0,0,ENG (Inn & 114 runs),0,Test,ENG V WI ENGLAND ENG (INN & 114 RUNS),4,58
24/07/18,ENG v WI,Trent Bridge,West Indies,Bowl,416,10,457,10,425,10,143,10,ENG (241 runs),0,Test,ENG V WI WEST INDIES ENG (241 RUNS),25,136
24/07/26,ENG v WI,Edgbaston,West Indies,Bat,282,10,376,10,175,10,87,0,ENG (10 wkts),0,Test,ENG V WI WEST INDIES ENG (10 WKTS),25,34
24/08/21,ENG v SL,Old Trafford,Sri Lanka,Bat,236,10,358,10,326,10,205,5,ENG (5 wkts),0,Test,ENG V SL SRI LANKA ENG (5 WKTS),21,81
24/08/29,ENG v SL,Lord's,Sri Lanka,Bowl,427,10,196,10,251,10,292,10,ENG (190 runs),0,Test,ENG V SL SRI LANKA ENG (190 RUNS),21,58
24/09/06,ENG v SL,Kennington Oval,Sri Lanka,Bowl,325,10,263,10,156,10,219,2,SL (8 wkts),0,Test,ENG V SL SRI LANKA SL (8 WKTS),21,54
24/10/07,PAK v ENG,Multan Cricket Stadium,Pakistan,Bat,556,10,823,7,220,10,0,0,ENG (Inn & 47 runs),0,Test,PAK V ENG PAKISTAN ENG (INN & 47 RUNS),15,71
24/10/15,PAK v ENG,Multan Cricket Stadium,Pakistan,Bat,366,10,291,10,221,10,144,10,PAK (152 runs),0,Test,PAK V ENG PAKISTAN PAK (152 RUNS),15,71
24/10/24,PAK v ENG,Rawalpindi Stadium,England,Bat,267,10,344,10,112,10,37,1,PAK (9 wkts),0,Test,PAK V ENG ENGLAND PAK (9 WKTS),4,101
24/11/28,NZ v ENG,Hagley Oval,England,Bowl,348,10,499,10,254,10,104,2,ENG (8 wkts),0,Test,NZ V ENG ENGLAND ENG (8 WKTS),4,45
24/12/06,NZ v ENG,Basin Reserve,New Zealand,Bowl,280,10,125,10,427,10,259,10,ENG (323 runs),0,Test,NZ V ENG NEW ZEALAND ENG (323 RUNS),13,10
24/12/14,NZ v ENG,Seddon Park,New Zealand,Bat,507,10,192,10,358,10,250,10,NZ (423 runs),0,Test,NZ V ENG NEW ZEALAND NZ (423 RUNS),13,109
25/05/22,ENG v ZIM,Trent Bridge,England,Bowl,105,10,350,10,200,10,0,0,ENG (Inn & 45 runs),0,Test,ENG V ZIM ENGLAND ENG (INN & 45 RUNS),4,136
25/06/20,ENG v IND,Headingley,England,Bowl,240,10,285,10,212,10,170,5,ENG (5 wkts),0,Test,ENG V IND ENGLAND ENG (5 WKTS),4,48
25/07/02,ENG v IND,Edgbaston,India,Bat,450,10,220,10,315,8,209,10,IND (336 runs),0,Test,ENG V IND INDIA IND (336 RUNS),6,34
25/07/10,ENG v IND,Lord's,India,Bowl,288,10,262,10,192,10,196,10,ENG (22 runs),0,Test,ENG V IND INDIA ENG (22 RUNS),6,58
25/07/23,ENG v IND,Old Trafford,England,Bat,390,10,405,10,210,6,0,0,Match Drawn,0,Test,ENG V IND ENGLAND MATCH DRAWN,4,81
25/07/31,ENG v IND,Kennington Oval,England,Bowl,312,10,295,10,215,10,226,10,IND (6 runs),0,Test,ENG V IND ENGLAND IND (6 RUNS),4,54
25/11/21,AUS v ENG,Perth Stadium,England,Bat,212,10,340,10,205,10,78,2,AUS (8 wkts),0,Test,AUS V ENG ENGLAND AUS (8 WKTS),4,87
25/12/04,AUS v ENG,Brisbane Cricket Ground,Australia,Bowl,258,10,315,10,192,10,136,2,AUS (8 wkts),0,Test,AUS V ENG AUSTRALIA AUS (8 WKTS),1,17
25/12/17,AUS v ENG,Adelaide Oval,Australia,Bat,405,10,215,10,182,6,290,10,AUS (82 runs),0,Test,AUS V ENG AUSTRALIA AUS (82 RUNS),1,2
25/12/26,AUS v ENG,Melbourne Cricket Ground,Australia,Bowl,185,10,220,10,310,10,276,6,ENG (4 wkts),0,Test,AUS V ENG AUSTRALIA ENG (4 WKTS),1,70
26/01/04,AUS v ENG,Sydney Cricket Ground,England,Bat,242,10,288,10,195,10,150,5,AUS (5 wkts),0,Test,AUS V ENG ENGLAND AUS (5 WKTS),4,128
24/01/25,IND v ENG,Rajiv Gandhi Intl Stadium,England,Bat,246,10,436,10,420,10,202,10,ENG (28 runs),0,Test,IND V ENG ENGLAND ENG (28 RUNS),4,95
24/02/02,IND v ENG,Dr YS Rajasekhara Reddy Stadium,India,Bat,396,10,253,10,255,10,292,10,IND (106 runs),0,Test,IND V ENG INDIA IND (106 RUNS),6,28
24/02/15,IND v ENG,Saurashtra Cricket Association Stadium,India,Bat,445,10,319,10,430,4,122,10,IND (434 runs),0,Test,IND V ENG INDIA IND (434 RUNS),6,107
24/02/23,IND v ENG,JSCA Intl Stadium Complex,England,Bat,353,10,307,10,145,10,192,5,IND (5 wkts),0,Test,IND V ENG ENGLAND IND (5 WKTS),4,51
24/03/07,IND v ENG,HPCA Stadium,England,Bat,218,10,477,10,195,10,0,0,IND (Inn & 64 runs),0,Test,IND V ENG ENGLAND IND (INN & 64 RUNS),4,44
24/09/19,IND v BAN,MA Chidambaram Stadium,Bangladesh,Bowl,376,10,149,10,287,4,234,10,IND (280 runs),0,Test,IND V BAN BANGLADESH IND (280 RUNS),2,63
24/09/27,IND v BAN,Green Park,India,Bowl,233,10,285,9,146,10,98,3,IND (7 wkts),0,Test,IND V BAN INDIA IND (7 WKTS),6,41
24/11/22,AUS v IND,Perth Stadium,India,Bat,150,10,104,10,487,6,238,10,IND (295 runs),0,Test,AUS V IND INDIA IND (295 RUNS),6,87
24/12/06,AUS v IND,Adelaide Oval,Australia,Bowl,180,10,337,10,175,10,19,0,AUS (10 wkts),0,Test,AUS V IND AUSTRALIA AUS (10 WKTS),1,2
24/12/14,AUS v IND,Brisbane Cricket Ground,Australia,Bowl,385,10,402,10,210,4,0,0,Match Drawn,0,Test,AUS V IND AUSTRALIA MATCH DRAWN,1,17
24/12/26,AUS v IND,Melbourne Cricket Ground,Australia,Bat,462,10,215,10,182,4,245,10,AUS (184 runs),0,Test,AUS V IND AUSTRALIA AUS (184 RUNS),1,70
25/01/03,AUS v IND,Sydney Cricket Ground,India,Bat,284,10,312,10,205,10,178,4,AUS (6 wkts),0,Test,AUS V IND INDIA AUS (6 WKTS),6,128
25/06/20,ENG v IND,Headingley,England,Bowl,240,10,285,10,212,10,170,5,ENG (5 wkts),0,Test,ENG V IND ENGLAND ENG (5 WKTS),4,48
25/07/02,ENG v IND,Edgbaston,India,Bat,450,10,220,10,315,8,209,10,IND (336 runs),0,Test,ENG V IND INDIA IND (336 RUNS),6,34
25/10/10,ENG v IND,Lord's,India,Bowl,288,10,262,10,192,10,196,10,ENG (22 runs),0,Test,ENG V IND INDIA ENG (22 RUNS),6,58
25/07/23,ENG v IND,Old Trafford,England,Bat,390,10,405,10,210,6,0,0,Match Drawn,0,Test,ENG V IND ENGLAND MATCH DRAWN,4,81
25/07/31,ENG v IND,Kennington Oval,England,Bowl,312,10,295,10,215,10,226,10,IND (6 runs),0,Test,ENG V IND ENGLAND IND (6 RUNS),4,54
26/08/15,SL v IND,Galle International Stadium,India,Bat,462,10,193,10,284,10,206,10,IND (165 runs),0,Test,SL V IND INDIA IND (165 RUNS),5,120
26/08/23,SL v IND,Sinhalese Sports Club Colombo,India,Bat,503,9,290,10,0,0,429,9,Match Drawn,0,Test,SL V IND IND SL MATCH DRAWN,10,153
,,,,,0,0,0,0,0,0,0,0,,0,Test,,27,147
,,,,,0,0,0,0,0,0,0,0,,0,Test,,27,147
,,,,,0,0,0,0,0,0,0,0,,0,Test,,27,147
,,,,,0,0,0,0,0,0,0,0,,0,Test,,27,147
,,,,,0,0,0,0,0,0,0,0,,0,Test,,27,147
,,,,,0,0,0,0,0,0,0,0,,0,Test,,27,147
,,,,,0,0,0,0,0,0,0,0,,0,Test,,27,147
,,,,,0,0,0,0,0,0,0,0,,0,Test,,27,147
,,,,,0,0,0,0,0,0,0,0,,0,Test,,27,147
,,,,,0,0,0,0,0,0,0,0,,0,Test,,27,147
,,,,,0,0,0,0,0,0,0,0,,0,Test,,27,147
24/02/28,AFG v IRE,"Tolerance Oval, Abu Dhabi",Afghanistan,Bat,155,10,263,10,218,10,111,4,IRE (6 wkts),0,Test,AFG V IRE AFGHANISTAN IRE (6 WKTS),0,135
24/07/25,IRE v ZIM,"Civil Service Cricket Club, Belfast",Ireland,Bowl,210,10,250,10,197,10,158,6,IRE (4 wkts),0,Test,IRE V ZIM IRELAND IRE (4 WKTS),7,23
25/02/06,ZIM v IRE,"Queens Sports Club, Bulawayo",Ireland,Bowl,267,10,260,10,228,10,298,10,IRE (63 runs),0,Test,ZIM V IRE IRELAND IRE (63 RUNS),7,92
25/11/11,BAN v IRE,Sylhet International Cricket Stadium,Ireland,Bat,286,10,587,8,254,10,0,0,BAN (Inn & 47 runs),0,Test,BAN V IRE IRELAND BAN (INN & 47 RUNS),7,129
25/11/19,BAN v IRE,"Shere Bangla National Stadium, Dhaka",Bangladesh,Bat,476,10,265,10,297,4,291,10,BAN (217 runs),0,Test,BAN V IRE BANGLADESH BAN (217 RUNS),2,116
,,,,,0,0,0,0,0,0,0,0,,0,Test,,27,147
,,,,,0,0,0,0,0,0,0,0,,0,Test,,27,147
,,,,,0,0,0,0,0,0,0,0,,0,Test,,27,147
,,,,,0,0,0,0,0,0,0,0,,0,Test,,27,147
,,,,,0,0,0,0,0,0,0,0,,0,Test,,27,147
,,,,,0,0,0,0,0,0,0,0,,0,Test,,27,147
,,,,,0,0,0,0,0,0,0,0,,0,Test,,27,147
,,,,,0,0,0,0,0,0,0,0,,0,Test,,27,147
,,,,,0,0,0,0,0,0,0,0,,0,Test,,27,147
,,,,,0,0,0,0,0,0,0,0,,0,Test,,27,147
,,,,,0,0,0,0,0,0,0,0,,0,Test,,27,147
,,,,,0,0,0,0,0,0,0,0,,0,Test,,27,147
,,,,,0,0,0,0,0,0,0,0,,0,Test,,27,147
,,,,,0,0,0,0,0,0,0,0,,0,Test,,27,147
,,,,,0,0,0,0,0,0,0,0,,0,Test,,27,147
,,,,,0,0,0,0,0,0,0,0,,0,Test,,27,147
,,,,,0,0,0,0,0,0,0,0,,0,Test,,27,147
,,,,,0,0,0,0,0,0,0,0,,0,Test,,27,147
,,,,,0,0,0,0,0,0,0,0,,0,Test,,27,147
,,,,,0,0,0,0,0,0,0,0,,0,Test,,27,147
,,,,,0,0,0,0,0,0,0,0,,0,Test,,27,147
,,,,,0,0,0,0,0,0,0,0,,0,Test,,27,147
,,,,,0,0,0,0,0,0,0,0,,0,Test,,27,147
24/02/04,NZ v SA,Bay Oval,South Africa,Bowl,511,10,162,10,179,4,247,10,NZ (281 runs),0,Test,NZ V SA SOUTH AFRICA NZ (281 RUNS),20,11
24/02/13,NZ v SA,Seddon Park,South Africa,Bat,242,10,211,10,235,10,269,3,NZ (7 wkts),0,Test,NZ V SA SOUTH AFRICA NZ (7 WKTS),20,109
24/02/29,NZ v AUS,Basin Reserve,New Zealand,Bowl,383,10,179,10,164,10,196,10,AUS (172 runs),0,Test,NZ V AUS NEW ZEALAND AUS (172 RUNS),13,10
24/03/08,NZ v AUS,Hagley Oval,Australia,Bowl,162,10,256,10,372,10,281,7,AUS (3 wkts),0,Test,NZ V AUS AUSTRALIA AUS (3 WKTS),1,45
24/09/18,SL v NZ,Galle Intl Stadium,Sri Lanka,Bat,305,10,340,10,309,10,211,10,SL (63 runs),0,Test,SL V NZ SRI LANKA SL (63 RUNS),21,38
24/09/26,SL v NZ,Galle Intl Stadium,Sri Lanka,Bat,602,5,88,10,360,10,0,0,SL (Inn & 154 runs),0,Test,SL V NZ SRI LANKA SL (INN & 154 RUNS),21,38
24/10/16,IND v NZ,M Chinnaswamy Stadium,India,Bat,46,10,402,10,462,10,110,2,NZ (8 wkts),0,Test,IND V NZ INDIA NZ (8 WKTS),6,60
24/10/24,IND v NZ,MCA Stadium,New Zealand,Bat,259,10,156,10,255,10,245,10,NZ (113 runs),0,Test,IND V NZ NEW ZEALAND NZ (113 RUNS),13,64
24/11/01,IND v NZ,Wankhede Stadium,New Zealand,Bat,235,10,263,10,174,10,121,10,NZ (25 runs),0,Test,IND V NZ NEW ZEALAND NZ (25 RUNS),13,141
24/11/28,NZ v ENG,Hagley Oval,England,Bowl,348,10,499,10,254,10,104,2,ENG (8 wkts),0,Test,NZ V ENG ENGLAND ENG (8 WKTS),4,45
24/12/06,NZ v ENG,Basin Reserve,New Zealand,Bowl,280,10,125,10,427,10,259,10,ENG (323 runs),0,Test,NZ V ENG NEW ZEALAND ENG (323 RUNS),13,10
24/12/14,NZ v ENG,Seddon Park,New Zealand,Bat,507,10,192,10,358,10,250,10,NZ (423 runs),0,Test,NZ V ENG NEW ZEALAND NZ (423 RUNS),13,109
25/07/30,ZIM v NZ,Queens Sports Club,Zimbabwe,Bat,240,10,285,10,142,10,98,1,NZ (9 wkts),0,Test,ZIM V NZ ZIMBABWE NZ (9 WKTS),26,91
25/08/07,ZIM v NZ,Queens Sports Club,New Zealand,Bat,620,4,135,10,126,10,0,0,NZ (Inn & 359 runs),0,Test,ZIM V NZ NEW ZEALAND NZ (INN & 359 RUNS),13,91
25/12/02,NZ v WI,Hagley Oval,West Indies,Bowl,315,10,280,10,210,4,0,0,Match Drawn,0,Test,NZ V WI WEST INDIES MATCH DRAWN,25,45
25/12/10,NZ v WI,Basin Reserve,New Zealand,Bowl,215,10,340,10,192,10,68,1,NZ (9 wkts),0,Test,NZ V WI NEW ZEALAND NZ (9 WKTS),13,10
25/12/18,NZ v WI,Bay Oval,West Indies,Bowl,425,10,190,10,312,8,224,10,NZ (323 runs),0,Test,NZ V WI WEST INDIES NZ (323 RUNS),25,11
,,,,,0,0,0,0,0,0,0,0,,0,Test,,27,147
,,,,,0,0,0,0,0,0,0,0,,0,Test,,27,147
,,,,,0,0,0,0,0,0,0,0,,0,Test,,27,147
,,,,,0,0,0,0,0,0,0,0,,0,Test,,27,147
,,,,,0,0,0,0,0,0,0,0,,0,Test,,27,147
,,,,,0,0,0,0,0,0,0,0,,0,Test,,27,147
,,,,,0,0,0,0,0,0,0,0,,0,Test,,27,147
,,,,,0,0,0,0,0,0,0,0,,0,Test,,27,147
,,,,,0,0,0,0,0,0,0,0,,0,Test,,27,147
,,,,,0,0,0,0,0,0,0,0,,0,Test,,27,147
,,,,,0,0,0,0,0,0,0,0,,0,Test,,27,147
24/01/03,AUS v PAK,Sydney Cricket Ground,Pakistan,Bat,313,10,299,10,115,10,130,2,AUS (8 wkts),0,Test,AUS V PAK PAKISTAN AUS (8 WKTS),15,128
24/08/21,PAK v BAN,Rawalpindi Stadium,Bangladesh,Bowl,448,6,565,10,146,10,30,0,BAN (10 wkts),0,Test,PAK V BAN BANGLADESH BAN (10 WKTS),2,101
24/08/30,PAK v BAN,Rawalpindi Stadium,Bangladesh,Bowl,274,10,262,10,172,10,185,4,BAN (6 wkts),0,Test,PAK V BAN BANGLADESH BAN (6 WKTS),2,101
24/10/07,PAK v ENG,Multan Cricket Stadium,Pakistan,Bat,556,10,823,7,220,10,0,0,ENG (Inn & 47 runs),0,Test,PAK V ENG PAKISTAN ENG (INN & 47 RUNS),15,71
24/10/15,PAK v ENG,Multan Cricket Stadium,Pakistan,Bat,366,10,291,10,221,10,144,10,PAK (152 runs),0,Test,PAK V ENG PAKISTAN PAK (152 RUNS),15,71
24/10/24,PAK v ENG,Rawalpindi Stadium,England,Bat,267,10,344,10,112,10,37,1,PAK (9 wkts),0,Test,PAK V ENG ENGLAND PAK (9 WKTS),4,101
24/12/26,SA v PAK,SuperSport Park,Pakistan,Bat,258,10,240,10,192,10,211,8,SA (2 wkts),0,Test,SA V PAK PAKISTAN SA (2 WKTS),15,127
25/01/03,SA v PAK,Newlands,South Africa,Bowl,185,10,315,10,142,10,13,0,SA (10 wkts),0,Test,SA V PAK SOUTH AFRICA SA (10 WKTS),20,79
25/01/17,PAK v WI,Multan Cricket Stadium,Pakistan,Bat,385,10,212,10,224,8,270,10,PAK (127 runs),0,Test,PAK V WI PAKISTAN PAK (127 RUNS),15,71
25/01/25,PAK v WI,Multan Cricket Stadium,West Indies,Bat,310,10,190,10,245,10,245,10,WI (120 runs),0,Test,PAK V WI WEST INDIES WI (120 RUNS),25,71
25/10/12,PAK v SA,Gaddafi Stadium,Pakistan,Bat,320,10,215,10,198,10,210,10,PAK (93 runs),0,Test,PAK V SA PAKISTAN PAK (93 RUNS),15,36
25/10/20,PAK v SA,Rawalpindi Stadium,South Africa,Bowl,245,10,360,10,180,10,66,2,SA (8 wkts),0,Test,PAK V SA SOUTH AFRICA SA (8 WKTS),20,101
,,,,,0,0,0,0,0,0,0,0,,0,Test,,27,147
,,,,,0,0,0,0,0,0,0,0,,0,Test,,27,147
,,,,,0,0,0,0,0,0,0,0,,0,Test,,27,147
,,,,,0,0,0,0,0,0,0,0,,0,Test,,27,147
,,,,,0,0,0,0,0,0,0,0,,0,Test,,27,147
,,,,,0,0,0,0,0,0,0,0,,0,Test,,27,147
,,,,,0,0,0,0,0,0,0,0,,0,Test,,27,147
,,,,,0,0,0,0,0,0,0,0,,0,Test,,27,147
,,,,,0,0,0,0,0,0,0,0,,0,Test,,27,147
,,,,,0,0,0,0,0,0,0,0,,0,Test,,27,147
,,,,,0,0,0,0,0,0,0,0,,0,Test,,27,147
,,,,,0,0,0,0,0,0,0,0,,0,Test,,27,147
,,,,,0,0,0,0,0,0,0,0,,0,Test,,27,147
,,,,,0,0,0,0,0,0,0,0,,0,Test,,27,147
,,,,,0,0,0,0,0,0,0,0,,0,Test,,27,147
,,,,,0,0,0,0,0,0,0,0,,0,Test,,27,147
24/01/03,SA v IND,Newlands,South Africa,Bat,55,10,153,10,176,10,80,3,IND (7 wkts),0,Test,SA V IND SOUTH AFRICA IND (7 WKTS),20,79
24/02/04,NZ v SA,Bay Oval,South Africa,Bowl,511,10,162,10,179,4,247,10,NZ (281 runs),0,Test,NZ V SA SOUTH AFRICA NZ (281 RUNS),20,11
24/02/13,NZ v SA,Seddon Park,South Africa,Bat,242,10,211,10,235,10,269,3,NZ (7 wkts),0,Test,NZ V SA SOUTH AFRICA NZ (7 WKTS),20,109
24/08/07,WI v SA,Queen's Park Oval,South Africa,Bat,357,10,233,10,173,3,201,5,Match Drawn,0,Test,WI V SA SOUTH AFRICA MATCH DRAWN,20,90
24/08/15,WI v SA,Providence Stadium,South Africa,Bat,160,10,144,10,246,10,222,10,SA (40 runs),0,Test,WI V SA SOUTH AFRICA SA (40 RUNS),20,89
24/10/21,BAN v SA,Shere Bangla Stadium,Bangladesh,Bat,106,10,308,10,307,10,106,3,SA (7 wkts),0,Test,BAN V SA BANGLADESH SA (7 WKTS),2,117
24/10/29,BAN v SA,Zahur Ahmed Stadium,South Africa,Bat,575,6,159,10,143,10,0,0,SA (Inn & 273 runs),0,Test,BAN V SA SOUTH AFRICA SA (INN & 273 RUNS),20,146
24/11/27,SA v SL,Kingsmead,Sri Lanka,Bowl,191,10,42,10,366,5,282,10,SA (233 runs),0,Test,SA V SL SRI LANKA SA (233 RUNS),21,56
24/12/05,SA v SL,St George's Park,South Africa,Bat,273,10,131,10,302,10,335,10,SA (109 runs),0,Test,SA V SL SOUTH AFRICA SA (109 RUNS),20,126
24/12/26,SA v PAK,SuperSport Park,Pakistan,Bat,258,10,240,10,192,10,211,8,SA (2 wkts),0,Test,SA V PAK PAKISTAN SA (2 WKTS),15,127
25/01/03,SA v PAK,Newlands,South Africa,Bowl,185,10,315,10,142,10,13,0,SA (10 wkts),0,Test,SA V PAK SOUTH AFRICA SA (10 WKTS),20,79
25/06/11,WTC Final,Lord's,South Africa,Bowl,245,10,288,10,212,10,170,5,SA (5 wkts),0,Test,WTC FINAL SOUTH AFRICA SA (5 WKTS),20,58
25/06/28,ZIM v SA,Queens Sports Club,South Africa,Bat,385,10,180,10,225,6,102,10,SA (328 runs),0,Test,ZIM V SA SOUTH AFRICA SA (328 RUNS),20,91
25/07/06,ZIM v SA,Queens Sports Club,Zimbabwe,Bowl,510,8,140,10,134,10,0,0,SA (Inn & 236 runs),0,Test,ZIM V SA ZIMBABWE SA (INN & 236 RUNS),26,91
25/10/12,PAK v SA,Gaddafi Stadium,Pakistan,Bat,320,10,215,10,198,10,210,10,PAK (93 runs),0,Test,PAK V SA PAKISTAN PAK (93 RUNS),15,36
25/10/20,PAK v SA,Rawalpindi Stadium,South Africa,Bowl,245,10,360,10,180,10,66,2,SA (8 wkts),0,Test,PAK V SA SOUTH AFRICA SA (8 WKTS),20,101
25/11/14,IND v SA,Eden Gardens,India,Bowl,215,10,252,10,195,10,128,10,SA (30 runs),0,Test,IND V SA INDIA SA (30 RUNS),6,32
25/11/22,IND v SA,Barsapara Stadium,South Africa,Bat,612,5,120,10,84,10,0,0,SA (408 runs),0,Test,IND V SA SOUTH AFRICA SA (408 RUNS),20,9
,,,,,0,0,0,0,0,0,0,0,,0,Test,,27,147
,,,,,0,0,0,0,0,0,0,0,,0,Test,,27,147
,,,,,0,0,0,0,0,0,0,0,,0,Test,,27,147
,,,,,0,0,0,0,0,0,0,0,,0,Test,,27,147
,,,,,0,0,0,0,0,0,0,0,,0,Test,,27,147
,,,,,0,0,0,0,0,0,0,0,,0,Test,,27,147
,,,,,0,0,0,0,0,0,0,0,,0,Test,,27,147
,,,,,0,0,0,0,0,0,0,0,,0,Test,,27,147
,,,,,0,0,0,0,0,0,0,0,,0,Test,,27,147
,,,,,0,0,0,0,0,0,0,0,,0,Test,,27,147
24/02/02,SL v AFG,Sinhalese Sports Club Ground,Sri Lanka,Bowl,198,10,439,10,296,10,56,0,SL (10 wkts),0,Test,SL V AFG SRI LANKA SL (10 WKTS),21,120
24/03/22,BAN v SL,Sylhet International Stadium,Bangladesh,Bowl,280,10,188,10,418,10,182,10,SL (328 runs),0,Test,BAN V SL BANGLADESH SL (328 RUNS),2,130
24/03/30,BAN v SL,Zahur Ahmed Chowdhury Stadium,Sri Lanka,Bat,531,10,178,10,157,7,318,10,SL (192 runs),0,Test,BAN V SL SRI LANKA SL (192 RUNS),21,145
24/08/21,ENG v SL,Old Trafford,Sri Lanka,Bat,236,10,358,10,326,10,205,5,ENG (5 wkts),0,Test,ENG V SL SRI LANKA ENG (5 WKTS),21,81
24/08/29,ENG v SL,Lord's,Sri Lanka,Bowl,427,10,196,10,251,10,292,10,ENG (190 runs),0,Test,ENG V SL SRI LANKA ENG (190 RUNS),21,58
24/09/06,ENG v SL,Kennington Oval,Sri Lanka,Bowl,325,10,263,10,156,10,219,2,SL (8 wkts),0,Test,ENG V SL SRI LANKA SL (8 WKTS),21,54
24/09/18,SL v NZ,Galle International Stadium,Sri Lanka,Bat,305,10,340,10,309,10,211,10,SL (63 runs),0,Test,SL V NZ SRI LANKA SL (63 RUNS),21,37
24/09/26,SL v NZ,Galle International Stadium,Sri Lanka,Bat,602,5,88,10,360,10,0,0,SL (Inn & 154 runs),0,Test,SL V NZ SRI LANKA SL (INN & 154 RUNS),21,37
24/11/27,SA v SL,Kingsmead,Sri Lanka,Bowl,191,10,42,10,366,5,282,10,SA (233 runs),0,Test,SA V SL SRI LANKA SA (233 RUNS),21,56
24/12/05,SA v SL,St George's Park,South Africa,Bat,273,10,131,10,302,10,335,10,SA (109 runs),0,Test,SA V SL SOUTH AFRICA SA (109 RUNS),20,126
25/01/29,SL v AUS,Galle International Stadium,Australia,Bowl,165,10,515,10,108,10,0,0,AUS (Inn & 242 runs),0,Test,SL V AUS AUSTRALIA AUS (INN & 242 RUNS),1,37
25/02/06,SL v AUS,Galle International Stadium,Sri Lanka,Bat,212,10,324,10,185,10,75,1,AUS (9 wkts),0,Test,SL V AUS SRI LANKA AUS (9 WKTS),21,37
25/06/17,SL v BAN,Galle International Stadium,Bangladesh,Bat,495,10,485,10,285,6,72,4,Match Drawn,0,Test,SL V BAN BANGLADESH MATCH DRAWN,2,37
25/06/25,SL v BAN,Sinhalese Sports Club Ground,Bangladesh,Bat,247,10,458,10,133,10,0,0,SL (Inn & 78 runs),0,Test,SL V BAN BANGLADESH SL (INN & 78 RUNS),2,120
25/06/26,SL v WI,Sir Vivian Richards Stadium,West Indies,Bowl,308,10,626,9,101,10,0,0,WI (Inn & 217 runs),0,Test,SL V WI WEST INDIES SL (INN & 217 RUNS),3,165
25/07/03,SL v WI,Sir Vivian Richards Stadium,Sri Lanka,Bat,549,9,499,10,251,9,109,0,Match Drawn,0,Test,SL V WI WI SL MATCH DRAWN,2,120
26/08/15,SL v IND,Galle International Stadium,India,Bat,462,10,193,10,284,10,206,10,IND (165 runs),0,Test,SL V IND INDIA IND (165 RUNS),5,120
26/08/23,SL v IND,Sinhalese Sports Club Colombo,India,Bat,503,9,290,10,0,0,429,9,Match Drawn,0,Test,SL V IND IND SL MATCH DRAWN,10,153
,,,,,0,0,0,0,0,0,0,0,,0,Test,,27,147
,,,,,0,0,0,0,0,0,0,0,,0,Test,,27,147
,,,,,0,0,0,0,0,0,0,0,,0,Test,,27,147
,,,,,0,0,0,0,0,0,0,0,,0,Test,,27,147
,,,,,0,0,0,0,0,0,0,0,,0,Test,,27,147
,,,,,0,0,0,0,0,0,0,0,,0,Test,,27,147
,,,,,0,0,0,0,0,0,0,0,,0,Test,,27,147
,,,,,0,0,0,0,0,0,0,0,,0,Test,,27,147
,,,,,0,0,0,0,0,0,0,0,,0,Test,,27,147
,,,,,0,0,0,0,0,0,0,0,,0,Test,,27,147
,,,,,0,0,0,0,0,0,0,0,,0,Test,,27,147
,,,,,0,0,0,0,0,0,0,0,,0,Test,,27,147
,,,,,0,0,0,0,0,0,0,0,,0,Test,,27,147
24/01/17,AUS v WI,Adelaide Oval,Australia,Bowl,188,10,283,10,120,10,26,0,AUS (10 wkts),0,Test,AUS V WI AUSTRALIA AUS (10 WKTS),1,2
24/01/25,AUS v WI,Brisbane Cricket Ground,West Indies,Bat,311,10,289,9,193,10,207,10,WI (8 runs),0,Test,AUS V WI WEST INDIES WI (8 RUNS),25,17
24/07/10,ENG v WI,Lord's Cricket Ground,England,Bowl,121,10,371,10,136,10,0,0,ENG (Inn & 114 runs),0,Test,ENG V WI ENGLAND ENG (INN & 114 RUNS),4,59
24/07/18,ENG v WI,Trent Bridge,West Indies,Bowl,416,10,457,10,425,10,143,10,ENG (241 runs),0,Test,ENG V WI WEST INDIES ENG (241 RUNS),25,136
24/07/26,ENG v WI,Edgbaston,West Indies,Bat,282,10,376,10,175,10,87,0,ENG (10 wkts),0,Test,ENG V WI WEST INDIES ENG (10 WKTS),25,34
24/08/07,WI v SA,Queen's Park Oval,South Africa,Bat,357,10,233,10,173,3,201,5,Match Drawn,0,Test,WI V SA SOUTH AFRICA MATCH DRAWN,20,90
24/08/15,WI v SA,Providence Stadium,South Africa,Bat,160,10,144,10,246,10,222,10,SA (40 runs),0,Test,WI V SA SOUTH AFRICA SA (40 RUNS),20,89
24/11/22,WI v BAN,Sir Vivian Richards Stadium,Bangladesh,Bowl,450,9,269,9,152,10,132,10,WI (201 runs),0,Test,WI V BAN BANGLADESH WI (201 RUNS),2,122
24/11/30,WI v BAN,Sabina Park,Bangladesh,Bat,164,10,146,10,268,10,185,10,BAN (101 runs),0,Test,WI V BAN BANGLADESH BAN (101 RUNS),2,105
25/01/17,PAK v WI,Multan Cricket Stadium,Pakistan,Bat,385,10,212,10,224,8,270,10,PAK (127 runs),0,Test,PAK V WI PAKISTAN PAK (127 RUNS),15,71
25/01/25,PAK v WI,Multan Cricket Stadium,West Indies,Bat,310,10,190,10,245,10,245,10,WI (120 runs),0,Test,PAK V WI WEST INDIES WI (120 RUNS),25,71
25/06/25,WI v AUS,Kensington Oval,Australia,Bat,310,10,190,10,180,10,141,10,AUS (159 runs),0,Test,WI V AUS AUSTRALIA AUS (159 RUNS),1,55
25/07/03,WI v AUS,National Cricket Stadium,Australia,Bat,213,10,180,10,243,10,143,10,AUS (133 runs),0,Test,WI V AUS AUSTRALIA AUS (133 RUNS),1,76
25/07/12,WI v AUS,Sabina Park,Australia,Bat,225,10,143,10,121,10,27,10,AUS (176 runs),0,Test,WI V AUS AUSTRALIA AUS (176 RUNS),1,105
25/10/02,IND v WI,Narendra Modi Stadium,India,Bat,580,10,210,10,230,10,0,0,IND (Inn & 140 runs),0,Test,IND V WI INDIA IND (INN & 140 RUNS),6,73
25/10/10,IND v WI,Arun Jaitley Stadium,West Indies,Bat,245,10,310,10,180,10,116,3,IND (7 wkts),0,Test,IND V WI WEST INDIES IND (7 WKTS),25,4
25/12/02,NZ v WI,Hagley Oval,New Zealand,Bowl,312,10,450,10,205,5,0,0,Match Drawn,0,Test,NZ V WI NEW ZEALAND MATCH DRAWN,13,45
25/12/10,NZ v WI,Basin Reserve,New Zealand,Bowl,190,10,340,10,215,10,66,1,NZ (9 wkts),0,Test,NZ V WI NEW ZEALAND NZ (9 WKTS),13,10
25/12/18,NZ v WI,Bay Oval,New Zealand,Bat,525,10,240,10,180,10,142,10,NZ (323 runs),0,Test,NZ V WI NEW ZEALAND NZ (323 RUNS),13,11
25/06/26,SL v WI,Sir Vivian Richards Stadium,West Indies,Bowl,308,10,626,9,101,10,0,0,WI (Inn & 217 runs),0,Test,SL V WI WEST INDIES SL (INN & 217 RUNS),3,165
25/07/03,SL v WI,Sir Vivian Richards Stadium,Sri Lanka,Bat,549,9,499,10,251,9,109,0,Match Drawn,0,Test,SL V WI WI SL MATCH DRAWN,2,120
,,,,,0,0,0,0,0,0,0,0,,0,Test,,27,147
,,,,,0,0,0,0,0,0,0,0,,0,Test,,27,147
,,,,,0,0,0,0,0,0,0,0,,0,Test,,27,147
,,,,,0,0,0,0,0,0,0,0,,0,Test,,27,147
,,,,,0,0,0,0,0,0,0,0,,0,Test,,27,147
,,,,,0,0,0,0,0,0,0,0,,0,Test,,27,147
,,,,,0,0,0,0,0,0,0,0,,0,Test,,27,147
,,,,,0,0,0,0,0,0,0,0,,0,Test,,27,147
,,,,,0,0,0,0,0,0,0,0,,0,Test,,27,147
24/07/25,IRE v ZIM,Civil Service Cricket Club,Ireland,Bowl,210,10,250,10,197,10,158,6,IRE (4 wkts),0,Test,IRE V ZIM IRELAND IRE (4 WKTS),7,22
24/12/26,ZIM v AFG,Queens Sports Club,Afghanistan,Bat,215,10,280,10,185,6,0,0,Match Drawn,0,Test,ZIM V AFG AFGHANISTAN MATCH DRAWN,0,91
25/01/02,ZIM v AFG,Queens Sports Club,Afghanistan,Bat,240,10,180,10,215,10,203,10,AFG (72 runs),0,Test,ZIM V AFG AFGHANISTAN AFG (72 RUNS),0,91
25/02/06,ZIM v IRE,Queens Sports Club,Ireland,Bowl,267,10,260,10,228,10,298,10,IRE (63 runs),0,Test,ZIM V IRE IRELAND IRE (63 RUNS),7,91
25/04/20,BAN v ZIM,Sylhet Stadium,Zimbabwe,Bowl,224,10,272,10,152,10,105,7,ZIM (3 wkts),0,Test,BAN V ZIM ZIMBABWE ZIM (3 WKTS),26,131
25/04/28,BAN v ZIM,Zahur Ahmed Stadium,Zimbabwe,Bowl,412,10,148,10,158,10,0,0,BAN (Inn & 106 runs),0,Test,BAN V ZIM ZIMBABWE BAN (INN & 106 RUNS),26,146
25/05/22,ENG v ZIM,Trent Bridge,England,Bowl,105,10,350,10,200,10,0,0,ENG (Inn & 45 runs),0,Test,ENG V ZIM ENGLAND ENG (INN & 45 RUNS),4,136
25/06/28,ZIM v SA,Queens Sports Club,South Africa,Bat,385,10,180,10,225,6,102,10,SA (328 runs),0,Test,ZIM V SA SOUTH AFRICA SA (328 RUNS),20,91
25/07/06,ZIM v SA,Queens Sports Club,Zimbabwe,Bowl,510,8,140,10,134,10,0,0,SA (Inn & 236 runs),0,Test,ZIM V SA ZIMBABWE SA (INN & 236 RUNS),26,91
25/07/30,ZIM v NZ,Queens Sports Club,Zimbabwe,Bat,240,10,285,10,142,10,98,1,NZ (9 wkts),0,Test,ZIM V NZ ZIMBABWE NZ (9 WKTS),26,91
25/08/07,ZIM v NZ,Queens Sports Club,New Zealand,Bat,620,4,135,10,126,10,0,0,NZ (Inn & 359 runs),0,Test,ZIM V NZ NEW ZEALAND NZ (INN & 359 RUNS),13,91
25/10/20,ZIM v AFG,Harare Sports Club,Zimbabwe,Bat,415,10,120,10,222,10,0,0,ZIM (Inn & 73 runs),0,Test,ZIM V AFG ZIMBABWE ZIM (INN & 73 RUNS),26,46
,,,,,0,0,0,0,0,0,0,0,,0,Test,,27,147
,,,,,0,0,0,0,0,0,0,0,,0,Test,,27,147
,,,,,0,0,0,0,0,0,0,0,,0,Test,,27,147
,,,,,0,0,0,0,0,0,0,0,,0,Test,,27,147
,,,,,0,0,0,0,0,0,0,0,,0,Test,,27,147
,,,,,0,0,0,0,0,0,0,0,,0,Test,,27,147
,,,,,0,0,0,0,0,0,0,0,,0,Test,,27,147
,,,,,0,0,0,0,0,0,0,0,,0,Test,,27,147
,,,,,0,0,0,0,0,0,0,0,,0,Test,,27,147
,,,,,0,0,0,0,0,0,0,0,,0,Test,,27,147
,,,,,0,0,0,0,0,0,0,0,,0,Test,,27,147
,,,,,0,0,0,0,0,0,0,0,,0,Test,,27,147
,,,,,0,0,0,0,0,0,0,0,,0,Test,,27,147
,,,,,0,0,0,0,0,0,0,0,,0,Test,,27,147
,,,,,0,0,0,0,0,0,0,0,,0,Test,,27,147
,,,,,0,0,0,0,0,0,0,0,,0,Test,,27,147
